id,school_id,constituent_id,activity_type,activity_name,role,start_year,end_year,record_source
1,1,10219,Club,Debate Society,,2006,2009,crm_import
2,1,11707,Club,Debate Society,,,,advancement_entry
3,1,9593,Club,Debate Society,Member Leader,2023,,crm_import
4,1,16453,Club,Debate Society,,,,crm_import
5,1,13932,Club,Debate Society,,2024,,crm_import
6,1,2876,Club,Debate Society,,2009,2011,crm_import
7,1,18288,Club,Debate Society,Treasurer,,,crm_import
8,1,5436,Club,Debate Society,,,,online
9,1,13811,Club,Debate Society,,,,crm_import
10,1,4236,Club,Debate Society,,1981,1984,online
11,1,12086,Club,Debate Society,,,,advancement_entry
12,1,6247,Club,Debate Society,,,,crm_import
13,1,1980,Club,Debate Society,,2013,2017,advancement_entry
14,1,12695,Club,Debate Society,,,,crm_import
15,1,5730,Club,Debate Society,,2024,,crm_import
16,1,5558,Club,Debate Society,,,,crm_import
17,1,1588,Club,Debate Society,,2008,2011,crm_import
18,1,15350,Club,Debate Society,,,,crm_import
19,1,7683,Club,Debate Society,Treasurer,2023,,crm_import
20,1,2054,Club,Debate Society,,1997,2001,crm_import
21,1,19279,Club,Debate Society,,2011,2014,crm_import
22,1,4001,Club,Debate Society,,1973,1977,crm_import
23,1,14292,Club,Debate Society,,,,crm_import
24,1,18440,Club,Debate Society,,,,online
25,1,14382,Club,Debate Society,,,,advancement_entry
26,1,15876,Club,Debate Society,,,,crm_import
27,1,13097,Club,Debate Society,,,,crm_import
28,1,5428,Club,Debate Society,,,,online
29,1,7937,Club,Debate Society,,2017,2020,advancement_entry
30,1,8880,Club,Debate Society,,1970,1973,crm_import
31,1,4080,Club,Debate Society,,,,crm_import
32,1,8218,Club,Debate Society,President,2023,2025,online
33,1,12113,Club,Debate Society,Treasurer,2027,,crm_import
34,1,5012,Club,Debate Society,,2010,2012,crm_import
35,1,1054,Club,Debate Society,,1974,1976,crm_import
36,1,8074,Club,Debate Society,,,,crm_import
37,1,13652,Club,Debate Society,Treasurer,,,crm_import
38,1,4584,Club,Debate Society,,2026,,crm_import
39,1,17276,Club,Debate Society,,,,crm_import
40,1,3216,Club,Debate Society,,1969,1973,advancement_entry
41,1,13570,Club,Debate Society,,1993,1995,crm_import
42,1,9627,Club,Debate Society,,2016,2018,crm_import
43,1,16366,Club,Debate Society,,,,online
44,1,14677,Club,Debate Society,,,,crm_import
45,1,3716,Club,Debate Society,Member Leader,,,crm_import
46,1,1878,Club,Debate Society,,1977,1979,advancement_entry
47,1,12159,Club,Debate Society,,,,crm_import
48,1,4092,Club,Debate Society,Member Leader,2004,2007,crm_import
49,1,18362,Club,Debate Society,,,,crm_import
50,1,10608,Club,Debate Society,,,,online
51,1,6825,Club,Debate Society,,2020,2023,crm_import
52,1,15772,Club,Debate Society,,,,crm_import
53,1,18183,Club,Debate Society,,,,crm_import
54,1,9164,Club,Debate Society,,,,crm_import
55,1,18660,Club,Debate Society,Treasurer,,,online
56,1,18097,Club,Debate Society,,1960,1963,crm_import
57,1,8813,Club,Debate Society,,,,crm_import
58,1,4393,Club,Debate Society,,,,crm_import
59,1,12298,Club,Debate Society,Member Leader,1981,1985,online
60,1,3793,Club,Debate Society,President,,,advancement_entry
61,1,19031,Club,Debate Society,Treasurer,,,online
62,1,7509,Club,Debate Society,,,,crm_import
63,1,7353,Club,Debate Society,,,,crm_import
64,1,5022,Club,Debate Society,,1991,1993,advancement_entry
65,1,6153,Club,Debate Society,,,,advancement_entry
66,1,3877,Club,Debate Society,Member Leader,,,crm_import
67,1,5572,Club,Debate Society,,,,crm_import
68,1,6603,Club,Debate Society,,,,crm_import
69,1,1999,Club,Debate Society,,1984,1986,crm_import
70,1,18862,Club,Debate Society,,,,crm_import
71,1,2499,Club,Debate Society,,,,crm_import
72,1,4267,Club,Debate Society,,2004,2007,online
73,1,18073,Club,Debate Society,,,,crm_import
74,1,19358,Club,Debate Society,,,,crm_import
75,1,7468,Club,Debate Society,,,,crm_import
76,1,10815,Club,Debate Society,,,,crm_import
77,1,7815,Club,Debate Society,,,,crm_import
78,1,17210,Club,Debate Society,President,,,crm_import
79,1,13099,Club,Debate Society,,2001,2004,online
80,1,12185,Club,Debate Society,,1980,1982,crm_import
81,1,4271,Club,Debate Society,,1979,1982,crm_import
82,1,9659,Club,Debate Society,,,,crm_import
83,1,15390,Club,Debate Society,Treasurer,2020,2023,online
84,1,15071,Club,Debate Society,,,,crm_import
85,1,6500,Club,Debate Society,,,,online
86,1,700,Club,Debate Society,,,,advancement_entry
87,1,15608,Club,Debate Society,,1981,1984,crm_import
88,1,10382,Club,Debate Society,,,,advancement_entry
89,1,5081,Club,Debate Society,,,,crm_import
90,1,6539,Club,Debate Society,,,,advancement_entry
91,1,18314,Club,Debate Society,,1989,1992,crm_import
92,1,8192,Club,Debate Society,,1990,1993,crm_import
93,1,10680,Club,Debate Society,,2005,2007,online
94,1,8514,Club,Debate Society,,,,crm_import
95,1,8659,Club,Debate Society,,2016,2018,online
96,1,18511,Club,Debate Society,,,,crm_import
97,1,4523,Club,Debate Society,,,,online
98,1,7692,Club,Debate Society,,2003,2006,crm_import
99,1,11235,Club,Debate Society,,,,crm_import
100,1,2737,Club,Debate Society,,,,crm_import
101,1,1833,Club,Debate Society,,,,crm_import
102,1,19306,Club,Debate Society,,,,advancement_entry
103,1,13866,Club,Debate Society,,,,crm_import
104,1,15083,Club,Debate Society,,,,crm_import
105,1,3807,Club,Debate Society,,,,online
106,1,17147,Club,Debate Society,,1983,1987,crm_import
107,1,9268,Club,Debate Society,Member Leader,,,crm_import
108,1,10404,Club,Debate Society,,,,crm_import
109,1,9972,Club,Debate Society,,,,crm_import
110,1,11246,Club,Debate Society,President,,,crm_import
111,1,1759,Club,Debate Society,,,,advancement_entry
112,1,17190,Club,Debate Society,,,,online
113,1,12696,Club,Debate Society,,1994,1996,crm_import
114,1,2537,Club,Debate Society,,,,crm_import
115,1,17101,Club,Debate Society,,,,crm_import
116,1,15012,Club,Debate Society,,1999,2002,crm_import
117,1,8080,Club,Debate Society,,,,crm_import
118,1,10384,Club,Debate Society,,,,crm_import
119,1,3547,Club,Debate Society,,,,crm_import
120,1,15365,Club,Debate Society,,,,online
121,1,12443,Club,Debate Society,,2015,2017,crm_import
122,1,15470,Club,Debate Society,,,,crm_import
123,1,12646,Club,Debate Society,,1965,1969,crm_import
124,1,18935,Club,Debate Society,,,,crm_import
125,1,5891,Club,Debate Society,,,,crm_import
126,1,1239,Club,Debate Society,,1990,1992,online
127,1,16663,Club,Debate Society,,1987,1990,crm_import
128,1,1730,Club,Debate Society,,,,crm_import
129,1,9428,Club,Debate Society,,2021,2024,online
130,1,146,Club,Debate Society,,,,advancement_entry
131,1,15491,Club,Debate Society,,2008,2010,online
132,1,1576,Club,Debate Society,,1968,1971,crm_import
133,1,7272,Club,Debate Society,,1976,1978,crm_import
134,1,2794,Club,Debate Society,,,,advancement_entry
135,1,2450,Club,Debate Society,,,,crm_import
136,1,12738,Club,Debate Society,,2017,2019,crm_import
137,1,11570,Club,Debate Society,,2015,2019,crm_import
138,1,16465,Club,Debate Society,,2026,,crm_import
139,1,18943,Club,Debate Society,,,,crm_import
140,1,13937,Club,Debate Society,,,,crm_import
141,1,173,Club,Debate Society,,,,crm_import
142,1,13161,Club,Debate Society,,,,crm_import
143,1,18399,Club,Debate Society,,,,crm_import
144,1,4795,Club,Debate Society,,1994,1996,crm_import
145,1,8413,Club,Debate Society,,1994,1997,crm_import
146,1,12521,Club,Debate Society,,,,online
147,1,17380,Club,Debate Society,,,,online
148,1,6963,Club,Debate Society,,,,crm_import
149,1,18031,Club,Debate Society,,1980,1984,crm_import
150,1,854,Club,Debate Society,,,,online
151,1,10901,Club,Debate Society,,,,crm_import
152,1,8491,Club,Debate Society,,1996,1999,crm_import
153,1,8005,Club,Debate Society,,,,online
154,1,10706,Club,Debate Society,,,,advancement_entry
155,1,11803,Club,Debate Society,,,,crm_import
156,1,16495,Club,Debate Society,,,,crm_import
157,1,5211,Club,Debate Society,,2003,2007,crm_import
158,1,15343,Club,Debate Society,,1998,2000,online
159,1,114,Club,Debate Society,,,,crm_import
160,1,16917,Club,Debate Society,,,,crm_import
161,1,15214,Club,Debate Society,,,,online
162,1,9857,Club,Debate Society,,,,crm_import
163,1,13013,Club,Debate Society,President,1996,2000,online
164,1,15152,Club,Debate Society,Member Leader,,,crm_import
165,1,9461,Club,Debate Society,,,,crm_import
166,1,6845,Club,Debate Society,,,,crm_import
167,1,1215,Club,Debate Society,,2015,2018,crm_import
168,1,6138,Club,Debate Society,,,,advancement_entry
169,1,9567,Club,Debate Society,,2000,2002,crm_import
170,1,11543,Club,Debate Society,,,,online
171,1,15143,Club,Debate Society,,2023,,crm_import
172,1,18527,Club,Debate Society,,2015,2019,crm_import
173,1,17875,Club,Debate Society,,,,advancement_entry
174,1,12515,Club,Debate Society,,,,crm_import
175,1,6725,Club,Debate Society,,,,online
176,1,2040,Club,Debate Society,,1995,1997,crm_import
177,1,4733,Club,Debate Society,,,,crm_import
178,1,11891,Club,Debate Society,,,,crm_import
179,1,7538,Club,Debate Society,,,,crm_import
180,1,1633,Club,Debate Society,,2028,,online
181,1,12818,Club,Debate Society,,,,crm_import
182,1,13064,Club,Debate Society,,,,online
183,1,13784,Club,Debate Society,,1970,1973,crm_import
184,1,8211,Club,Debate Society,,2017,2019,crm_import
185,1,7205,Club,Debate Society,,2015,2018,crm_import
186,1,15458,Club,Debate Society,,,,crm_import
187,1,15708,Club,Debate Society,,2013,2016,crm_import
188,1,16212,Club,Debate Society,,,,advancement_entry
189,1,8543,Club,Debate Society,,,,crm_import
190,1,11688,Club,Debate Society,,,,crm_import
191,1,16381,Club,Debate Society,,,,crm_import
192,1,4721,Club,Debate Society,,,,crm_import
193,1,19804,Club,Debate Society,,,,online
194,1,18181,Club,Debate Society,,1998,2001,crm_import
195,1,11896,Club,Debate Society,,2028,,crm_import
196,1,18126,Club,Debate Society,,1975,1978,crm_import
197,1,4863,Club,Debate Society,,1995,1999,crm_import
198,1,12466,Club,Debate Society,,1969,1973,online
199,1,8228,Club,Debate Society,,,,crm_import
200,1,11675,Club,Debate Society,,,,crm_import
201,1,1748,Club,Debate Society,,,,crm_import
202,1,5157,Club,Debate Society,,,,crm_import
203,1,12967,Club,Debate Society,,,,advancement_entry
204,1,11332,Club,Debate Society,,,,crm_import
205,1,14205,Club,Debate Society,President,,,crm_import
206,1,6168,Club,Debate Society,,,,crm_import
207,1,901,Club,Debate Society,,1998,2002,crm_import
208,1,6832,Club,Debate Society,,,,crm_import
209,1,6043,Club,Debate Society,,,,advancement_entry
210,1,14824,Club,Debate Society,,,,crm_import
211,1,13455,Club,Debate Society,,1989,1992,crm_import
212,1,4653,Club,Debate Society,Treasurer,2012,2016,crm_import
213,1,8276,Club,Debate Society,,,,crm_import
214,1,6157,Club,Debate Society,,,,online
215,1,18614,Club,Debate Society,,,,crm_import
216,1,574,Club,Debate Society,,,,online
217,1,13352,Club,Debate Society,Treasurer,1965,1968,crm_import
218,1,10288,Club,Debate Society,,,,advancement_entry
219,1,14191,Club,Debate Society,,1996,1999,crm_import
220,1,238,Club,Debate Society,,2000,2003,online
221,1,8613,Club,Debate Society,,2008,2011,crm_import
222,1,13973,Club,Debate Society,Member Leader,2004,2007,crm_import
223,1,14577,Club,Debate Society,President,,,online
224,1,2915,Club,Debate Society,,,,crm_import
225,1,7487,Club,Debate Society,,,,online
226,1,4114,Club,Debate Society,,,,crm_import
227,1,3325,Club,Debate Society,Member Leader,2018,2021,online
228,1,13574,Club,Debate Society,Member Leader,,,crm_import
229,1,17515,Club,Debate Society,,1992,1994,crm_import
230,1,1311,Club,Debate Society,,,,crm_import
231,1,16044,Club,Debate Society,,1978,1980,crm_import
232,1,18600,Club,Debate Society,,1988,1992,crm_import
233,1,5391,Club,Debate Society,,2013,2017,online
234,1,18857,Club,Debate Society,,,,online
235,1,10018,Club,Debate Society,,,,online
236,1,11527,Club,Debate Society,,1993,1995,crm_import
237,1,8836,Club,Debate Society,,,,online
238,1,2628,Club,Debate Society,,,,advancement_entry
239,1,14176,Club,Debate Society,,2022,2026,online
240,1,14303,Club,Debate Society,Member Leader,,,crm_import
241,1,4918,Club,Debate Society,Member Leader,1991,1993,crm_import
242,1,5255,Club,Debate Society,President,,,advancement_entry
243,1,5976,Club,Debate Society,,,,crm_import
244,1,19901,Club,Debate Society,,1976,1980,crm_import
245,1,2523,Club,Debate Society,,2023,2026,crm_import
246,1,17603,Club,Debate Society,,,,online
247,1,17155,Club,Debate Society,,,,crm_import
248,1,8894,Club,Debate Society,,,,crm_import
249,1,16505,Club,Debate Society,President,,,crm_import
250,1,2966,Club,Debate Society,Member Leader,,,crm_import
251,1,14037,Club,Debate Society,,2027,,crm_import
252,1,12233,Club,Debate Society,,,,crm_import
253,1,7620,Club,Debate Society,,1999,2002,crm_import
254,1,5981,Club,Debate Society,,,,crm_import
255,1,7133,Club,Debate Society,,2013,2015,crm_import
256,1,3185,Club,Debate Society,Member Leader,2017,2020,crm_import
257,1,4078,Club,Debate Society,,1989,1992,crm_import
258,1,9254,Club,Debate Society,,,,crm_import
259,1,15245,Club,Debate Society,,1993,1995,crm_import
260,1,18422,Club,Debate Society,,,,crm_import
261,1,16425,Club,Debate Society,Treasurer,,,crm_import
262,1,811,Club,Debate Society,,,,crm_import
263,1,11418,Club,Debate Society,,,,crm_import
264,1,211,Club,Debate Society,Member Leader,,,crm_import
265,1,13317,Club,Debate Society,,,,crm_import
266,1,10576,Club,Debate Society,,1997,1999,online
267,1,19105,Club,Debate Society,,2015,2018,online
268,1,16452,Club,Debate Society,,2006,2009,crm_import
269,1,1939,Club,Debate Society,,2011,2014,crm_import
270,1,6008,Club,Debate Society,,,,advancement_entry
271,1,19538,Club,Debate Society,,2008,2012,crm_import
272,1,16821,Club,Debate Society,,2003,2007,crm_import
273,1,4655,Club,Debate Society,,,,crm_import
274,1,6328,Club,Debate Society,,,,crm_import
275,1,10012,Club,Debate Society,,,,crm_import
276,1,5957,Club,Debate Society,,1992,1994,crm_import
277,1,17277,Club,Debate Society,,,,online
278,1,9661,Club,Debate Society,,1968,1970,online
279,1,15459,Club,Debate Society,Member Leader,1995,1997,crm_import
280,1,2997,Club,Debate Society,President,,,advancement_entry
281,1,11302,Club,Debate Society,,,,crm_import
282,1,3999,Club,Debate Society,Treasurer,2011,2015,crm_import
283,1,11953,Club,Debate Society,,,,crm_import
284,1,9786,Club,Debate Society,,,,advancement_entry
285,1,8916,Club,Debate Society,,2012,2014,online
286,1,17997,Club,Debate Society,,1995,1998,crm_import
287,1,13549,Club,Debate Society,,,,crm_import
288,1,7524,Club,Debate Society,,2006,2009,crm_import
289,1,4321,Club,Debate Society,,,,crm_import
290,1,15153,Club,Debate Society,,1976,1978,crm_import
291,1,4563,Club,Debate Society,,,,crm_import
292,1,14243,Club,Debate Society,,,,crm_import
293,1,17797,Club,Debate Society,,,,crm_import
294,1,18643,Club,Debate Society,,,,crm_import
295,1,456,Club,Debate Society,,2025,,crm_import
296,1,14060,Club,Debate Society,,,,online
297,1,1008,Club,Debate Society,,,,crm_import
298,1,2464,Club,Debate Society,,,,crm_import
299,1,5480,Club,Debate Society,,2026,,online
300,1,2072,Club,Debate Society,,,,crm_import
301,1,7775,Club,Debate Society,,,,crm_import
302,1,1958,Club,Debate Society,,,,crm_import
303,1,3907,Club,Debate Society,,,,online
304,1,15870,Club,Debate Society,Member Leader,,,online
305,1,4418,Club,Debate Society,,,,online
306,1,5125,Club,Debate Society,,1958,1960,crm_import
307,1,18570,Club,Debate Society,,2015,2017,crm_import
308,1,19933,Club,Debate Society,,,,crm_import
309,1,6281,Club,Debate Society,,,,crm_import
310,1,2449,Club,Debate Society,,1984,1987,crm_import
311,1,7352,Club,Debate Society,,,,crm_import
312,1,8674,Club,Debate Society,,1969,1972,crm_import
313,1,7151,Club,Debate Society,,,,crm_import
314,1,4033,Club,Debate Society,,,,crm_import
315,1,1159,Club,Debate Society,,,,crm_import
316,1,9263,Club,Debate Society,,1993,1997,crm_import
317,1,17703,Club,Debate Society,,,,crm_import
318,1,13256,Club,Debate Society,,2022,2026,crm_import
319,1,8393,Club,Debate Society,,,,advancement_entry
320,1,1445,Club,Debate Society,,,,crm_import
321,1,6292,Club,Debate Society,,1999,2002,crm_import
322,1,15812,Club,Debate Society,,,,crm_import
323,1,1447,Club,Debate Society,,1990,1994,crm_import
324,1,19017,Club,Debate Society,,,,crm_import
325,1,4119,Club,Debate Society,,,,online
326,1,10297,Club,Debate Society,,1990,1992,crm_import
327,1,2872,Club,Debate Society,,2025,,online
328,1,11171,Club,Debate Society,,,,online
329,1,480,Club,Debate Society,,2025,,crm_import
330,1,6945,Club,Debate Society,Member Leader,,,advancement_entry
331,1,13935,Club,Debate Society,,,,crm_import
332,1,400,Club,Debate Society,,,,advancement_entry
333,1,7390,Club,Debate Society,Treasurer,1997,2001,crm_import
334,1,13042,Club,Debate Society,,,,crm_import
335,1,7440,Club,Debate Society,,,,online
336,1,18860,Club,Debate Society,,2025,,crm_import
337,1,17207,Club,Debate Society,,2008,2010,online
338,1,6920,Club,Debate Society,,1989,1993,online
339,1,6256,Club,Debate Society,,1979,1981,crm_import
340,1,5197,Club,Debate Society,,2013,2017,crm_import
341,1,13910,Club,Debate Society,,,,advancement_entry
342,1,3375,Club,Debate Society,,,,crm_import
343,1,4531,Club,Debate Society,,2008,2011,online
344,1,845,Club,Debate Society,,2004,2006,crm_import
345,1,13441,Club,Debate Society,,,,online
346,1,14049,Club,Debate Society,,1979,1982,online
347,1,880,Club,Debate Society,,,,crm_import
348,1,3625,Club,Debate Society,Treasurer,,,crm_import
349,1,16808,Club,Debate Society,,,,crm_import
350,1,5614,Club,Debate Society,,,,crm_import
351,1,17818,Club,Debate Society,,2027,,crm_import
352,1,12051,Club,Debate Society,,2001,2004,crm_import
353,1,9261,Club,Debate Society,,,,crm_import
354,1,6670,Club,Debate Society,,,,crm_import
355,1,18498,Club,Debate Society,,1958,1962,online
356,1,8090,Club,Debate Society,,1998,2002,crm_import
357,1,2710,Club,Debate Society,,2023,2026,crm_import
358,1,429,Club,Debate Society,Member Leader,,,crm_import
359,1,7835,Club,Debate Society,,,,crm_import
360,1,19687,Club,Debate Society,,,,crm_import
361,1,1069,Club,Debate Society,,,,crm_import
362,1,10266,Club,Debate Society,,2027,,online
363,1,7311,Club,Debate Society,,,,crm_import
364,1,2878,Club,Debate Society,President,,,crm_import
365,1,16760,Club,Debate Society,President,2027,,online
366,1,158,Club,Debate Society,,,,crm_import
367,1,1931,Club,Debate Society,,,,crm_import
368,1,9753,Club,Debate Society,,,,online
369,1,10650,Club,Debate Society,,,,crm_import
370,1,18424,Club,Debate Society,,2012,2016,crm_import
371,1,2775,Club,Debate Society,,,,online
372,1,6048,Club,Debate Society,,,,online
373,1,11598,Club,Debate Society,,,,online
374,1,18018,Club,Debate Society,,1992,1995,crm_import
375,1,5406,Club,Debate Society,,,,crm_import
376,1,5886,Club,Debate Society,,,,crm_import
377,1,12571,Club,Debate Society,,2026,,crm_import
378,1,10074,Club,Debate Society,,2008,2012,online
379,1,11487,Club,Debate Society,,,,crm_import
380,1,10254,Club,Debate Society,Member Leader,1963,1966,crm_import
381,1,6813,Club,Debate Society,,2026,,crm_import
382,1,14644,Club,Debate Society,,2003,2007,online
383,1,277,Club,Debate Society,,,,online
384,1,7374,Club,Debate Society,,,,crm_import
385,1,15317,Club,Debate Society,,,,crm_import
386,1,11905,Club,Debate Society,,,,crm_import
387,1,13326,Club,Debate Society,,2012,2015,crm_import
388,1,786,Club,Debate Society,,,,crm_import
389,1,4763,Club,Debate Society,,,,crm_import
390,1,6448,Club,Debate Society,,,,crm_import
391,1,2251,Club,Debate Society,,,,crm_import
392,1,5241,Club,Debate Society,,,,crm_import
393,1,17659,Club,Debate Society,,2008,2011,crm_import
394,1,17159,Club,Debate Society,Member Leader,1998,2001,crm_import
395,1,10653,Club,Debate Society,,,,crm_import
396,1,2139,Club,Debate Society,,2019,2022,crm_import
397,1,15460,Club,Debate Society,Treasurer,1989,1992,crm_import
398,1,10679,Club,Debate Society,,2015,2019,crm_import
399,1,7643,Club,Debate Society,,,,crm_import
400,1,3382,Club,Debate Society,,,,crm_import
401,1,3141,Club,Debate Society,Member Leader,2009,2011,online
402,1,3405,Club,Debate Society,,,,crm_import
403,1,2717,Club,Debate Society,,2014,2018,crm_import
404,1,13145,Club,Debate Society,,2024,2026,crm_import
405,1,1913,Club,Debate Society,,,,crm_import
406,1,16442,Club,Debate Society,,,,crm_import
407,1,16682,Club,Debate Society,,,,advancement_entry
408,1,2374,Club,Debate Society,,,,crm_import
409,1,1701,Club,Debate Society,,1999,2001,online
410,1,2990,Club,Debate Society,,2028,,crm_import
411,1,6076,Club,Debate Society,,2007,2011,online
412,1,18180,Club,Debate Society,,,,crm_import
413,1,15629,Club,Debate Society,,,,crm_import
414,1,17253,Club,Debate Society,,1974,1977,crm_import
415,1,4125,Club,Debate Society,,,,crm_import
416,1,19410,Club,Debate Society,,,,online
417,1,16621,Club,Debate Society,Treasurer,,,crm_import
418,1,14492,Club,Debate Society,President,1977,1980,online
419,1,14514,Club,Debate Society,,,,crm_import
420,1,9952,Club,Debate Society,,,,crm_import
421,1,14201,Club,Engineering Club,,1994,1998,online
422,1,8738,Club,Engineering Club,,,,crm_import
423,1,2548,Club,Engineering Club,,2015,2019,crm_import
424,1,13337,Club,Engineering Club,Member Leader,,,crm_import
425,1,10888,Club,Engineering Club,,,,crm_import
426,1,9627,Club,Engineering Club,,2016,2018,crm_import
427,1,3254,Club,Engineering Club,,,,advancement_entry
428,1,11130,Club,Engineering Club,,2003,2005,crm_import
429,1,13458,Club,Engineering Club,,2025,,crm_import
430,1,944,Club,Engineering Club,,1989,1992,crm_import
431,1,17599,Club,Engineering Club,,1992,1995,crm_import
432,1,4937,Club,Engineering Club,,2021,2024,crm_import
433,1,12242,Club,Engineering Club,,,,crm_import
434,1,7892,Club,Engineering Club,,2014,2017,crm_import
435,1,13349,Club,Engineering Club,,,,crm_import
436,1,3523,Club,Engineering Club,,2013,2015,online
437,1,17069,Club,Engineering Club,,,,crm_import
438,1,10501,Club,Engineering Club,,2007,2010,advancement_entry
439,1,14505,Club,Engineering Club,,,,crm_import
440,1,19732,Club,Engineering Club,,1991,1995,advancement_entry
441,1,12775,Club,Engineering Club,,,,crm_import
442,1,6977,Club,Engineering Club,,,,crm_import
443,1,2238,Club,Engineering Club,,,,crm_import
444,1,15931,Club,Engineering Club,,2023,,crm_import
445,1,14138,Club,Engineering Club,,,,crm_import
446,1,6298,Club,Engineering Club,,,,crm_import
447,1,14917,Club,Engineering Club,,1997,2001,crm_import
448,1,7420,Club,Engineering Club,,2015,2017,crm_import
449,1,15423,Club,Engineering Club,,2027,,crm_import
450,1,16049,Club,Engineering Club,,,,crm_import
451,1,1079,Club,Engineering Club,,1987,1990,crm_import
452,1,3060,Club,Engineering Club,,1982,1984,crm_import
453,1,18480,Club,Engineering Club,,,,crm_import
454,1,17178,Club,Engineering Club,,,,crm_import
455,1,12684,Club,Engineering Club,,,,crm_import
456,1,11122,Club,Engineering Club,,,,crm_import
457,1,19897,Club,Engineering Club,,2000,2002,crm_import
458,1,1562,Club,Engineering Club,,2018,2022,crm_import
459,1,10915,Club,Engineering Club,,2010,2013,crm_import
460,1,15502,Club,Engineering Club,,,,crm_import
461,1,5998,Club,Engineering Club,,1980,1983,crm_import
462,1,12980,Club,Engineering Club,,,,online
463,1,4934,Club,Engineering Club,,,,crm_import
464,1,8120,Club,Engineering Club,,2000,2002,crm_import
465,1,18046,Club,Engineering Club,,,,crm_import
466,1,11368,Club,Engineering Club,,,,crm_import
467,1,9854,Club,Engineering Club,,,,online
468,1,16114,Club,Engineering Club,,2027,,crm_import
469,1,8241,Club,Engineering Club,,,,crm_import
470,1,10094,Club,Engineering Club,,2018,2020,online
471,1,2412,Club,Engineering Club,,,,crm_import
472,1,15449,Club,Engineering Club,Member Leader,,,online
473,1,9553,Club,Engineering Club,,,,crm_import
474,1,7428,Club,Engineering Club,,,,crm_import
475,1,6726,Club,Engineering Club,Member Leader,2001,2005,crm_import
476,1,116,Club,Engineering Club,,1992,1994,crm_import
477,1,12553,Club,Engineering Club,,2001,2003,crm_import
478,1,175,Club,Engineering Club,,,,crm_import
479,1,6838,Club,Engineering Club,,,,crm_import
480,1,15377,Club,Engineering Club,,,,crm_import
481,1,1185,Club,Engineering Club,,1999,2002,crm_import
482,1,14001,Club,Engineering Club,,1970,1973,crm_import
483,1,5730,Club,Engineering Club,,2025,,crm_import
484,1,2167,Club,Engineering Club,,1997,2001,crm_import
485,1,2139,Club,Engineering Club,,,,crm_import
486,1,17313,Club,Engineering Club,,,,crm_import
487,1,4372,Club,Engineering Club,,,,crm_import
488,1,17002,Club,Engineering Club,,2026,,online
489,1,5454,Club,Engineering Club,,,,advancement_entry
490,1,9650,Club,Engineering Club,,1988,1991,crm_import
491,1,5775,Club,Engineering Club,,,,crm_import
492,1,448,Club,Engineering Club,,2013,2017,crm_import
493,1,1592,Club,Engineering Club,,,,crm_import
494,1,16601,Club,Engineering Club,,2012,2014,crm_import
495,1,1824,Club,Engineering Club,,,,crm_import
496,1,11671,Club,Engineering Club,,,,crm_import
497,1,13587,Club,Engineering Club,,2022,2026,online
498,1,19781,Club,Engineering Club,,1989,1993,crm_import
499,1,17341,Club,Engineering Club,,,,crm_import
500,1,19681,Club,Engineering Club,,2005,2009,crm_import
501,1,1230,Club,Engineering Club,,,,crm_import
502,1,2498,Club,Engineering Club,,2004,2007,online
503,1,10333,Club,Engineering Club,,,,crm_import
504,1,18186,Club,Engineering Club,,1991,1994,crm_import
505,1,19382,Club,Engineering Club,,1994,1997,crm_import
506,1,4872,Club,Engineering Club,,,,crm_import
507,1,9527,Club,Engineering Club,,,,crm_import
508,1,8566,Club,Engineering Club,,2011,2015,crm_import
509,1,5198,Club,Engineering Club,,,,crm_import
510,1,13407,Club,Engineering Club,,,,online
511,1,15276,Club,Engineering Club,,,,crm_import
512,1,3819,Club,Engineering Club,Member Leader,2006,2009,crm_import
513,1,12637,Club,Engineering Club,Treasurer,,,crm_import
514,1,2743,Club,Engineering Club,,,,crm_import
515,1,2333,Club,Engineering Club,President,,,online
516,1,377,Club,Engineering Club,,1996,1999,crm_import
517,1,12537,Club,Engineering Club,,2026,,crm_import
518,1,353,Club,Engineering Club,,,,crm_import
519,1,10270,Club,Engineering Club,,2004,2006,crm_import
520,1,9157,Club,Engineering Club,,2014,2016,crm_import
521,1,14317,Club,Engineering Club,,,,crm_import
522,1,17587,Club,Engineering Club,,1992,1995,crm_import
523,1,15875,Club,Engineering Club,,2026,,crm_import
524,1,2696,Club,Engineering Club,,2013,2017,crm_import
525,1,15647,Club,Engineering Club,Member Leader,,,crm_import
526,1,6694,Club,Engineering Club,Treasurer,2013,2015,crm_import
527,1,17460,Club,Engineering Club,,,,online
528,1,5031,Club,Engineering Club,,,,crm_import
529,1,9718,Club,Engineering Club,,,,crm_import
530,1,8207,Club,Engineering Club,,,,crm_import
531,1,19438,Club,Engineering Club,Member Leader,,,advancement_entry
532,1,3052,Club,Engineering Club,,,,online
533,1,1512,Club,Engineering Club,,1966,1970,advancement_entry
534,1,18883,Club,Engineering Club,,1973,1977,online
535,1,3375,Club,Engineering Club,Member Leader,1987,1991,crm_import
536,1,14852,Club,Engineering Club,,,,online
537,1,11034,Club,Engineering Club,,,,crm_import
538,1,17575,Club,Engineering Club,,,,crm_import
539,1,9639,Club,Engineering Club,President,,,crm_import
540,1,1681,Club,Engineering Club,,,,online
541,1,9116,Club,Engineering Club,,1960,1964,crm_import
542,1,4787,Club,Engineering Club,,,,crm_import
543,1,2036,Club,Engineering Club,,,,crm_import
544,1,128,Club,Engineering Club,,,,crm_import
545,1,3179,Club,Engineering Club,,,,crm_import
546,1,2038,Club,Engineering Club,,,,crm_import
547,1,13508,Club,Engineering Club,,,,crm_import
548,1,7463,Club,Engineering Club,,1974,1976,crm_import
549,1,19145,Club,Engineering Club,,1986,1990,crm_import
550,1,3188,Club,Engineering Club,,,,crm_import
551,1,17106,Club,Engineering Club,,,,crm_import
552,1,8977,Club,Engineering Club,,,,crm_import
553,1,7292,Club,Engineering Club,,,,crm_import
554,1,18384,Club,Engineering Club,,,,crm_import
555,1,10689,Club,Engineering Club,,,,crm_import
556,1,11012,Club,Engineering Club,,2017,2019,crm_import
557,1,15224,Club,Engineering Club,,2023,2026,advancement_entry
558,1,6827,Club,Engineering Club,,,,crm_import
559,1,7947,Club,Engineering Club,,,,online
560,1,17530,Club,Engineering Club,,1975,1979,crm_import
561,1,6563,Club,Engineering Club,,,,advancement_entry
562,1,15051,Club,Engineering Club,,,,online
563,1,7457,Club,Engineering Club,,,,crm_import
564,1,11140,Club,Engineering Club,,2026,,crm_import
565,1,16857,Club,Engineering Club,,,,crm_import
566,1,7590,Club,Engineering Club,,2004,2008,crm_import
567,1,654,Club,Engineering Club,,,,advancement_entry
568,1,9616,Club,Engineering Club,,1947,1950,advancement_entry
569,1,5835,Club,Engineering Club,,,,crm_import
570,1,12514,Club,Engineering Club,,,,crm_import
571,1,18091,Club,Engineering Club,,2009,2011,crm_import
572,1,16024,Club,Engineering Club,Member Leader,,,crm_import
573,1,10970,Club,Engineering Club,,1994,1997,crm_import
574,1,11543,Club,Engineering Club,,,,online
575,1,9443,Club,Engineering Club,,,,crm_import
576,1,17318,Club,Engineering Club,,,,crm_import
577,1,17179,Club,Engineering Club,,,,advancement_entry
578,1,8059,Club,Engineering Club,President,2026,,crm_import
579,1,10722,Club,Engineering Club,,,,crm_import
580,1,17224,Club,Engineering Club,,2016,2020,crm_import
581,1,14593,Club,Engineering Club,,2026,,crm_import
582,1,13432,Club,Engineering Club,,,,crm_import
583,1,8733,Club,Engineering Club,,1990,1993,online
584,1,2430,Club,Engineering Club,,,,crm_import
585,1,2078,Club,Engineering Club,Treasurer,2009,2012,crm_import
586,1,5044,Club,Engineering Club,,,,advancement_entry
587,1,15712,Club,Engineering Club,,2024,2026,crm_import
588,1,16512,Club,Engineering Club,,,,crm_import
589,1,19951,Club,Engineering Club,,,,crm_import
590,1,19985,Club,Engineering Club,,1981,1984,advancement_entry
591,1,2624,Club,Engineering Club,,,,crm_import
592,1,4894,Club,Engineering Club,,,,online
593,1,10737,Club,Engineering Club,,1978,1980,crm_import
594,1,6665,Club,Engineering Club,,,,advancement_entry
595,1,3802,Club,Engineering Club,,2024,,crm_import
596,1,3143,Club,Engineering Club,,,,online
597,1,86,Club,Engineering Club,Member Leader,,,crm_import
598,1,9352,Club,Engineering Club,,2005,2009,crm_import
599,1,3249,Club,Engineering Club,,,,advancement_entry
600,1,10701,Club,Engineering Club,,,,online
601,1,5132,Club,Engineering Club,President,2025,,online
602,1,9542,Club,Engineering Club,,1980,1983,crm_import
603,1,19402,Club,Engineering Club,,1996,2000,crm_import
604,1,1868,Club,Engineering Club,,1995,1997,online
605,1,13106,Club,Engineering Club,,2012,2014,online
606,1,14210,Club,Engineering Club,,2007,2011,crm_import
607,1,10487,Club,Engineering Club,Member Leader,,,crm_import
608,1,15171,Club,Engineering Club,,,,advancement_entry
609,1,3234,Club,Engineering Club,,2026,,crm_import
610,1,18176,Club,Engineering Club,,,,crm_import
611,1,15856,Club,Engineering Club,,,,crm_import
612,1,9150,Club,Engineering Club,Member Leader,2009,2013,crm_import
613,1,7468,Club,Engineering Club,Treasurer,,,crm_import
614,1,11588,Club,Engineering Club,,,,crm_import
615,1,14546,Club,Engineering Club,,,,online
616,1,6405,Club,Engineering Club,,,,crm_import
617,1,10805,Club,Engineering Club,,,,crm_import
618,1,2282,Club,Engineering Club,Treasurer,,,crm_import
619,1,5553,Club,Engineering Club,,1998,2000,crm_import
620,1,3990,Club,Engineering Club,Member Leader,,,crm_import
621,1,13235,Club,Engineering Club,,2013,2017,online
622,1,1176,Club,Engineering Club,,,,crm_import
623,1,13947,Club,Engineering Club,,1999,2002,crm_import
624,1,14941,Club,Engineering Club,,,,advancement_entry
625,1,9055,Club,Engineering Club,,,,online
626,1,13042,Club,Engineering Club,,,,crm_import
627,1,19485,Club,Engineering Club,,1983,1987,crm_import
628,1,1235,Club,Engineering Club,Member Leader,1980,1982,crm_import
629,1,12296,Club,Engineering Club,,,,crm_import
630,1,13255,Club,Engineering Club,,,,crm_import
631,1,15252,Club,Engineering Club,,,,advancement_entry
632,1,17215,Club,Engineering Club,,,,crm_import
633,1,9599,Club,Engineering Club,,,,online
634,1,3769,Club,Engineering Club,,,,online
635,1,4768,Club,Engineering Club,,,,online
636,1,15130,Club,Engineering Club,,,,crm_import
637,1,4484,Club,Engineering Club,,,,crm_import
638,1,9008,Club,Engineering Club,,1990,1994,crm_import
639,1,11420,Club,Engineering Club,Treasurer,,,crm_import
640,1,9692,Club,Engineering Club,Member Leader,,,crm_import
641,1,3906,Club,Engineering Club,,1999,2003,advancement_entry
642,1,5742,Club,Engineering Club,,,,crm_import
643,1,12368,Club,Engineering Club,,2001,2003,crm_import
644,1,11728,Club,Engineering Club,,2022,2026,crm_import
645,1,8755,Club,Engineering Club,,2000,2004,online
646,1,10265,Club,Engineering Club,Treasurer,2013,2016,online
647,1,8228,Club,Engineering Club,,1996,1998,crm_import
648,1,10617,Club,Engineering Club,President,2004,2008,crm_import
649,1,15822,Club,Engineering Club,,1978,1982,crm_import
650,1,7537,Club,Engineering Club,,,,crm_import
651,1,14991,Club,Engineering Club,,,,crm_import
652,1,17163,Club,Engineering Club,,1983,1986,crm_import
653,1,3961,Club,Engineering Club,,,,advancement_entry
654,1,17546,Club,Engineering Club,,,,online
655,1,4438,Club,Engineering Club,,2015,2018,advancement_entry
656,1,15583,Club,Engineering Club,Member Leader,2026,,crm_import
657,1,4577,Club,Engineering Club,,2025,,crm_import
658,1,3456,Club,Engineering Club,Treasurer,,,crm_import
659,1,3768,Club,Engineering Club,,2007,2010,crm_import
660,1,9253,Club,Engineering Club,,,,crm_import
661,1,7378,Club,Engineering Club,,,,crm_import
662,1,18718,Club,Engineering Club,,,,crm_import
663,1,13948,Club,Engineering Club,,,,crm_import
664,1,15400,Club,Engineering Club,,1996,2000,online
665,1,14481,Club,Engineering Club,,2010,2013,crm_import
666,1,6868,Club,Engineering Club,,,,crm_import
667,1,3941,Club,Engineering Club,,,,crm_import
668,1,3843,Club,Engineering Club,,,,crm_import
669,1,7226,Club,Engineering Club,,2026,,crm_import
670,1,8806,Club,Engineering Club,,,,crm_import
671,1,7380,Club,Engineering Club,,,,crm_import
672,1,3775,Club,Engineering Club,,1992,1995,crm_import
673,1,18182,Club,Engineering Club,,1986,1990,crm_import
674,1,18566,Club,Engineering Club,,,,crm_import
675,1,16002,Club,Engineering Club,,1968,1971,crm_import
676,1,634,Club,Engineering Club,,,,crm_import
677,1,14987,Club,Engineering Club,,,,crm_import
678,1,8943,Club,Engineering Club,,,,advancement_entry
679,1,19130,Club,Engineering Club,,2000,2004,crm_import
680,1,8485,Club,Engineering Club,,,,crm_import
681,1,17590,Club,Engineering Club,,2024,,crm_import
682,1,9251,Club,Engineering Club,,,,crm_import
683,1,10673,Club,Engineering Club,,,,advancement_entry
684,1,338,Club,Engineering Club,,,,crm_import
685,1,1980,Club,Engineering Club,Member Leader,,,advancement_entry
686,1,4721,Club,Engineering Club,,1966,1968,crm_import
687,1,9129,Club,Engineering Club,,,,crm_import
688,1,19801,Club,Engineering Club,,1987,1991,crm_import
689,1,1008,Club,Engineering Club,Treasurer,,,crm_import
690,1,2117,Club,Engineering Club,,2025,,crm_import
691,1,19797,Club,Engineering Club,,,,crm_import
692,1,11113,Club,Engineering Club,,,,crm_import
693,1,6260,Club,Engineering Club,,2021,2025,crm_import
694,1,3668,Club,Engineering Club,Member Leader,,,crm_import
695,1,6434,Club,Engineering Club,,2007,2010,crm_import
696,1,4987,Club,Engineering Club,,,,advancement_entry
697,1,15845,Club,Engineering Club,,,,advancement_entry
698,1,11316,Club,Engineering Club,,,,crm_import
699,1,17183,Club,Engineering Club,,1979,1983,online
700,1,8673,Club,Engineering Club,,,,crm_import
701,1,1822,Club,Engineering Club,,2025,,crm_import
702,1,6860,Club,Engineering Club,,,,crm_import
703,1,15952,Club,Engineering Club,,1958,1962,advancement_entry
704,1,14795,Club,Engineering Club,,,,crm_import
705,1,9154,Club,Engineering Club,,,,online
706,1,9312,Club,Engineering Club,Member Leader,2024,2026,crm_import
707,1,16388,Club,Engineering Club,,2006,2010,crm_import
708,1,6949,Club,Engineering Club,Member Leader,,,online
709,1,1571,Club,Engineering Club,,2000,2004,crm_import
710,1,4198,Club,Engineering Club,,2014,2017,crm_import
711,1,8003,Club,Engineering Club,,2025,,advancement_entry
712,1,10240,Club,Engineering Club,,,,crm_import
713,1,5529,Club,Engineering Club,,,,advancement_entry
714,1,11766,Club,Engineering Club,,,,crm_import
715,1,15906,Club,Engineering Club,,,,advancement_entry
716,1,19994,Club,Engineering Club,,,,online
717,1,2856,Club,Engineering Club,,,,crm_import
718,1,3766,Club,Engineering Club,,,,crm_import
719,1,15572,Club,Engineering Club,,,,online
720,1,15250,Club,Engineering Club,,,,online
721,1,6292,Club,Engineering Club,,1998,2002,crm_import
722,1,4068,Club,Engineering Club,,,,crm_import
723,1,17107,Club,Engineering Club,,,,crm_import
724,1,7750,Club,Engineering Club,,1994,1998,crm_import
725,1,16207,Club,Engineering Club,,1969,1973,crm_import
726,1,7555,Club,Engineering Club,,,,online
727,1,8329,Club,Engineering Club,,,,crm_import
728,1,18570,Club,Engineering Club,,2015,2017,crm_import
729,1,7529,Club,Engineering Club,President,,,crm_import
730,1,8799,Club,Engineering Club,,2022,2026,online
731,1,1941,Club,Engineering Club,,2016,2018,crm_import
732,1,2749,Club,Engineering Club,Member Leader,,,crm_import
733,1,14135,Club,Engineering Club,,2003,2006,online
734,1,6929,Club,Engineering Club,,,,crm_import
735,1,11017,Club,Engineering Club,,2003,2005,online
736,1,10382,Club,Engineering Club,,,,advancement_entry
737,1,11381,Club,Engineering Club,,,,crm_import
738,1,6543,Club,Engineering Club,,1988,1991,crm_import
739,1,10430,Club,Engineering Club,,,,online
740,1,13105,Club,Engineering Club,,2009,2012,online
741,1,14151,Club,Engineering Club,,2003,2005,crm_import
742,1,16001,Club,Engineering Club,,1994,1996,online
743,1,14308,Club,Engineering Club,,2006,2009,crm_import
744,1,14782,Club,Engineering Club,,,,advancement_entry
745,1,10818,Club,Engineering Club,,1976,1979,advancement_entry
746,1,12663,Club,Engineering Club,,,,crm_import
747,1,13937,Club,Engineering Club,,2019,2021,crm_import
748,1,8068,Club,Engineering Club,,1990,1994,advancement_entry
749,1,6138,Club,Engineering Club,,,,advancement_entry
750,1,16284,Club,Engineering Club,,1995,1998,crm_import
751,1,8392,Club,Engineering Club,,1983,1985,crm_import
752,1,17104,Club,Engineering Club,,2017,2019,crm_import
753,1,4316,Club,Engineering Club,,,,online
754,1,6567,Club,Engineering Club,,,,crm_import
755,1,9601,Club,Engineering Club,,,,online
756,1,18129,Club,Engineering Club,,,,advancement_entry
757,1,764,Club,Engineering Club,President,2028,,crm_import
758,1,1879,Club,Engineering Club,,,,crm_import
759,1,12617,Club,Engineering Club,,,,crm_import
760,1,11801,Club,Engineering Club,,,,crm_import
761,1,241,Club,Engineering Club,,,,crm_import
762,1,19340,Club,Engineering Club,President,,,crm_import
763,1,10242,Club,Engineering Club,President,,,online
764,1,4842,Club,Engineering Club,,,,crm_import
765,1,16421,Club,Engineering Club,,,,online
766,1,1305,Club,Engineering Club,,,,crm_import
767,1,9792,Club,Engineering Club,,,,crm_import
768,1,140,Club,Engineering Club,,,,online
769,1,9677,Club,Engineering Club,,1991,1993,advancement_entry
770,1,13834,Club,Engineering Club,,1963,1967,crm_import
771,1,17585,Club,Engineering Club,,,,advancement_entry
772,1,1299,Club,Engineering Club,,,,online
773,1,1733,Club,Engineering Club,,,,crm_import
774,1,1760,Club,Engineering Club,,1989,1992,advancement_entry
775,1,18548,Club,Engineering Club,Member Leader,,,crm_import
776,1,8922,Club,Engineering Club,,,,online
777,1,2555,Club,Engineering Club,President,2014,2017,online
778,1,9193,Club,Engineering Club,,,,online
779,1,9660,Club,Engineering Club,,,,crm_import
780,1,17112,Club,Engineering Club,,2018,2020,online
781,1,10788,Club,Marching Band,,1994,1997,crm_import
782,1,13424,Club,Marching Band,,,,crm_import
783,1,18885,Club,Marching Band,,,,online
784,1,15604,Club,Marching Band,Treasurer,,,crm_import
785,1,17066,Club,Marching Band,,,,crm_import
786,1,10717,Club,Marching Band,,2002,2005,crm_import
787,1,18441,Club,Marching Band,President,,,crm_import
788,1,14514,Club,Marching Band,,,,crm_import
789,1,9127,Club,Marching Band,,,,online
790,1,13064,Club,Marching Band,,,,online
791,1,9941,Club,Marching Band,,2025,,crm_import
792,1,7699,Club,Marching Band,,,,crm_import
793,1,13652,Club,Marching Band,,1994,1996,crm_import
794,1,13712,Club,Marching Band,,,,advancement_entry
795,1,1381,Club,Marching Band,,,,crm_import
796,1,5843,Club,Marching Band,,2013,2016,crm_import
797,1,6987,Club,Marching Band,,2025,,crm_import
798,1,123,Club,Marching Band,,,,advancement_entry
799,1,11794,Club,Marching Band,,,,advancement_entry
800,1,7806,Club,Marching Band,,,,online
801,1,325,Club,Marching Band,,2011,2014,crm_import
802,1,2255,Club,Marching Band,,1990,1992,crm_import
803,1,16305,Club,Marching Band,,2028,,crm_import
804,1,9820,Club,Marching Band,,2012,2015,crm_import
805,1,5678,Club,Marching Band,,,,crm_import
806,1,8149,Club,Marching Band,,,,crm_import
807,1,7987,Club,Marching Band,,,,online
808,1,10510,Club,Marching Band,,2002,2004,online
809,1,17186,Club,Marching Band,,1979,1981,advancement_entry
810,1,4103,Club,Marching Band,,,,crm_import
811,1,207,Club,Marching Band,,,,crm_import
812,1,9792,Club,Marching Band,,,,crm_import
813,1,14207,Club,Marching Band,,,,crm_import
814,1,9838,Club,Marching Band,,,,online
815,1,1809,Club,Marching Band,,1997,2000,crm_import
816,1,8104,Club,Marching Band,,,,crm_import
817,1,18126,Club,Marching Band,,,,crm_import
818,1,7799,Club,Marching Band,,,,online
819,1,7431,Club,Marching Band,,,,crm_import
820,1,878,Club,Marching Band,,2027,,crm_import
821,1,11765,Club,Marching Band,,,,crm_import
822,1,6326,Club,Marching Band,,2014,2016,crm_import
823,1,11678,Club,Marching Band,,,,online
824,1,5807,Club,Marching Band,,2022,2026,crm_import
825,1,5080,Club,Marching Band,,,,crm_import
826,1,9978,Club,Marching Band,,1982,1986,advancement_entry
827,1,14681,Club,Marching Band,President,,,online
828,1,9533,Club,Marching Band,,,,advancement_entry
829,1,17694,Club,Marching Band,Treasurer,,,crm_import
830,1,9157,Club,Marching Band,,2013,2016,crm_import
831,1,11904,Club,Marching Band,,1958,1961,crm_import
832,1,10849,Club,Marching Band,President,1995,1999,online
833,1,10818,Club,Marching Band,,,,advancement_entry
834,1,8163,Club,Marching Band,,,,crm_import
835,1,3725,Club,Marching Band,,,,crm_import
836,1,12583,Club,Marching Band,,,,online
837,1,2322,Club,Marching Band,,2023,2026,advancement_entry
838,1,7764,Club,Marching Band,,,,crm_import
839,1,7232,Club,Marching Band,,,,crm_import
840,1,19939,Club,Marching Band,,,,online
841,1,6427,Club,Marching Band,,,,crm_import
842,1,10531,Club,Marching Band,,1981,1985,crm_import
843,1,11180,Club,Marching Band,President,,,crm_import
844,1,11233,Club,Marching Band,,,,advancement_entry
845,1,12508,Club,Marching Band,,,,crm_import
846,1,1574,Club,Marching Band,,,,online
847,1,11724,Club,Marching Band,,,,crm_import
848,1,1454,Club,Marching Band,,,,crm_import
849,1,2208,Club,Marching Band,,1998,2001,crm_import
850,1,16390,Club,Marching Band,,,,crm_import
851,1,614,Club,Marching Band,,1993,1996,online
852,1,9125,Club,Marching Band,,,,online
853,1,11026,Club,Marching Band,,1971,1973,crm_import
854,1,9080,Club,Marching Band,,,,crm_import
855,1,2808,Club,Marching Band,,2011,2013,crm_import
856,1,19869,Club,Marching Band,,,,crm_import
857,1,17493,Club,Marching Band,,,,advancement_entry
858,1,15887,Club,Marching Band,,2022,2026,advancement_entry
859,1,14499,Club,Marching Band,,1987,1989,crm_import
860,1,7923,Club,Marching Band,,,,online
861,1,4138,Club,Marching Band,Treasurer,,,crm_import
862,1,10902,Club,Marching Band,,2024,2026,online
863,1,17695,Club,Marching Band,,1963,1965,advancement_entry
864,1,3465,Club,Marching Band,,1991,1995,crm_import
865,1,12826,Club,Marching Band,,2013,2016,crm_import
866,1,7326,Club,Marching Band,,,,online
867,1,15590,Club,Marching Band,,1980,1982,online
868,1,13605,Club,Marching Band,,1983,1986,advancement_entry
869,1,634,Club,Marching Band,Member Leader,,,crm_import
870,1,8088,Club,Marching Band,,,,crm_import
871,1,1097,Club,Marching Band,,,,crm_import
872,1,4727,Club,Marching Band,,,,crm_import
873,1,1861,Club,Marching Band,,,,online
874,1,13717,Club,Marching Band,,,,crm_import
875,1,1629,Club,Marching Band,,1996,2000,crm_import
876,1,4371,Club,Marching Band,,,,crm_import
877,1,9072,Club,Marching Band,,,,advancement_entry
878,1,3073,Club,Marching Band,,1954,1957,crm_import
879,1,2490,Club,Marching Band,,,,crm_import
880,1,5063,Club,Marching Band,President,1973,1976,crm_import
881,1,16642,Club,Marching Band,,,,online
882,1,16388,Club,Marching Band,,2007,2010,crm_import
883,1,11550,Club,Marching Band,,,,online
884,1,9723,Club,Marching Band,,,,advancement_entry
885,1,10379,Club,Marching Band,,2004,2007,crm_import
886,1,16768,Club,Marching Band,,2027,,crm_import
887,1,12041,Club,Marching Band,,1991,1995,advancement_entry
888,1,3749,Club,Marching Band,,,,crm_import
889,1,18599,Club,Marching Band,,,,crm_import
890,1,2675,Club,Marching Band,,,,crm_import
891,1,9196,Club,Marching Band,,,,crm_import
892,1,5180,Club,Marching Band,,,,online
893,1,4232,Club,Marching Band,,1991,1994,crm_import
894,1,261,Club,Marching Band,,,,crm_import
895,1,6292,Club,Marching Band,,2000,2002,crm_import
896,1,4683,Club,Marching Band,,,,advancement_entry
897,1,14835,Club,Marching Band,,,,crm_import
898,1,3080,Club,Marching Band,,2014,2017,crm_import
899,1,15354,Club,Marching Band,,,,crm_import
900,1,4037,Club,Marching Band,,,,crm_import
901,1,3405,Club,Marching Band,,2023,2026,crm_import
902,1,15383,Club,Marching Band,Treasurer,1992,1994,crm_import
903,1,2881,Club,Marching Band,,,,crm_import
904,1,13870,Club,Marching Band,,,,online
905,1,6193,Club,Marching Band,,2024,2026,crm_import
906,1,14315,Club,Marching Band,,,,online
907,1,13906,Club,Marching Band,,,,crm_import
908,1,18820,Club,Marching Band,,1971,1975,crm_import
909,1,14506,Club,Marching Band,,,,online
910,1,2343,Club,Marching Band,,1970,1972,online
911,1,9934,Club,Marching Band,,,,crm_import
912,1,19288,Club,Marching Band,,,,crm_import
913,1,1008,Club,Marching Band,,,,crm_import
914,1,7964,Club,Marching Band,,,,crm_import
915,1,9404,Club,Marching Band,,,,crm_import
916,1,11155,Club,Marching Band,,,,crm_import
917,1,13014,Club,Marching Band,,,,online
918,1,14783,Club,Marching Band,,2002,2005,online
919,1,12702,Club,Marching Band,,,,crm_import
920,1,13201,Club,Marching Band,,1993,1996,crm_import
921,1,6196,Club,Marching Band,,1963,1967,crm_import
922,1,2262,Club,Marching Band,,,,advancement_entry
923,1,3571,Club,Marching Band,,,,crm_import
924,1,18323,Club,Marching Band,,2004,2008,online
925,1,4095,Club,Marching Band,,1977,1981,crm_import
926,1,12287,Club,Marching Band,,1992,1994,online
927,1,2251,Club,Marching Band,,,,crm_import
928,1,588,Club,Marching Band,,2002,2006,crm_import
929,1,17550,Club,Marching Band,,2003,2005,crm_import
930,1,2279,Club,Marching Band,,,,online
931,1,17824,Club,Marching Band,,1980,1983,online
932,1,7024,Club,Marching Band,,,,online
933,1,11925,Club,Marching Band,,,,crm_import
934,1,15974,Club,Marching Band,,,,crm_import
935,1,10341,Club,Marching Band,Member Leader,,,online
936,1,1385,Club,Marching Band,Treasurer,,,crm_import
937,1,4393,Club,Marching Band,,,,crm_import
938,1,6811,Club,Marching Band,,1981,1985,online
939,1,4837,Club,Marching Band,Member Leader,,,online
940,1,9269,Club,Marching Band,,,,advancement_entry
941,1,19538,Club,Marching Band,,,,crm_import
942,1,10218,Club,Marching Band,,,,crm_import
943,1,7937,Club,Marching Band,,,,advancement_entry
944,1,17003,Club,Marching Band,,2009,2011,crm_import
945,1,19320,Club,Marching Band,,,,crm_import
946,1,8651,Club,Marching Band,,,,crm_import
947,1,13166,Club,Marching Band,,,,online
948,1,15580,Club,Marching Band,,,,online
949,1,14395,Club,Marching Band,,2003,2005,crm_import
950,1,1642,Club,Marching Band,,1969,1973,crm_import
951,1,10856,Club,Marching Band,,,,crm_import
952,1,15192,Club,Marching Band,,2015,2017,crm_import
953,1,7447,Club,Marching Band,,,,crm_import
954,1,18307,Club,Marching Band,,1983,1986,crm_import
955,1,11126,Club,Marching Band,,,,crm_import
956,1,16151,Club,Marching Band,,,,advancement_entry
957,1,6225,Club,Marching Band,,,,crm_import
958,1,2659,Club,Marching Band,,,,crm_import
959,1,17116,Club,Marching Band,,,,advancement_entry
960,1,3116,Club,Marching Band,,1987,1989,crm_import
961,1,14010,Club,Marching Band,,,,crm_import
962,1,1674,Club,Marching Band,,2024,,crm_import
963,1,7440,Club,Marching Band,,2009,2011,online
964,1,2048,Club,Marching Band,,1988,1990,crm_import
965,1,15197,Club,Marching Band,,1968,1972,online
966,1,1221,Club,Marching Band,Treasurer,1995,1998,online
967,1,11302,Club,Marching Band,,2013,2016,crm_import
968,1,2035,Club,Marching Band,,,,crm_import
969,1,12971,Club,Marching Band,,1969,1972,crm_import
970,1,3144,Club,Marching Band,,,,online
971,1,12467,Club,Marching Band,,,,crm_import
972,1,4033,Club,Marching Band,,,,crm_import
973,1,4122,Club,Marching Band,,2006,2009,crm_import
974,1,8322,Club,Marching Band,,2002,2004,crm_import
975,1,2719,Club,Marching Band,,,,advancement_entry
976,1,13232,Club,Marching Band,,2003,2005,online
977,1,3945,Club,Marching Band,President,,,crm_import
978,1,16792,Club,Marching Band,,1998,2001,crm_import
979,1,493,Club,Marching Band,,,,crm_import
980,1,3066,Club,Marching Band,,,,crm_import
981,1,2327,Club,Marching Band,,1988,1990,crm_import
982,1,19863,Club,Marching Band,Treasurer,,,crm_import
983,1,15990,Club,Marching Band,,,,crm_import
984,1,14761,Club,Marching Band,,2026,,crm_import
985,1,16636,Club,Marching Band,,,,crm_import
986,1,5301,Club,Marching Band,,,,crm_import
987,1,13638,Club,Marching Band,,,,online
988,1,244,Club,Marching Band,,,,advancement_entry
989,1,6093,Club,Marching Band,,,,advancement_entry
990,1,5326,Club,Marching Band,,,,crm_import
991,1,17276,Club,Marching Band,,2027,,crm_import
992,1,12002,Club,Marching Band,,2024,,crm_import
993,1,6883,Club,Marching Band,,1998,2001,crm_import
994,1,2510,Club,Marching Band,,,,crm_import
995,1,6031,Club,Marching Band,,,,advancement_entry
996,1,313,Club,Marching Band,,,,crm_import
997,1,1266,Club,Marching Band,,,,crm_import
998,1,15279,Club,Marching Band,President,,,crm_import
999,1,3763,Club,Marching Band,,,,online
1000,1,10191,Club,Marching Band,,2013,2015,crm_import
1001,1,12991,Club,Marching Band,,,,crm_import
1002,1,16534,Club,Marching Band,,2001,2004,crm_import
1003,1,550,Club,Marching Band,,,,crm_import
1004,1,13743,Club,Marching Band,,,,crm_import
1005,1,16496,Club,Marching Band,Member Leader,,,crm_import
1006,1,16222,Club,Marching Band,,1999,2002,crm_import
1007,1,7731,Club,Marching Band,,,,crm_import
1008,1,3120,Club,Marching Band,,2008,2012,crm_import
1009,1,15914,Club,Marching Band,,2021,2025,crm_import
1010,1,15146,Club,Marching Band,,,,crm_import
1011,1,7488,Club,Marching Band,,,,crm_import
1012,1,3499,Club,Marching Band,,,,crm_import
1013,1,10041,Club,Marching Band,,2008,2010,crm_import
1014,1,2368,Club,Marching Band,,,,crm_import
1015,1,19299,Club,Marching Band,,,,crm_import
1016,1,16626,Club,Marching Band,Member Leader,,,crm_import
1017,1,9114,Club,Marching Band,,,,online
1018,1,17086,Club,Marching Band,,2025,,crm_import
1019,1,10549,Club,Marching Band,,,,crm_import
1020,1,15555,Club,Marching Band,,1998,2000,crm_import
1021,1,2534,Club,Marching Band,,2002,2004,advancement_entry
1022,1,12870,Club,Marching Band,,,,crm_import
1023,1,2931,Club,Marching Band,Member Leader,,,crm_import
1024,1,12367,Club,Marching Band,Member Leader,,,online
1025,1,5920,Club,Marching Band,,,,crm_import
1026,1,6370,Club,Marching Band,,1974,1978,crm_import
1027,1,17595,Club,Marching Band,,2026,,advancement_entry
1028,1,16609,Club,Marching Band,,2004,2008,crm_import
1029,1,13140,Club,Marching Band,,2026,,crm_import
1030,1,2579,Club,Marching Band,,,,online
1031,1,3020,Club,Marching Band,,,,crm_import
1032,1,5956,Club,Marching Band,President,2024,2026,crm_import
1033,1,15432,Club,Marching Band,,,,crm_import
1034,1,12937,Club,Marching Band,,,,online
1035,1,18204,Club,Marching Band,,1968,1972,crm_import
1036,1,9453,Club,Marching Band,,,,crm_import
1037,1,8093,Club,Marching Band,,,,crm_import
1038,1,5887,Club,Marching Band,,,,crm_import
1039,1,18697,Club,Marching Band,,,,crm_import
1040,1,17131,Club,Marching Band,,2023,,crm_import
1041,1,11067,Club,Marching Band,President,1989,1993,crm_import
1042,1,3293,Club,Marching Band,,2012,2015,online
1043,1,10331,Club,Marching Band,,,,advancement_entry
1044,1,7093,Club,Marching Band,,,,crm_import
1045,1,17818,Club,Marching Band,,,,crm_import
1046,1,1291,Club,Marching Band,,,,crm_import
1047,1,2422,Club,Marching Band,,,,crm_import
1048,1,12426,Club,Marching Band,,,,crm_import
1049,1,10564,Club,Marching Band,,2025,,crm_import
1050,1,19086,Club,Marching Band,,1996,1998,online
1051,1,15340,Club,Marching Band,,1951,1955,crm_import
1052,1,12013,Club,Marching Band,,,,online
1053,1,16136,Club,Marching Band,,1979,1981,crm_import
1054,1,13872,Club,Marching Band,,,,crm_import
1055,1,19279,Club,Marching Band,,2010,2014,crm_import
1056,1,11405,Club,Marching Band,,,,crm_import
1057,1,15790,Club,Marching Band,,,,online
1058,1,10200,Club,Marching Band,,,,crm_import
1059,1,14664,Club,Marching Band,Treasurer,1987,1991,advancement_entry
1060,1,9005,Club,Marching Band,,,,crm_import
1061,1,15823,Club,Marching Band,,,,crm_import
1062,1,17074,Club,Marching Band,,,,crm_import
1063,1,8519,Club,Marching Band,Member Leader,,,crm_import
1064,1,15994,Club,Marching Band,,,,advancement_entry
1065,1,220,Club,Marching Band,,2000,2002,online
1066,1,19045,Club,Marching Band,,2025,,online
1067,1,18092,Club,Marching Band,,2024,2026,crm_import
1068,1,9439,Club,Marching Band,,2001,2003,online
1069,1,2512,Club,Marching Band,,,,crm_import
1070,1,17534,Club,Marching Band,,1998,2002,crm_import
1071,1,2238,Club,Marching Band,,2015,2018,crm_import
1072,1,15830,Club,Marching Band,,,,crm_import
1073,1,11624,Club,Marching Band,,,,crm_import
1074,1,1071,Club,Marching Band,,,,crm_import
1075,1,2269,Club,Marching Band,Treasurer,,,crm_import
1076,1,18341,Club,Marching Band,,2017,2019,advancement_entry
1077,1,14577,Club,Marching Band,,2012,2014,online
1078,1,19442,Club,Marching Band,,1981,1983,crm_import
1079,1,551,Club,Marching Band,,2009,2012,advancement_entry
1080,1,18060,Club,Marching Band,,,,crm_import
1081,1,19796,Club,Entrepreneurship Club,Member Leader,2024,,crm_import
1082,1,12377,Club,Entrepreneurship Club,Member Leader,2015,2017,online
1083,1,2384,Club,Entrepreneurship Club,,,,online
1084,1,11220,Club,Entrepreneurship Club,,,,crm_import
1085,1,10821,Club,Entrepreneurship Club,,,,online
1086,1,15736,Club,Entrepreneurship Club,,,,crm_import
1087,1,19645,Club,Entrepreneurship Club,,,,advancement_entry
1088,1,12497,Club,Entrepreneurship Club,,,,advancement_entry
1089,1,6119,Club,Entrepreneurship Club,,,,advancement_entry
1090,1,1052,Club,Entrepreneurship Club,Treasurer,,,crm_import
1091,1,16186,Club,Entrepreneurship Club,,,,online
1092,1,9538,Club,Entrepreneurship Club,Member Leader,1967,1970,online
1093,1,12590,Club,Entrepreneurship Club,,,,online
1094,1,14768,Club,Entrepreneurship Club,,1996,1998,crm_import
1095,1,353,Club,Entrepreneurship Club,,,,crm_import
1096,1,3776,Club,Entrepreneurship Club,,1955,1958,crm_import
1097,1,15431,Club,Entrepreneurship Club,,,,crm_import
1098,1,12759,Club,Entrepreneurship Club,,,,crm_import
1099,1,16830,Club,Entrepreneurship Club,,,,online
1100,1,8855,Club,Entrepreneurship Club,,2027,,crm_import
1101,1,2659,Club,Entrepreneurship Club,,,,crm_import
1102,1,17232,Club,Entrepreneurship Club,Treasurer,2008,2011,crm_import
1103,1,14556,Club,Entrepreneurship Club,,,,crm_import
1104,1,7970,Club,Entrepreneurship Club,,,,crm_import
1105,1,13311,Club,Entrepreneurship Club,,2024,,crm_import
1106,1,15854,Club,Entrepreneurship Club,,,,crm_import
1107,1,2233,Club,Entrepreneurship Club,,1995,1997,crm_import
1108,1,9600,Club,Entrepreneurship Club,,,,crm_import
1109,1,5731,Club,Entrepreneurship Club,,,,online
1110,1,4301,Club,Entrepreneurship Club,,2013,2015,online
1111,1,1164,Club,Entrepreneurship Club,,,,crm_import
1112,1,7368,Club,Entrepreneurship Club,,2000,2003,crm_import
1113,1,3166,Club,Entrepreneurship Club,,1968,1970,crm_import
1114,1,18313,Club,Entrepreneurship Club,,,,crm_import
1115,1,2726,Club,Entrepreneurship Club,,,,online
1116,1,6130,Club,Entrepreneurship Club,,2023,2025,crm_import
1117,1,3158,Club,Entrepreneurship Club,Member Leader,1999,2003,advancement_entry
1118,1,14829,Club,Entrepreneurship Club,,2003,2005,crm_import
1119,1,17911,Club,Entrepreneurship Club,,,,crm_import
1120,1,10184,Club,Entrepreneurship Club,,1966,1969,online
1121,1,10502,Club,Entrepreneurship Club,,1991,1994,crm_import
1122,1,15226,Club,Entrepreneurship Club,,,,crm_import
1123,1,171,Club,Entrepreneurship Club,,,,crm_import
1124,1,10274,Club,Entrepreneurship Club,,,,crm_import
1125,1,16471,Club,Entrepreneurship Club,,,,crm_import
1126,1,12675,Club,Entrepreneurship Club,,2017,2019,crm_import
1127,1,8900,Club,Entrepreneurship Club,,,,crm_import
1128,1,17861,Club,Entrepreneurship Club,,,,crm_import
1129,1,14280,Club,Entrepreneurship Club,,,,crm_import
1130,1,18496,Club,Entrepreneurship Club,,,,advancement_entry
1131,1,4605,Club,Entrepreneurship Club,,,,crm_import
1132,1,19152,Club,Entrepreneurship Club,,2015,2019,crm_import
1133,1,16798,Club,Entrepreneurship Club,,2002,2004,crm_import
1134,1,1533,Club,Entrepreneurship Club,,,,online
1135,1,11963,Club,Entrepreneurship Club,,2007,2009,crm_import
1136,1,9520,Club,Entrepreneurship Club,,,,crm_import
1137,1,4644,Club,Entrepreneurship Club,,,,online
1138,1,14514,Club,Entrepreneurship Club,,,,crm_import
1139,1,14456,Club,Entrepreneurship Club,,,,online
1140,1,873,Club,Entrepreneurship Club,,1970,1974,crm_import
1141,1,5117,Club,Entrepreneurship Club,,,,online
1142,1,18772,Club,Entrepreneurship Club,,1988,1992,crm_import
1143,1,13079,Club,Entrepreneurship Club,,,,advancement_entry
1144,1,10462,Club,Entrepreneurship Club,,,,crm_import
1145,1,14659,Club,Entrepreneurship Club,,,,crm_import
1146,1,10200,Club,Entrepreneurship Club,,,,crm_import
1147,1,6011,Club,Entrepreneurship Club,,2005,2009,crm_import
1148,1,5292,Club,Entrepreneurship Club,,,,advancement_entry
1149,1,4927,Club,Entrepreneurship Club,,2022,2025,advancement_entry
1150,1,14979,Club,Entrepreneurship Club,,2001,2005,advancement_entry
1151,1,19806,Club,Entrepreneurship Club,,1961,1965,crm_import
1152,1,5295,Club,Entrepreneurship Club,,,,crm_import
1153,1,4701,Club,Entrepreneurship Club,,,,crm_import
1154,1,13167,Club,Entrepreneurship Club,,,,crm_import
1155,1,3367,Club,Entrepreneurship Club,,2014,2016,crm_import
1156,1,18046,Club,Entrepreneurship Club,President,,,crm_import
1157,1,12632,Club,Entrepreneurship Club,,,,online
1158,1,1292,Club,Entrepreneurship Club,,2005,2009,crm_import
1159,1,14797,Club,Entrepreneurship Club,,1985,1988,online
1160,1,15998,Club,Entrepreneurship Club,,2021,2024,advancement_entry
1161,1,10261,Club,Entrepreneurship Club,,1976,1979,crm_import
1162,1,2981,Club,Entrepreneurship Club,,,,crm_import
1163,1,16319,Club,Entrepreneurship Club,,2016,2018,crm_import
1164,1,11422,Club,Entrepreneurship Club,,,,crm_import
1165,1,15580,Club,Entrepreneurship Club,,,,online
1166,1,13855,Club,Entrepreneurship Club,,,,crm_import
1167,1,8096,Club,Entrepreneurship Club,,,,crm_import
1168,1,4409,Club,Entrepreneurship Club,,,,crm_import
1169,1,5468,Club,Entrepreneurship Club,,,,crm_import
1170,1,6922,Club,Entrepreneurship Club,,,,crm_import
1171,1,14734,Club,Entrepreneurship Club,,2009,2013,crm_import
1172,1,17347,Club,Entrepreneurship Club,,2025,,crm_import
1173,1,10060,Club,Entrepreneurship Club,,1992,1996,crm_import
1174,1,3643,Club,Entrepreneurship Club,,,,crm_import
1175,1,8422,Club,Entrepreneurship Club,,2014,2016,crm_import
1176,1,13320,Club,Entrepreneurship Club,,,,online
1177,1,12856,Club,Entrepreneurship Club,Treasurer,2003,2006,crm_import
1178,1,4220,Club,Entrepreneurship Club,,,,crm_import
1179,1,3667,Club,Entrepreneurship Club,,,,crm_import
1180,1,7312,Club,Entrepreneurship Club,,1961,1965,crm_import
1181,1,15276,Club,Entrepreneurship Club,,,,crm_import
1182,1,5136,Club,Entrepreneurship Club,,,,online
1183,1,12521,Club,Entrepreneurship Club,,2025,,online
1184,1,790,Club,Entrepreneurship Club,,,,crm_import
1185,1,16562,Club,Entrepreneurship Club,,1987,1991,crm_import
1186,1,5040,Club,Entrepreneurship Club,,,,online
1187,1,9979,Club,Entrepreneurship Club,,2003,2007,crm_import
1188,1,8722,Club,Entrepreneurship Club,President,,,crm_import
1189,1,19830,Club,Entrepreneurship Club,Treasurer,2022,2026,crm_import
1190,1,11858,Club,Entrepreneurship Club,,,,crm_import
1191,1,18194,Club,Entrepreneurship Club,,1958,1961,crm_import
1192,1,895,Club,Entrepreneurship Club,,,,crm_import
1193,1,6811,Club,Entrepreneurship Club,,1983,1985,online
1194,1,12751,Club,Entrepreneurship Club,,,,crm_import
1195,1,15101,Club,Entrepreneurship Club,Treasurer,,,crm_import
1196,1,18284,Club,Entrepreneurship Club,,2022,2026,crm_import
1197,1,1382,Club,Entrepreneurship Club,,,,crm_import
1198,1,15720,Club,Entrepreneurship Club,,,,advancement_entry
1199,1,10532,Club,Entrepreneurship Club,Member Leader,,,crm_import
1200,1,2420,Club,Entrepreneurship Club,,,,crm_import
1201,1,17079,Club,Entrepreneurship Club,,,,crm_import
1202,1,13991,Club,Entrepreneurship Club,,2007,2011,online
1203,1,12981,Club,Entrepreneurship Club,,,,crm_import
1204,1,3062,Club,Entrepreneurship Club,,2012,2015,crm_import
1205,1,16440,Club,Entrepreneurship Club,,,,online
1206,1,19743,Club,Entrepreneurship Club,,,,crm_import
1207,1,10706,Club,Entrepreneurship Club,,,,advancement_entry
1208,1,2807,Club,Entrepreneurship Club,,,,crm_import
1209,1,16323,Club,Entrepreneurship Club,President,1996,2000,crm_import
1210,1,1555,Club,Entrepreneurship Club,Treasurer,,,crm_import
1211,1,8831,Club,Entrepreneurship Club,Treasurer,,,crm_import
1212,1,1756,Club,Entrepreneurship Club,,,,advancement_entry
1213,1,1751,Club,Entrepreneurship Club,,2027,,crm_import
1214,1,7864,Club,Entrepreneurship Club,,2028,,crm_import
1215,1,10395,Club,Entrepreneurship Club,,,,crm_import
1216,1,19190,Club,Entrepreneurship Club,,2027,,online
1217,1,12937,Club,Entrepreneurship Club,,1981,1983,online
1218,1,8307,Club,Entrepreneurship Club,,,,online
1219,1,18927,Club,Entrepreneurship Club,,,,crm_import
1220,1,14116,Club,Entrepreneurship Club,,,,crm_import
1221,1,575,Club,Entrepreneurship Club,,2008,2011,crm_import
1222,1,1014,Club,Entrepreneurship Club,,,,crm_import
1223,1,4021,Club,Entrepreneurship Club,,2014,2017,crm_import
1224,1,16104,Club,Entrepreneurship Club,,,,crm_import
1225,1,16734,Club,Entrepreneurship Club,,,,online
1226,1,9770,Club,Entrepreneurship Club,,2011,2015,crm_import
1227,1,3740,Club,Entrepreneurship Club,,2000,2003,online
1228,1,12519,Club,Entrepreneurship Club,,,,online
1229,1,11479,Club,Entrepreneurship Club,,,,online
1230,1,7379,Club,Entrepreneurship Club,,1998,2002,crm_import
1231,1,19214,Club,Entrepreneurship Club,,2026,,crm_import
1232,1,66,Club,Entrepreneurship Club,,1993,1996,online
1233,1,7022,Club,Entrepreneurship Club,,,,crm_import
1234,1,7141,Club,Entrepreneurship Club,,,,crm_import
1235,1,12476,Club,Entrepreneurship Club,Member Leader,2007,2010,crm_import
1236,1,7966,Club,Entrepreneurship Club,,,,crm_import
1237,1,13054,Club,Entrepreneurship Club,President,,,crm_import
1238,1,11388,Club,Entrepreneurship Club,,,,crm_import
1239,1,17693,Club,Entrepreneurship Club,,,,crm_import
1240,1,4795,Club,Entrepreneurship Club,,,,crm_import
1241,1,11791,Club,Entrepreneurship Club,President,2014,2017,crm_import
1242,1,15248,Club,Entrepreneurship Club,,,,crm_import
1243,1,1670,Club,Entrepreneurship Club,,2002,2005,crm_import
1244,1,18346,Club,Entrepreneurship Club,,1965,1969,advancement_entry
1245,1,1154,Club,Entrepreneurship Club,,,,crm_import
1246,1,6410,Club,Entrepreneurship Club,,,,online
1247,1,4226,Club,Entrepreneurship Club,,1994,1997,crm_import
1248,1,13705,Club,Entrepreneurship Club,,1955,1957,crm_import
1249,1,15295,Club,Entrepreneurship Club,,2007,2011,advancement_entry
1250,1,13517,Club,Entrepreneurship Club,,,,online
1251,1,11954,Club,Entrepreneurship Club,,,,crm_import
1252,1,2393,Club,Entrepreneurship Club,,,,online
1253,1,3593,Club,Entrepreneurship Club,,,,crm_import
1254,1,9301,Club,Entrepreneurship Club,,2013,2016,crm_import
1255,1,1698,Club,Entrepreneurship Club,,,,crm_import
1256,1,9881,Club,Entrepreneurship Club,,1974,1978,online
1257,1,10224,Club,Entrepreneurship Club,Member Leader,,,crm_import
1258,1,19718,Club,Entrepreneurship Club,,1992,1994,crm_import
1259,1,8396,Club,Entrepreneurship Club,,1981,1985,crm_import
1260,1,13432,Club,Entrepreneurship Club,,1999,2002,crm_import
1261,1,18740,Club,Entrepreneurship Club,,,,online
1262,1,8943,Club,Entrepreneurship Club,,,,advancement_entry
1263,1,14467,Club,Entrepreneurship Club,Treasurer,,,crm_import
1264,1,10486,Club,Entrepreneurship Club,,2026,,advancement_entry
1265,1,1379,Club,Entrepreneurship Club,,,,crm_import
1266,1,1189,Club,Entrepreneurship Club,,,,crm_import
1267,1,17516,Club,Entrepreneurship Club,,,,online
1268,1,17495,Club,Entrepreneurship Club,,2016,2018,crm_import
1269,1,18957,Club,Entrepreneurship Club,President,1994,1998,crm_import
1270,1,13294,Club,Entrepreneurship Club,,,,online
1271,1,6084,Club,Entrepreneurship Club,,1980,1982,advancement_entry
1272,1,12387,Club,Entrepreneurship Club,,,,crm_import
1273,1,18833,Club,Entrepreneurship Club,,,,crm_import
1274,1,1329,Club,Entrepreneurship Club,,1996,1998,crm_import
1275,1,5744,Club,Entrepreneurship Club,,,,advancement_entry
1276,1,8139,Club,Entrepreneurship Club,,,,crm_import
1277,1,18302,Club,Entrepreneurship Club,,1996,2000,crm_import
1278,1,2565,Club,Entrepreneurship Club,,,,crm_import
1279,1,6581,Club,Entrepreneurship Club,,,,crm_import
1280,1,13451,Club,Entrepreneurship Club,,2005,2009,online
1281,1,16571,Club,Entrepreneurship Club,,,,crm_import
1282,1,3307,Club,Entrepreneurship Club,,,,crm_import
1283,1,1643,Club,Entrepreneurship Club,,,,crm_import
1284,1,5309,Club,Entrepreneurship Club,,,,crm_import
1285,1,5853,Club,Entrepreneurship Club,,,,crm_import
1286,1,9904,Club,Entrepreneurship Club,,,,crm_import
1287,1,3433,Club,Entrepreneurship Club,,2007,2011,crm_import
1288,1,3538,Club,Entrepreneurship Club,,,,crm_import
1289,1,2534,Club,Entrepreneurship Club,,,,advancement_entry
1290,1,1626,Club,Entrepreneurship Club,,2021,2023,crm_import
1291,1,13031,Club,Entrepreneurship Club,,,,online
1292,1,4154,Club,Entrepreneurship Club,,,,crm_import
1293,1,10336,Club,Entrepreneurship Club,,,,crm_import
1294,1,6033,Club,Entrepreneurship Club,,,,advancement_entry
1295,1,19410,Club,Entrepreneurship Club,,,,online
1296,1,3742,Club,Entrepreneurship Club,,,,online
1297,1,6947,Club,Entrepreneurship Club,,1998,2000,crm_import
1298,1,17188,Club,Entrepreneurship Club,,,,crm_import
1299,1,4023,Club,Entrepreneurship Club,,,,advancement_entry
1300,1,19672,Club,Entrepreneurship Club,,1998,2000,crm_import
1301,1,5454,Club,Entrepreneurship Club,Member Leader,2027,,advancement_entry
1302,1,18443,Club,Entrepreneurship Club,,,,crm_import
1303,1,18489,Club,Entrepreneurship Club,,,,crm_import
1304,1,1083,Club,Entrepreneurship Club,,,,crm_import
1305,1,1677,Club,Entrepreneurship Club,,2010,2012,crm_import
1306,1,19939,Club,Entrepreneurship Club,,,,online
1307,1,345,Club,Entrepreneurship Club,,,,crm_import
1308,1,18171,Club,Entrepreneurship Club,,,,crm_import
1309,1,14034,Club,Entrepreneurship Club,,,,online
1310,1,16229,Club,Entrepreneurship Club,,1999,2003,crm_import
1311,1,6759,Club,Entrepreneurship Club,,,,advancement_entry
1312,1,19901,Club,Entrepreneurship Club,,,,crm_import
1313,1,10575,Club,Entrepreneurship Club,,,,crm_import
1314,1,17763,Club,Entrepreneurship Club,,,,crm_import
1315,1,8958,Club,Entrepreneurship Club,,,,crm_import
1316,1,6278,Club,Entrepreneurship Club,,2008,2010,crm_import
1317,1,2194,Club,Entrepreneurship Club,,,,crm_import
1318,1,9620,Club,Entrepreneurship Club,,1987,1991,online
1319,1,1958,Club,Entrepreneurship Club,,2024,,crm_import
1320,1,11058,Club,Entrepreneurship Club,,,,crm_import
1321,1,3586,Club,Entrepreneurship Club,,2008,2012,online
1322,1,13071,Club,Entrepreneurship Club,,,,crm_import
1323,1,1647,Club,Entrepreneurship Club,,,,crm_import
1324,1,13235,Club,Entrepreneurship Club,,,,online
1325,1,16376,Club,Entrepreneurship Club,,1970,1974,crm_import
1326,1,14425,Club,Entrepreneurship Club,,,,online
1327,1,12152,Club,Entrepreneurship Club,Treasurer,2006,2008,crm_import
1328,1,17301,Club,Entrepreneurship Club,,1987,1989,online
1329,1,13169,Club,Entrepreneurship Club,,,,crm_import
1330,1,4028,Club,Entrepreneurship Club,,1997,1999,crm_import
1331,1,13109,Club,Entrepreneurship Club,Member Leader,,,crm_import
1332,1,15345,Club,Entrepreneurship Club,,,,crm_import
1333,1,16754,Club,Entrepreneurship Club,,,,crm_import
1334,1,1176,Club,Entrepreneurship Club,Member Leader,,,crm_import
1335,1,6270,Club,Entrepreneurship Club,,1998,2000,online
1336,1,4548,Club,Entrepreneurship Club,,2025,,advancement_entry
1337,1,2450,Club,Entrepreneurship Club,,,,crm_import
1338,1,15227,Club,Entrepreneurship Club,,,,crm_import
1339,1,5284,Club,Entrepreneurship Club,,2026,,crm_import
1340,1,12932,Club,Entrepreneurship Club,,2005,2008,crm_import
1341,1,14393,Club,Entrepreneurship Club,,,,online
1342,1,9329,Club,Entrepreneurship Club,,,,advancement_entry
1343,1,13383,Club,Entrepreneurship Club,,,,crm_import
1344,1,14096,Club,Entrepreneurship Club,,,,crm_import
1345,1,16028,Club,Entrepreneurship Club,Member Leader,,,crm_import
1346,1,3254,Club,Entrepreneurship Club,President,1978,1981,advancement_entry
1347,1,10148,Club,Entrepreneurship Club,Treasurer,,,crm_import
1348,1,1997,Club,Entrepreneurship Club,Treasurer,,,online
1349,1,17076,Club,Entrepreneurship Club,,2025,,crm_import
1350,1,18695,Club,Entrepreneurship Club,,,,online
1351,1,7706,Club,Entrepreneurship Club,Member Leader,,,crm_import
1352,1,11732,Club,Entrepreneurship Club,,,,crm_import
1353,1,5859,Club,Entrepreneurship Club,,,,crm_import
1354,1,8284,Club,Entrepreneurship Club,,,,crm_import
1355,1,7908,Club,Entrepreneurship Club,,,,crm_import
1356,1,16999,Club,Entrepreneurship Club,,,,crm_import
1357,1,8947,Club,Entrepreneurship Club,Treasurer,,,crm_import
1358,1,18836,Club,Entrepreneurship Club,,,,crm_import
1359,1,13743,Club,Entrepreneurship Club,,,,crm_import
1360,1,6145,Club,Entrepreneurship Club,,,,crm_import
1361,1,9048,Club,Robotics Club,,,,crm_import
1362,1,3048,Club,Robotics Club,Member Leader,,,crm_import
1363,1,18871,Club,Robotics Club,,2026,,online
1364,1,13171,Club,Robotics Club,,,,crm_import
1365,1,6924,Club,Robotics Club,,1976,1980,advancement_entry
1366,1,5006,Club,Robotics Club,,,,crm_import
1367,1,15239,Club,Robotics Club,,2025,,advancement_entry
1368,1,18924,Club,Robotics Club,,,,crm_import
1369,1,10471,Club,Robotics Club,,1950,1952,crm_import
1370,1,16319,Club,Robotics Club,,2014,2018,crm_import
1371,1,1752,Club,Robotics Club,,,,crm_import
1372,1,6648,Club,Robotics Club,President,,,online
1373,1,7375,Club,Robotics Club,,,,crm_import
1374,1,11552,Club,Robotics Club,,,,crm_import
1375,1,14172,Club,Robotics Club,,,,advancement_entry
1376,1,14678,Club,Robotics Club,,2025,,online
1377,1,16305,Club,Robotics Club,,2026,,crm_import
1378,1,13701,Club,Robotics Club,,,,online
1379,1,17207,Club,Robotics Club,,,,online
1380,1,19717,Club,Robotics Club,,,,online
1381,1,13053,Club,Robotics Club,President,1992,1994,online
1382,1,513,Club,Robotics Club,,2011,2015,crm_import
1383,1,16836,Club,Robotics Club,,,,online
1384,1,9588,Club,Robotics Club,,,,crm_import
1385,1,3527,Club,Robotics Club,,,,online
1386,1,793,Club,Robotics Club,,1974,1976,crm_import
1387,1,6625,Club,Robotics Club,,,,crm_import
1388,1,13901,Club,Robotics Club,,1997,1999,crm_import
1389,1,13935,Club,Robotics Club,,,,crm_import
1390,1,10110,Club,Robotics Club,,,,crm_import
1391,1,8040,Club,Robotics Club,,,,advancement_entry
1392,1,14831,Club,Robotics Club,,,,crm_import
1393,1,11256,Club,Robotics Club,,,,crm_import
1394,1,18335,Club,Robotics Club,,2008,2011,crm_import
1395,1,11125,Club,Robotics Club,,,,advancement_entry
1396,1,13660,Club,Robotics Club,,,,advancement_entry
1397,1,19127,Club,Robotics Club,,,,crm_import
1398,1,2959,Club,Robotics Club,,2012,2014,crm_import
1399,1,16027,Club,Robotics Club,,2012,2016,crm_import
1400,1,9024,Club,Robotics Club,,,,crm_import
1401,1,14106,Club,Robotics Club,,,,crm_import
1402,1,18246,Club,Robotics Club,,,,crm_import
1403,1,17431,Club,Robotics Club,Treasurer,2010,2012,online
1404,1,19381,Club,Robotics Club,,2028,,online
1405,1,5281,Club,Robotics Club,,,,crm_import
1406,1,18833,Club,Robotics Club,,,,crm_import
1407,1,3900,Club,Robotics Club,,,,online
1408,1,11178,Club,Robotics Club,,2017,2021,crm_import
1409,1,12361,Club,Robotics Club,,,,online
1410,1,18530,Club,Robotics Club,,,,online
1411,1,11430,Club,Robotics Club,Treasurer,1949,1953,online
1412,1,251,Club,Robotics Club,,,,crm_import
1413,1,5124,Club,Robotics Club,,1973,1975,crm_import
1414,1,16212,Club,Robotics Club,,1995,1999,advancement_entry
1415,1,8720,Club,Robotics Club,,,,crm_import
1416,1,9335,Club,Robotics Club,,,,crm_import
1417,1,1209,Club,Robotics Club,,,,crm_import
1418,1,636,Club,Robotics Club,President,,,online
1419,1,14680,Club,Robotics Club,,2027,,crm_import
1420,1,15112,Club,Robotics Club,,,,crm_import
1421,1,14266,Club,Robotics Club,,1986,1989,crm_import
1422,1,15851,Club,Robotics Club,President,2022,2025,crm_import
1423,1,15171,Club,Robotics Club,,,,advancement_entry
1424,1,1533,Club,Robotics Club,,,,online
1425,1,15773,Club,Robotics Club,,,,online
1426,1,16799,Club,Robotics Club,,1995,1997,crm_import
1427,1,11620,Club,Robotics Club,Member Leader,,,crm_import
1428,1,7641,Club,Robotics Club,,,,online
1429,1,3454,Club,Robotics Club,,,,crm_import
1430,1,1756,Club,Robotics Club,,1987,1990,advancement_entry
1431,1,1416,Club,Robotics Club,,,,online
1432,1,9182,Club,Robotics Club,,2014,2018,crm_import
1433,1,14486,Club,Robotics Club,,,,advancement_entry
1434,1,9018,Club,Robotics Club,,2027,,crm_import
1435,1,8882,Club,Robotics Club,,1973,1976,advancement_entry
1436,1,9445,Club,Robotics Club,,2026,,crm_import
1437,1,15967,Club,Robotics Club,,,,online
1438,1,11278,Club,Robotics Club,,,,crm_import
1439,1,17967,Club,Robotics Club,,2026,,crm_import
1440,1,13315,Club,Robotics Club,,,,online
1441,1,10426,Club,Robotics Club,Treasurer,,,crm_import
1442,1,213,Club,Robotics Club,,1989,1991,crm_import
1443,1,15080,Club,Robotics Club,,1988,1990,advancement_entry
1444,1,14437,Club,Robotics Club,,1976,1980,crm_import
1445,1,6786,Club,Robotics Club,,1995,1998,crm_import
1446,1,2347,Club,Robotics Club,,2020,2024,crm_import
1447,1,13285,Club,Robotics Club,,2003,2005,crm_import
1448,1,3670,Club,Robotics Club,,,,crm_import
1449,1,19085,Club,Robotics Club,Member Leader,1986,1990,crm_import
1450,1,3658,Club,Robotics Club,,2025,,online
1451,1,18036,Club,Robotics Club,,2017,2019,online
1452,1,6907,Club,Robotics Club,,1998,2001,crm_import
1453,1,17976,Club,Robotics Club,,2026,,crm_import
1454,1,18880,Club,Robotics Club,,1984,1987,crm_import
1455,1,607,Club,Robotics Club,,,,crm_import
1456,1,18930,Club,Robotics Club,,2005,2008,crm_import
1457,1,5293,Club,Robotics Club,,,,crm_import
1458,1,13972,Club,Robotics Club,,,,crm_import
1459,1,10842,Club,Robotics Club,President,,,crm_import
1460,1,11675,Club,Robotics Club,,1966,1968,crm_import
1461,1,2633,Club,Robotics Club,,1970,1973,crm_import
1462,1,17997,Club,Robotics Club,,1996,1998,crm_import
1463,1,18370,Club,Robotics Club,,2009,2013,advancement_entry
1464,1,1504,Club,Robotics Club,,,,advancement_entry
1465,1,15940,Club,Robotics Club,,1992,1996,online
1466,1,1698,Club,Robotics Club,,2007,2011,crm_import
1467,1,6292,Club,Robotics Club,,,,crm_import
1468,1,11427,Club,Robotics Club,Member Leader,1997,1999,crm_import
1469,1,11775,Club,Robotics Club,,,,advancement_entry
1470,1,4006,Club,Robotics Club,,,,crm_import
1471,1,5473,Club,Robotics Club,,,,crm_import
1472,1,2966,Club,Robotics Club,,1980,1983,crm_import
1473,1,216,Club,Robotics Club,,1990,1992,crm_import
1474,1,10501,Club,Robotics Club,,,,advancement_entry
1475,1,16860,Club,Robotics Club,,2024,,crm_import
1476,1,14664,Club,Robotics Club,,1987,1991,advancement_entry
1477,1,8555,Club,Robotics Club,,,,crm_import
1478,1,10555,Club,Robotics Club,,,,crm_import
1479,1,7012,Club,Robotics Club,,,,online
1480,1,13233,Club,Robotics Club,,2023,,crm_import
1481,1,688,Club,Robotics Club,,2026,,crm_import
1482,1,14716,Club,Robotics Club,,2015,2018,crm_import
1483,1,10210,Club,Robotics Club,,,,crm_import
1484,1,36,Club,Robotics Club,,,,crm_import
1485,1,5970,Club,Robotics Club,,1975,1977,online
1486,1,9376,Club,Robotics Club,,,,crm_import
1487,1,16114,Club,Robotics Club,,,,crm_import
1488,1,11508,Club,Robotics Club,Treasurer,,,crm_import
1489,1,18659,Club,Robotics Club,,,,crm_import
1490,1,18128,Club,Robotics Club,,2023,2026,crm_import
1491,1,6830,Club,Robotics Club,,,,crm_import
1492,1,10788,Club,Robotics Club,,1995,1997,crm_import
1493,1,19406,Club,Robotics Club,,,,crm_import
1494,1,8976,Club,Robotics Club,,,,crm_import
1495,1,2412,Club,Robotics Club,,2005,2009,crm_import
1496,1,16034,Club,Robotics Club,,,,crm_import
1497,1,13091,Club,Robotics Club,,2006,2010,crm_import
1498,1,14006,Club,Robotics Club,,2004,2008,online
1499,1,12240,Club,Robotics Club,,,,online
1500,1,19751,Club,Robotics Club,,2025,,crm_import
1501,1,2039,Club,Robotics Club,,2028,,crm_import
1502,1,14493,Club,Robotics Club,,,,crm_import
1503,1,6079,Club,Robotics Club,,,,online
1504,1,6956,Club,Robotics Club,,1968,1970,advancement_entry
1505,1,10072,Club,Robotics Club,,1994,1997,advancement_entry
1506,1,17575,Club,Robotics Club,,,,crm_import
1507,1,1843,Club,Robotics Club,,,,online
1508,1,9028,Club,Robotics Club,,,,crm_import
1509,1,8475,Club,Robotics Club,President,,,advancement_entry
1510,1,15432,Club,Robotics Club,Member Leader,2006,2008,crm_import
1511,1,7464,Club,Robotics Club,,,,online
1512,1,9771,Club,Robotics Club,,,,crm_import
1513,1,5733,Club,Robotics Club,,,,crm_import
1514,1,7826,Club,Robotics Club,,,,crm_import
1515,1,8867,Club,Robotics Club,,,,advancement_entry
1516,1,5593,Club,Robotics Club,,,,crm_import
1517,1,17892,Club,Robotics Club,,,,crm_import
1518,1,118,Club,Robotics Club,,2025,,crm_import
1519,1,11145,Club,Robotics Club,,,,crm_import
1520,1,10924,Club,Robotics Club,,,,crm_import
1521,1,14797,Club,Robotics Club,Member Leader,1984,1988,online
1522,1,10116,Club,Robotics Club,,2016,2019,crm_import
1523,1,15291,Club,Robotics Club,Treasurer,,,crm_import
1524,1,6134,Club,Robotics Club,,,,online
1525,1,7913,Club,Robotics Club,Treasurer,,,crm_import
1526,1,13326,Club,Robotics Club,Treasurer,2011,2015,crm_import
1527,1,14777,Club,Robotics Club,,2025,,online
1528,1,6691,Club,Robotics Club,,1997,2000,crm_import
1529,1,14600,Club,Robotics Club,,2017,2019,advancement_entry
1530,1,8362,Club,Robotics Club,,2009,2013,advancement_entry
1531,1,15224,Club,Robotics Club,,2023,2026,advancement_entry
1532,1,68,Club,Robotics Club,,,,crm_import
1533,1,9339,Club,Robotics Club,Treasurer,,,crm_import
1534,1,14495,Club,Robotics Club,,,,crm_import
1535,1,17889,Club,Robotics Club,,,,crm_import
1536,1,19092,Club,Robotics Club,,,,crm_import
1537,1,2135,Club,Robotics Club,,2003,2005,online
1538,1,5115,Club,Robotics Club,,2016,2019,crm_import
1539,1,18120,Club,Robotics Club,,,,crm_import
1540,1,14112,Club,Robotics Club,,,,crm_import
1541,1,9045,Club,Robotics Club,,2012,2014,crm_import
1542,1,3194,Club,Robotics Club,,,,crm_import
1543,1,15939,Club,Robotics Club,,1995,1997,advancement_entry
1544,1,18152,Club,Robotics Club,,,,online
1545,1,4866,Club,Robotics Club,,2012,2016,online
1546,1,6172,Club,Robotics Club,,,,crm_import
1547,1,1974,Club,Robotics Club,,1990,1994,crm_import
1548,1,13138,Club,Robotics Club,,2023,2026,crm_import
1549,1,19088,Club,Robotics Club,,2015,2019,crm_import
1550,1,12730,Club,Robotics Club,,,,crm_import
1551,1,17245,Club,Robotics Club,,,,crm_import
1552,1,364,Club,Robotics Club,,,,crm_import
1553,1,11747,Club,Robotics Club,,1969,1973,crm_import
1554,1,11682,Club,Robotics Club,,,,crm_import
1555,1,5979,Club,Robotics Club,,,,crm_import
1556,1,141,Club,Robotics Club,,,,crm_import
1557,1,8055,Club,Robotics Club,,,,online
1558,1,15152,Club,Robotics Club,,2009,2012,crm_import
1559,1,14759,Club,Robotics Club,,,,crm_import
1560,1,2687,Club,Robotics Club,Treasurer,2003,2007,crm_import
1561,1,18264,Club,Robotics Club,,,,online
1562,1,11315,Club,Robotics Club,,,,online
1563,1,3339,Club,Robotics Club,,,,crm_import
1564,1,9828,Club,Robotics Club,,,,crm_import
1565,1,3404,Club,Robotics Club,Treasurer,1990,1992,online
1566,1,2450,Club,Robotics Club,,,,crm_import
1567,1,7560,Club,Robotics Club,,,,online
1568,1,13641,Club,Robotics Club,,2009,2011,crm_import
1569,1,14619,Club,Robotics Club,,,,crm_import
1570,1,6865,Club,Robotics Club,,,,crm_import
1571,1,6225,Club,Robotics Club,,,,crm_import
1572,1,323,Club,Robotics Club,,,,advancement_entry
1573,1,3638,Club,Robotics Club,,,,crm_import
1574,1,5828,Club,Robotics Club,President,,,crm_import
1575,1,15197,Club,Robotics Club,Treasurer,,,online
1576,1,8651,Club,Robotics Club,,1975,1979,crm_import
1577,1,12241,Club,Robotics Club,,2016,2019,crm_import
1578,1,13214,Club,Robotics Club,,,,crm_import
1579,1,18156,Club,Robotics Club,,2026,,crm_import
1580,1,19536,Club,Robotics Club,,,,crm_import
1581,1,3353,Club,Robotics Club,,,,crm_import
1582,1,7801,Club,Robotics Club,,2023,,crm_import
1583,1,1276,Club,Robotics Club,,,,crm_import
1584,1,11962,Club,Robotics Club,,1993,1996,crm_import
1585,1,9453,Club,Robotics Club,,,,crm_import
1586,1,8967,Club,Robotics Club,,,,crm_import
1587,1,19147,Club,Robotics Club,,,,crm_import
1588,1,334,Club,Robotics Club,,2016,2019,crm_import
1589,1,12550,Club,Robotics Club,,1977,1981,crm_import
1590,1,16385,Club,Robotics Club,,,,crm_import
1591,1,1147,Club,Robotics Club,,,,crm_import
1592,1,2192,Club,Robotics Club,,,,crm_import
1593,1,4568,Club,Robotics Club,,,,crm_import
1594,1,7771,Club,Robotics Club,,2024,,advancement_entry
1595,1,14498,Club,Robotics Club,,,,crm_import
1596,1,16370,Club,Robotics Club,,,,online
1597,1,7929,Club,Robotics Club,,2001,2005,crm_import
1598,1,14721,Club,Robotics Club,,,,crm_import
1599,1,13122,Club,Robotics Club,,,,online
1600,1,960,Club,Robotics Club,,,,crm_import
1601,1,7885,Club,Computer Science Club,,,,online
1602,1,11416,Club,Computer Science Club,,1981,1983,crm_import
1603,1,14310,Club,Computer Science Club,,,,advancement_entry
1604,1,10644,Club,Computer Science Club,,2001,2005,crm_import
1605,1,7899,Club,Computer Science Club,,,,crm_import
1606,1,3741,Club,Computer Science Club,Member Leader,1974,1978,crm_import
1607,1,15672,Club,Computer Science Club,,2025,,crm_import
1608,1,16656,Club,Computer Science Club,,,,advancement_entry
1609,1,1552,Club,Computer Science Club,,1994,1998,online
1610,1,15628,Club,Computer Science Club,,2013,2015,crm_import
1611,1,14859,Club,Computer Science Club,,1998,2002,crm_import
1612,1,7137,Club,Computer Science Club,,,,crm_import
1613,1,18475,Club,Computer Science Club,,,,crm_import
1614,1,6977,Club,Computer Science Club,,,,crm_import
1615,1,4964,Club,Computer Science Club,,,,advancement_entry
1616,1,4651,Club,Computer Science Club,,1982,1986,crm_import
1617,1,8716,Club,Computer Science Club,,,,advancement_entry
1618,1,14057,Club,Computer Science Club,,2026,,crm_import
1619,1,9061,Club,Computer Science Club,,,,online
1620,1,5537,Club,Computer Science Club,,,,crm_import
1621,1,11321,Club,Computer Science Club,President,,,online
1622,1,13565,Club,Computer Science Club,,2006,2010,online
1623,1,8563,Club,Computer Science Club,,2023,,online
1624,1,10460,Club,Computer Science Club,,,,crm_import
1625,1,14991,Club,Computer Science Club,,,,crm_import
1626,1,984,Club,Computer Science Club,,,,crm_import
1627,1,3873,Club,Computer Science Club,Member Leader,,,crm_import
1628,1,17622,Club,Computer Science Club,Treasurer,,,crm_import
1629,1,19276,Club,Computer Science Club,,1967,1969,crm_import
1630,1,12239,Club,Computer Science Club,,,,crm_import
1631,1,16305,Club,Computer Science Club,President,2027,,crm_import
1632,1,10436,Club,Computer Science Club,,,,advancement_entry
1633,1,18108,Club,Computer Science Club,,,,crm_import
1634,1,5703,Club,Computer Science Club,,1998,2001,crm_import
1635,1,17710,Club,Computer Science Club,President,,,crm_import
1636,1,10190,Club,Computer Science Club,,,,crm_import
1637,1,44,Club,Computer Science Club,,,,crm_import
1638,1,19384,Club,Computer Science Club,,,,crm_import
1639,1,13939,Club,Computer Science Club,,1957,1961,online
1640,1,19147,Club,Computer Science Club,,,,crm_import
1641,1,16799,Club,Computer Science Club,,,,crm_import
1642,1,18625,Club,Computer Science Club,,,,crm_import
1643,1,16108,Club,Computer Science Club,,,,crm_import
1644,1,10747,Club,Computer Science Club,,,,crm_import
1645,1,10712,Club,Computer Science Club,,,,crm_import
1646,1,11075,Club,Computer Science Club,,1993,1995,crm_import
1647,1,11064,Club,Computer Science Club,,1987,1991,crm_import
1648,1,19582,Club,Computer Science Club,,1972,1974,crm_import
1649,1,11260,Club,Computer Science Club,,,,crm_import
1650,1,14037,Club,Computer Science Club,,2027,,crm_import
1651,1,989,Club,Computer Science Club,,,,crm_import
1652,1,1107,Club,Computer Science Club,,,,crm_import
1653,1,7156,Club,Computer Science Club,Treasurer,,,online
1654,1,18877,Club,Computer Science Club,,2027,,crm_import
1655,1,9493,Club,Computer Science Club,,,,online
1656,1,18850,Club,Computer Science Club,,,,crm_import
1657,1,9516,Club,Computer Science Club,,,,online
1658,1,14272,Club,Computer Science Club,,2015,2017,crm_import
1659,1,15675,Club,Computer Science Club,,,,crm_import
1660,1,11362,Club,Computer Science Club,,1998,2002,crm_import
1661,1,11133,Club,Computer Science Club,,2002,2005,online
1662,1,17019,Club,Computer Science Club,,,,online
1663,1,9068,Club,Computer Science Club,,2027,,crm_import
1664,1,17215,Club,Computer Science Club,,1969,1972,crm_import
1665,1,7138,Club,Computer Science Club,,2024,2026,crm_import
1666,1,15770,Club,Computer Science Club,,1996,1998,online
1667,1,9663,Club,Computer Science Club,,,,online
1668,1,5346,Club,Computer Science Club,,,,crm_import
1669,1,2960,Club,Computer Science Club,,1999,2002,online
1670,1,2125,Club,Computer Science Club,,,,online
1671,1,12739,Club,Computer Science Club,,,,online
1672,1,16921,Club,Computer Science Club,,2002,2006,crm_import
1673,1,17014,Club,Computer Science Club,Member Leader,,,crm_import
1674,1,19756,Club,Computer Science Club,,,,crm_import
1675,1,18052,Club,Computer Science Club,,1992,1996,crm_import
1676,1,4959,Club,Computer Science Club,,2023,,crm_import
1677,1,822,Club,Computer Science Club,,,,advancement_entry
1678,1,9469,Club,Computer Science Club,,,,advancement_entry
1679,1,18862,Club,Computer Science Club,Treasurer,,,crm_import
1680,1,17612,Club,Computer Science Club,,,,crm_import
1681,1,2844,Club,Computer Science Club,,,,crm_import
1682,1,18773,Club,Computer Science Club,,2003,2007,crm_import
1683,1,1702,Club,Computer Science Club,President,2000,2004,crm_import
1684,1,1484,Club,Computer Science Club,,1996,1998,online
1685,1,18436,Club,Computer Science Club,,1983,1986,online
1686,1,5313,Club,Computer Science Club,,,,crm_import
1687,1,13514,Club,Computer Science Club,Treasurer,,,online
1688,1,7960,Club,Computer Science Club,,,,crm_import
1689,1,14097,Club,Computer Science Club,,1952,1954,crm_import
1690,1,12573,Club,Computer Science Club,,,,crm_import
1691,1,19081,Club,Computer Science Club,,2014,2016,crm_import
1692,1,1964,Club,Computer Science Club,,,,crm_import
1693,1,9124,Club,Computer Science Club,,1980,1984,advancement_entry
1694,1,12133,Club,Computer Science Club,,,,online
1695,1,7757,Club,Computer Science Club,,,,crm_import
1696,1,8229,Club,Computer Science Club,,,,advancement_entry
1697,1,564,Club,Computer Science Club,,2004,2006,crm_import
1698,1,18819,Club,Computer Science Club,,2008,2010,crm_import
1699,1,10397,Club,Computer Science Club,,1986,1989,crm_import
1700,1,13997,Club,Computer Science Club,,1992,1995,crm_import
1701,1,5849,Club,Computer Science Club,,,,crm_import
1702,1,5432,Club,Computer Science Club,,2002,2005,online
1703,1,8289,Club,Computer Science Club,,,,crm_import
1704,1,18013,Club,Computer Science Club,,2002,2006,advancement_entry
1705,1,3237,Club,Computer Science Club,,,,crm_import
1706,1,6427,Club,Computer Science Club,,2012,2015,crm_import
1707,1,17826,Club,Computer Science Club,,,,crm_import
1708,1,9818,Club,Computer Science Club,,1994,1997,online
1709,1,8675,Club,Computer Science Club,,,,advancement_entry
1710,1,9552,Club,Computer Science Club,,2002,2004,crm_import
1711,1,8104,Club,Computer Science Club,,2025,,crm_import
1712,1,11545,Club,Computer Science Club,,2010,2013,online
1713,1,2325,Club,Computer Science Club,,,,advancement_entry
1714,1,17831,Club,Computer Science Club,,2025,,crm_import
1715,1,11215,Club,Computer Science Club,,,,crm_import
1716,1,7965,Club,Computer Science Club,,,,online
1717,1,10001,Club,Computer Science Club,,1963,1967,online
1718,1,16496,Club,Computer Science Club,,1991,1993,crm_import
1719,1,10970,Club,Computer Science Club,,1993,1997,crm_import
1720,1,14109,Club,Computer Science Club,,1998,2001,crm_import
1721,1,18635,Club,Computer Science Club,,,,crm_import
1722,1,8853,Club,Computer Science Club,,1958,1962,online
1723,1,3837,Club,Computer Science Club,,2026,,crm_import
1724,1,6634,Club,Computer Science Club,,2027,,advancement_entry
1725,1,15790,Club,Computer Science Club,,2016,2018,online
1726,1,18987,Club,Computer Science Club,,,,crm_import
1727,1,8494,Club,Computer Science Club,,2025,,crm_import
1728,1,1696,Club,Computer Science Club,,2013,2015,crm_import
1729,1,7637,Club,Computer Science Club,,2027,,online
1730,1,6917,Club,Computer Science Club,,2001,2004,crm_import
1731,1,12386,Club,Computer Science Club,,,,crm_import
1732,1,16131,Club,Computer Science Club,,,,online
1733,1,15965,Club,Computer Science Club,,,,crm_import
1734,1,10588,Club,Computer Science Club,Member Leader,,,crm_import
1735,1,8621,Club,Computer Science Club,,2018,2022,crm_import
1736,1,16986,Club,Computer Science Club,,,,online
1737,1,18752,Club,Computer Science Club,Treasurer,2026,,crm_import
1738,1,9210,Club,Computer Science Club,,,,crm_import
1739,1,1023,Club,Computer Science Club,President,,,crm_import
1740,1,19368,Club,Computer Science Club,,2028,,crm_import
1741,1,2635,Club,Computer Science Club,,,,crm_import
1742,1,2104,Club,Computer Science Club,President,,,crm_import
1743,1,2115,Club,Computer Science Club,,,,crm_import
1744,1,3394,Club,Computer Science Club,,1990,1992,crm_import
1745,1,4436,Club,Computer Science Club,,,,crm_import
1746,1,1975,Club,Computer Science Club,President,,,advancement_entry
1747,1,1729,Club,Computer Science Club,,2025,,crm_import
1748,1,19218,Club,Computer Science Club,,,,crm_import
1749,1,4652,Club,Computer Science Club,,,,advancement_entry
1750,1,6315,Club,Computer Science Club,,1981,1984,crm_import
1751,1,8294,Club,Computer Science Club,,,,crm_import
1752,1,10058,Club,Computer Science Club,,,,crm_import
1753,1,16771,Club,Computer Science Club,President,,,online
1754,1,304,Club,Computer Science Club,,2023,,crm_import
1755,1,3885,Club,Computer Science Club,,,,crm_import
1756,1,12680,Club,Computer Science Club,,1952,1956,crm_import
1757,1,17010,Club,Computer Science Club,,,,online
1758,1,4863,Club,Computer Science Club,,,,crm_import
1759,1,6967,Club,Computer Science Club,,,,crm_import
1760,1,7846,Club,Computer Science Club,,2010,2014,crm_import
1761,1,1881,Club,Computer Science Club,,,,crm_import
1762,1,7665,Club,Computer Science Club,,,,crm_import
1763,1,16571,Club,Computer Science Club,,,,crm_import
1764,1,275,Club,Computer Science Club,,2014,2017,crm_import
1765,1,9113,Club,Computer Science Club,,,,crm_import
1766,1,17594,Club,Computer Science Club,,,,crm_import
1767,1,18728,Club,Computer Science Club,,,,crm_import
1768,1,9656,Club,Computer Science Club,Member Leader,2026,,crm_import
1769,1,12859,Club,Computer Science Club,,,,crm_import
1770,1,4348,Club,Computer Science Club,,,,crm_import
1771,1,12687,Club,Computer Science Club,,,,crm_import
1772,1,2238,Club,Computer Science Club,,,,crm_import
1773,1,6853,Club,Computer Science Club,,,,crm_import
1774,1,3733,Club,Computer Science Club,,1973,1976,online
1775,1,2250,Club,Computer Science Club,,,,crm_import
1776,1,11027,Club,Computer Science Club,,,,advancement_entry
1777,1,2436,Club,Computer Science Club,,2007,2009,online
1778,1,5272,Club,Computer Science Club,,,,crm_import
1779,1,16401,Club,Computer Science Club,,,,advancement_entry
1780,1,10866,Club,Computer Science Club,,,,crm_import
1781,1,2593,Club,Computer Science Club,,1990,1994,crm_import
1782,1,13793,Club,Computer Science Club,Member Leader,,,online
1783,1,19250,Club,Computer Science Club,,,,crm_import
1784,1,10221,Club,Computer Science Club,,2024,,online
1785,1,15317,Club,Computer Science Club,,,,crm_import
1786,1,15569,Club,Computer Science Club,Member Leader,,,crm_import
1787,1,14385,Club,Computer Science Club,,2012,2016,crm_import
1788,1,4576,Club,Computer Science Club,,,,online
1789,1,16085,Club,Computer Science Club,,,,crm_import
1790,1,9786,Club,Computer Science Club,,,,advancement_entry
1791,1,14413,Club,Computer Science Club,,2022,2026,online
1792,1,17571,Club,Computer Science Club,,,,advancement_entry
1793,1,14844,Club,Computer Science Club,,,,crm_import
1794,1,13141,Club,Computer Science Club,,,,crm_import
1795,1,8204,Club,Computer Science Club,,,,crm_import
1796,1,1242,Club,Computer Science Club,,2012,2014,online
1797,1,18244,Club,Computer Science Club,,1949,1951,online
1798,1,1716,Club,Computer Science Club,,1998,2000,crm_import
1799,1,5967,Club,Computer Science Club,,,,crm_import
1800,1,2911,Club,Computer Science Club,,,,crm_import
1801,1,16580,Club,Computer Science Club,,,,crm_import
1802,1,19179,Club,Computer Science Club,,2024,2026,online
1803,1,10169,Club,Computer Science Club,,,,online
1804,1,3663,Club,Computer Science Club,,,,crm_import
1805,1,7133,Club,Computer Science Club,,,,crm_import
1806,1,6988,Club,Computer Science Club,,1980,1984,crm_import
1807,1,7154,Club,Computer Science Club,Member Leader,,,crm_import
1808,1,14276,Club,Computer Science Club,Member Leader,2025,,online
1809,1,13275,Club,Computer Science Club,,,,crm_import
1810,1,19666,Club,Computer Science Club,,2013,2017,crm_import
1811,1,6363,Club,Computer Science Club,,,,advancement_entry
1812,1,8950,Club,Computer Science Club,,1988,1991,crm_import
1813,1,17914,Club,Computer Science Club,,2007,2009,advancement_entry
1814,1,5242,Club,Computer Science Club,,2020,2022,crm_import
1815,1,2613,Club,Computer Science Club,,1988,1992,crm_import
1816,1,8622,Club,Computer Science Club,,1974,1976,crm_import
1817,1,19938,Club,Computer Science Club,,,,crm_import
1818,1,355,Club,Computer Science Club,,2014,2018,crm_import
1819,1,138,Club,Computer Science Club,,2015,2018,crm_import
1820,1,18477,Club,Computer Science Club,Treasurer,2027,,crm_import
1821,1,4631,Club,Computer Science Club,,,,advancement_entry
1822,1,3206,Club,Computer Science Club,,,,advancement_entry
1823,1,11677,Club,Computer Science Club,,,,crm_import
1824,1,5628,Club,Computer Science Club,,,,advancement_entry
1825,1,11583,Club,Computer Science Club,,,,crm_import
1826,1,9528,Club,Computer Science Club,,1972,1975,crm_import
1827,1,1281,Club,Computer Science Club,,,,crm_import
1828,1,15079,Club,Computer Science Club,,,,crm_import
1829,1,4522,Club,Computer Science Club,,,,online
1830,1,19125,Club,Computer Science Club,,,,online
1831,1,2890,Club,Computer Science Club,,2025,,crm_import
1832,1,14755,Club,Computer Science Club,,,,crm_import
1833,1,9801,Club,Computer Science Club,,2013,2016,crm_import
1834,1,10340,Club,Computer Science Club,,2015,2017,crm_import
1835,1,6546,Club,Computer Science Club,,,,advancement_entry
1836,1,14405,Club,Computer Science Club,,,,crm_import
1837,1,16276,Club,Computer Science Club,,,,crm_import
1838,1,13119,Club,Computer Science Club,,1990,1993,crm_import
1839,1,15874,Club,Computer Science Club,,2026,,crm_import
1840,1,17048,Club,Computer Science Club,,,,online
1841,1,11019,Club,Computer Science Club,,1971,1973,online
1842,1,18071,Club,Computer Science Club,,1986,1990,crm_import
1843,1,8282,Club,Computer Science Club,,,,crm_import
1844,1,15908,Club,Computer Science Club,Treasurer,,,online
1845,1,18159,Club,Computer Science Club,,,,crm_import
1846,1,2801,Club,Computer Science Club,,,,advancement_entry
1847,1,10591,Club,Computer Science Club,,1982,1985,crm_import
1848,1,12257,Club,Computer Science Club,,,,crm_import
1849,1,5522,Club,Computer Science Club,,2004,2006,crm_import
1850,1,12434,Club,Computer Science Club,,,,crm_import
1851,1,19162,Club,Data Science Society,,,,crm_import
1852,1,17000,Club,Data Science Society,,,,online
1853,1,15514,Club,Data Science Society,,,,online
1854,1,8632,Club,Data Science Society,President,1977,1979,advancement_entry
1855,1,17594,Club,Data Science Society,,,,crm_import
1856,1,18469,Club,Data Science Society,,,,crm_import
1857,1,17622,Club,Data Science Society,,,,crm_import
1858,1,11405,Club,Data Science Society,,,,crm_import
1859,1,16560,Club,Data Science Society,,,,crm_import
1860,1,15550,Club,Data Science Society,,2013,2017,crm_import
1861,1,14138,Club,Data Science Society,Member Leader,2016,2018,crm_import
1862,1,7778,Club,Data Science Society,,,,crm_import
1863,1,17186,Club,Data Science Society,,,,advancement_entry
1864,1,10160,Club,Data Science Society,,,,advancement_entry
1865,1,3829,Club,Data Science Society,,,,online
1866,1,1960,Club,Data Science Society,President,,,crm_import
1867,1,6580,Club,Data Science Society,,,,crm_import
1868,1,1916,Club,Data Science Society,Treasurer,,,crm_import
1869,1,7578,Club,Data Science Society,,,,advancement_entry
1870,1,16824,Club,Data Science Society,,,,crm_import
1871,1,15573,Club,Data Science Society,,,,crm_import
1872,1,3320,Club,Data Science Society,,,,crm_import
1873,1,16163,Club,Data Science Society,,,,online
1874,1,122,Club,Data Science Society,Member Leader,,,crm_import
1875,1,7062,Club,Data Science Society,,,,crm_import
1876,1,416,Club,Data Science Society,,,,crm_import
1877,1,13800,Club,Data Science Society,,,,online
1878,1,4233,Club,Data Science Society,,2023,,online
1879,1,12233,Club,Data Science Society,,,,crm_import
1880,1,18967,Club,Data Science Society,,,,crm_import
1881,1,19152,Club,Data Science Society,,,,crm_import
1882,1,4451,Club,Data Science Society,,,,online
1883,1,2750,Club,Data Science Society,,,,crm_import
1884,1,6987,Club,Data Science Society,,2025,,crm_import
1885,1,1354,Club,Data Science Society,,1958,1962,crm_import
1886,1,200,Club,Data Science Society,,,,crm_import
1887,1,7944,Club,Data Science Society,,1983,1987,crm_import
1888,1,17643,Club,Data Science Society,,1974,1978,crm_import
1889,1,5235,Club,Data Science Society,,,,online
1890,1,10226,Club,Data Science Society,,1990,1992,crm_import
1891,1,2693,Club,Data Science Society,,,,crm_import
1892,1,17310,Club,Data Science Society,,,,online
1893,1,449,Club,Data Science Society,,2015,2019,online
1894,1,422,Club,Data Science Society,Treasurer,2022,2026,online
1895,1,3497,Club,Data Science Society,,,,crm_import
1896,1,14232,Club,Data Science Society,,1996,1999,advancement_entry
1897,1,19313,Club,Data Science Society,,,,advancement_entry
1898,1,19009,Club,Data Science Society,,,,crm_import
1899,1,2443,Club,Data Science Society,Treasurer,2012,2014,online
1900,1,11734,Club,Data Science Society,,,,advancement_entry
1901,1,6826,Club,Data Science Society,,,,crm_import
1902,1,9579,Club,Data Science Society,,2013,2015,crm_import
1903,1,18171,Club,Data Science Society,,,,crm_import
1904,1,14593,Club,Data Science Society,,2025,,crm_import
1905,1,18691,Club,Data Science Society,,1995,1999,online
1906,1,7757,Club,Data Science Society,,1994,1996,crm_import
1907,1,19383,Club,Data Science Society,,2012,2016,online
1908,1,2233,Club,Data Science Society,President,,,crm_import
1909,1,9614,Club,Data Science Society,Member Leader,2007,2009,online
1910,1,473,Club,Data Science Society,,2007,2011,crm_import
1911,1,5363,Club,Data Science Society,,,,online
1912,1,9336,Club,Data Science Society,,,,crm_import
1913,1,903,Club,Data Science Society,,2008,2012,crm_import
1914,1,5593,Club,Data Science Society,,,,crm_import
1915,1,8259,Club,Data Science Society,,2027,,crm_import
1916,1,3135,Club,Data Science Society,,,,online
1917,1,6832,Club,Data Science Society,,2010,2014,crm_import
1918,1,4491,Club,Data Science Society,,,,crm_import
1919,1,10730,Club,Data Science Society,Member Leader,,,crm_import
1920,1,8335,Club,Data Science Society,,,,crm_import
1921,1,7813,Club,Data Science Society,,,,crm_import
1922,1,8240,Club,Data Science Society,President,1990,1994,crm_import
1923,1,65,Club,Data Science Society,,1981,1984,crm_import
1924,1,16435,Club,Data Science Society,,,,crm_import
1925,1,6179,Club,Data Science Society,,,,crm_import
1926,1,11819,Club,Data Science Society,,,,crm_import
1927,1,17405,Club,Data Science Society,,,,online
1928,1,16302,Club,Data Science Society,,2015,2018,crm_import
1929,1,3208,Club,Data Science Society,,,,crm_import
1930,1,2853,Club,Data Science Society,,,,online
1931,1,18908,Club,Data Science Society,,,,crm_import
1932,1,9719,Club,Data Science Society,,1968,1970,crm_import
1933,1,14312,Club,Data Science Society,,1954,1956,crm_import
1934,1,18961,Club,Data Science Society,,,,online
1935,1,3992,Club,Data Science Society,,,,crm_import
1936,1,16427,Club,Data Science Society,,,,online
1937,1,17104,Club,Data Science Society,,,,crm_import
1938,1,10564,Club,Data Science Society,,,,crm_import
1939,1,7610,Club,Data Science Society,,,,crm_import
1940,1,16276,Club,Data Science Society,,,,crm_import
1941,1,6050,Club,Data Science Society,,1993,1995,crm_import
1942,1,17967,Club,Data Science Society,,2026,,crm_import
1943,1,17150,Club,Data Science Society,,1969,1973,crm_import
1944,1,6190,Club,Data Science Society,,,,crm_import
1945,1,12214,Club,Data Science Society,,,,crm_import
1946,1,7739,Club,Data Science Society,,,,crm_import
1947,1,5943,Club,Data Science Society,Treasurer,,,crm_import
1948,1,10255,Club,Data Science Society,,,,crm_import
1949,1,4133,Club,Data Science Society,Member Leader,,,crm_import
1950,1,9132,Club,Data Science Society,,2024,2026,crm_import
1951,1,398,Club,Data Science Society,,1981,1985,online
1952,1,11314,Club,Data Science Society,,,,online
1953,1,10071,Club,Data Science Society,,2026,,crm_import
1954,1,12142,Club,Data Science Society,,,,crm_import
1955,1,8550,Club,Data Science Society,,,,crm_import
1956,1,9865,Club,Data Science Society,,2003,2007,crm_import
1957,1,5969,Club,Data Science Society,,,,crm_import
1958,1,377,Club,Data Science Society,,1995,1999,crm_import
1959,1,17990,Club,Data Science Society,,2010,2012,crm_import
1960,1,6337,Club,Data Science Society,,,,crm_import
1961,1,19899,Club,Data Science Society,,,,crm_import
1962,1,222,Club,Data Science Society,,,,online
1963,1,15908,Club,Data Science Society,,1997,2001,online
1964,1,15125,Club,Data Science Society,,,,online
1965,1,891,Club,Data Science Society,,1947,1951,crm_import
1966,1,6069,Club,Data Science Society,,,,crm_import
1967,1,3509,Club,Data Science Society,,1999,2002,crm_import
1968,1,10228,Club,Data Science Society,,,,crm_import
1969,1,9421,Club,Data Science Society,,1990,1994,crm_import
1970,1,15647,Club,Data Science Society,,,,crm_import
1971,1,15537,Club,Data Science Society,,,,crm_import
1972,1,3314,Club,Data Science Society,President,1982,1985,crm_import
1973,1,5595,Club,Data Science Society,,,,crm_import
1974,1,7619,Club,Data Science Society,,,,online
1975,1,2217,Club,Data Science Society,,,,crm_import
1976,1,6698,Club,Data Science Society,,,,crm_import
1977,1,2412,Club,Data Science Society,,2006,2009,crm_import
1978,1,1824,Club,Data Science Society,,,,crm_import
1979,1,4020,Club,Data Science Society,,1972,1975,online
1980,1,19714,Club,Data Science Society,,,,crm_import
1981,1,19115,Club,Data Science Society,,1976,1980,crm_import
1982,1,14417,Club,Data Science Society,,,,crm_import
1983,1,13710,Club,Data Science Society,Member Leader,,,crm_import
1984,1,1700,Club,Data Science Society,,,,online
1985,1,6955,Club,Data Science Society,,,,crm_import
1986,1,18454,Club,Data Science Society,,,,advancement_entry
1987,1,753,Club,Data Science Society,Member Leader,1959,1961,online
1988,1,10285,Club,Data Science Society,,,,crm_import
1989,1,13162,Club,Data Science Society,,1999,2003,crm_import
1990,1,4168,Club,Data Science Society,,2017,2019,crm_import
1991,1,7415,Club,Data Science Society,,,,crm_import
1992,1,9813,Club,Data Science Society,,,,crm_import
1993,1,18384,Club,Data Science Society,President,,,crm_import
1994,1,6614,Club,Data Science Society,,,,crm_import
1995,1,6525,Club,Data Science Society,,,,online
1996,1,2142,Club,Data Science Society,,2010,2012,crm_import
1997,1,868,Club,Data Science Society,,,,crm_import
1998,1,19032,Club,Data Science Society,,,,crm_import
1999,1,17498,Club,Data Science Society,,,,crm_import
2000,1,9184,Club,Data Science Society,,2004,2006,online
2001,1,18425,Club,Data Science Society,,,,crm_import
2002,1,19912,Club,Data Science Society,,2006,2009,crm_import
2003,1,19130,Club,Data Science Society,,,,crm_import
2004,1,7905,Club,Data Science Society,,2027,,online
2005,1,7636,Club,Data Science Society,,,,online
2006,1,2108,Club,Data Science Society,,2012,2016,crm_import
2007,1,8466,Club,Data Science Society,Treasurer,,,crm_import
2008,1,8320,Club,Data Science Society,,,,crm_import
2009,1,560,Club,Data Science Society,,,,online
2010,1,13609,Club,Data Science Society,,,,online
2011,1,9739,Club,Data Science Society,,2006,2010,crm_import
2012,1,4743,Club,Data Science Society,,,,crm_import
2013,1,6691,Club,Data Science Society,,1998,2000,crm_import
2014,1,6411,Club,Data Science Society,,2009,2013,crm_import
2015,1,15375,Club,Data Science Society,,,,online
2016,1,16161,Club,Data Science Society,Treasurer,2003,2006,crm_import
2017,1,11133,Club,Data Science Society,,,,online
2018,1,1850,Club,Data Science Society,,2013,2015,crm_import
2019,1,5616,Club,Data Science Society,,,,crm_import
2020,1,3544,Club,Data Science Society,,1960,1963,crm_import
2021,1,3906,Club,Data Science Society,,2000,2003,advancement_entry
2022,1,15517,Club,Data Science Society,,,,crm_import
2023,1,15029,Club,Data Science Society,,,,crm_import
2024,1,9355,Club,Data Science Society,,,,crm_import
2025,1,17051,Club,Data Science Society,,,,crm_import
2026,1,1184,Club,Data Science Society,,,,online
2027,1,17092,Club,Data Science Society,,2024,,crm_import
2028,1,17586,Club,Data Science Society,Treasurer,,,advancement_entry
2029,1,14418,Club,Data Science Society,,,,crm_import
2030,1,17211,Club,Data Science Society,,2006,2010,online
2031,1,3765,Club,Artificial Intelligence Society,,1962,1965,advancement_entry
2032,1,17433,Club,Artificial Intelligence Society,President,,,crm_import
2033,1,9224,Club,Artificial Intelligence Society,President,2025,,crm_import
2034,1,6907,Club,Artificial Intelligence Society,,,,crm_import
2035,1,9336,Club,Artificial Intelligence Society,,,,crm_import
2036,1,6987,Club,Artificial Intelligence Society,,,,crm_import
2037,1,4317,Club,Artificial Intelligence Society,,,,crm_import
2038,1,8551,Club,Artificial Intelligence Society,,2024,,online
2039,1,1497,Club,Artificial Intelligence Society,,,,crm_import
2040,1,1716,Club,Artificial Intelligence Society,,,,crm_import
2041,1,2269,Club,Artificial Intelligence Society,,2026,,crm_import
2042,1,6374,Club,Artificial Intelligence Society,,,,crm_import
2043,1,13589,Club,Artificial Intelligence Society,,,,crm_import
2044,1,19142,Club,Artificial Intelligence Society,,,,crm_import
2045,1,680,Club,Artificial Intelligence Society,,2005,2009,crm_import
2046,1,15458,Club,Artificial Intelligence Society,,,,crm_import
2047,1,10555,Club,Artificial Intelligence Society,,,,crm_import
2048,1,2294,Club,Artificial Intelligence Society,,2016,2019,crm_import
2049,1,4335,Club,Artificial Intelligence Society,President,,,crm_import
2050,1,9163,Club,Artificial Intelligence Society,,,,online
2051,1,17991,Club,Artificial Intelligence Society,Treasurer,2003,2007,crm_import
2052,1,11332,Club,Artificial Intelligence Society,,2022,2024,crm_import
2053,1,6836,Club,Artificial Intelligence Society,,2004,2006,online
2054,1,10520,Club,Artificial Intelligence Society,,2016,2020,crm_import
2055,1,8866,Club,Artificial Intelligence Society,,2027,,crm_import
2056,1,318,Club,Artificial Intelligence Society,,,,crm_import
2057,1,19856,Club,Artificial Intelligence Society,,1981,1985,crm_import
2058,1,17877,Club,Artificial Intelligence Society,,1963,1966,online
2059,1,7348,Club,Artificial Intelligence Society,,2008,2012,crm_import
2060,1,1843,Club,Artificial Intelligence Society,,2027,,online
2061,1,11508,Club,Artificial Intelligence Society,,,,crm_import
2062,1,2372,Club,Artificial Intelligence Society,,,,crm_import
2063,1,1408,Club,Artificial Intelligence Society,,1949,1952,crm_import
2064,1,15016,Club,Artificial Intelligence Society,,1998,2002,crm_import
2065,1,14939,Club,Artificial Intelligence Society,,,,crm_import
2066,1,17620,Club,Artificial Intelligence Society,,,,crm_import
2067,1,15802,Club,Artificial Intelligence Society,,,,crm_import
2068,1,12671,Club,Artificial Intelligence Society,,,,crm_import
2069,1,10472,Club,Artificial Intelligence Society,,2026,,crm_import
2070,1,17075,Club,Artificial Intelligence Society,,,,crm_import
2071,1,17066,Club,Artificial Intelligence Society,,,,crm_import
2072,1,15284,Club,Artificial Intelligence Society,,,,crm_import
2073,1,7571,Club,Artificial Intelligence Society,Treasurer,,,crm_import
2074,1,5737,Club,Artificial Intelligence Society,,,,crm_import
2075,1,2364,Club,Artificial Intelligence Society,Member Leader,,,crm_import
2076,1,13091,Club,Artificial Intelligence Society,,2008,2010,crm_import
2077,1,3034,Club,Artificial Intelligence Society,,,,crm_import
2078,1,12481,Club,Artificial Intelligence Society,,1963,1966,crm_import
2079,1,13438,Club,Artificial Intelligence Society,,,,crm_import
2080,1,8085,Club,Artificial Intelligence Society,,,,advancement_entry
2081,1,4689,Club,Artificial Intelligence Society,,,,online
2082,1,18566,Club,Artificial Intelligence Society,,1993,1997,crm_import
2083,1,10823,Club,Artificial Intelligence Society,,,,crm_import
2084,1,5609,Club,Artificial Intelligence Society,,2025,,crm_import
2085,1,10702,Club,Artificial Intelligence Society,,,,online
2086,1,12826,Club,Artificial Intelligence Society,,2013,2016,crm_import
2087,1,14906,Club,Artificial Intelligence Society,,,,crm_import
2088,1,13489,Club,Artificial Intelligence Society,,,,advancement_entry
2089,1,1188,Club,Artificial Intelligence Society,,,,advancement_entry
2090,1,8918,Club,Artificial Intelligence Society,,2026,,crm_import
2091,1,8783,Club,Artificial Intelligence Society,,,,online
2092,1,2619,Club,Artificial Intelligence Society,Treasurer,2026,,crm_import
2093,1,4376,Club,Artificial Intelligence Society,,2026,,crm_import
2094,1,10062,Club,Artificial Intelligence Society,,,,crm_import
2095,1,19084,Club,Artificial Intelligence Society,,,,crm_import
2096,1,1721,Club,Artificial Intelligence Society,,,,crm_import
2097,1,13535,Club,Artificial Intelligence Society,,2008,2011,crm_import
2098,1,14519,Club,Artificial Intelligence Society,,,,crm_import
2099,1,14703,Club,Artificial Intelligence Society,,,,crm_import
2100,1,5281,Club,Artificial Intelligence Society,,,,crm_import
2101,1,1027,Club,Artificial Intelligence Society,,,,crm_import
2102,1,18436,Club,Artificial Intelligence Society,,1983,1986,online
2103,1,4157,Club,Artificial Intelligence Society,,,,online
2104,1,537,Club,Artificial Intelligence Society,,,,online
2105,1,16254,Club,Artificial Intelligence Society,President,,,online
2106,1,9296,Club,Artificial Intelligence Society,,2000,2002,crm_import
2107,1,7298,Club,Artificial Intelligence Society,President,,,crm_import
2108,1,2518,Club,Artificial Intelligence Society,,1980,1984,crm_import
2109,1,639,Club,Artificial Intelligence Society,,2024,,crm_import
2110,1,5175,Club,Artificial Intelligence Society,,1991,1994,online
2111,1,552,Club,Artificial Intelligence Society,President,2022,2026,crm_import
2112,1,10650,Club,Artificial Intelligence Society,President,,,crm_import
2113,1,19180,Club,Artificial Intelligence Society,,2011,2013,advancement_entry
2114,1,3677,Club,Artificial Intelligence Society,,2024,,online
2115,1,6137,Club,Artificial Intelligence Society,,2001,2005,crm_import
2116,1,299,Club,Artificial Intelligence Society,,,,crm_import
2117,1,6489,Club,Artificial Intelligence Society,,1967,1969,advancement_entry
2118,1,10253,Club,Artificial Intelligence Society,,,,crm_import
2119,1,1347,Club,Artificial Intelligence Society,,1980,1982,online
2120,1,10659,Club,Artificial Intelligence Society,,,,crm_import
2121,1,10494,Club,Artificial Intelligence Society,President,,,crm_import
2122,1,8391,Club,Artificial Intelligence Society,,1975,1977,crm_import
2123,1,2804,Club,Artificial Intelligence Society,,1988,1992,crm_import
2124,1,6346,Club,Artificial Intelligence Society,,,,crm_import
2125,1,13710,Club,Artificial Intelligence Society,Treasurer,1964,1966,crm_import
2126,1,511,Club,Artificial Intelligence Society,,,,crm_import
2127,1,6636,Club,Artificial Intelligence Society,,1994,1996,crm_import
2128,1,18702,Club,Artificial Intelligence Society,,1974,1976,crm_import
2129,1,3286,Club,Artificial Intelligence Society,,,,crm_import
2130,1,795,Club,Artificial Intelligence Society,,,,crm_import
2131,1,2891,Club,Artificial Intelligence Society,,,,crm_import
2132,1,11972,Club,Artificial Intelligence Society,,2025,,advancement_entry
2133,1,12228,Club,Artificial Intelligence Society,,,,crm_import
2134,1,3472,Club,Artificial Intelligence Society,,1987,1990,crm_import
2135,1,10297,Club,Artificial Intelligence Society,,,,crm_import
2136,1,10526,Club,Artificial Intelligence Society,,2016,2018,advancement_entry
2137,1,16473,Club,Artificial Intelligence Society,,,,crm_import
2138,1,13471,Club,Artificial Intelligence Society,,,,crm_import
2139,1,14011,Club,Artificial Intelligence Society,,,,crm_import
2140,1,17779,Club,Artificial Intelligence Society,,1977,1979,crm_import
2141,1,4925,Club,Artificial Intelligence Society,,2022,2024,crm_import
2142,1,11918,Club,Artificial Intelligence Society,,,,online
2143,1,6848,Club,Artificial Intelligence Society,,,,online
2144,1,5373,Club,Artificial Intelligence Society,,2011,2015,crm_import
2145,1,19164,Club,Artificial Intelligence Society,,2011,2013,crm_import
2146,1,15048,Club,Artificial Intelligence Society,,1987,1990,crm_import
2147,1,17428,Club,Artificial Intelligence Society,,,,crm_import
2148,1,1240,Club,Artificial Intelligence Society,Treasurer,1993,1995,crm_import
2149,1,4795,Club,Artificial Intelligence Society,,,,crm_import
2150,1,510,Club,Artificial Intelligence Society,,,,crm_import
2151,1,1633,Club,Artificial Intelligence Society,,,,online
2152,1,17506,Club,Artificial Intelligence Society,,,,crm_import
2153,1,17768,Club,Artificial Intelligence Society,,2000,2004,advancement_entry
2154,1,1590,Club,Artificial Intelligence Society,,,,crm_import
2155,1,8835,Club,Artificial Intelligence Society,,2015,2019,crm_import
2156,1,6,Club,Artificial Intelligence Society,,,,crm_import
2157,1,11700,Club,Artificial Intelligence Society,,1966,1968,crm_import
2158,1,7815,Club,Artificial Intelligence Society,Member Leader,,,crm_import
2159,1,17892,Club,Artificial Intelligence Society,,2022,2026,crm_import
2160,1,14839,Club,Artificial Intelligence Society,,,,crm_import
2161,1,19434,Club,Artificial Intelligence Society,,,,crm_import
2162,1,9259,Club,Artificial Intelligence Society,,,,crm_import
2163,1,10391,Club,Artificial Intelligence Society,,2001,2003,crm_import
2164,1,1521,Club,Artificial Intelligence Society,,2011,2015,crm_import
2165,1,15465,Club,Artificial Intelligence Society,,2014,2016,advancement_entry
2166,1,2517,Club,Artificial Intelligence Society,,,,crm_import
2167,1,14300,Club,Artificial Intelligence Society,,2013,2016,crm_import
2168,1,12522,Club,Artificial Intelligence Society,,2005,2008,crm_import
2169,1,14148,Club,Artificial Intelligence Society,,2024,,crm_import
2170,1,3923,Club,Artificial Intelligence Society,,1969,1972,crm_import
2171,1,15002,Club,Artificial Intelligence Society,,2016,2019,crm_import
2172,1,7233,Club,Artificial Intelligence Society,,2005,2008,crm_import
2173,1,19033,Club,Artificial Intelligence Society,,,,crm_import
2174,1,3235,Club,Artificial Intelligence Society,,,,crm_import
2175,1,13363,Club,Artificial Intelligence Society,,,,crm_import
2176,1,14830,Club,Artificial Intelligence Society,,,,crm_import
2177,1,8406,Club,Artificial Intelligence Society,,,,crm_import
2178,1,7799,Club,Artificial Intelligence Society,,2018,2021,online
2179,1,19074,Club,Artificial Intelligence Society,,,,online
2180,1,9947,Club,Artificial Intelligence Society,,,,crm_import
2181,1,15276,Club,Artificial Intelligence Society,,2009,2013,crm_import
2182,1,15469,Club,Artificial Intelligence Society,,,,online
2183,1,12051,Club,Artificial Intelligence Society,,,,crm_import
2184,1,984,Club,Artificial Intelligence Society,,,,crm_import
2185,1,9471,Club,Artificial Intelligence Society,,2003,2007,online
2186,1,7590,Club,Artificial Intelligence Society,,,,crm_import
2187,1,6690,Club,Artificial Intelligence Society,,1959,1961,crm_import
2188,1,3207,Club,Artificial Intelligence Society,,,,crm_import
2189,1,16464,Club,Artificial Intelligence Society,,,,crm_import
2190,1,8607,Club,Artificial Intelligence Society,,,,online
2191,1,5429,Club,Artificial Intelligence Society,,2028,,online
2192,1,19896,Club,Artificial Intelligence Society,,,,online
2193,1,8510,Club,Artificial Intelligence Society,,,,crm_import
2194,1,1205,Club,Artificial Intelligence Society,,,,crm_import
2195,1,10626,Club,Artificial Intelligence Society,,,,online
2196,1,7709,Club,Artificial Intelligence Society,,2013,2016,crm_import
2197,1,2341,Club,Artificial Intelligence Society,,2027,,advancement_entry
2198,1,9086,Club,Artificial Intelligence Society,,1994,1998,online
2199,1,796,Club,Artificial Intelligence Society,,2022,2024,crm_import
2200,1,6096,Club,Artificial Intelligence Society,,1957,1961,crm_import
2201,1,18298,Club,Environmental Action Club,Member Leader,,,advancement_entry
2202,1,2891,Club,Environmental Action Club,,,,crm_import
2203,1,15750,Club,Environmental Action Club,,,,crm_import
2204,1,5264,Club,Environmental Action Club,President,,,crm_import
2205,1,2383,Club,Environmental Action Club,,,,crm_import
2206,1,2587,Club,Environmental Action Club,Treasurer,1984,1988,crm_import
2207,1,2022,Club,Environmental Action Club,,,,crm_import
2208,1,1499,Club,Environmental Action Club,,1963,1966,crm_import
2209,1,16744,Club,Environmental Action Club,,,,crm_import
2210,1,18440,Club,Environmental Action Club,,,,online
2211,1,633,Club,Environmental Action Club,,,,crm_import
2212,1,12547,Club,Environmental Action Club,,2026,,crm_import
2213,1,221,Club,Environmental Action Club,,,,online
2214,1,6828,Club,Environmental Action Club,,,,online
2215,1,15609,Club,Environmental Action Club,,,,crm_import
2216,1,18530,Club,Environmental Action Club,,,,online
2217,1,9442,Club,Environmental Action Club,,2020,2024,advancement_entry
2218,1,7759,Club,Environmental Action Club,,2012,2016,online
2219,1,7299,Club,Environmental Action Club,,,,online
2220,1,10932,Club,Environmental Action Club,,2028,,crm_import
2221,1,15926,Club,Environmental Action Club,,,,crm_import
2222,1,11233,Club,Environmental Action Club,,,,advancement_entry
2223,1,15461,Club,Environmental Action Club,,,,crm_import
2224,1,19568,Club,Environmental Action Club,,,,crm_import
2225,1,588,Club,Environmental Action Club,,2004,2006,crm_import
2226,1,2543,Club,Environmental Action Club,Treasurer,2022,2026,online
2227,1,6471,Club,Environmental Action Club,,,,online
2228,1,19327,Club,Environmental Action Club,,,,advancement_entry
2229,1,11463,Club,Environmental Action Club,,1991,1993,crm_import
2230,1,189,Club,Environmental Action Club,,,,crm_import
2231,1,11914,Club,Environmental Action Club,,1953,1956,crm_import
2232,1,18550,Club,Environmental Action Club,,,,crm_import
2233,1,12048,Club,Environmental Action Club,,,,crm_import
2234,1,7661,Club,Environmental Action Club,,,,crm_import
2235,1,11441,Club,Environmental Action Club,President,,,online
2236,1,11793,Club,Environmental Action Club,,,,crm_import
2237,1,6313,Club,Environmental Action Club,,,,crm_import
2238,1,18864,Club,Environmental Action Club,,2015,2019,crm_import
2239,1,16222,Club,Environmental Action Club,,1998,2002,crm_import
2240,1,10281,Club,Environmental Action Club,,,,crm_import
2241,1,5375,Club,Environmental Action Club,,,,crm_import
2242,1,5544,Club,Environmental Action Club,,,,crm_import
2243,1,1973,Club,Environmental Action Club,,2014,2016,online
2244,1,13702,Club,Environmental Action Club,,,,online
2245,1,18803,Club,Environmental Action Club,,,,crm_import
2246,1,3496,Club,Environmental Action Club,,,,crm_import
2247,1,6179,Club,Environmental Action Club,President,1989,1992,crm_import
2248,1,12010,Club,Environmental Action Club,Treasurer,1983,1985,crm_import
2249,1,5123,Club,Environmental Action Club,Treasurer,,,crm_import
2250,1,6509,Club,Environmental Action Club,,2011,2013,crm_import
2251,1,883,Club,Environmental Action Club,,,,crm_import
2252,1,6749,Club,Environmental Action Club,,,,online
2253,1,5920,Club,Environmental Action Club,,,,crm_import
2254,1,6049,Club,Environmental Action Club,,,,crm_import
2255,1,7458,Club,Environmental Action Club,,,,crm_import
2256,1,4923,Club,Environmental Action Club,,2007,2010,crm_import
2257,1,1097,Club,Environmental Action Club,,,,crm_import
2258,1,9600,Club,Environmental Action Club,,,,crm_import
2259,1,14055,Club,Environmental Action Club,,1972,1975,crm_import
2260,1,6096,Club,Environmental Action Club,,,,crm_import
2261,1,19598,Club,Environmental Action Club,,,,crm_import
2262,1,4272,Club,Environmental Action Club,,2026,,crm_import
2263,1,16360,Club,Environmental Action Club,Treasurer,1957,1959,crm_import
2264,1,14394,Club,Environmental Action Club,,1990,1993,online
2265,1,9812,Club,Environmental Action Club,,2026,,online
2266,1,5849,Club,Environmental Action Club,,,,crm_import
2267,1,17184,Club,Environmental Action Club,,,,crm_import
2268,1,620,Club,Environmental Action Club,,2012,2015,crm_import
2269,1,4797,Club,Environmental Action Club,,1971,1974,online
2270,1,1304,Club,Environmental Action Club,Member Leader,,,crm_import
2271,1,5135,Club,Environmental Action Club,Member Leader,2009,2011,crm_import
2272,1,13962,Club,Environmental Action Club,,2023,2026,online
2273,1,18645,Club,Environmental Action Club,,2001,2003,crm_import
2274,1,2269,Club,Environmental Action Club,Member Leader,,,crm_import
2275,1,13205,Club,Environmental Action Club,,,,crm_import
2276,1,11662,Club,Environmental Action Club,,,,crm_import
2277,1,16213,Club,Environmental Action Club,,1977,1980,online
2278,1,16843,Club,Environmental Action Club,,2025,,online
2279,1,11714,Club,Environmental Action Club,,,,crm_import
2280,1,2634,Club,Environmental Action Club,Treasurer,,,crm_import
2281,1,11598,Club,Environmental Action Club,President,,,online
2282,1,19473,Club,Environmental Action Club,,,,crm_import
2283,1,16634,Club,Environmental Action Club,Treasurer,2015,2017,crm_import
2284,1,5040,Club,Environmental Action Club,,,,online
2285,1,1229,Club,Environmental Action Club,,,,online
2286,1,15307,Club,Environmental Action Club,,,,crm_import
2287,1,9645,Club,Environmental Action Club,,,,crm_import
2288,1,4010,Club,Environmental Action Club,,,,online
2289,1,17843,Club,Environmental Action Club,,1996,1998,crm_import
2290,1,3343,Club,Environmental Action Club,,1980,1984,online
2291,1,13239,Club,Environmental Action Club,Member Leader,2012,2014,crm_import
2292,1,17028,Club,Environmental Action Club,,1995,1998,advancement_entry
2293,1,14797,Club,Environmental Action Club,,1984,1988,online
2294,1,19762,Club,Environmental Action Club,,,,crm_import
2295,1,8088,Club,Environmental Action Club,,,,crm_import
2296,1,14752,Club,Environmental Action Club,,,,crm_import
2297,1,3454,Club,Environmental Action Club,,2005,2008,crm_import
2298,1,15376,Club,Environmental Action Club,,,,crm_import
2299,1,19196,Club,Environmental Action Club,Treasurer,,,online
2300,1,184,Club,Environmental Action Club,,,,crm_import
2301,1,11115,Club,Environmental Action Club,,,,crm_import
2302,1,17911,Club,Environmental Action Club,,,,crm_import
2303,1,5311,Club,Environmental Action Club,,,,crm_import
2304,1,163,Club,Environmental Action Club,,,,advancement_entry
2305,1,16373,Club,Environmental Action Club,,,,crm_import
2306,1,3248,Club,Environmental Action Club,,,,crm_import
2307,1,4151,Club,Environmental Action Club,,,,crm_import
2308,1,9856,Club,Environmental Action Club,,1984,1986,advancement_entry
2309,1,2550,Club,Environmental Action Club,,,,crm_import
2310,1,14217,Club,Environmental Action Club,President,,,advancement_entry
2311,1,5151,Club,Environmental Action Club,,,,online
2312,1,2709,Club,Environmental Action Club,,2027,,advancement_entry
2313,1,6228,Club,Environmental Action Club,,,,crm_import
2314,1,5481,Club,Environmental Action Club,,2009,2013,online
2315,1,14993,Club,Environmental Action Club,,,,crm_import
2316,1,3644,Club,Environmental Action Club,,,,crm_import
2317,1,2277,Club,Environmental Action Club,,,,crm_import
2318,1,10191,Club,Environmental Action Club,,,,crm_import
2319,1,18631,Club,Environmental Action Club,,,,crm_import
2320,1,14411,Club,Environmental Action Club,,2022,2026,crm_import
2321,1,17504,Club,International Student Association,,,,advancement_entry
2322,1,9280,Club,International Student Association,,,,crm_import
2323,1,11393,Club,International Student Association,,2023,2026,crm_import
2324,1,5544,Club,International Student Association,,,,crm_import
2325,1,5476,Club,International Student Association,,,,crm_import
2326,1,11973,Club,International Student Association,,1993,1996,crm_import
2327,1,4510,Club,International Student Association,,,,online
2328,1,11723,Club,International Student Association,,1994,1997,crm_import
2329,1,11253,Club,International Student Association,,1995,1998,crm_import
2330,1,891,Club,International Student Association,,1949,1951,crm_import
2331,1,17300,Club,International Student Association,,,,crm_import
2332,1,200,Club,International Student Association,,1993,1996,crm_import
2333,1,12872,Club,International Student Association,,1995,1997,online
2334,1,4157,Club,International Student Association,,,,online
2335,1,416,Club,International Student Association,President,,,crm_import
2336,1,619,Club,International Student Association,,,,online
2337,1,18493,Club,International Student Association,,,,crm_import
2338,1,10104,Club,International Student Association,,2023,2026,crm_import
2339,1,11322,Club,International Student Association,,1995,1997,crm_import
2340,1,10235,Club,International Student Association,,2024,2026,crm_import
2341,1,17990,Club,International Student Association,Member Leader,,,crm_import
2342,1,12211,Club,International Student Association,Treasurer,2017,2019,crm_import
2343,1,10432,Club,International Student Association,,,,crm_import
2344,1,12285,Club,International Student Association,,,,crm_import
2345,1,1170,Club,International Student Association,,,,crm_import
2346,1,17420,Club,International Student Association,,,,crm_import
2347,1,2036,Club,International Student Association,,,,crm_import
2348,1,14731,Club,International Student Association,Member Leader,,,crm_import
2349,1,11045,Club,International Student Association,,,,crm_import
2350,1,17984,Club,International Student Association,,,,online
2351,1,9325,Club,International Student Association,,,,advancement_entry
2352,1,15376,Club,International Student Association,,,,crm_import
2353,1,15111,Club,International Student Association,,2002,2004,crm_import
2354,1,8107,Club,International Student Association,,,,online
2355,1,2368,Club,International Student Association,,2026,,crm_import
2356,1,14681,Club,International Student Association,,1976,1978,online
2357,1,17711,Club,International Student Association,Treasurer,,,crm_import
2358,1,8771,Club,International Student Association,Treasurer,,,crm_import
2359,1,5942,Club,International Student Association,,,,online
2360,1,16950,Club,International Student Association,,,,online
2361,1,749,Club,International Student Association,President,,,online
2362,1,14847,Club,International Student Association,,,,crm_import
2363,1,501,Club,International Student Association,,2004,2007,online
2364,1,19315,Club,International Student Association,,2010,2012,crm_import
2365,1,13831,Club,International Student Association,,2024,,crm_import
2366,1,10243,Club,International Student Association,,,,crm_import
2367,1,8554,Club,International Student Association,,,,crm_import
2368,1,1423,Club,International Student Association,,,,online
2369,1,19550,Club,International Student Association,,1987,1990,crm_import
2370,1,17294,Club,International Student Association,,2025,,crm_import
2371,1,2347,Club,International Student Association,,,,crm_import
2372,1,10234,Club,International Student Association,Member Leader,,,crm_import
2373,1,17500,Club,International Student Association,,2009,2012,crm_import
2374,1,9182,Club,International Student Association,,,,crm_import
2375,1,4038,Club,International Student Association,,,,crm_import
2376,1,7724,Club,International Student Association,,,,crm_import
2377,1,5461,Club,International Student Association,,,,crm_import
2378,1,11883,Club,International Student Association,,1994,1997,crm_import
2379,1,15604,Club,International Student Association,Member Leader,,,crm_import
2380,1,18051,Club,International Student Association,,,,advancement_entry
2381,1,1357,Club,International Student Association,,,,crm_import
2382,1,11868,Club,International Student Association,,,,crm_import
2383,1,8964,Club,International Student Association,,,,crm_import
2384,1,10356,Club,International Student Association,,1999,2001,crm_import
2385,1,6827,Club,International Student Association,,,,crm_import
2386,1,8090,Club,International Student Association,,2000,2002,crm_import
2387,1,1737,Club,International Student Association,,,,crm_import
2388,1,6236,Club,International Student Association,,1999,2001,advancement_entry
2389,1,18152,Club,International Student Association,,,,online
2390,1,8907,Club,International Student Association,,,,online
2391,1,7466,Club,International Student Association,,2006,2008,crm_import
2392,1,19402,Club,International Student Association,,,,crm_import
2393,1,11958,Club,International Student Association,,1978,1982,crm_import
2394,1,10715,Club,International Student Association,Member Leader,,,online
2395,1,14049,Club,International Student Association,,,,online
2396,1,16701,Club,International Student Association,,2026,,crm_import
2397,1,15279,Club,International Student Association,,,,crm_import
2398,1,12481,Club,International Student Association,,,,crm_import
2399,1,14434,Club,International Student Association,,1980,1983,online
2400,1,14823,Club,International Student Association,,,,crm_import
2401,1,6917,Club,International Student Association,,,,crm_import
2402,1,16713,Club,International Student Association,,,,crm_import
2403,1,12508,Club,International Student Association,,2018,2020,crm_import
2404,1,14638,Club,International Student Association,,,,crm_import
2405,1,12622,Club,International Student Association,,2005,2008,online
2406,1,12700,Club,International Student Association,,,,online
2407,1,16686,Club,International Student Association,President,1953,1956,online
2408,1,19244,Club,International Student Association,,2004,2008,online
2409,1,9998,Club,International Student Association,,1967,1971,crm_import
2410,1,14713,Club,International Student Association,,,,online
2411,1,6611,Club,International Student Association,,2011,2014,crm_import
2412,1,10777,Club,International Student Association,Member Leader,2005,2008,advancement_entry
2413,1,14229,Club,International Student Association,,,,crm_import
2414,1,9593,Club,International Student Association,,2025,,crm_import
2415,1,118,Club,International Student Association,,,,crm_import
2416,1,19763,Club,International Student Association,,,,crm_import
2417,1,11508,Club,International Student Association,President,,,crm_import
2418,1,7169,Club,International Student Association,,,,crm_import
2419,1,17477,Club,International Student Association,,,,online
2420,1,18591,Club,International Student Association,,,,online
2421,1,19732,Club,International Student Association,,1993,1995,advancement_entry
2422,1,2881,Club,International Student Association,,,,crm_import
2423,1,19626,Club,International Student Association,,,,crm_import
2424,1,162,Club,International Student Association,,,,advancement_entry
2425,1,16765,Club,International Student Association,,,,crm_import
2426,1,15743,Club,International Student Association,,1994,1998,crm_import
2427,1,11928,Club,International Student Association,,,,advancement_entry
2428,1,625,Club,International Student Association,Member Leader,,,crm_import
2429,1,17863,Club,International Student Association,,,,crm_import
2430,1,3933,Club,International Student Association,,2015,2017,advancement_entry
2431,1,12948,Club,International Student Association,,,,crm_import
2432,1,3066,Club,International Student Association,,2014,2016,crm_import
2433,1,6557,Club,International Student Association,,,,crm_import
2434,1,8807,Club,International Student Association,Treasurer,,,crm_import
2435,1,3321,Club,International Student Association,,,,crm_import
2436,1,12226,Club,International Student Association,,,,crm_import
2437,1,4212,Club,International Student Association,,2026,,advancement_entry
2438,1,18259,Club,International Student Association,,1970,1973,online
2439,1,5951,Club,International Student Association,,,,advancement_entry
2440,1,8003,Club,International Student Association,,,,advancement_entry
2441,1,17929,Club,International Student Association,,2024,,advancement_entry
2442,1,6411,Club,International Student Association,,,,crm_import
2443,1,1643,Club,International Student Association,,,,crm_import
2444,1,8508,Club,International Student Association,,,,crm_import
2445,1,18772,Club,International Student Association,,,,crm_import
2446,1,4844,Club,International Student Association,,,,crm_import
2447,1,11974,Club,International Student Association,Member Leader,1988,1991,crm_import
2448,1,2479,Club,International Student Association,,,,crm_import
2449,1,5139,Club,International Student Association,,2008,2011,crm_import
2450,1,7843,Club,International Student Association,,,,crm_import
2451,1,4934,Club,International Student Association,,1993,1996,crm_import
2452,1,18872,Club,International Student Association,,1970,1973,online
2453,1,3260,Club,International Student Association,,2005,2007,online
2454,1,2493,Club,International Student Association,,,,crm_import
2455,1,1218,Club,International Student Association,,,,crm_import
2456,1,13742,Club,International Student Association,,,,online
2457,1,10019,Club,International Student Association,,,,crm_import
2458,1,5553,Club,International Student Association,Member Leader,,,crm_import
2459,1,13686,Club,International Student Association,,1965,1967,crm_import
2460,1,3815,Club,International Student Association,,2020,2023,advancement_entry
2461,1,18995,Club,International Student Association,,2015,2017,online
2462,1,11425,Club,International Student Association,,,,crm_import
2463,1,15967,Club,International Student Association,,,,online
2464,1,9868,Club,International Student Association,,1966,1970,crm_import
2465,1,13467,Club,International Student Association,,1996,1999,crm_import
2466,1,14064,Club,International Student Association,,,,crm_import
2467,1,4296,Club,International Student Association,Treasurer,,,crm_import
2468,1,18763,Club,International Student Association,,,,online
2469,1,7976,Club,International Student Association,,,,online
2470,1,8436,Club,International Student Association,,2024,,crm_import
2471,1,8522,Club,Black Student Union,,2002,2004,crm_import
2472,1,976,Club,Black Student Union,,,,crm_import
2473,1,18984,Club,Black Student Union,President,1978,1982,online
2474,1,7851,Club,Black Student Union,,2000,2002,online
2475,1,3491,Club,Black Student Union,,,,online
2476,1,5607,Club,Black Student Union,,2026,,crm_import
2477,1,3873,Club,Black Student Union,,,,crm_import
2478,1,5335,Club,Black Student Union,,,,crm_import
2479,1,7877,Club,Black Student Union,,,,crm_import
2480,1,15524,Club,Black Student Union,,,,crm_import
2481,1,11743,Club,Black Student Union,,2023,,crm_import
2482,1,11378,Club,Black Student Union,,2002,2006,crm_import
2483,1,10585,Club,Black Student Union,President,,,crm_import
2484,1,11728,Club,Black Student Union,,,,crm_import
2485,1,21,Club,Black Student Union,,,,crm_import
2486,1,19283,Club,Black Student Union,,2017,2020,crm_import
2487,1,2180,Club,Black Student Union,,,,crm_import
2488,1,10294,Club,Black Student Union,,,,crm_import
2489,1,5541,Club,Black Student Union,,,,advancement_entry
2490,1,1029,Club,Black Student Union,,,,crm_import
2491,1,11220,Club,Black Student Union,,,,crm_import
2492,1,9105,Club,Black Student Union,,,,crm_import
2493,1,7442,Club,Black Student Union,,2026,,crm_import
2494,1,6514,Club,Black Student Union,President,,,crm_import
2495,1,16174,Club,Black Student Union,,,,crm_import
2496,1,19348,Club,Black Student Union,Treasurer,,,advancement_entry
2497,1,9148,Club,Black Student Union,,2025,,crm_import
2498,1,5438,Club,Black Student Union,President,,,crm_import
2499,1,19679,Club,Black Student Union,,,,advancement_entry
2500,1,3572,Club,Black Student Union,,2022,2025,crm_import
2501,1,12645,Club,Black Student Union,President,,,crm_import
2502,1,10973,Club,Black Student Union,,,,crm_import
2503,1,18937,Club,Black Student Union,,,,crm_import
2504,1,3751,Club,Black Student Union,President,,,crm_import
2505,1,15188,Club,Black Student Union,,1998,2002,crm_import
2506,1,7137,Club,Black Student Union,,,,crm_import
2507,1,17800,Club,Black Student Union,,,,crm_import
2508,1,5462,Club,Black Student Union,,,,crm_import
2509,1,17914,Club,Black Student Union,,,,advancement_entry
2510,1,9,Club,Black Student Union,,,,crm_import
2511,1,6842,Club,Black Student Union,Member Leader,2004,2008,online
2512,1,17705,Club,Black Student Union,,,,online
2513,1,2318,Club,Black Student Union,,2026,,online
2514,1,15461,Club,Black Student Union,,,,crm_import
2515,1,4400,Club,Black Student Union,,2025,,crm_import
2516,1,15431,Club,Black Student Union,,,,crm_import
2517,1,9790,Club,Black Student Union,Treasurer,1998,2000,crm_import
2518,1,16463,Club,Black Student Union,,2015,2018,crm_import
2519,1,8798,Club,Black Student Union,,,,online
2520,1,17305,Club,Black Student Union,,,,crm_import
2521,1,13508,Club,Black Student Union,,,,crm_import
2522,1,9313,Club,Black Student Union,,2026,,advancement_entry
2523,1,11747,Club,Black Student Union,,,,crm_import
2524,1,14272,Club,Black Student Union,Member Leader,,,crm_import
2525,1,14514,Club,Black Student Union,President,,,crm_import
2526,1,12583,Club,Black Student Union,,2025,,online
2527,1,11866,Club,Black Student Union,,,,crm_import
2528,1,3101,Club,Black Student Union,,2003,2006,online
2529,1,14479,Club,Black Student Union,,1968,1972,online
2530,1,14548,Club,Black Student Union,,,,online
2531,1,14593,Club,Black Student Union,,,,crm_import
2532,1,14461,Club,Black Student Union,,,,crm_import
2533,1,14440,Club,Black Student Union,,,,crm_import
2534,1,5967,Club,Black Student Union,,,,crm_import
2535,1,19622,Club,Black Student Union,,2001,2005,crm_import
2536,1,5015,Club,Black Student Union,,,,crm_import
2537,1,5433,Club,Black Student Union,,,,crm_import
2538,1,1987,Club,Black Student Union,,2024,,online
2539,1,9057,Club,Black Student Union,President,,,advancement_entry
2540,1,12765,Club,Black Student Union,,2012,2015,online
2541,1,8740,Club,Black Student Union,,1992,1995,crm_import
2542,1,4559,Club,Black Student Union,Treasurer,,,advancement_entry
2543,1,14698,Club,Black Student Union,Treasurer,1985,1988,online
2544,1,6037,Club,Black Student Union,Treasurer,,,crm_import
2545,1,7149,Club,Black Student Union,Member Leader,,,crm_import
2546,1,13615,Club,Black Student Union,,1981,1985,crm_import
2547,1,6078,Club,Black Student Union,Member Leader,,,advancement_entry
2548,1,10480,Club,Black Student Union,,,,crm_import
2549,1,924,Club,Black Student Union,,2008,2010,crm_import
2550,1,388,Club,Black Student Union,,2010,2012,online
2551,1,2632,Club,Black Student Union,,,,online
2552,1,13490,Club,Black Student Union,President,1983,1986,crm_import
2553,1,1822,Club,Black Student Union,,2024,,crm_import
2554,1,14770,Club,Black Student Union,,,,crm_import
2555,1,18275,Club,Black Student Union,,,,crm_import
2556,1,18630,Club,Black Student Union,,,,crm_import
2557,1,8768,Club,Black Student Union,,1964,1967,online
2558,1,18354,Club,Black Student Union,,2015,2017,advancement_entry
2559,1,5558,Club,Black Student Union,,1988,1990,crm_import
2560,1,5633,Club,Black Student Union,,,,online
2561,1,19843,Club,Black Student Union,,1989,1992,crm_import
2562,1,13998,Club,Black Student Union,,1976,1978,online
2563,1,8130,Club,Black Student Union,,2020,2024,crm_import
2564,1,6095,Club,Black Student Union,,,,crm_import
2565,1,16233,Club,Black Student Union,,1961,1963,advancement_entry
2566,1,576,Club,Black Student Union,,1979,1981,crm_import
2567,1,18653,Club,Black Student Union,,,,crm_import
2568,1,11106,Club,Black Student Union,,2013,2017,online
2569,1,18270,Club,Black Student Union,,,,crm_import
2570,1,10481,Club,Black Student Union,,2005,2007,crm_import
2571,1,10785,Club,Black Student Union,,2014,2017,online
2572,1,10972,Club,Black Student Union,,,,advancement_entry
2573,1,16706,Club,Black Student Union,,,,crm_import
2574,1,15978,Club,Black Student Union,,,,advancement_entry
2575,1,2808,Club,Black Student Union,,,,crm_import
2576,1,11670,Club,Black Student Union,,,,crm_import
2577,1,4623,Club,Black Student Union,,,,crm_import
2578,1,17624,Club,Black Student Union,Member Leader,2025,,crm_import
2579,1,10680,Club,Black Student Union,,,,online
2580,1,6562,Club,Black Student Union,,,,crm_import
2581,1,1106,Club,Black Student Union,,,,crm_import
2582,1,4401,Club,Black Student Union,,,,online
2583,1,18893,Club,Black Student Union,,,,advancement_entry
2584,1,17599,Club,Black Student Union,,,,crm_import
2585,1,4008,Club,Black Student Union,,,,crm_import
2586,1,7467,Club,Black Student Union,,,,crm_import
2587,1,3079,Club,Black Student Union,,1970,1973,online
2588,1,18663,Club,Black Student Union,,1986,1990,crm_import
2589,1,2458,Club,Black Student Union,,,,crm_import
2590,1,8108,Club,Black Student Union,,,,crm_import
2591,1,17762,Club,Black Student Union,,2004,2006,advancement_entry
2592,1,10737,Club,Black Student Union,,,,crm_import
2593,1,7519,Club,Black Student Union,,,,crm_import
2594,1,19928,Club,Black Student Union,,,,crm_import
2595,1,6243,Club,Black Student Union,,,,crm_import
2596,1,6282,Club,Black Student Union,,,,online
2597,1,15693,Club,Black Student Union,,,,online
2598,1,11427,Club,Black Student Union,,1996,1999,crm_import
2599,1,1015,Club,Black Student Union,,,,crm_import
2600,1,5660,Club,Black Student Union,,,,advancement_entry
2601,1,3769,Club,Black Student Union,,1990,1992,online
2602,1,1325,Club,Black Student Union,,2013,2016,crm_import
2603,1,7863,Club,Black Student Union,President,2015,2018,crm_import
2604,1,16220,Club,Black Student Union,,,,crm_import
2605,1,6565,Club,Black Student Union,,,,crm_import
2606,1,3292,Club,Black Student Union,,1983,1985,online
2607,1,5225,Club,Black Student Union,,1985,1989,crm_import
2608,1,141,Club,Black Student Union,,2028,,crm_import
2609,1,8417,Club,Black Student Union,Treasurer,2009,2012,crm_import
2610,1,17148,Club,Black Student Union,,2008,2011,crm_import
2611,1,7777,Club,Latinx Student Association,,2016,2018,crm_import
2612,1,4917,Club,Latinx Student Association,,,,online
2613,1,11271,Club,Latinx Student Association,Member Leader,2000,2003,crm_import
2614,1,8026,Club,Latinx Student Association,,,,crm_import
2615,1,2443,Club,Latinx Student Association,Treasurer,,,online
2616,1,18554,Club,Latinx Student Association,,2025,,crm_import
2617,1,11962,Club,Latinx Student Association,,,,crm_import
2618,1,6627,Club,Latinx Student Association,Member Leader,,,advancement_entry
2619,1,8569,Club,Latinx Student Association,,,,crm_import
2620,1,11204,Club,Latinx Student Association,Member Leader,1964,1968,advancement_entry
2621,1,4486,Club,Latinx Student Association,,,,crm_import
2622,1,4218,Club,Latinx Student Association,,,,crm_import
2623,1,12241,Club,Latinx Student Association,,,,crm_import
2624,1,2593,Club,Latinx Student Association,,,,crm_import
2625,1,563,Club,Latinx Student Association,,,,crm_import
2626,1,8550,Club,Latinx Student Association,,,,crm_import
2627,1,12452,Club,Latinx Student Association,,2016,2019,crm_import
2628,1,17980,Club,Latinx Student Association,,1970,1972,crm_import
2629,1,15921,Club,Latinx Student Association,,,,online
2630,1,7266,Club,Latinx Student Association,,,,crm_import
2631,1,1518,Club,Latinx Student Association,,2013,2016,online
2632,1,7452,Club,Latinx Student Association,,2025,,crm_import
2633,1,10235,Club,Latinx Student Association,,,,crm_import
2634,1,13846,Club,Latinx Student Association,,,,crm_import
2635,1,9692,Club,Latinx Student Association,,2006,2010,crm_import
2636,1,8509,Club,Latinx Student Association,,2023,2025,crm_import
2637,1,3257,Club,Latinx Student Association,,,,crm_import
2638,1,14450,Club,Latinx Student Association,Treasurer,1986,1990,crm_import
2639,1,4584,Club,Latinx Student Association,,,,crm_import
2640,1,12978,Club,Latinx Student Association,,,,crm_import
2641,1,13151,Club,Latinx Student Association,,2003,2006,crm_import
2642,1,598,Club,Latinx Student Association,,2009,2012,crm_import
2643,1,5934,Club,Latinx Student Association,,,,crm_import
2644,1,16190,Club,Latinx Student Association,,,,online
2645,1,1529,Club,Latinx Student Association,,,,crm_import
2646,1,16489,Club,Latinx Student Association,,,,crm_import
2647,1,3867,Club,Latinx Student Association,,,,crm_import
2648,1,3718,Club,Latinx Student Association,Treasurer,,,crm_import
2649,1,9488,Club,Latinx Student Association,,1960,1962,advancement_entry
2650,1,13147,Club,Latinx Student Association,,,,crm_import
2651,1,3499,Club,Latinx Student Association,,2026,,crm_import
2652,1,18974,Club,Latinx Student Association,,,,crm_import
2653,1,8731,Club,Latinx Student Association,,,,online
2654,1,8733,Club,Latinx Student Association,,1991,1993,online
2655,1,6403,Club,Latinx Student Association,President,,,online
2656,1,154,Club,Latinx Student Association,,,,crm_import
2657,1,14119,Club,Latinx Student Association,,,,online
2658,1,3375,Club,Latinx Student Association,,1988,1991,crm_import
2659,1,7613,Club,Latinx Student Association,,1975,1979,crm_import
2660,1,13109,Club,Latinx Student Association,,2025,,crm_import
2661,1,15449,Club,Latinx Student Association,,,,online
2662,1,8802,Club,Latinx Student Association,,1960,1963,crm_import
2663,1,2871,Club,Latinx Student Association,,,,crm_import
2664,1,15275,Club,Latinx Student Association,,2026,,crm_import
2665,1,9268,Club,Latinx Student Association,,,,crm_import
2666,1,18303,Club,Latinx Student Association,,,,crm_import
2667,1,1356,Club,Latinx Student Association,,,,online
2668,1,15221,Club,Latinx Student Association,,,,crm_import
2669,1,17377,Club,Latinx Student Association,,,,crm_import
2670,1,7118,Club,Latinx Student Association,,,,crm_import
2671,1,9320,Club,Latinx Student Association,,1992,1994,online
2672,1,6395,Club,Latinx Student Association,,,,crm_import
2673,1,6386,Club,Latinx Student Association,,,,crm_import
2674,1,11903,Club,Latinx Student Association,,,,crm_import
2675,1,5473,Club,Latinx Student Association,,,,crm_import
2676,1,7937,Club,Latinx Student Association,,2018,2020,advancement_entry
2677,1,6015,Club,Latinx Student Association,,2024,,crm_import
2678,1,16586,Club,Latinx Student Association,Member Leader,,,advancement_entry
2679,1,5267,Club,Latinx Student Association,,1993,1995,crm_import
2680,1,9079,Club,Latinx Student Association,,,,crm_import
2681,1,240,Club,Latinx Student Association,President,,,online
2682,1,18464,Club,Latinx Student Association,,,,online
2683,1,19598,Club,Latinx Student Association,,,,crm_import
2684,1,7070,Club,Latinx Student Association,,2010,2013,crm_import
2685,1,13335,Club,Latinx Student Association,,2005,2007,crm_import
2686,1,19547,Club,Latinx Student Association,,,,online
2687,1,18285,Club,Latinx Student Association,,,,crm_import
2688,1,18110,Club,Latinx Student Association,,,,online
2689,1,12589,Club,Latinx Student Association,,2028,,online
2690,1,14079,Club,Latinx Student Association,,,,crm_import
2691,1,12236,Club,Latinx Student Association,,,,crm_import
2692,1,17744,Club,Latinx Student Association,Treasurer,2024,2026,crm_import
2693,1,34,Club,Latinx Student Association,,2024,,crm_import
2694,1,16582,Club,Latinx Student Association,Treasurer,,,crm_import
2695,1,9269,Club,Latinx Student Association,,1985,1988,advancement_entry
2696,1,13826,Club,Latinx Student Association,,,,crm_import
2697,1,11803,Club,Latinx Student Association,,,,crm_import
2698,1,10601,Club,Latinx Student Association,,,,crm_import
2699,1,2305,Club,Latinx Student Association,,,,advancement_entry
2700,1,19454,Club,Latinx Student Association,,2014,2018,crm_import
2701,1,12714,Club,Latinx Student Association,,,,crm_import
2702,1,14457,Club,Latinx Student Association,,,,crm_import
2703,1,19522,Club,Latinx Student Association,,,,crm_import
2704,1,7420,Club,Latinx Student Association,,,,crm_import
2705,1,16074,Club,Latinx Student Association,,1990,1993,advancement_entry
2706,1,18034,Club,Latinx Student Association,,,,crm_import
2707,1,18460,Club,Latinx Student Association,,,,advancement_entry
2708,1,1924,Club,Latinx Student Association,,,,crm_import
2709,1,17136,Club,Latinx Student Association,,2017,2019,crm_import
2710,1,17797,Club,Latinx Student Association,,2025,,crm_import
2711,1,17595,Club,Latinx Student Association,,,,advancement_entry
2712,1,14199,Club,Latinx Student Association,,,,advancement_entry
2713,1,6790,Club,Latinx Student Association,,1977,1980,crm_import
2714,1,19081,Club,Latinx Student Association,,,,crm_import
2715,1,19292,Club,Latinx Student Association,,,,crm_import
2716,1,17122,Club,Latinx Student Association,,2011,2013,crm_import
2717,1,4019,Club,Latinx Student Association,,,,advancement_entry
2718,1,4183,Club,Latinx Student Association,,,,crm_import
2719,1,8722,Club,Latinx Student Association,Member Leader,,,crm_import
2720,1,13651,Club,Latinx Student Association,,,,crm_import
2721,1,5819,Club,Latinx Student Association,,,,crm_import
2722,1,5470,Club,Latinx Student Association,President,,,crm_import
2723,1,546,Club,Latinx Student Association,,,,crm_import
2724,1,2703,Club,Latinx Student Association,,,,crm_import
2725,1,9360,Club,Latinx Student Association,,,,online
2726,1,16217,Club,Latinx Student Association,,1995,1999,crm_import
2727,1,4434,Club,Latinx Student Association,,1998,2002,online
2728,1,4687,Club,Latinx Student Association,,2013,2017,crm_import
2729,1,18736,Club,Latinx Student Association,President,2005,2008,crm_import
2730,1,16319,Club,Latinx Student Association,,,,crm_import
2731,1,6267,Club,Latinx Student Association,,,,crm_import
2732,1,15408,Club,Latinx Student Association,Member Leader,,,crm_import
2733,1,19804,Club,Latinx Student Association,,2011,2015,online
2734,1,3317,Club,Latinx Student Association,,,,crm_import
2735,1,13511,Club,Latinx Student Association,Treasurer,1994,1997,crm_import
2736,1,9495,Club,Latinx Student Association,,1968,1972,online
2737,1,1960,Club,Latinx Student Association,,2024,2026,crm_import
2738,1,19168,Club,Latinx Student Association,,2006,2009,crm_import
2739,1,17211,Club,Latinx Student Association,,,,online
2740,1,5967,Club,Latinx Student Association,,,,crm_import
2741,1,15414,Club,Asian Students Association,,,,crm_import
2742,1,7212,Club,Asian Students Association,,,,crm_import
2743,1,6666,Club,Asian Students Association,,1982,1986,crm_import
2744,1,11181,Club,Asian Students Association,,,,crm_import
2745,1,7904,Club,Asian Students Association,Member Leader,,,crm_import
2746,1,7156,Club,Asian Students Association,,2007,2011,online
2747,1,6386,Club,Asian Students Association,,,,crm_import
2748,1,12932,Club,Asian Students Association,,2004,2008,crm_import
2749,1,11631,Club,Asian Students Association,,,,crm_import
2750,1,16403,Club,Asian Students Association,,1990,1992,online
2751,1,5623,Club,Asian Students Association,,,,crm_import
2752,1,14854,Club,Asian Students Association,,,,crm_import
2753,1,18285,Club,Asian Students Association,,,,crm_import
2754,1,4842,Club,Asian Students Association,,1970,1972,crm_import
2755,1,432,Club,Asian Students Association,Treasurer,,,crm_import
2756,1,18862,Club,Asian Students Association,Member Leader,1980,1983,crm_import
2757,1,11240,Club,Asian Students Association,,,,crm_import
2758,1,16167,Club,Asian Students Association,,,,crm_import
2759,1,9450,Club,Asian Students Association,,1989,1991,crm_import
2760,1,14485,Club,Asian Students Association,,,,crm_import
2761,1,9710,Club,Asian Students Association,,2023,,crm_import
2762,1,8873,Club,Asian Students Association,,2007,2011,crm_import
2763,1,13141,Club,Asian Students Association,,,,crm_import
2764,1,13201,Club,Asian Students Association,,1992,1996,crm_import
2765,1,17554,Club,Asian Students Association,,1990,1994,online
2766,1,5488,Club,Asian Students Association,,2010,2012,crm_import
2767,1,9875,Club,Asian Students Association,,,,crm_import
2768,1,2078,Club,Asian Students Association,,2009,2012,crm_import
2769,1,7465,Club,Asian Students Association,,2001,2005,crm_import
2770,1,13683,Club,Asian Students Association,,2006,2008,crm_import
2771,1,18570,Club,Asian Students Association,,2014,2017,crm_import
2772,1,7353,Club,Asian Students Association,President,,,crm_import
2773,1,4121,Club,Asian Students Association,,,,crm_import
2774,1,9874,Club,Asian Students Association,,1965,1969,crm_import
2775,1,62,Club,Asian Students Association,,,,crm_import
2776,1,9842,Club,Asian Students Association,,,,online
2777,1,9676,Club,Asian Students Association,,2024,,crm_import
2778,1,2333,Club,Asian Students Association,Member Leader,1988,1990,online
2779,1,2959,Club,Asian Students Association,,,,crm_import
2780,1,10363,Club,Asian Students Association,,,,crm_import
2781,1,16928,Club,Asian Students Association,,,,crm_import
2782,1,11894,Club,Asian Students Association,,1988,1991,crm_import
2783,1,7617,Club,Asian Students Association,,2024,,crm_import
2784,1,4170,Club,Asian Students Association,,,,crm_import
2785,1,10063,Club,Asian Students Association,,,,online
2786,1,10916,Club,Asian Students Association,,,,crm_import
2787,1,9525,Club,Asian Students Association,,2026,,crm_import
2788,1,2262,Club,Asian Students Association,,1995,1997,advancement_entry
2789,1,10818,Club,Asian Students Association,Member Leader,,,advancement_entry
2790,1,11549,Club,Asian Students Association,,,,crm_import
2791,1,16348,Club,Asian Students Association,,,,crm_import
2792,1,14306,Club,Asian Students Association,,2026,,crm_import
2793,1,10767,Club,Asian Students Association,,,,crm_import
2794,1,13889,Club,Asian Students Association,,,,crm_import
2795,1,4628,Club,Asian Students Association,,,,advancement_entry
2796,1,5862,Club,Asian Students Association,Treasurer,,,online
2797,1,488,Club,Asian Students Association,,2003,2005,crm_import
2798,1,4595,Club,Asian Students Association,,1968,1972,online
2799,1,8020,Club,Asian Students Association,,,,crm_import
2800,1,9154,Club,Asian Students Association,,,,online
2801,1,17929,Club,Asian Students Association,,,,advancement_entry
2802,1,10060,Club,Asian Students Association,,,,crm_import
2803,1,10074,Club,Asian Students Association,,,,online
2804,1,6467,Club,Asian Students Association,,,,crm_import
2805,1,3182,Club,Asian Students Association,,2011,2014,crm_import
2806,1,4343,Club,Asian Students Association,,1959,1963,crm_import
2807,1,7887,Club,Asian Students Association,Treasurer,,,advancement_entry
2808,1,13589,Club,Asian Students Association,,,,crm_import
2809,1,3917,Club,Asian Students Association,,,,crm_import
2810,1,1510,Club,Asian Students Association,,,,crm_import
2811,1,11067,Club,Asian Students Association,,1989,1993,crm_import
2812,1,6242,Club,Asian Students Association,,1972,1975,crm_import
2813,1,7760,Club,Asian Students Association,,1999,2002,crm_import
2814,1,15507,Club,Asian Students Association,,,,online
2815,1,10479,Club,Asian Students Association,Treasurer,,,online
2816,1,19582,Club,Asian Students Association,,,,crm_import
2817,1,2946,Club,Asian Students Association,,,,crm_import
2818,1,2918,Club,Asian Students Association,,,,crm_import
2819,1,15423,Club,Asian Students Association,,2025,,crm_import
2820,1,3549,Club,Asian Students Association,Treasurer,,,crm_import
2821,1,5446,Club,Asian Students Association,,,,crm_import
2822,1,8950,Club,Asian Students Association,,1989,1991,crm_import
2823,1,2298,Club,Asian Students Association,,,,crm_import
2824,1,13994,Club,Asian Students Association,,,,crm_import
2825,1,6567,Club,Asian Students Association,,,,crm_import
2826,1,2025,Club,Asian Students Association,,1992,1994,crm_import
2827,1,15524,Club,Asian Students Association,Member Leader,2023,2025,crm_import
2828,1,5657,Club,Asian Students Association,Treasurer,,,crm_import
2829,1,18447,Club,Asian Students Association,,,,crm_import
2830,1,11630,Club,Asian Students Association,,,,online
2831,1,13213,Club,Asian Students Association,,,,online
2832,1,14336,Club,Asian Students Association,,1996,1998,online
2833,1,14677,Club,Asian Students Association,,,,crm_import
2834,1,18153,Club,Asian Students Association,,1974,1977,online
2835,1,8037,Club,Asian Students Association,,,,advancement_entry
2836,1,17069,Club,Asian Students Association,President,,,crm_import
2837,1,15375,Club,Asian Students Association,,,,online
2838,1,11660,Club,Asian Students Association,President,2014,2018,crm_import
2839,1,11316,Club,Asian Students Association,President,,,crm_import
2840,1,18746,Club,Asian Students Association,,,,crm_import
2841,1,6521,Club,Asian Students Association,,,,crm_import
2842,1,8720,Club,Asian Students Association,Treasurer,,,crm_import
2843,1,7735,Club,Asian Students Association,Treasurer,2023,,crm_import
2844,1,355,Club,Asian Students Association,,,,crm_import
2845,1,11534,Club,Asian Students Association,,2005,2007,crm_import
2846,1,4398,Club,Asian Students Association,Treasurer,,,crm_import
2847,1,10042,Club,Asian Students Association,,,,crm_import
2848,1,13230,Club,Asian Students Association,Treasurer,,,crm_import
2849,1,12308,Club,Asian Students Association,,,,crm_import
2850,1,15057,Club,Asian Students Association,,1999,2002,online
2851,1,2316,Club,Asian Students Association,,,,online
2852,1,19107,Club,Asian Students Association,,2004,2007,crm_import
2853,1,7622,Club,Asian Students Association,,,,advancement_entry
2854,1,1974,Club,Asian Students Association,,1990,1994,crm_import
2855,1,15413,Club,Asian Students Association,,,,crm_import
2856,1,3103,Club,Asian Students Association,,1989,1991,online
2857,1,5137,Club,Asian Students Association,,2002,2006,crm_import
2858,1,2660,Club,Asian Students Association,,,,crm_import
2859,1,15446,Club,Asian Students Association,,2013,2016,crm_import
2860,1,12841,Club,Asian Students Association,,1997,1999,crm_import
2861,1,11261,Club,Asian Students Association,,,,crm_import
2862,1,18067,Club,Asian Students Association,President,,,online
2863,1,4992,Club,Asian Students Association,,,,online
2864,1,18931,Club,Asian Students Association,,,,crm_import
2865,1,1780,Club,Asian Students Association,,,,online
2866,1,17702,Club,Asian Students Association,,,,advancement_entry
2867,1,14007,Club,Asian Students Association,,,,advancement_entry
2868,1,3884,Club,Asian Students Association,,,,crm_import
2869,1,76,Club,Asian Students Association,,,,crm_import
2870,1,7795,Club,Asian Students Association,,,,crm_import
2871,1,19884,Club,Asian Students Association,,,,online
2872,1,11014,Club,Asian Students Association,,,,online
2873,1,16512,Club,Asian Students Association,,,,crm_import
2874,1,16584,Club,Asian Students Association,,,,crm_import
2875,1,14440,Club,Asian Students Association,,,,crm_import
2876,1,15330,Club,Asian Students Association,,,,crm_import
2877,1,10478,Club,Asian Students Association,,,,crm_import
2878,1,7817,Club,Asian Students Association,,,,online
2879,1,10576,Club,Asian Students Association,,,,online
2880,1,4720,Club,Asian Students Association,,,,advancement_entry
2881,1,17914,Club,Asian Students Association,,,,advancement_entry
2882,1,19817,Club,Asian Students Association,,1994,1997,crm_import
2883,1,9277,Club,Asian Students Association,,2024,,crm_import
2884,1,12216,Club,Asian Students Association,Member Leader,,,crm_import
2885,1,12711,Club,Asian Students Association,,1997,2001,crm_import
2886,1,10220,Club,Asian Students Association,,1979,1983,online
2887,1,9612,Club,Asian Students Association,President,,,crm_import
2888,1,9961,Club,Asian Students Association,,1975,1977,crm_import
2889,1,9857,Club,Asian Students Association,,2026,,crm_import
2890,1,16325,Club,Asian Students Association,,2007,2010,crm_import
2891,1,6255,Club,Asian Students Association,,,,crm_import
2892,1,2310,Club,Asian Students Association,,,,crm_import
2893,1,5477,Club,Asian Students Association,,,,crm_import
2894,1,5511,Club,Asian Students Association,,2019,2022,crm_import
2895,1,11260,Club,Asian Students Association,,,,crm_import
2896,1,322,Club,Asian Students Association,Member Leader,2008,2012,crm_import
2897,1,19055,Club,Asian Students Association,,,,crm_import
2898,1,714,Club,Asian Students Association,,,,crm_import
2899,1,686,Club,Asian Students Association,Member Leader,,,crm_import
2900,1,12550,Club,Asian Students Association,,,,crm_import
2901,1,207,Club,LGBTQ+ Alliance,Treasurer,2006,2010,crm_import
2902,1,7233,Club,LGBTQ+ Alliance,,,,crm_import
2903,1,19180,Club,LGBTQ+ Alliance,,2010,2013,advancement_entry
2904,1,5218,Club,LGBTQ+ Alliance,,,,crm_import
2905,1,19756,Club,LGBTQ+ Alliance,,,,crm_import
2906,1,11388,Club,LGBTQ+ Alliance,,1965,1969,crm_import
2907,1,18927,Club,LGBTQ+ Alliance,Treasurer,,,crm_import
2908,1,3292,Club,LGBTQ+ Alliance,,,,online
2909,1,1103,Club,LGBTQ+ Alliance,,,,crm_import
2910,1,557,Club,LGBTQ+ Alliance,President,,,crm_import
2911,1,7694,Club,LGBTQ+ Alliance,,2028,,crm_import
2912,1,15474,Club,LGBTQ+ Alliance,,,,crm_import
2913,1,19951,Club,LGBTQ+ Alliance,,2001,2004,crm_import
2914,1,19074,Club,LGBTQ+ Alliance,,,,online
2915,1,9338,Club,LGBTQ+ Alliance,,2004,2006,crm_import
2916,1,7093,Club,LGBTQ+ Alliance,,2024,2026,crm_import
2917,1,5953,Club,LGBTQ+ Alliance,,,,crm_import
2918,1,18284,Club,LGBTQ+ Alliance,,2024,2026,crm_import
2919,1,9644,Club,LGBTQ+ Alliance,,1978,1981,crm_import
2920,1,9657,Club,LGBTQ+ Alliance,,,,online
2921,1,13603,Club,LGBTQ+ Alliance,,2007,2011,crm_import
2922,1,2077,Club,LGBTQ+ Alliance,,,,crm_import
2923,1,3005,Club,LGBTQ+ Alliance,Member Leader,2009,2012,crm_import
2924,1,10296,Club,LGBTQ+ Alliance,,2003,2005,online
2925,1,6644,Club,LGBTQ+ Alliance,,,,crm_import
2926,1,16297,Club,LGBTQ+ Alliance,,,,online
2927,1,15399,Club,LGBTQ+ Alliance,,,,online
2928,1,14546,Club,LGBTQ+ Alliance,,,,online
2929,1,2185,Club,LGBTQ+ Alliance,,,,advancement_entry
2930,1,9763,Club,LGBTQ+ Alliance,,1994,1997,crm_import
2931,1,1753,Club,LGBTQ+ Alliance,,,,online
2932,1,17624,Club,LGBTQ+ Alliance,,2026,,crm_import
2933,1,2353,Club,LGBTQ+ Alliance,,,,crm_import
2934,1,12559,Club,LGBTQ+ Alliance,,2005,2009,crm_import
2935,1,19400,Club,LGBTQ+ Alliance,,1971,1973,crm_import
2936,1,12342,Club,LGBTQ+ Alliance,Member Leader,,,online
2937,1,17585,Club,LGBTQ+ Alliance,,,,advancement_entry
2938,1,1837,Club,LGBTQ+ Alliance,,2017,2019,advancement_entry
2939,1,6980,Club,LGBTQ+ Alliance,,1981,1983,crm_import
2940,1,8640,Club,LGBTQ+ Alliance,,,,crm_import
2941,1,6602,Club,LGBTQ+ Alliance,,,,crm_import
2942,1,3286,Club,LGBTQ+ Alliance,,,,crm_import
2943,1,2253,Club,LGBTQ+ Alliance,,2004,2006,crm_import
2944,1,13159,Club,LGBTQ+ Alliance,,,,advancement_entry
2945,1,18959,Club,LGBTQ+ Alliance,,2016,2020,crm_import
2946,1,8241,Club,LGBTQ+ Alliance,,1976,1978,crm_import
2947,1,3135,Club,LGBTQ+ Alliance,,,,online
2948,1,5160,Club,LGBTQ+ Alliance,,,,crm_import
2949,1,11099,Club,LGBTQ+ Alliance,,2026,,crm_import
2950,1,545,Club,LGBTQ+ Alliance,,2015,2019,advancement_entry
2951,1,4056,Club,LGBTQ+ Alliance,,,,crm_import
2952,1,1618,Club,LGBTQ+ Alliance,,,,crm_import
2953,1,11385,Club,LGBTQ+ Alliance,,,,crm_import
2954,1,17264,Club,LGBTQ+ Alliance,,2027,,crm_import
2955,1,9191,Club,LGBTQ+ Alliance,,,,crm_import
2956,1,14776,Club,LGBTQ+ Alliance,,2012,2014,crm_import
2957,1,9097,Club,LGBTQ+ Alliance,,,,advancement_entry
2958,1,3229,Club,LGBTQ+ Alliance,,,,crm_import
2959,1,5793,Club,LGBTQ+ Alliance,,,,crm_import
2960,1,2890,Club,LGBTQ+ Alliance,,,,crm_import
2961,1,606,Club,LGBTQ+ Alliance,,,,crm_import
2962,1,3260,Club,LGBTQ+ Alliance,,,,online
2963,1,18166,Club,LGBTQ+ Alliance,,,,online
2964,1,8475,Club,LGBTQ+ Alliance,,,,advancement_entry
2965,1,17038,Club,LGBTQ+ Alliance,President,,,crm_import
2966,1,6867,Club,LGBTQ+ Alliance,,1995,1997,crm_import
2967,1,15884,Club,LGBTQ+ Alliance,,2011,2014,crm_import
2968,1,2836,Club,LGBTQ+ Alliance,,2000,2003,crm_import
2969,1,3748,Club,LGBTQ+ Alliance,,,,online
2970,1,3856,Club,LGBTQ+ Alliance,,2025,,crm_import
2971,1,12705,Club,LGBTQ+ Alliance,President,,,crm_import
2972,1,7086,Club,LGBTQ+ Alliance,,,,crm_import
2973,1,3930,Club,LGBTQ+ Alliance,,2027,,crm_import
2974,1,393,Club,LGBTQ+ Alliance,,2008,2011,crm_import
2975,1,19576,Club,LGBTQ+ Alliance,,,,online
2976,1,5766,Club,LGBTQ+ Alliance,,1965,1967,crm_import
2977,1,9828,Club,LGBTQ+ Alliance,,2021,2023,crm_import
2978,1,13232,Club,LGBTQ+ Alliance,,2001,2005,online
2979,1,1420,Club,LGBTQ+ Alliance,,,,crm_import
2980,1,10003,Club,LGBTQ+ Alliance,,,,crm_import
2981,1,6730,Club,LGBTQ+ Alliance,,1976,1980,advancement_entry
2982,1,3384,Club,LGBTQ+ Alliance,,,,advancement_entry
2983,1,128,Club,LGBTQ+ Alliance,,,,crm_import
2984,1,7459,Club,LGBTQ+ Alliance,,,,crm_import
2985,1,14964,Club,LGBTQ+ Alliance,,2009,2011,advancement_entry
2986,1,4528,Club,LGBTQ+ Alliance,,,,advancement_entry
2987,1,16021,Club,LGBTQ+ Alliance,,,,crm_import
2988,1,18383,Club,LGBTQ+ Alliance,,1975,1977,online
2989,1,10400,Club,LGBTQ+ Alliance,,,,crm_import
2990,1,12788,Club,LGBTQ+ Alliance,,,,crm_import
2991,1,12864,Club,LGBTQ+ Alliance,,2023,2026,online
2992,1,9183,Club,LGBTQ+ Alliance,,,,online
2993,1,9164,Club,LGBTQ+ Alliance,,,,crm_import
2994,1,5850,Club,LGBTQ+ Alliance,,1987,1991,crm_import
2995,1,1229,Club,LGBTQ+ Alliance,,,,online
2996,1,6274,Club,LGBTQ+ Alliance,,2023,,online
2997,1,12887,Club,LGBTQ+ Alliance,,2025,,crm_import
2998,1,17049,Club,LGBTQ+ Alliance,,,,crm_import
2999,1,12818,Club,LGBTQ+ Alliance,,2005,2009,crm_import
3000,1,18152,Club,LGBTQ+ Alliance,,,,online
3001,1,1005,Club,LGBTQ+ Alliance,,2005,2009,crm_import
3002,1,19356,Club,LGBTQ+ Alliance,,,,advancement_entry
3003,1,15150,Club,LGBTQ+ Alliance,,,,crm_import
3004,1,6666,Club,LGBTQ+ Alliance,,1982,1986,crm_import
3005,1,12800,Club,LGBTQ+ Alliance,,1995,1999,crm_import
3006,1,11077,Club,LGBTQ+ Alliance,,,,online
3007,1,8080,Club,LGBTQ+ Alliance,,1997,2001,crm_import
3008,1,8720,Club,LGBTQ+ Alliance,,,,crm_import
3009,1,6746,Club,LGBTQ+ Alliance,,2028,,crm_import
3010,1,15276,Club,LGBTQ+ Alliance,,,,crm_import
3011,1,15847,Club,LGBTQ+ Alliance,,1996,1998,crm_import
3012,1,12228,Club,LGBTQ+ Alliance,,,,crm_import
3013,1,7158,Club,LGBTQ+ Alliance,,1970,1972,advancement_entry
3014,1,6824,Club,LGBTQ+ Alliance,,,,advancement_entry
3015,1,13129,Club,LGBTQ+ Alliance,Member Leader,2013,2015,crm_import
3016,1,1274,Club,LGBTQ+ Alliance,,,,crm_import
3017,1,13133,Club,LGBTQ+ Alliance,,1963,1967,crm_import
3018,1,329,Club,LGBTQ+ Alliance,,1984,1987,crm_import
3019,1,587,Club,LGBTQ+ Alliance,,,,crm_import
3020,1,19388,Club,LGBTQ+ Alliance,,,,crm_import
3021,1,3466,Club,Model United Nations,,,,crm_import
3022,1,11074,Club,Model United Nations,,2025,,crm_import
3023,1,15893,Club,Model United Nations,,1964,1967,crm_import
3024,1,712,Club,Model United Nations,,,,advancement_entry
3025,1,12070,Club,Model United Nations,Member Leader,,,crm_import
3026,1,7915,Club,Model United Nations,,,,crm_import
3027,1,5793,Club,Model United Nations,,2001,2005,crm_import
3028,1,10914,Club,Model United Nations,,,,crm_import
3029,1,11980,Club,Model United Nations,,,,crm_import
3030,1,16192,Club,Model United Nations,,2015,2019,crm_import
3031,1,1530,Club,Model United Nations,,2009,2011,advancement_entry
3032,1,696,Club,Model United Nations,,2017,2019,crm_import
3033,1,1164,Club,Model United Nations,,,,crm_import
3034,1,17228,Club,Model United Nations,,,,advancement_entry
3035,1,1716,Club,Model United Nations,,,,crm_import
3036,1,8241,Club,Model United Nations,,,,crm_import
3037,1,12490,Club,Model United Nations,,,,advancement_entry
3038,1,8296,Club,Model United Nations,,,,crm_import
3039,1,11776,Club,Model United Nations,,2011,2013,advancement_entry
3040,1,11762,Club,Model United Nations,,2026,,crm_import
3041,1,2107,Club,Model United Nations,,2027,,advancement_entry
3042,1,18615,Club,Model United Nations,,2027,,online
3043,1,4749,Club,Model United Nations,,2018,2021,online
3044,1,2998,Club,Model United Nations,,,,crm_import
3045,1,5668,Club,Model United Nations,,2015,2018,advancement_entry
3046,1,18908,Club,Model United Nations,,,,crm_import
3047,1,8833,Club,Model United Nations,,,,crm_import
3048,1,11647,Club,Model United Nations,,1986,1989,crm_import
3049,1,19939,Club,Model United Nations,,,,online
3050,1,7147,Club,Model United Nations,,2015,2019,crm_import
3051,1,17417,Club,Model United Nations,,,,crm_import
3052,1,4333,Club,Model United Nations,,,,crm_import
3053,1,7717,Club,Model United Nations,,2012,2016,online
3054,1,6897,Club,Model United Nations,,,,crm_import
3055,1,9987,Club,Model United Nations,,,,crm_import
3056,1,14314,Club,Model United Nations,,1981,1984,crm_import
3057,1,11446,Club,Model United Nations,,,,crm_import
3058,1,9716,Club,Model United Nations,,1996,1998,crm_import
3059,1,7938,Club,Model United Nations,,,,advancement_entry
3060,1,8756,Club,Model United Nations,Treasurer,,,crm_import
3061,1,12825,Club,Model United Nations,Treasurer,1963,1965,crm_import
3062,1,16698,Club,Model United Nations,,,,online
3063,1,10187,Club,Model United Nations,Member Leader,,,crm_import
3064,1,13469,Club,Model United Nations,,,,crm_import
3065,1,6143,Club,Model United Nations,,,,crm_import
3066,1,18255,Club,Model United Nations,,,,crm_import
3067,1,2628,Club,Model United Nations,,,,advancement_entry
3068,1,14937,Club,Model United Nations,,,,advancement_entry
3069,1,4565,Club,Model United Nations,,,,crm_import
3070,1,5869,Club,Model United Nations,,,,crm_import
3071,1,10417,Club,Model United Nations,,1982,1984,crm_import
3072,1,10152,Club,Model United Nations,,,,online
3073,1,1688,Club,Model United Nations,,,,crm_import
3074,1,19502,Club,Model United Nations,,,,crm_import
3075,1,15904,Club,Model United Nations,,,,online
3076,1,12872,Club,Model United Nations,,,,online
3077,1,8971,Club,Model United Nations,,,,crm_import
3078,1,6690,Club,Model United Nations,,,,crm_import
3079,1,7576,Club,Model United Nations,,1992,1996,crm_import
3080,1,5841,Club,Model United Nations,,2010,2013,crm_import
3081,1,19808,Club,Model United Nations,,,,advancement_entry
3082,1,19780,Club,Model United Nations,,,,crm_import
3083,1,15461,Club,Model United Nations,President,1996,1999,crm_import
3084,1,2456,Club,Model United Nations,,,,crm_import
3085,1,18658,Club,Model United Nations,,,,crm_import
3086,1,19418,Club,Model United Nations,,,,crm_import
3087,1,11393,Club,Model United Nations,,,,crm_import
3088,1,15589,Club,Model United Nations,,,,advancement_entry
3089,1,7154,Club,Model United Nations,,,,crm_import
3090,1,16034,Club,Model United Nations,,2008,2010,crm_import
3091,1,16631,Club,Model United Nations,,1954,1958,crm_import
3092,1,18227,Club,Model United Nations,,,,crm_import
3093,1,12013,Club,Model United Nations,,,,online
3094,1,1989,Club,Model United Nations,,1957,1961,crm_import
3095,1,10691,Club,Model United Nations,,,,online
3096,1,16,Club,Model United Nations,,,,crm_import
3097,1,6385,Club,Model United Nations,,,,crm_import
3098,1,11314,Club,Model United Nations,,,,online
3099,1,15391,Club,Model United Nations,,,,crm_import
3100,1,14014,Club,Model United Nations,,,,online
3101,1,1909,Club,Model United Nations,,,,online
3102,1,3899,Club,Model United Nations,,,,crm_import
3103,1,16604,Club,Model United Nations,,1957,1960,crm_import
3104,1,14145,Club,Model United Nations,,,,crm_import
3105,1,17661,Club,Model United Nations,,1956,1958,online
3106,1,17175,Club,Model United Nations,,,,crm_import
3107,1,12344,Club,Model United Nations,,,,online
3108,1,13517,Club,Model United Nations,,1983,1987,online
3109,1,7914,Club,Model United Nations,,2028,,crm_import
3110,1,2462,Club,Model United Nations,Member Leader,2013,2017,crm_import
3111,1,18853,Club,Model United Nations,,2013,2017,crm_import
3112,1,3189,Club,Model United Nations,,2006,2009,crm_import
3113,1,209,Club,Model United Nations,,,,crm_import
3114,1,14511,Club,Model United Nations,,2005,2008,crm_import
3115,1,1216,Club,Model United Nations,,,,crm_import
3116,1,16095,Club,Model United Nations,,1986,1988,crm_import
3117,1,2917,Club,Model United Nations,,1985,1989,crm_import
3118,1,7738,Club,Model United Nations,,,,crm_import
3119,1,222,Club,Model United Nations,,1984,1986,online
3120,1,12767,Club,Model United Nations,,2007,2009,online
3121,1,9833,Club,Model United Nations,,2026,,crm_import
3122,1,6968,Club,Model United Nations,,2006,2008,crm_import
3123,1,5249,Club,Model United Nations,President,,,online
3124,1,15041,Club,Model United Nations,,,,online
3125,1,15360,Club,Model United Nations,,2000,2002,crm_import
3126,1,19135,Club,Model United Nations,,1998,2002,crm_import
3127,1,4523,Club,Model United Nations,,,,online
3128,1,16632,Club,Model United Nations,,,,advancement_entry
3129,1,461,Club,Model United Nations,,,,crm_import
3130,1,9521,Club,Model United Nations,,,,crm_import
3131,1,4935,Club,Model United Nations,Treasurer,,,crm_import
3132,1,19750,Club,Model United Nations,,1993,1996,advancement_entry
3133,1,13074,Club,Model United Nations,,2008,2011,crm_import
3134,1,9379,Club,Model United Nations,,2000,2003,advancement_entry
3135,1,7678,Club,Model United Nations,,,,crm_import
3136,1,12942,Club,Model United Nations,Treasurer,2004,2007,crm_import
3137,1,1356,Club,Model United Nations,,,,online
3138,1,4280,Club,Model United Nations,President,,,online
3139,1,4616,Club,Model United Nations,,1998,2002,crm_import
3140,1,4988,Club,Model United Nations,President,,,crm_import
3141,1,8907,Club,Model United Nations,,1996,1998,online
3142,1,19732,Club,Model United Nations,,,,advancement_entry
3143,1,919,Club,Model United Nations,,,,online
3144,1,1463,Club,Model United Nations,,,,crm_import
3145,1,6275,Club,Model United Nations,,,,crm_import
3146,1,2710,Club,Model United Nations,Member Leader,,,crm_import
3147,1,14874,Club,Model United Nations,,2003,2006,crm_import
3148,1,15742,Club,Model United Nations,,,,crm_import
3149,1,13255,Club,Model United Nations,,1998,2001,crm_import
3150,1,233,Club,Model United Nations,,,,crm_import
3151,1,9944,Club,Model United Nations,,1986,1990,crm_import
3152,1,3197,Club,Model United Nations,,2016,2019,crm_import
3153,1,6343,Club,Model United Nations,President,,,online
3154,1,6831,Club,Model United Nations,President,,,crm_import
3155,1,8049,Club,Model United Nations,,,,crm_import
3156,1,4061,Club,Model United Nations,,1984,1987,crm_import
3157,1,17560,Club,Model United Nations,,,,online
3158,1,13561,Club,Model United Nations,,1975,1977,crm_import
3159,1,9569,Club,Model United Nations,,1961,1963,crm_import
3160,1,19965,Club,Model United Nations,,1988,1991,crm_import
3161,1,11868,Club,Model United Nations,,,,crm_import
3162,1,16562,Club,Model United Nations,,1988,1991,crm_import
3163,1,16425,Club,Model United Nations,,2020,2023,crm_import
3164,1,9771,Club,Model United Nations,,,,crm_import
3165,1,12465,Club,Model United Nations,Member Leader,,,crm_import
3166,1,5862,Club,Model United Nations,Treasurer,,,online
3167,1,14785,Club,Model United Nations,,,,crm_import
3168,1,4177,Club,Model United Nations,,2024,,crm_import
3169,1,5979,Club,Model United Nations,,,,crm_import
3170,1,17026,Club,Model United Nations,,,,crm_import
3171,1,16168,Club,Model United Nations,Member Leader,,,crm_import
3172,1,8181,Club,Model United Nations,,,,crm_import
3173,1,10261,Club,Model United Nations,,1976,1979,crm_import
3174,1,2522,Club,Model United Nations,,,,crm_import
3175,1,12115,Club,Model United Nations,,,,crm_import
3176,1,3730,Club,Model United Nations,,,,crm_import
3177,1,11898,Club,Model United Nations,,,,crm_import
3178,1,19010,Club,Model United Nations,,2027,,online
3179,1,13432,Club,Model United Nations,,,,crm_import
3180,1,8836,Club,Model United Nations,,1981,1983,online
3181,1,8290,Club,Model United Nations,,,,crm_import
3182,1,15471,Club,Model United Nations,,,,crm_import
3183,1,4562,Club,Model United Nations,Treasurer,,,crm_import
3184,1,11775,Club,Model United Nations,Member Leader,1991,1995,advancement_entry
3185,1,19544,Club,Model United Nations,Member Leader,2014,2017,crm_import
3186,1,14175,Club,Model United Nations,,,,crm_import
3187,1,16416,Club,Model United Nations,,,,crm_import
3188,1,12669,Club,Model United Nations,,1993,1995,crm_import
3189,1,12076,Club,Model United Nations,,1996,2000,online
3190,1,13280,Club,Model United Nations,,,,crm_import
3191,1,2836,Club,Model United Nations,Member Leader,1999,2003,crm_import
3192,1,14817,Club,Model United Nations,,,,crm_import
3193,1,14231,Club,Model United Nations,Member Leader,,,online
3194,1,18422,Club,Model United Nations,,,,crm_import
3195,1,16969,Club,Model United Nations,,2013,2015,crm_import
3196,1,4994,Club,Model United Nations,,1999,2001,crm_import
3197,1,18755,Club,Model United Nations,Member Leader,,,crm_import
3198,1,14721,Club,Model United Nations,,,,crm_import
3199,1,4762,Club,Model United Nations,,1981,1984,online
3200,1,8151,Club,Model United Nations,,,,crm_import
3201,1,5737,Club,Student Newspaper,,,,crm_import
3202,1,7005,Club,Student Newspaper,,1958,1962,online
3203,1,5127,Club,Student Newspaper,,,,online
3204,1,619,Club,Student Newspaper,,1979,1981,online
3205,1,807,Club,Student Newspaper,,,,online
3206,1,4187,Club,Student Newspaper,,,,crm_import
3207,1,1131,Club,Student Newspaper,,1994,1997,crm_import
3208,1,3307,Club,Student Newspaper,,,,crm_import
3209,1,19829,Club,Student Newspaper,,,,crm_import
3210,1,19581,Club,Student Newspaper,,2028,,crm_import
3211,1,7870,Club,Student Newspaper,,,,crm_import
3212,1,8557,Club,Student Newspaper,,1989,1991,online
3213,1,15142,Club,Student Newspaper,,,,crm_import
3214,1,19288,Club,Student Newspaper,,,,crm_import
3215,1,19105,Club,Student Newspaper,Member Leader,2016,2018,online
3216,1,4534,Club,Student Newspaper,,,,crm_import
3217,1,13565,Club,Student Newspaper,,,,online
3218,1,15033,Club,Student Newspaper,,,,crm_import
3219,1,2512,Club,Student Newspaper,,,,crm_import
3220,1,10184,Club,Student Newspaper,,1967,1969,online
3221,1,706,Club,Student Newspaper,,,,crm_import
3222,1,5967,Club,Student Newspaper,,,,crm_import
3223,1,15693,Club,Student Newspaper,Treasurer,,,online
3224,1,17704,Club,Student Newspaper,,1986,1990,crm_import
3225,1,12096,Club,Student Newspaper,,,,online
3226,1,3915,Club,Student Newspaper,,,,crm_import
3227,1,747,Club,Student Newspaper,,2000,2003,online
3228,1,18092,Club,Student Newspaper,,2023,2026,crm_import
3229,1,1355,Club,Student Newspaper,,,,crm_import
3230,1,19707,Club,Student Newspaper,,,,crm_import
3231,1,15853,Club,Student Newspaper,,1976,1980,crm_import
3232,1,16456,Club,Student Newspaper,,,,crm_import
3233,1,3192,Club,Student Newspaper,,,,crm_import
3234,1,17790,Club,Student Newspaper,,2027,,crm_import
3235,1,14923,Club,Student Newspaper,,,,crm_import
3236,1,19181,Club,Student Newspaper,,2000,2002,online
3237,1,9132,Club,Student Newspaper,,2022,2026,crm_import
3238,1,8644,Club,Student Newspaper,,,,advancement_entry
3239,1,6975,Club,Student Newspaper,,,,crm_import
3240,1,4154,Club,Student Newspaper,,,,crm_import
3241,1,5665,Club,Student Newspaper,,,,crm_import
3242,1,325,Club,Student Newspaper,,,,crm_import
3243,1,9915,Club,Student Newspaper,,2023,2026,crm_import
3244,1,3414,Club,Student Newspaper,,,,advancement_entry
3245,1,17973,Club,Student Newspaper,,1959,1963,crm_import
3246,1,14864,Club,Student Newspaper,,2015,2019,crm_import
3247,1,10479,Club,Student Newspaper,,,,online
3248,1,1333,Club,Student Newspaper,,,,crm_import
3249,1,19655,Club,Student Newspaper,,,,crm_import
3250,1,17949,Club,Student Newspaper,,,,online
3251,1,6645,Club,Student Newspaper,,,,advancement_entry
3252,1,2245,Club,Student Newspaper,,2025,,online
3253,1,1828,Club,Student Newspaper,,2026,,crm_import
3254,1,18875,Club,Student Newspaper,,,,online
3255,1,9621,Club,Student Newspaper,Member Leader,2026,,crm_import
3256,1,6111,Club,Student Newspaper,President,2002,2005,crm_import
3257,1,8482,Club,Student Newspaper,,,,crm_import
3258,1,19418,Club,Student Newspaper,,,,crm_import
3259,1,16053,Club,Student Newspaper,,,,crm_import
3260,1,3244,Club,Student Newspaper,,,,crm_import
3261,1,4806,Club,Student Newspaper,,,,crm_import
3262,1,6851,Club,Student Newspaper,,,,online
3263,1,7738,Club,Student Newspaper,,,,crm_import
3264,1,1325,Club,Student Newspaper,,,,crm_import
3265,1,14771,Club,Student Newspaper,,,,online
3266,1,17663,Club,Student Newspaper,,,,advancement_entry
3267,1,6867,Club,Student Newspaper,Member Leader,,,crm_import
3268,1,2687,Club,Student Newspaper,,,,crm_import
3269,1,7884,Club,Student Newspaper,,1999,2002,crm_import
3270,1,17908,Club,Student Newspaper,,2000,2003,crm_import
3271,1,18128,Club,Student Newspaper,Member Leader,2022,2026,crm_import
3272,1,7822,Club,Student Newspaper,,,,crm_import
3273,1,11631,Club,Student Newspaper,,1974,1976,crm_import
3274,1,233,Club,Student Newspaper,,,,crm_import
3275,1,17058,Club,Student Newspaper,,1992,1996,online
3276,1,18603,Club,Student Newspaper,,,,online
3277,1,10680,Club,Student Newspaper,,,,online
3278,1,19081,Club,Student Newspaper,,,,crm_import
3279,1,17736,Club,Student Newspaper,,1994,1997,crm_import
3280,1,12230,Club,Student Newspaper,,1978,1982,online
3281,1,2654,Club,Student Newspaper,,,,crm_import
3282,1,15330,Club,Student Newspaper,President,2003,2006,crm_import
3283,1,5592,Club,Student Newspaper,Treasurer,,,crm_import
3284,1,15859,Club,Student Newspaper,,2025,,crm_import
3285,1,13679,Club,Student Newspaper,,,,crm_import
3286,1,9525,Club,Student Newspaper,,,,crm_import
3287,1,18449,Club,Student Newspaper,,,,crm_import
3288,1,18285,Club,Student Newspaper,,,,crm_import
3289,1,486,Club,Student Newspaper,,,,advancement_entry
3290,1,9469,Club,Student Newspaper,,1971,1975,advancement_entry
3291,1,16440,Club,Student Newspaper,,2011,2014,online
3292,1,15252,Club,Student Newspaper,,2005,2008,advancement_entry
3293,1,13223,Club,Student Newspaper,,,,online
3294,1,6679,Club,Student Newspaper,President,,,online
3295,1,2661,Club,Student Newspaper,,,,crm_import
3296,1,19919,Club,Student Newspaper,,,,advancement_entry
3297,1,17614,Club,Student Newspaper,,,,crm_import
3298,1,16366,Club,Student Newspaper,Member Leader,,,online
3299,1,6501,Club,Student Newspaper,,,,crm_import
3300,1,1245,Club,Student Newspaper,,,,crm_import
3301,1,17869,Club,Student Newspaper,,2011,2015,crm_import
3302,1,5428,Club,Student Newspaper,,,,online
3303,1,7954,Club,Student Newspaper,,1959,1962,crm_import
3304,1,19635,Club,Student Newspaper,,,,crm_import
3305,1,17062,Club,Student Newspaper,Treasurer,2001,2004,crm_import
3306,1,10200,Club,Student Newspaper,,,,crm_import
3307,1,18597,Club,Student Newspaper,,2013,2016,crm_import
3308,1,3999,Club,Student Newspaper,,,,crm_import
3309,1,3428,Club,Student Newspaper,,1964,1967,crm_import
3310,1,1023,Club,Student Newspaper,,,,crm_import
3311,1,13058,Club,Student Newspaper,,,,online
3312,1,12730,Club,Student Newspaper,,,,crm_import
3313,1,13545,Club,Student Newspaper,,,,crm_import
3314,1,11837,Club,Student Newspaper,,,,crm_import
3315,1,3431,Club,Student Newspaper,,,,crm_import
3316,1,13645,Club,Student Newspaper,,,,crm_import
3317,1,11709,Club,Student Newspaper,President,,,crm_import
3318,1,2482,Club,Student Newspaper,,,,online
3319,1,11656,Club,Student Newspaper,,,,online
3320,1,15920,Club,Student Newspaper,,1975,1979,crm_import
3321,1,2660,Club,Student Newspaper,,2008,2010,crm_import
3322,1,19458,Club,Student Newspaper,,,,crm_import
3323,1,10838,Club,Student Newspaper,,,,crm_import
3324,1,11662,Club,Student Newspaper,,,,crm_import
3325,1,13724,Club,Student Newspaper,,2010,2013,crm_import
3326,1,13307,Club,Student Newspaper,,2018,2022,online
3327,1,8806,Club,Student Newspaper,,2007,2009,crm_import
3328,1,2185,Club,Student Newspaper,,,,advancement_entry
3329,1,2917,Club,Student Newspaper,,1986,1989,crm_import
3330,1,5135,Club,Student Newspaper,,2008,2011,crm_import
3331,1,7683,Club,Student Newspaper,,2024,,crm_import
3332,1,17571,Club,Student Newspaper,,2024,,advancement_entry
3333,1,9238,Club,Student Newspaper,,2028,,crm_import
3334,1,16137,Club,Student Newspaper,,,,crm_import
3335,1,17113,Club,Student Newspaper,,1973,1976,crm_import
3336,1,10316,Club,Student Newspaper,,,,crm_import
3337,1,10195,Club,Student Newspaper,,1978,1980,crm_import
3338,1,11500,Club,Student Newspaper,President,,,crm_import
3339,1,14387,Club,Student Newspaper,,2027,,crm_import
3340,1,17493,Club,Student Newspaper,,,,advancement_entry
3341,1,8367,Club,Student Newspaper,,,,crm_import
3342,1,3794,Club,Student Newspaper,,2027,,online
3343,1,18938,Club,Student Newspaper,,2027,,crm_import
3344,1,10458,Club,Student Newspaper,,1967,1969,crm_import
3345,1,207,Club,Student Newspaper,,,,crm_import
3346,1,14919,Club,Student Newspaper,,2017,2019,crm_import
3347,1,19115,Club,Student Newspaper,,,,crm_import
3348,1,9510,Club,Student Newspaper,,,,online
3349,1,2504,Club,Student Newspaper,,,,advancement_entry
3350,1,16204,Club,Student Newspaper,,,,advancement_entry
3351,1,9574,Club,Student Newspaper,,,,crm_import
3352,1,14376,Club,Student Newspaper,,2005,2008,online
3353,1,11912,Club,Student Newspaper,,,,online
3354,1,646,Club,Student Newspaper,,,,crm_import
3355,1,14120,Club,Student Newspaper,,,,crm_import
3356,1,455,Club,Student Newspaper,,2001,2005,online
3357,1,13060,Club,Student Newspaper,,,,online
3358,1,19982,Club,Student Newspaper,,2024,,online
3359,1,19685,Club,Student Newspaper,,2013,2015,crm_import
3360,1,2342,Club,Student Newspaper,,,,crm_import
3361,1,6445,Club,Student Newspaper,President,1984,1986,advancement_entry
3362,1,15458,Club,Student Newspaper,,,,crm_import
3363,1,18519,Club,Student Newspaper,,,,crm_import
3364,1,1785,Club,Student Newspaper,,1964,1966,crm_import
3365,1,12146,Club,Student Newspaper,,,,online
3366,1,14495,Club,Student Newspaper,,,,crm_import
3367,1,1403,Club,Student Newspaper,,,,crm_import
3368,1,5303,Club,Student Newspaper,,,,crm_import
3369,1,3574,Club,Student Newspaper,,,,crm_import
3370,1,13716,Club,Student Newspaper,,,,crm_import
3371,1,8842,Club,Student Newspaper,,,,crm_import
3372,1,15939,Club,Student Newspaper,,,,advancement_entry
3373,1,10545,Club,Student Newspaper,,,,crm_import
3374,1,9724,Club,Student Newspaper,,1998,2000,crm_import
3375,1,19607,Club,Student Newspaper,,1995,1998,crm_import
3376,1,8985,Club,Student Newspaper,,,,crm_import
3377,1,1445,Club,Student Newspaper,,2023,,crm_import
3378,1,13517,Club,Student Newspaper,,,,online
3379,1,795,Club,Student Newspaper,,,,crm_import
3380,1,15612,Club,Student Newspaper,,2026,,crm_import
3381,1,488,Club,Student Newspaper,,,,crm_import
3382,1,2361,Club,Student Newspaper,,,,online
3383,1,9325,Club,Student Newspaper,,,,advancement_entry
3384,1,255,Club,Student Newspaper,,,,online
3385,1,11740,Club,Student Newspaper,,,,crm_import
3386,1,18837,Club,Student Newspaper,Member Leader,,,crm_import
3387,1,10601,Club,Student Newspaper,,1993,1995,crm_import
3388,1,18435,Club,Student Newspaper,,,,crm_import
3389,1,688,Club,Student Newspaper,,,,crm_import
3390,1,6723,Club,Student Newspaper,,1992,1994,online
3391,1,4091,Club,Student Newspaper,,,,crm_import
3392,1,15484,Club,Student Newspaper,,1993,1995,crm_import
3393,1,18905,Club,Student Newspaper,,,,crm_import
3394,1,6831,Club,Student Newspaper,,,,crm_import
3395,1,2303,Club,Student Newspaper,Treasurer,,,crm_import
3396,1,2634,Club,Student Newspaper,,,,crm_import
3397,1,369,Club,Student Newspaper,,1988,1990,crm_import
3398,1,12328,Club,Student Newspaper,,,,online
3399,1,347,Club,Student Newspaper,,,,crm_import
3400,1,2679,Club,Student Newspaper,,,,crm_import
3401,1,16165,Club,Student Newspaper,,,,crm_import
3402,1,2912,Club,Student Newspaper,,,,crm_import
3403,1,15738,Club,Student Newspaper,,2027,,crm_import
3404,1,19069,Club,Student Newspaper,,,,crm_import
3405,1,266,Club,Student Newspaper,,,,crm_import
3406,1,14335,Club,Student Newspaper,,,,crm_import
3407,1,16922,Club,Student Newspaper,,2027,,crm_import
3408,1,4502,Club,Student Newspaper,,,,crm_import
3409,1,12952,Club,Student Newspaper,,,,crm_import
3410,1,12631,Club,Student Newspaper,,2013,2017,crm_import
3411,1,6865,Club,Student Newspaper,,2002,2004,crm_import
3412,1,14415,Club,Student Newspaper,,,,crm_import
3413,1,17550,Club,Student Newspaper,Treasurer,,,crm_import
3414,1,2167,Club,Student Newspaper,,1997,2001,crm_import
3415,1,9701,Club,Student Newspaper,Treasurer,,,crm_import
3416,1,16095,Club,Student Newspaper,,,,crm_import
3417,1,11964,Club,Student Newspaper,,,,advancement_entry
3418,1,6006,Club,Student Newspaper,,,,advancement_entry
3419,1,5282,Club,Student Newspaper,Member Leader,,,online
3420,1,16176,Club,Student Newspaper,,,,online
3421,1,12575,Club,Campus Radio,,,,crm_import
3422,1,1623,Club,Campus Radio,,,,advancement_entry
3423,1,18712,Club,Campus Radio,,,,online
3424,1,2780,Club,Campus Radio,,2000,2003,crm_import
3425,1,5126,Club,Campus Radio,,2005,2009,crm_import
3426,1,15835,Club,Campus Radio,,1988,1991,online
3427,1,16438,Club,Campus Radio,,,,crm_import
3428,1,1545,Club,Campus Radio,,,,crm_import
3429,1,18857,Club,Campus Radio,,,,online
3430,1,13210,Club,Campus Radio,,,,online
3431,1,19798,Club,Campus Radio,,1973,1976,crm_import
3432,1,13846,Club,Campus Radio,President,,,crm_import
3433,1,8610,Club,Campus Radio,,,,crm_import
3434,1,9534,Club,Campus Radio,,,,advancement_entry
3435,1,18802,Club,Campus Radio,,2004,2006,crm_import
3436,1,8854,Club,Campus Radio,,1958,1960,crm_import
3437,1,4321,Club,Campus Radio,President,,,crm_import
3438,1,11031,Club,Campus Radio,,,,crm_import
3439,1,17539,Club,Campus Radio,,2003,2006,crm_import
3440,1,11688,Club,Campus Radio,,2022,2026,crm_import
3441,1,17432,Club,Campus Radio,,,,crm_import
3442,1,2108,Club,Campus Radio,,2012,2016,crm_import
3443,1,12752,Club,Campus Radio,,,,online
3444,1,15069,Club,Campus Radio,,,,crm_import
3445,1,6543,Club,Campus Radio,,1989,1991,crm_import
3446,1,1565,Club,Campus Radio,Member Leader,,,crm_import
3447,1,16945,Club,Campus Radio,,,,crm_import
3448,1,18858,Club,Campus Radio,,,,crm_import
3449,1,16073,Club,Campus Radio,,,,crm_import
3450,1,5631,Club,Campus Radio,,,,advancement_entry
3451,1,18853,Club,Campus Radio,President,,,crm_import
3452,1,4735,Club,Campus Radio,,,,crm_import
3453,1,17422,Club,Campus Radio,,,,online
3454,1,2066,Club,Campus Radio,,,,crm_import
3455,1,18195,Club,Campus Radio,,,,advancement_entry
3456,1,18600,Club,Campus Radio,,,,crm_import
3457,1,808,Club,Campus Radio,,,,crm_import
3458,1,10819,Club,Campus Radio,,,,crm_import
3459,1,10715,Club,Campus Radio,,1993,1997,online
3460,1,9487,Club,Campus Radio,,,,crm_import
3461,1,1962,Club,Campus Radio,,,,crm_import
3462,1,5436,Club,Campus Radio,,1980,1983,online
3463,1,8090,Club,Campus Radio,,,,crm_import
3464,1,363,Club,Campus Radio,,,,online
3465,1,2852,Club,Campus Radio,,,,crm_import
3466,1,7244,Club,Campus Radio,,,,online
3467,1,4653,Club,Campus Radio,,,,crm_import
3468,1,18193,Club,Campus Radio,,,,crm_import
3469,1,12778,Club,Campus Radio,,1963,1967,crm_import
3470,1,8150,Club,Campus Radio,,,,crm_import
3471,1,16831,Club,Campus Radio,,,,advancement_entry
3472,1,2484,Club,Campus Radio,,,,crm_import
3473,1,19453,Club,Campus Radio,,1986,1989,crm_import
3474,1,14198,Club,Campus Radio,,1976,1980,online
3475,1,4481,Club,Campus Radio,,,,online
3476,1,13618,Club,Campus Radio,,2028,,crm_import
3477,1,4336,Club,Campus Radio,,,,online
3478,1,9485,Club,Campus Radio,,1988,1992,crm_import
3479,1,6729,Club,Campus Radio,,,,crm_import
3480,1,6976,Club,Campus Radio,,2012,2014,crm_import
3481,1,9501,Club,Campus Radio,,1985,1989,crm_import
3482,1,14577,Club,Campus Radio,,2011,2014,online
3483,1,11527,Club,Campus Radio,,,,crm_import
3484,1,944,Club,Campus Radio,,1990,1992,crm_import
3485,1,9798,Club,Campus Radio,,2022,2026,crm_import
3486,1,17647,Club,Campus Radio,,2023,,crm_import
3487,1,13665,Club,Campus Radio,,,,crm_import
3488,1,15498,Club,Campus Radio,President,2001,2003,online
3489,1,15000,Club,Campus Radio,,,,online
3490,1,8896,Club,Campus Radio,President,,,crm_import
3491,1,1985,Club,Campus Radio,,1996,1998,advancement_entry
3492,1,14498,Club,Campus Radio,,,,crm_import
3493,1,11159,Club,Campus Radio,President,1988,1991,online
3494,1,18865,Club,Campus Radio,,,,crm_import
3495,1,9488,Club,Campus Radio,President,,,advancement_entry
3496,1,7089,Club,Campus Radio,Treasurer,,,crm_import
3497,1,6954,Club,Campus Radio,,,,online
3498,1,1877,Club,Campus Radio,,,,crm_import
3499,1,2900,Club,Campus Radio,,1977,1981,crm_import
3500,1,2167,Club,Campus Radio,,,,crm_import
3501,1,9348,Club,Campus Radio,,,,online
3502,1,9708,Club,Campus Radio,,,,online
3503,1,9716,Club,Campus Radio,,,,crm_import
3504,1,5869,Club,Campus Radio,,2000,2002,crm_import
3505,1,17561,Club,Campus Radio,,2023,2026,crm_import
3506,1,4587,Club,Campus Radio,,,,crm_import
3507,1,10839,Club,Campus Radio,,1959,1962,crm_import
3508,1,11585,Club,Campus Radio,,1994,1998,advancement_entry
3509,1,8352,Club,Campus Radio,,2025,,crm_import
3510,1,13609,Club,Campus Radio,,,,online
3511,1,16034,Club,Campus Radio,,2007,2010,crm_import
3512,1,6034,Club,Campus Radio,,2006,2010,crm_import
3513,1,11682,Club,Campus Radio,,,,crm_import
3514,1,12520,Club,Campus Radio,,,,advancement_entry
3515,1,8007,Club,Campus Radio,Treasurer,,,crm_import
3516,1,11725,Club,Campus Radio,,,,online
3517,1,2868,Club,Campus Radio,,,,online
3518,1,11239,Club,Campus Radio,,1986,1988,crm_import
3519,1,4508,Club,Campus Radio,,,,online
3520,1,10310,Club,Campus Radio,,,,crm_import
3521,1,7472,Club,Campus Radio,,,,crm_import
3522,1,5472,Club,Campus Radio,,1998,2000,advancement_entry
3523,1,18388,Club,Campus Radio,,2027,,crm_import
3524,1,12868,Club,Campus Radio,,,,crm_import
3525,1,8835,Club,Campus Radio,Member Leader,,,crm_import
3526,1,4148,Club,Campus Radio,,,,crm_import
3527,1,4349,Club,Campus Radio,,,,crm_import
3528,1,15778,Club,Campus Radio,President,,,crm_import
3529,1,1779,Club,Campus Radio,,,,crm_import
3530,1,15960,Club,Campus Radio,,,,crm_import
3531,1,19536,Club,Campus Radio,,2012,2016,crm_import
3532,1,10039,Club,Campus Radio,,,,advancement_entry
3533,1,2407,Club,Campus Radio,,1970,1973,crm_import
3534,1,11646,Club,Campus Radio,,,,online
3535,1,15755,Club,Campus Radio,,2010,2013,crm_import
3536,1,6490,Club,Campus Radio,Member Leader,,,crm_import
3537,1,15502,Club,Campus Radio,President,,,crm_import
3538,1,4972,Club,Campus Radio,,2021,2023,crm_import
3539,1,15893,Club,Campus Radio,,,,crm_import
3540,1,469,Club,Campus Radio,,,,crm_import
3541,1,17141,Club,Campus Radio,,,,advancement_entry
3542,1,8793,Club,Campus Radio,,,,online
3543,1,9652,Club,Campus Radio,,,,crm_import
3544,1,11110,Club,Campus Radio,,,,crm_import
3545,1,5320,Club,Campus Radio,,,,crm_import
3546,1,10607,Club,Campus Radio,,,,crm_import
3547,1,2972,Club,Campus Radio,,,,crm_import
3548,1,1996,Club,Campus Radio,,,,crm_import
3549,1,6583,Club,Campus Radio,,,,online
3550,1,8197,Club,Campus Radio,,,,online
3551,1,19356,Club,Campus Radio,Treasurer,1963,1966,advancement_entry
3552,1,9144,Club,Campus Radio,,,,online
3553,1,16217,Club,Campus Radio,,,,crm_import
3554,1,16104,Club,Campus Radio,,,,crm_import
3555,1,16490,Club,Campus Radio,Member Leader,1987,1989,crm_import
3556,1,8242,Club,Campus Radio,,1973,1975,crm_import
3557,1,4594,Club,Campus Radio,,,,crm_import
3558,1,6161,Club,Campus Radio,Treasurer,,,crm_import
3559,1,17672,Club,Campus Radio,Member Leader,2017,2021,crm_import
3560,1,7149,Club,Campus Radio,,,,crm_import
3561,1,1654,Club,Theater Company,,2011,2014,crm_import
3562,1,19653,Club,Theater Company,,,,crm_import
3563,1,5552,Club,Theater Company,,,,online
3564,1,5507,Club,Theater Company,,2025,,online
3565,1,17659,Club,Theater Company,Member Leader,,,crm_import
3566,1,573,Club,Theater Company,Member Leader,1986,1990,crm_import
3567,1,113,Club,Theater Company,,,,crm_import
3568,1,7514,Club,Theater Company,,2007,2010,crm_import
3569,1,19887,Club,Theater Company,,2004,2007,crm_import
3570,1,8449,Club,Theater Company,Member Leader,2010,2012,online
3571,1,1227,Club,Theater Company,,2025,,online
3572,1,14921,Club,Theater Company,,,,crm_import
3573,1,6433,Club,Theater Company,Member Leader,,,crm_import
3574,1,5207,Club,Theater Company,,,,crm_import
3575,1,11508,Club,Theater Company,,2026,,crm_import
3576,1,865,Club,Theater Company,,,,crm_import
3577,1,5700,Club,Theater Company,Member Leader,,,advancement_entry
3578,1,15853,Club,Theater Company,,,,crm_import
3579,1,2672,Club,Theater Company,,,,online
3580,1,7849,Club,Theater Company,,1994,1998,crm_import
3581,1,16390,Club,Theater Company,Member Leader,1996,1999,crm_import
3582,1,13853,Club,Theater Company,,1979,1981,online
3583,1,9758,Club,Theater Company,,,,online
3584,1,12387,Club,Theater Company,,,,crm_import
3585,1,6361,Club,Theater Company,,1998,2002,crm_import
3586,1,5594,Club,Theater Company,,,,crm_import
3587,1,7670,Club,Theater Company,,,,advancement_entry
3588,1,9983,Club,Theater Company,,,,crm_import
3589,1,1975,Club,Theater Company,,,,advancement_entry
3590,1,15319,Club,Theater Company,,,,crm_import
3591,1,12203,Club,Theater Company,,,,crm_import
3592,1,8637,Club,Theater Company,Member Leader,2014,2018,crm_import
3593,1,19820,Club,Theater Company,,,,crm_import
3594,1,19012,Club,Theater Company,,2005,2008,crm_import
3595,1,7610,Club,Theater Company,,2025,,crm_import
3596,1,14274,Club,Theater Company,,,,crm_import
3597,1,5094,Club,Theater Company,,,,online
3598,1,9646,Club,Theater Company,,,,crm_import
3599,1,14046,Club,Theater Company,,,,crm_import
3600,1,8246,Club,Theater Company,,,,crm_import
3601,1,17605,Club,Theater Company,,,,crm_import
3602,1,17131,Club,Theater Company,Treasurer,,,crm_import
3603,1,18328,Club,Theater Company,,,,advancement_entry
3604,1,7912,Club,Theater Company,,1993,1996,crm_import
3605,1,7129,Club,Theater Company,,,,online
3606,1,3510,Club,Theater Company,,1977,1981,crm_import
3607,1,7739,Club,Theater Company,,,,crm_import
3608,1,12787,Club,Theater Company,,,,crm_import
3609,1,13558,Club,Theater Company,Member Leader,,,online
3610,1,13952,Club,Theater Company,,,,crm_import
3611,1,16697,Club,Theater Company,,,,crm_import
3612,1,18599,Club,Theater Company,,,,crm_import
3613,1,19236,Club,Theater Company,,,,online
3614,1,18052,Club,Theater Company,,1994,1996,crm_import
3615,1,476,Club,Theater Company,,2001,2003,crm_import
3616,1,2765,Club,Theater Company,Treasurer,2019,2022,crm_import
3617,1,10430,Club,Theater Company,,,,online
3618,1,13025,Club,Theater Company,,,,crm_import
3619,1,4094,Club,Theater Company,Member Leader,2006,2010,crm_import
3620,1,2175,Club,Theater Company,,,,online
3621,1,8053,Club,Theater Company,,,,crm_import
3622,1,6318,Club,Theater Company,,1982,1984,crm_import
3623,1,11698,Club,Theater Company,,2024,,crm_import
3624,1,14370,Club,Theater Company,,,,crm_import
3625,1,2213,Club,Theater Company,President,,,advancement_entry
3626,1,12411,Club,Theater Company,President,,,crm_import
3627,1,7472,Club,Theater Company,,1988,1990,crm_import
3628,1,437,Club,Theater Company,,,,crm_import
3629,1,17128,Club,Theater Company,,2005,2008,online
3630,1,2406,Club,Theater Company,,2025,,crm_import
3631,1,13690,Club,Theater Company,,,,crm_import
3632,1,1463,Club,Theater Company,,2023,2025,crm_import
3633,1,19286,Club,Theater Company,,2026,,crm_import
3634,1,9269,Club,Theater Company,,1986,1988,advancement_entry
3635,1,7915,Club,Theater Company,,,,crm_import
3636,1,3690,Club,Theater Company,,,,advancement_entry
3637,1,11775,Club,Theater Company,,1993,1995,advancement_entry
3638,1,8234,Club,Theater Company,,,,crm_import
3639,1,10260,Club,Theater Company,,,,crm_import
3640,1,16760,Club,Theater Company,,,,online
3641,1,11682,Club,Theater Company,Member Leader,,,crm_import
3642,1,16946,Club,Theater Company,,,,crm_import
3643,1,7142,Club,Theater Company,,2005,2009,crm_import
3644,1,582,Club,Theater Company,,,,crm_import
3645,1,18959,Club,Theater Company,,,,crm_import
3646,1,6615,Club,Theater Company,,2024,2026,crm_import
3647,1,218,Club,Theater Company,,2005,2007,crm_import
3648,1,11298,Club,Theater Company,,,,crm_import
3649,1,16469,Club,Theater Company,,1975,1977,advancement_entry
3650,1,10605,Club,Theater Company,,,,crm_import
3651,1,8957,Club,Theater Company,,2021,2024,crm_import
3652,1,8051,Club,Theater Company,,,,crm_import
3653,1,16992,Club,Theater Company,,,,crm_import
3654,1,19706,Club,Theater Company,Member Leader,,,crm_import
3655,1,3486,Club,Theater Company,,2001,2005,crm_import
3656,1,19917,Club,Theater Company,,,,advancement_entry
3657,1,10983,Club,Theater Company,,,,online
3658,1,18158,Club,Theater Company,,,,crm_import
3659,1,5186,Club,Theater Company,,,,crm_import
3660,1,11958,Club,Theater Company,,,,crm_import
3661,1,18277,Club,Theater Company,,,,crm_import
3662,1,17177,Club,Theater Company,,1972,1975,crm_import
3663,1,4053,Club,Theater Company,,,,crm_import
3664,1,12790,Club,Theater Company,Treasurer,,,crm_import
3665,1,14300,Club,Theater Company,,,,crm_import
3666,1,14889,Club,Theater Company,,,,crm_import
3667,1,16030,Club,Theater Company,,,,crm_import
3668,1,11409,Club,Theater Company,,1984,1986,crm_import
3669,1,18931,Club,Theater Company,,,,crm_import
3670,1,3811,Club,Theater Company,,1972,1975,crm_import
3671,1,10839,Club,Theater Company,Member Leader,1959,1962,crm_import
3672,1,5531,Club,Theater Company,,,,crm_import
3673,1,2374,Club,Theater Company,,,,crm_import
3674,1,2771,Club,Theater Company,,,,online
3675,1,10890,Club,Theater Company,,1967,1969,crm_import
3676,1,16347,Club,Theater Company,,,,crm_import
3677,1,10487,Club,Theater Company,,,,crm_import
3678,1,8111,Club,Theater Company,,2005,2008,crm_import
3679,1,4649,Club,Theater Company,Member Leader,,,crm_import
3680,1,17072,Club,Theater Company,,1979,1981,crm_import
3681,1,16432,Club,Theater Company,,,,crm_import
3682,1,8883,Club,Theater Company,,,,crm_import
3683,1,16533,Club,Theater Company,,1984,1986,online
3684,1,12339,Club,Theater Company,,,,crm_import
3685,1,8923,Club,Theater Company,Member Leader,,,crm_import
3686,1,17181,Club,Theater Company,,,,crm_import
3687,1,13940,Club,Theater Company,President,,,crm_import
3688,1,3581,Club,Theater Company,,2015,2019,crm_import
3689,1,15596,Club,Theater Company,,1984,1988,crm_import
3690,1,322,Club,Theater Company,,,,crm_import
3691,1,9547,Club,Theater Company,,2024,,crm_import
3692,1,2466,Club,Theater Company,,1979,1983,online
3693,1,12360,Club,Theater Company,,,,crm_import
3694,1,12570,Club,Theater Company,,2004,2007,crm_import
3695,1,17017,Club,Theater Company,,,,crm_import
3696,1,6679,Club,Theater Company,,1977,1981,online
3697,1,13236,Club,Theater Company,,,,online
3698,1,5741,Club,Theater Company,Treasurer,,,crm_import
3699,1,8094,Club,Theater Company,,2023,,crm_import
3700,1,15593,Club,Theater Company,Treasurer,2023,,online
3701,1,4091,Club,Theater Company,,1998,2002,crm_import
3702,1,1185,Club,Theater Company,,,,crm_import
3703,1,5804,Club,Theater Company,,,,crm_import
3704,1,13504,Club,Theater Company,,1963,1967,online
3705,1,17371,Club,Theater Company,,,,advancement_entry
3706,1,13053,Club,Theater Company,,,,online
3707,1,12158,Club,Theater Company,,,,crm_import
3708,1,19894,Club,Theater Company,,,,crm_import
3709,1,3075,Club,Theater Company,,2015,2017,crm_import
3710,1,16489,Club,Theater Company,,2002,2006,crm_import
3711,1,6985,Club,Theater Company,,1974,1978,crm_import
3712,1,8900,Club,Theater Company,,2003,2006,crm_import
3713,1,8117,Club,Theater Company,,,,online
3714,1,15157,Club,Theater Company,,2012,2016,crm_import
3715,1,11094,Club,Theater Company,,1999,2003,online
3716,1,10842,Club,Theater Company,,1973,1977,crm_import
3717,1,12400,Club,Theater Company,,,,advancement_entry
3718,1,16588,Club,Theater Company,,,,crm_import
3719,1,13404,Club,Theater Company,,1977,1981,advancement_entry
3720,1,8052,Club,Theater Company,,2007,2011,crm_import
3721,1,14632,Club,Theater Company,,,,crm_import
3722,1,15695,Club,Theater Company,,,,crm_import
3723,1,14551,Club,Theater Company,,,,advancement_entry
3724,1,19160,Club,Theater Company,,,,crm_import
3725,1,7359,Club,Theater Company,,1989,1991,crm_import
3726,1,1761,Club,Theater Company,President,2025,,advancement_entry
3727,1,6521,Club,Theater Company,,,,crm_import
3728,1,2031,Club,Theater Company,,1999,2003,advancement_entry
3729,1,13285,Club,Theater Company,,2003,2005,crm_import
3730,1,19327,Club,Theater Company,Member Leader,2006,2009,advancement_entry
3731,1,4895,Club,Theater Company,,2015,2017,crm_import
3732,1,1392,Club,Theater Company,,,,crm_import
3733,1,4934,Club,Theater Company,,1993,1996,crm_import
3734,1,9833,Club,Theater Company,,,,crm_import
3735,1,19375,Club,Theater Company,,1994,1998,advancement_entry
3736,1,14030,Club,Theater Company,,,,online
3737,1,6897,Club,Theater Company,,,,crm_import
3738,1,10680,Club,Theater Company,,,,online
3739,1,896,Club,Theater Company,,,,crm_import
3740,1,8001,Club,Theater Company,Member Leader,,,online
3741,1,5603,Club,Theater Company,,,,crm_import
3742,1,6757,Club,Theater Company,,,,crm_import
3743,1,10909,Club,Theater Company,,1977,1979,online
3744,1,5263,Club,Theater Company,,,,crm_import
3745,1,8971,Club,Theater Company,,2014,2016,crm_import
3746,1,14207,Club,Theater Company,,2021,2025,crm_import
3747,1,9902,Club,Theater Company,,2000,2003,crm_import
3748,1,6086,Club,Theater Company,,,,crm_import
3749,1,3333,Club,Theater Company,,,,crm_import
3750,1,18381,Club,Theater Company,,,,crm_import
3751,1,841,Club,Theater Company,Member Leader,1973,1975,advancement_entry
3752,1,8873,Club,Theater Company,,,,crm_import
3753,1,264,Club,Theater Company,President,2007,2009,crm_import
3754,1,8858,Club,Theater Company,,,,crm_import
3755,1,7456,Club,Theater Company,,,,crm_import
3756,1,15041,Club,Theater Company,,,,online
3757,1,4607,Club,Theater Company,,2026,,advancement_entry
3758,1,11314,Club,Theater Company,President,,,online
3759,1,17644,Club,Theater Company,,,,crm_import
3760,1,1262,Club,Theater Company,,,,advancement_entry
3761,1,14987,Club,Theater Company,,,,crm_import
3762,1,9662,Club,Theater Company,,,,online
3763,1,7855,Club,Theater Company,,,,online
3764,1,802,Club,Theater Company,,1963,1966,online
3765,1,11077,Club,Theater Company,,,,online
3766,1,2293,Club,Theater Company,,1998,2002,crm_import
3767,1,1135,Club,Theater Company,,,,crm_import
3768,1,9536,Club,Theater Company,,,,crm_import
3769,1,16005,Club,Theater Company,,,,crm_import
3770,1,3334,Club,Theater Company,,,,crm_import
3771,1,6379,Club,University Orchestra,,,,crm_import
3772,1,3893,Club,University Orchestra,,1967,1971,crm_import
3773,1,16274,Club,University Orchestra,,1988,1991,crm_import
3774,1,16582,Club,University Orchestra,,2023,,crm_import
3775,1,3605,Club,University Orchestra,,,,online
3776,1,9317,Club,University Orchestra,,1986,1989,online
3777,1,2427,Club,University Orchestra,,1991,1994,crm_import
3778,1,4288,Club,University Orchestra,,,,crm_import
3779,1,146,Club,University Orchestra,,2011,2013,advancement_entry
3780,1,13516,Club,University Orchestra,,2026,,crm_import
3781,1,9710,Club,University Orchestra,,,,crm_import
3782,1,13248,Club,University Orchestra,,,,online
3783,1,16060,Club,University Orchestra,,2020,2022,crm_import
3784,1,10899,Club,University Orchestra,,,,crm_import
3785,1,564,Club,University Orchestra,,,,crm_import
3786,1,6157,Club,University Orchestra,,,,online
3787,1,15172,Club,University Orchestra,,,,online
3788,1,8374,Club,University Orchestra,,,,crm_import
3789,1,413,Club,University Orchestra,,,,crm_import
3790,1,18714,Club,University Orchestra,,,,crm_import
3791,1,1634,Club,University Orchestra,,,,crm_import
3792,1,4101,Club,University Orchestra,,,,crm_import
3793,1,15954,Club,University Orchestra,Member Leader,,,crm_import
3794,1,9389,Club,University Orchestra,,2027,,crm_import
3795,1,13969,Club,University Orchestra,,,,advancement_entry
3796,1,13042,Club,University Orchestra,,,,crm_import
3797,1,141,Club,University Orchestra,,,,crm_import
3798,1,4532,Club,University Orchestra,,2025,,crm_import
3799,1,682,Club,University Orchestra,,1995,1998,crm_import
3800,1,18118,Club,University Orchestra,,1970,1973,crm_import
3801,1,513,Club,University Orchestra,,,,crm_import
3802,1,8011,Club,University Orchestra,Treasurer,1978,1980,crm_import
3803,1,6621,Club,University Orchestra,,1987,1989,crm_import
3804,1,15295,Club,University Orchestra,,2007,2011,advancement_entry
3805,1,5594,Club,University Orchestra,,,,crm_import
3806,1,9173,Club,University Orchestra,,2002,2006,crm_import
3807,1,16255,Club,University Orchestra,,,,online
3808,1,4831,Club,University Orchestra,,,,crm_import
3809,1,6005,Club,University Orchestra,,,,crm_import
3810,1,4326,Club,University Orchestra,,2018,2021,crm_import
3811,1,9494,Club,University Orchestra,Member Leader,2025,,advancement_entry
3812,1,1254,Club,University Orchestra,,,,crm_import
3813,1,12787,Club,University Orchestra,,,,crm_import
3814,1,9348,Club,University Orchestra,,,,online
3815,1,7010,Club,University Orchestra,,,,online
3816,1,14567,Club,University Orchestra,,,,crm_import
3817,1,10178,Club,University Orchestra,,1992,1996,online
3818,1,8150,Club,University Orchestra,,1991,1995,crm_import
3819,1,1224,Club,University Orchestra,,2001,2003,online
3820,1,15367,Club,University Orchestra,,,,crm_import
3821,1,18955,Club,University Orchestra,,2026,,crm_import
3822,1,19278,Club,University Orchestra,,,,crm_import
3823,1,11875,Club,University Orchestra,,,,crm_import
3824,1,13031,Club,University Orchestra,,2012,2014,online
3825,1,18925,Club,University Orchestra,,,,advancement_entry
3826,1,11799,Club,University Orchestra,,,,crm_import
3827,1,221,Club,University Orchestra,,1986,1989,online
3828,1,16202,Club,University Orchestra,Member Leader,,,online
3829,1,7135,Club,University Orchestra,,,,crm_import
3830,1,9183,Club,University Orchestra,,2028,,online
3831,1,4438,Club,University Orchestra,,2014,2018,advancement_entry
3832,1,9223,Club,University Orchestra,,2020,2023,crm_import
3833,1,14527,Club,University Orchestra,,,,crm_import
3834,1,6495,Club,University Orchestra,,,,online
3835,1,18099,Club,University Orchestra,,1986,1990,crm_import
3836,1,16119,Club,University Orchestra,,,,crm_import
3837,1,8165,Club,University Orchestra,,,,crm_import
3838,1,6252,Club,University Orchestra,,,,crm_import
3839,1,15480,Club,University Orchestra,,,,crm_import
3840,1,11180,Club,University Orchestra,,2024,,crm_import
3841,1,12945,Club,University Orchestra,,,,crm_import
3842,1,17972,Club,University Orchestra,,2012,2015,online
3843,1,19680,Club,University Orchestra,,,,crm_import
3844,1,11698,Club,University Orchestra,,,,crm_import
3845,1,9795,Club,University Orchestra,,,,crm_import
3846,1,18625,Club,University Orchestra,,,,crm_import
3847,1,3047,Club,University Orchestra,,,,crm_import
3848,1,6710,Club,University Orchestra,,2000,2002,online
3849,1,15186,Club,University Orchestra,,2008,2010,crm_import
3850,1,8439,Club,University Orchestra,,1978,1982,crm_import
3851,1,456,Club,University Orchestra,,,,crm_import
3852,1,18668,Club,University Orchestra,,,,crm_import
3853,1,14572,Club,University Orchestra,,2006,2010,crm_import
3854,1,4558,Club,University Orchestra,Treasurer,,,crm_import
3855,1,7807,Club,University Orchestra,,1997,1999,crm_import
3856,1,17106,Club,University Orchestra,,,,crm_import
3857,1,18178,Club,University Orchestra,,,,online
3858,1,17396,Club,University Orchestra,,,,crm_import
3859,1,11588,Club,University Orchestra,Member Leader,,,crm_import
3860,1,17904,Club,University Orchestra,Member Leader,,,online
3861,1,3887,Club,University Orchestra,,,,crm_import
3862,1,5826,Club,University Orchestra,,,,crm_import
3863,1,9668,Club,University Orchestra,,,,online
3864,1,6184,Club,University Orchestra,,2003,2007,crm_import
3865,1,7133,Club,University Orchestra,,2013,2015,crm_import
3866,1,16049,Club,University Orchestra,,,,crm_import
3867,1,14458,Club,University Orchestra,,2013,2015,advancement_entry
3868,1,11039,Club,University Orchestra,,,,crm_import
3869,1,19081,Club,University Orchestra,,,,crm_import
3870,1,15587,Club,University Orchestra,,,,advancement_entry
3871,1,16599,Club,University Orchestra,,,,crm_import
3872,1,1834,Club,University Orchestra,,,,crm_import
3873,1,8426,Club,University Orchestra,,2010,2013,online
3874,1,18725,Club,University Orchestra,Member Leader,,,crm_import
3875,1,12589,Club,University Orchestra,,,,online
3876,1,13786,Club,University Orchestra,,,,advancement_entry
3877,1,11013,Club,University Orchestra,,1990,1993,crm_import
3878,1,18602,Club,University Orchestra,Treasurer,1974,1978,crm_import
3879,1,10724,Club,University Orchestra,,,,crm_import
3880,1,4787,Club,University Orchestra,,2006,2010,crm_import
3881,1,18082,Club,University Orchestra,,,,crm_import
3882,1,13645,Club,University Orchestra,,,,crm_import
3883,1,7152,Club,University Orchestra,,2008,2012,crm_import
3884,1,13710,Club,University Orchestra,,,,crm_import
3885,1,12024,Club,University Orchestra,,,,advancement_entry
3886,1,15282,Club,University Orchestra,,,,crm_import
3887,1,5668,Club,University Orchestra,,,,advancement_entry
3888,1,3132,Club,University Orchestra,,2025,,online
3889,1,10670,Club,University Orchestra,,2027,,online
3890,1,12270,Club,University Orchestra,Member Leader,2024,,crm_import
3891,1,12601,Club,University Orchestra,,,,crm_import
3892,1,6929,Club,University Orchestra,,,,crm_import
3893,1,10961,Club,University Orchestra,,,,crm_import
3894,1,17066,Club,University Orchestra,,,,crm_import
3895,1,14606,Club,University Orchestra,,,,crm_import
3896,1,10824,Club,University Orchestra,,1971,1975,crm_import
3897,1,7604,Club,University Orchestra,,,,crm_import
3898,1,17214,Club,University Orchestra,President,,,crm_import
3899,1,12036,Club,University Orchestra,,1953,1955,crm_import
3900,1,472,Club,University Orchestra,,,,crm_import
3901,1,19885,Club,University Orchestra,,,,online
3902,1,573,Club,University Orchestra,,,,crm_import
3903,1,6143,Club,University Orchestra,,,,crm_import
3904,1,13194,Club,University Orchestra,,1978,1980,advancement_entry
3905,1,3099,Club,University Orchestra,,,,crm_import
3906,1,12542,Club,University Orchestra,,,,crm_import
3907,1,15946,Club,University Orchestra,Treasurer,,,advancement_entry
3908,1,748,Club,University Orchestra,,,,online
3909,1,6968,Club,University Orchestra,,,,crm_import
3910,1,4506,Club,University Orchestra,,,,crm_import
3911,1,7406,Club,University Orchestra,,2026,,crm_import
3912,1,3173,Club,University Orchestra,,,,crm_import
3913,1,9263,Club,University Orchestra,,1993,1997,crm_import
3914,1,15640,Club,University Orchestra,President,,,online
3915,1,17009,Club,University Orchestra,Member Leader,,,online
3916,1,19613,Club,University Orchestra,Treasurer,2011,2013,crm_import
3917,1,10383,Club,University Orchestra,Treasurer,,,crm_import
3918,1,14440,Club,University Orchestra,,,,crm_import
3919,1,8219,Club,University Orchestra,,,,crm_import
3920,1,1631,Club,University Orchestra,,,,crm_import
3921,1,816,Club,University Orchestra,,1987,1990,crm_import
3922,1,17810,Club,University Orchestra,Member Leader,,,advancement_entry
3923,1,3281,Club,University Orchestra,,1961,1963,crm_import
3924,1,11732,Club,University Orchestra,,2014,2017,crm_import
3925,1,18911,Club,University Orchestra,,2000,2003,crm_import
3926,1,9978,Club,University Orchestra,,,,advancement_entry
3927,1,3612,Club,University Orchestra,Treasurer,2025,,crm_import
3928,1,19079,Club,University Orchestra,,,,crm_import
3929,1,12675,Club,University Orchestra,,2015,2019,crm_import
3930,1,6175,Club,University Orchestra,,,,crm_import
3931,1,7352,Club,University Orchestra,,,,crm_import
3932,1,18433,Club,University Orchestra,,,,crm_import
3933,1,9006,Club,University Orchestra,,1982,1986,crm_import
3934,1,11446,Club,University Orchestra,,2027,,crm_import
3935,1,16579,Club,University Orchestra,,,,crm_import
3936,1,7714,Club,University Orchestra,,,,crm_import
3937,1,76,Club,University Orchestra,,,,crm_import
3938,1,3491,Club,University Orchestra,,,,online
3939,1,14944,Club,University Orchestra,,,,crm_import
3940,1,8644,Club,University Orchestra,,,,advancement_entry
3941,1,4615,Club,University Orchestra,,,,crm_import
3942,1,7588,Club,University Orchestra,,1987,1990,crm_import
3943,1,12292,Club,University Orchestra,,,,online
3944,1,2908,Club,University Orchestra,,,,crm_import
3945,1,13726,Club,University Orchestra,,,,crm_import
3946,1,5262,Club,University Orchestra,,2026,,crm_import
3947,1,13213,Club,University Orchestra,,,,online
3948,1,14784,Club,University Orchestra,,1962,1966,online
3949,1,7937,Club,University Orchestra,,,,advancement_entry
3950,1,5660,Club,University Orchestra,,2025,,advancement_entry
3951,1,7380,Club,University Choir,,,,crm_import
3952,1,16779,Club,University Choir,,1983,1985,crm_import
3953,1,12157,Club,University Choir,,,,crm_import
3954,1,11740,Club,University Choir,,,,crm_import
3955,1,19531,Club,University Choir,,2023,2026,advancement_entry
3956,1,15465,Club,University Choir,President,2013,2016,advancement_entry
3957,1,340,Club,University Choir,,,,crm_import
3958,1,5358,Club,University Choir,,,,crm_import
3959,1,1942,Club,University Choir,,1971,1973,crm_import
3960,1,18709,Club,University Choir,,,,crm_import
3961,1,4387,Club,University Choir,,1989,1992,crm_import
3962,1,3168,Club,University Choir,,,,advancement_entry
3963,1,13069,Club,University Choir,Member Leader,,,crm_import
3964,1,14296,Club,University Choir,,1958,1960,crm_import
3965,1,189,Club,University Choir,President,2006,2010,crm_import
3966,1,706,Club,University Choir,,2006,2010,crm_import
3967,1,18086,Club,University Choir,,,,crm_import
3968,1,14604,Club,University Choir,,,,crm_import
3969,1,4689,Club,University Choir,,,,online
3970,1,15413,Club,University Choir,,,,crm_import
3971,1,2199,Club,University Choir,President,,,online
3972,1,1412,Club,University Choir,,1991,1993,crm_import
3973,1,2036,Club,University Choir,,1991,1993,crm_import
3974,1,18229,Club,University Choir,,,,crm_import
3975,1,18656,Club,University Choir,,,,crm_import
3976,1,13326,Club,University Choir,President,,,crm_import
3977,1,15286,Club,University Choir,,,,crm_import
3978,1,3406,Club,University Choir,,,,crm_import
3979,1,17531,Club,University Choir,,,,crm_import
3980,1,19391,Club,University Choir,Treasurer,,,online
3981,1,1244,Club,University Choir,,,,advancement_entry
3982,1,18403,Club,University Choir,,,,online
3983,1,18489,Club,University Choir,,,,crm_import
3984,1,10321,Club,University Choir,,,,crm_import
3985,1,8876,Club,University Choir,,,,online
3986,1,14756,Club,University Choir,,,,crm_import
3987,1,158,Club,University Choir,,,,crm_import
3988,1,8508,Club,University Choir,,2017,2019,crm_import
3989,1,17721,Club,University Choir,,,,advancement_entry
3990,1,4528,Club,University Choir,,1979,1982,advancement_entry
3991,1,6487,Club,University Choir,,2023,,crm_import
3992,1,10373,Club,University Choir,,,,crm_import
3993,1,17286,Club,University Choir,,,,crm_import
3994,1,10000,Club,University Choir,,1974,1978,crm_import
3995,1,12305,Club,University Choir,,,,crm_import
3996,1,10331,Club,University Choir,,1991,1995,advancement_entry
3997,1,8933,Club,University Choir,,,,crm_import
3998,1,13044,Club,University Choir,,2024,,crm_import
3999,1,1946,Club,University Choir,,,,crm_import
4000,1,18952,Club,University Choir,Treasurer,,,online
4001,1,16364,Club,University Choir,,1964,1967,crm_import
4002,1,12785,Club,University Choir,,,,online
4003,1,18893,Club,University Choir,,,,advancement_entry
4004,1,5292,Club,University Choir,,,,advancement_entry
4005,1,10862,Club,University Choir,,,,crm_import
4006,1,1901,Club,University Choir,,,,crm_import
4007,1,1663,Club,University Choir,,,,crm_import
4008,1,15154,Club,University Choir,,,,crm_import
4009,1,13799,Club,University Choir,,,,online
4010,1,4269,Club,University Choir,President,,,crm_import
4011,1,12015,Club,University Choir,President,2004,2006,online
4012,1,15397,Club,University Choir,,1991,1993,online
4013,1,3725,Club,University Choir,Member Leader,,,crm_import
4014,1,5028,Club,University Choir,President,,,online
4015,1,18447,Club,University Choir,,,,crm_import
4016,1,16108,Club,University Choir,,,,crm_import
4017,1,1211,Club,University Choir,President,1998,2002,crm_import
4018,1,13696,Club,University Choir,,,,online
4019,1,19768,Club,University Choir,,,,crm_import
4020,1,17718,Club,University Choir,,,,online
4021,1,6344,Club,University Choir,Treasurer,,,crm_import
4022,1,4523,Club,University Choir,,,,online
4023,1,1404,Club,University Choir,,1971,1975,crm_import
4024,1,5270,Club,University Choir,,,,crm_import
4025,1,11140,Club,University Choir,,,,crm_import
4026,1,11834,Club,University Choir,,,,crm_import
4027,1,13605,Club,University Choir,President,,,advancement_entry
4028,1,2985,Club,University Choir,,,,crm_import
4029,1,14300,Club,University Choir,,,,crm_import
4030,1,3358,Club,University Choir,,,,crm_import
4031,1,5665,Club,University Choir,,,,crm_import
4032,1,19241,Club,University Choir,,,,crm_import
4033,1,8240,Club,University Choir,,,,crm_import
4034,1,19230,Club,University Choir,,1957,1960,online
4035,1,15912,Club,University Choir,,,,crm_import
4036,1,3502,Club,University Choir,,,,crm_import
4037,1,18537,Club,University Choir,,,,online
4038,1,8235,Club,University Choir,,,,crm_import
4039,1,10835,Club,University Choir,,2001,2005,crm_import
4040,1,10567,Club,University Choir,,2023,,crm_import
4041,1,254,Club,University Choir,,2000,2004,advancement_entry
4042,1,11413,Club,University Choir,,2003,2006,crm_import
4043,1,3750,Club,University Choir,,,,crm_import
4044,1,11097,Club,University Choir,,,,crm_import
4045,1,6133,Club,University Choir,Treasurer,,,crm_import
4046,1,19214,Club,University Choir,,,,crm_import
4047,1,16881,Club,University Choir,,2003,2007,crm_import
4048,1,8176,Club,University Choir,,,,crm_import
4049,1,10113,Club,University Choir,,,,crm_import
4050,1,19564,Club,University Choir,,,,crm_import
4051,1,19539,Club,University Choir,,1990,1992,crm_import
4052,1,10503,Club,University Choir,,1995,1997,crm_import
4053,1,6562,Club,University Choir,,2019,2021,crm_import
4054,1,17422,Club,University Choir,,,,online
4055,1,10160,Club,University Choir,,,,advancement_entry
4056,1,11842,Club,University Choir,Treasurer,1992,1996,crm_import
4057,1,15155,Club,University Choir,,,,crm_import
4058,1,5413,Club,University Choir,,1966,1970,crm_import
4059,1,13091,Club,University Choir,President,,,crm_import
4060,1,7954,Club,University Choir,,1959,1962,crm_import
4061,1,11764,Club,University Choir,,2009,2013,crm_import
4062,1,16107,Club,University Choir,Treasurer,,,crm_import
4063,1,14520,Club,University Choir,,1996,1998,crm_import
4064,1,18395,Club,University Choir,,,,crm_import
4065,1,6243,Club,University Choir,,1982,1984,crm_import
4066,1,10528,Club,University Choir,,,,crm_import
4067,1,1402,Club,University Choir,,,,online
4068,1,17980,Club,University Choir,Treasurer,1968,1972,crm_import
4069,1,4001,Club,University Choir,,,,crm_import
4070,1,14400,Club,University Choir,,,,crm_import
4071,1,5795,Club,University Choir,,,,crm_import
4072,1,11975,Club,University Choir,,,,crm_import
4073,1,9723,Club,University Choir,,,,advancement_entry
4074,1,14933,Club,University Choir,Member Leader,1987,1989,crm_import
4075,1,19750,Club,University Choir,,,,advancement_entry
4076,1,5336,Club,University Choir,,1982,1985,crm_import
4077,1,12728,Club,University Choir,,,,crm_import
4078,1,811,Club,University Choir,,1977,1981,crm_import
4079,1,14491,Club,University Choir,,1969,1971,crm_import
4080,1,6484,Club,University Choir,,,,advancement_entry
4081,1,12756,Club,University Choir,,,,crm_import
4082,1,8607,Club,University Choir,,,,online
4083,1,16146,Club,University Choir,,2022,2025,crm_import
4084,1,277,Club,University Choir,,1950,1954,online
4085,1,11752,Club,University Choir,Member Leader,,,online
4086,1,17192,Club,University Choir,,,,crm_import
4087,1,17848,Club,University Choir,,2001,2005,crm_import
4088,1,4868,Club,University Choir,,,,crm_import
4089,1,16491,Club,University Choir,,,,advancement_entry
4090,1,13349,Club,University Choir,,,,crm_import
4091,1,12973,Club,University Choir,,,,crm_import
4092,1,13489,Club,University Choir,,2017,2020,advancement_entry
4093,1,4517,Club,University Choir,,2014,2017,crm_import
4094,1,18538,Club,University Choir,Treasurer,,,crm_import
4095,1,11309,Club,University Choir,,1993,1995,crm_import
4096,1,1626,Club,University Choir,,2021,2023,crm_import
4097,1,8092,Club,University Choir,,2016,2018,online
4098,1,8034,Club,University Choir,,2017,2019,advancement_entry
4099,1,10485,Club,University Choir,,,,crm_import
4100,1,1954,Club,University Choir,,,,crm_import
4101,1,8165,Club,University Choir,,,,crm_import
4102,1,15992,Club,University Choir,,,,crm_import
4103,1,9770,Club,University Choir,Member Leader,,,crm_import
4104,1,8070,Club,University Choir,,,,crm_import
4105,1,8102,Club,University Choir,Member Leader,,,crm_import
4106,1,3335,Club,University Choir,Member Leader,,,crm_import
4107,1,14959,Club,University Choir,,,,online
4108,1,10016,Club,University Choir,,,,crm_import
4109,1,7671,Club,University Choir,,1980,1982,advancement_entry
4110,1,8406,Club,University Choir,,,,crm_import
4111,1,8245,Club,University Choir,,2025,,crm_import
4112,1,15607,Club,University Choir,,,,crm_import
4113,1,5915,Club,University Choir,,,,online
4114,1,19163,Club,University Choir,,,,online
4115,1,18078,Club,University Choir,,1968,1971,online
4116,1,19112,Club,University Choir,,2008,2011,crm_import
4117,1,2766,Club,University Choir,Treasurer,1959,1961,advancement_entry
4118,1,14710,Club,University Choir,,,,crm_import
4119,1,16,Club,University Choir,,,,crm_import
4120,1,14430,Club,University Choir,,2025,,crm_import
4121,1,11652,Club,University Choir,,,,online
4122,1,16885,Club,University Choir,Member Leader,,,online
4123,1,15573,Club,University Choir,,2000,2003,crm_import
4124,1,1744,Club,University Choir,,,,crm_import
4125,1,10271,Club,University Choir,,2003,2006,crm_import
4126,1,10309,Club,University Choir,,1993,1996,crm_import
4127,1,3943,Club,University Choir,,2025,,crm_import
4128,1,18092,Club,University Choir,,,,crm_import
4129,1,8307,Club,University Choir,,,,online
4130,1,4570,Club,University Choir,,2014,2018,advancement_entry
4131,1,10391,Club,University Choir,,,,crm_import
4132,1,6354,Club,University Choir,,1965,1967,crm_import
4133,1,16529,Club,University Choir,,,,crm_import
4134,1,2651,Club,University Choir,,2016,2018,crm_import
4135,1,10560,Club,University Choir,,2010,2012,crm_import
4136,1,12852,Club,University Choir,,,,crm_import
4137,1,8754,Club,University Choir,,,,crm_import
4138,1,807,Club,University Choir,,,,online
4139,1,13133,Club,University Choir,,,,crm_import
4140,1,18740,Club,University Choir,,2014,2018,online
4141,1,16821,Club,University Choir,,,,crm_import
4142,1,8846,Club,University Choir,,2008,2010,crm_import
4143,1,2456,Club,University Choir,,,,crm_import
4144,1,4462,Club,University Choir,,,,crm_import
4145,1,11470,Club,University Choir,,2003,2006,crm_import
4146,1,18171,Club,University Choir,,2001,2004,crm_import
4147,1,18731,Club,University Choir,President,,,crm_import
4148,1,15642,Club,University Choir,,1992,1995,online
4149,1,12126,Club,University Choir,,1998,2000,crm_import
4150,1,982,Club,University Choir,Treasurer,,,crm_import
4151,1,10619,Club,Photography Club,,,,crm_import
4152,1,14998,Club,Photography Club,,,,online
4153,1,16634,Club,Photography Club,,2013,2017,crm_import
4154,1,4362,Club,Photography Club,,2024,2026,crm_import
4155,1,13603,Club,Photography Club,,,,crm_import
4156,1,5348,Club,Photography Club,,2012,2015,crm_import
4157,1,17620,Club,Photography Club,,,,crm_import
4158,1,4321,Club,Photography Club,,,,crm_import
4159,1,17511,Club,Photography Club,President,,,online
4160,1,11692,Club,Photography Club,,2004,2007,crm_import
4161,1,10258,Club,Photography Club,,2014,2017,crm_import
4162,1,896,Club,Photography Club,,,,crm_import
4163,1,7000,Club,Photography Club,Member Leader,,,crm_import
4164,1,547,Club,Photography Club,,1987,1991,advancement_entry
4165,1,7745,Club,Photography Club,Member Leader,,,online
4166,1,15026,Club,Photography Club,,,,advancement_entry
4167,1,11585,Club,Photography Club,,1994,1998,advancement_entry
4168,1,14405,Club,Photography Club,,,,crm_import
4169,1,9081,Club,Photography Club,,,,crm_import
4170,1,18076,Club,Photography Club,,,,crm_import
4171,1,15250,Club,Photography Club,,,,online
4172,1,4192,Club,Photography Club,,,,advancement_entry
4173,1,19251,Club,Photography Club,,,,crm_import
4174,1,881,Club,Photography Club,,,,crm_import
4175,1,11443,Club,Photography Club,,2027,,crm_import
4176,1,1928,Club,Photography Club,,,,crm_import
4177,1,1984,Club,Photography Club,,,,crm_import
4178,1,15280,Club,Photography Club,Member Leader,2021,2025,advancement_entry
4179,1,5222,Club,Photography Club,,,,crm_import
4180,1,12496,Club,Photography Club,,,,crm_import
4181,1,14126,Club,Photography Club,,,,crm_import
4182,1,17131,Club,Photography Club,,,,crm_import
4183,1,9653,Club,Photography Club,Member Leader,2008,2011,crm_import
4184,1,5281,Club,Photography Club,,,,crm_import
4185,1,8669,Club,Photography Club,,,,crm_import
4186,1,19485,Club,Photography Club,,,,crm_import
4187,1,3097,Club,Photography Club,,,,crm_import
4188,1,17631,Club,Photography Club,,,,crm_import
4189,1,17625,Club,Photography Club,,,,crm_import
4190,1,424,Club,Photography Club,,,,crm_import
4191,1,12954,Club,Photography Club,President,2024,,crm_import
4192,1,13534,Club,Photography Club,President,1998,2000,crm_import
4193,1,15049,Club,Photography Club,,2012,2014,crm_import
4194,1,5823,Club,Photography Club,,2010,2013,online
4195,1,653,Club,Photography Club,,1985,1987,crm_import
4196,1,9254,Club,Photography Club,,,,crm_import
4197,1,18844,Club,Photography Club,,,,crm_import
4198,1,4813,Club,Photography Club,,1992,1995,crm_import
4199,1,4721,Club,Photography Club,,,,crm_import
4200,1,2484,Club,Photography Club,,,,crm_import
4201,1,901,Club,Photography Club,,,,crm_import
4202,1,15114,Club,Photography Club,,,,crm_import
4203,1,16562,Club,Photography Club,,,,crm_import
4204,1,8252,Club,Photography Club,Member Leader,,,crm_import
4205,1,6269,Club,Photography Club,,,,online
4206,1,19015,Club,Photography Club,,,,advancement_entry
4207,1,12776,Club,Photography Club,,,,advancement_entry
4208,1,314,Club,Photography Club,,,,crm_import
4209,1,11107,Club,Photography Club,President,2009,2012,online
4210,1,1553,Club,Photography Club,,2026,,online
4211,1,7393,Club,Photography Club,,2025,,crm_import
4212,1,459,Club,Photography Club,,2010,2012,online
4213,1,9915,Club,Photography Club,President,2022,2026,crm_import
4214,1,15833,Club,Photography Club,Member Leader,1965,1968,online
4215,1,741,Club,Photography Club,Member Leader,,,crm_import
4216,1,15037,Club,Photography Club,,,,crm_import
4217,1,9262,Club,Photography Club,,2014,2018,advancement_entry
4218,1,10488,Club,Photography Club,,2013,2015,crm_import
4219,1,4177,Club,Photography Club,,,,crm_import
4220,1,13210,Club,Photography Club,,,,online
4221,1,8607,Club,Photography Club,Treasurer,,,online
4222,1,852,Club,Photography Club,,,,crm_import
4223,1,2252,Club,Photography Club,,,,crm_import
4224,1,2325,Club,Photography Club,,,,advancement_entry
4225,1,14444,Club,Photography Club,,,,crm_import
4226,1,318,Club,Photography Club,,,,crm_import
4227,1,17679,Club,Photography Club,,,,crm_import
4228,1,14254,Club,Photography Club,,,,crm_import
4229,1,10736,Club,Photography Club,,,,crm_import
4230,1,18112,Club,Photography Club,Member Leader,,,crm_import
4231,1,17962,Club,Photography Club,,,,online
4232,1,11702,Club,Photography Club,,1987,1989,online
4233,1,2250,Club,Photography Club,,,,crm_import
4234,1,17001,Club,Photography Club,,,,online
4235,1,6920,Club,Photography Club,Treasurer,,,online
4236,1,10759,Club,Photography Club,,,,advancement_entry
4237,1,203,Club,Photography Club,,,,crm_import
4238,1,11718,Club,Photography Club,,2000,2004,advancement_entry
4239,1,6447,Club,Photography Club,Member Leader,,,crm_import
4240,1,10192,Club,Photography Club,,2011,2013,crm_import
4241,1,7004,Club,Photography Club,,,,crm_import
4242,1,4869,Club,Photography Club,President,,,crm_import
4243,1,3383,Club,Photography Club,,,,crm_import
4244,1,7302,Club,Photography Club,,2003,2007,crm_import
4245,1,2631,Club,Photography Club,Member Leader,2013,2015,crm_import
4246,1,14644,Club,Photography Club,President,,,online
4247,1,7038,Club,Photography Club,,,,crm_import
4248,1,5310,Club,Photography Club,Treasurer,,,advancement_entry
4249,1,1222,Club,Photography Club,President,,,online
4250,1,8873,Club,Photography Club,,,,crm_import
4251,1,6823,Club,Photography Club,,,,crm_import
4252,1,17738,Club,Photography Club,,,,crm_import
4253,1,7508,Club,Photography Club,,,,online
4254,1,4722,Club,Photography Club,,,,crm_import
4255,1,3727,Club,Photography Club,,2026,,online
4256,1,13696,Club,Photography Club,,,,online
4257,1,3327,Club,Photography Club,,,,advancement_entry
4258,1,15590,Club,Photography Club,,,,online
4259,1,6634,Club,Photography Club,,2027,,advancement_entry
4260,1,9290,Club,Photography Club,,1998,2001,crm_import
4261,1,19015,Club,Film Society,,,,advancement_entry
4262,1,3223,Club,Film Society,,1971,1973,crm_import
4263,1,1390,Club,Film Society,,,,crm_import
4264,1,16516,Club,Film Society,,2013,2017,crm_import
4265,1,9196,Club,Film Society,,1950,1952,crm_import
4266,1,7714,Club,Film Society,,,,crm_import
4267,1,354,Club,Film Society,Treasurer,,,crm_import
4268,1,9145,Club,Film Society,,,,crm_import
4269,1,10586,Club,Film Society,,2000,2002,crm_import
4270,1,9719,Club,Film Society,,,,crm_import
4271,1,4430,Club,Film Society,,1971,1975,crm_import
4272,1,3175,Club,Film Society,,2023,,crm_import
4273,1,10256,Club,Film Society,,,,crm_import
4274,1,4333,Club,Film Society,,,,crm_import
4275,1,17004,Club,Film Society,,,,online
4276,1,9947,Club,Film Society,,2009,2012,crm_import
4277,1,2353,Club,Film Society,,,,crm_import
4278,1,18111,Club,Film Society,President,1960,1962,advancement_entry
4279,1,4881,Club,Film Society,,,,online
4280,1,6337,Club,Film Society,,,,crm_import
4281,1,11213,Club,Film Society,,,,crm_import
4282,1,826,Club,Film Society,,2024,,crm_import
4283,1,15992,Club,Film Society,,,,crm_import
4284,1,1278,Club,Film Society,,,,online
4285,1,3314,Club,Film Society,,,,crm_import
4286,1,19577,Club,Film Society,,,,crm_import
4287,1,19176,Club,Film Society,,,,crm_import
4288,1,19506,Club,Film Society,,,,online
4289,1,14200,Club,Film Society,,2026,,crm_import
4290,1,5237,Club,Film Society,,1956,1959,online
4291,1,18850,Club,Film Society,,,,crm_import
4292,1,1102,Club,Film Society,,1999,2001,crm_import
4293,1,1959,Club,Film Society,Treasurer,2008,2011,crm_import
4294,1,13717,Club,Film Society,President,1985,1987,crm_import
4295,1,3235,Club,Film Society,,,,crm_import
4296,1,9268,Club,Film Society,,1975,1978,crm_import
4297,1,10527,Club,Film Society,,2003,2007,crm_import
4298,1,3507,Club,Film Society,,1996,1998,crm_import
4299,1,17268,Club,Film Society,,,,crm_import
4300,1,816,Club,Film Society,,1987,1990,crm_import
4301,1,2708,Club,Film Society,Treasurer,,,crm_import
4302,1,14394,Club,Film Society,,,,online
4303,1,11535,Club,Film Society,,,,online
4304,1,12198,Club,Film Society,,,,crm_import
4305,1,2366,Club,Film Society,,,,crm_import
4306,1,520,Club,Film Society,,,,crm_import
4307,1,8754,Club,Film Society,,,,crm_import
4308,1,11924,Club,Film Society,,,,crm_import
4309,1,10273,Club,Film Society,,,,online
4310,1,5027,Club,Film Society,,,,crm_import
4311,1,3029,Club,Film Society,,,,crm_import
4312,1,13349,Club,Film Society,,2012,2015,crm_import
4313,1,12547,Club,Film Society,,,,crm_import
4314,1,6965,Club,Film Society,,1978,1982,online
4315,1,12240,Club,Film Society,,,,online
4316,1,12945,Club,Film Society,,,,crm_import
4317,1,3141,Club,Film Society,,,,online
4318,1,17947,Club,Film Society,,,,online
4319,1,17064,Club,Film Society,,,,crm_import
4320,1,7254,Club,Film Society,,,,online
4321,1,9008,Club,Film Society,,,,crm_import
4322,1,714,Club,Film Society,,,,crm_import
4323,1,10019,Club,Film Society,,2006,2008,crm_import
4324,1,6034,Club,Film Society,,,,crm_import
4325,1,7720,Club,Film Society,,,,crm_import
4326,1,11997,Club,Film Society,,2019,2022,crm_import
4327,1,9650,Club,Film Society,,,,crm_import
4328,1,7938,Club,Film Society,,1967,1970,advancement_entry
4329,1,4366,Club,Film Society,,2024,,crm_import
4330,1,576,Club,Film Society,President,1979,1981,crm_import
4331,1,10063,Club,Film Society,,,,online
4332,1,1103,Club,Film Society,,2026,,crm_import
4333,1,523,Club,Film Society,,,,online
4334,1,7850,Club,Film Society,,,,crm_import
4335,1,18138,Club,Film Society,,,,crm_import
4336,1,11896,Club,Film Society,,,,crm_import
4337,1,3614,Club,Film Society,,,,crm_import
4338,1,2235,Club,Film Society,,,,crm_import
4339,1,2969,Club,Film Society,,1986,1990,crm_import
4340,1,7957,Club,Film Society,,,,crm_import
4341,1,13150,Club,Film Society,,1993,1997,crm_import
4342,1,13711,Club,Film Society,,1961,1963,advancement_entry
4343,1,13574,Club,Film Society,,,,crm_import
4344,1,16037,Club,Film Society,,,,online
4345,1,345,Club,Film Society,,,,crm_import
4346,1,11417,Club,Film Society,,,,crm_import
4347,1,13821,Club,Film Society,,,,online
4348,1,19863,Club,Film Society,,,,crm_import
4349,1,6276,Club,Film Society,,,,crm_import
4350,1,13552,Club,Film Society,President,,,crm_import
4351,1,2889,Club,Film Society,,1967,1969,online
4352,1,18504,Club,Film Society,,,,crm_import
4353,1,6793,Club,Film Society,,,,crm_import
4354,1,7877,Club,Film Society,Member Leader,,,crm_import
4355,1,14752,Club,Film Society,,1991,1994,crm_import
4356,1,19951,Club,Film Society,,,,crm_import
4357,1,10486,Club,Film Society,,,,advancement_entry
4358,1,18026,Club,Film Society,,2002,2006,crm_import
4359,1,12237,Club,Film Society,,,,advancement_entry
4360,1,5686,Club,Film Society,,2024,,advancement_entry
4361,1,12612,Club,Film Society,,,,crm_import
4362,1,5003,Club,Film Society,,,,online
4363,1,3264,Club,Film Society,Member Leader,,,crm_import
4364,1,6259,Club,Film Society,,,,crm_import
4365,1,7759,Club,Film Society,,,,online
4366,1,16311,Club,Film Society,,2025,,crm_import
4367,1,15593,Club,Film Society,,,,online
4368,1,2871,Club,Film Society,,1958,1961,crm_import
4369,1,5514,Club,Film Society,,,,crm_import
4370,1,15518,Club,Film Society,,2000,2004,crm_import
4371,1,10172,Club,Film Society,,1956,1959,crm_import
4372,1,1858,Club,Film Society,,2021,2025,crm_import
4373,1,8723,Club,Film Society,,2023,2026,crm_import
4374,1,8296,Club,Film Society,,,,crm_import
4375,1,10108,Club,Film Society,,1989,1992,advancement_entry
4376,1,14345,Club,Film Society,,1981,1984,crm_import
4377,1,690,Club,Film Society,,,,online
4378,1,2707,Club,Film Society,,,,online
4379,1,16854,Club,Film Society,,,,crm_import
4380,1,16813,Club,Film Society,,,,crm_import
4381,1,7687,Club,Film Society,,,,crm_import
4382,1,4890,Club,Film Society,,,,online
4383,1,6543,Club,Film Society,,,,crm_import
4384,1,16917,Club,Film Society,,,,crm_import
4385,1,9622,Club,Film Society,,1990,1992,crm_import
4386,1,4907,Club,Film Society,,,,crm_import
4387,1,3063,Club,Film Society,,,,online
4388,1,6069,Club,Film Society,,,,crm_import
4389,1,11598,Club,Film Society,,,,online
4390,1,12979,Club,Film Society,,,,online
4391,1,7557,Club,Chess Club,,1971,1973,online
4392,1,8622,Club,Chess Club,,1974,1976,crm_import
4393,1,508,Club,Chess Club,,,,crm_import
4394,1,18525,Club,Chess Club,,,,crm_import
4395,1,8519,Club,Chess Club,,1947,1951,crm_import
4396,1,1365,Club,Chess Club,,,,advancement_entry
4397,1,14437,Club,Chess Club,,,,crm_import
4398,1,4317,Club,Chess Club,,2000,2004,crm_import
4399,1,9767,Club,Chess Club,,,,crm_import
4400,1,11555,Club,Chess Club,,,,advancement_entry
4401,1,9443,Club,Chess Club,,2011,2014,crm_import
4402,1,14818,Club,Chess Club,,,,online
4403,1,15517,Club,Chess Club,,1979,1981,crm_import
4404,1,2752,Club,Chess Club,,,,crm_import
4405,1,15712,Club,Chess Club,,,,crm_import
4406,1,6276,Club,Chess Club,President,,,crm_import
4407,1,4563,Club,Chess Club,,2003,2006,crm_import
4408,1,14312,Club,Chess Club,,1954,1956,crm_import
4409,1,11477,Club,Chess Club,,,,crm_import
4410,1,19459,Club,Chess Club,,,,crm_import
4411,1,18970,Club,Chess Club,Member Leader,,,crm_import
4412,1,1978,Club,Chess Club,,,,crm_import
4413,1,2438,Club,Chess Club,,1992,1996,online
4414,1,16765,Club,Chess Club,,,,crm_import
4415,1,8539,Club,Chess Club,,,,online
4416,1,18891,Club,Chess Club,,,,crm_import
4417,1,13038,Club,Chess Club,,,,online
4418,1,1759,Club,Chess Club,President,,,advancement_entry
4419,1,1115,Club,Chess Club,,,,crm_import
4420,1,16300,Club,Chess Club,,1977,1981,online
4421,1,17367,Club,Chess Club,,,,crm_import
4422,1,13450,Club,Chess Club,,,,crm_import
4423,1,15373,Club,Chess Club,,,,online
4424,1,844,Club,Chess Club,,,,crm_import
4425,1,11388,Club,Chess Club,Treasurer,1966,1969,crm_import
4426,1,10191,Club,Chess Club,,,,crm_import
4427,1,14204,Club,Chess Club,Treasurer,,,crm_import
4428,1,9482,Club,Chess Club,President,2013,2016,online
4429,1,14151,Club,Chess Club,,2001,2005,crm_import
4430,1,19415,Club,Chess Club,,,,crm_import
4431,1,4459,Club,Chess Club,,,,online
4432,1,13335,Club,Chess Club,,2003,2007,crm_import
4433,1,4289,Club,Chess Club,,,,crm_import
4434,1,8750,Club,Chess Club,,,,crm_import
4435,1,19986,Club,Chess Club,,,,crm_import
4436,1,10625,Club,Chess Club,,2015,2017,crm_import
4437,1,15180,Club,Chess Club,,1986,1988,crm_import
4438,1,2937,Club,Chess Club,,,,crm_import
4439,1,6359,Club,Chess Club,,,,crm_import
4440,1,13076,Club,Chess Club,,2026,,crm_import
4441,1,10635,Club,Chess Club,,,,advancement_entry
4442,1,5969,Club,Chess Club,,2015,2018,crm_import
4443,1,9346,Club,Chess Club,,,,online
4444,1,10090,Club,Chess Club,,2000,2003,crm_import
4445,1,16846,Club,Chess Club,,1995,1999,crm_import
4446,1,6587,Club,Chess Club,Treasurer,,,crm_import
4447,1,8625,Club,Chess Club,,,,online
4448,1,2977,Club,Chess Club,Member Leader,2024,,advancement_entry
4449,1,2101,Club,Chess Club,,,,crm_import
4450,1,3726,Club,Chess Club,,,,online
4451,1,11505,Club,Chess Club,,1981,1985,crm_import
4452,1,9352,Club,Chess Club,,,,crm_import
4453,1,5494,Club,Chess Club,,,,online
4454,1,8115,Club,Chess Club,,,,advancement_entry
4455,1,16437,Club,Chess Club,,,,crm_import
4456,1,10932,Club,Chess Club,,2027,,crm_import
4457,1,5242,Club,Chess Club,,,,crm_import
4458,1,1872,Club,Chess Club,,,,crm_import
4459,1,6514,Club,Chess Club,,2013,2015,crm_import
4460,1,14546,Club,Chess Club,,,,online
4461,1,3179,Club,Chess Club,,2007,2010,crm_import
4462,1,2070,Club,Chess Club,,,,advancement_entry
4463,1,9852,Club,Chess Club,,2027,,crm_import
4464,1,520,Club,Chess Club,,,,crm_import
4465,1,10481,Club,Chess Club,,,,crm_import
4466,1,19280,Club,Chess Club,,,,crm_import
4467,1,17014,Club,Chess Club,,1981,1984,crm_import
4468,1,19033,Club,Chess Club,,,,crm_import
4469,1,11370,Club,Chess Club,,,,crm_import
4470,1,15956,Club,Chess Club,,2015,2017,crm_import
4471,1,3214,Club,Chess Club,,,,crm_import
4472,1,4021,Club,Chess Club,,,,crm_import
4473,1,9011,Club,Chess Club,,1972,1974,crm_import
4474,1,6383,Club,Chess Club,,,,online
4475,1,3858,Club,Chess Club,,1963,1967,crm_import
4476,1,18825,Club,Chess Club,President,,,crm_import
4477,1,9282,Club,Chess Club,,,,crm_import
4478,1,13152,Club,Chess Club,,1956,1959,crm_import
4479,1,3749,Club,Chess Club,,,,crm_import
4480,1,16365,Club,Chess Club,,,,crm_import
4481,1,69,Club,Outdoors Club,,,,crm_import
4482,1,15121,Club,Outdoors Club,,,,crm_import
4483,1,18515,Club,Outdoors Club,,2002,2006,advancement_entry
4484,1,865,Club,Outdoors Club,,1992,1995,crm_import
4485,1,15166,Club,Outdoors Club,,,,crm_import
4486,1,8163,Club,Outdoors Club,,1979,1981,crm_import
4487,1,12318,Club,Outdoors Club,,2007,2010,crm_import
4488,1,822,Club,Outdoors Club,,,,advancement_entry
4489,1,12541,Club,Outdoors Club,,,,online
4490,1,12952,Club,Outdoors Club,,,,crm_import
4491,1,769,Club,Outdoors Club,,,,crm_import
4492,1,6675,Club,Outdoors Club,,1948,1951,crm_import
4493,1,15689,Club,Outdoors Club,,,,online
4494,1,5819,Club,Outdoors Club,,,,crm_import
4495,1,3144,Club,Outdoors Club,,1973,1977,online
4496,1,4065,Club,Outdoors Club,,2006,2009,online
4497,1,8229,Club,Outdoors Club,,,,advancement_entry
4498,1,8619,Club,Outdoors Club,,2006,2008,online
4499,1,17139,Club,Outdoors Club,,,,crm_import
4500,1,17156,Club,Outdoors Club,,1995,1999,online
4501,1,11289,Club,Outdoors Club,President,,,crm_import
4502,1,3181,Club,Outdoors Club,,,,crm_import
4503,1,5424,Club,Outdoors Club,,,,crm_import
4504,1,7991,Club,Outdoors Club,,1959,1962,crm_import
4505,1,7628,Club,Outdoors Club,,,,crm_import
4506,1,1709,Club,Outdoors Club,,,,online
4507,1,7982,Club,Outdoors Club,,2023,2026,crm_import
4508,1,13710,Club,Outdoors Club,,1962,1966,crm_import
4509,1,4068,Club,Outdoors Club,,,,crm_import
4510,1,13982,Club,Outdoors Club,,,,crm_import
4511,1,17744,Club,Outdoors Club,,,,crm_import
4512,1,3766,Club,Outdoors Club,Treasurer,,,crm_import
4513,1,19321,Club,Outdoors Club,,,,crm_import
4514,1,1665,Club,Outdoors Club,,1976,1978,online
4515,1,1490,Club,Outdoors Club,,,,crm_import
4516,1,14941,Club,Outdoors Club,,2015,2019,advancement_entry
4517,1,895,Club,Outdoors Club,,2027,,crm_import
4518,1,17339,Club,Outdoors Club,,,,crm_import
4519,1,13513,Club,Outdoors Club,,2020,2024,crm_import
4520,1,1767,Club,Outdoors Club,,1968,1972,crm_import
4521,1,19943,Club,Outdoors Club,,,,online
4522,1,4388,Club,Outdoors Club,,,,crm_import
4523,1,11707,Club,Outdoors Club,,2025,,advancement_entry
4524,1,7414,Club,Outdoors Club,,,,crm_import
4525,1,15392,Club,Outdoors Club,President,2010,2013,online
4526,1,372,Club,Outdoors Club,,,,advancement_entry
4527,1,12589,Club,Outdoors Club,,2028,,online
4528,1,14889,Club,Outdoors Club,,2023,2026,crm_import
4529,1,9693,Club,Outdoors Club,,,,crm_import
4530,1,4475,Club,Outdoors Club,,,,crm_import
4531,1,19934,Club,Outdoors Club,,,,crm_import
4532,1,5674,Club,Outdoors Club,,,,crm_import
4533,1,7599,Club,Outdoors Club,,,,online
4534,1,3611,Club,Outdoors Club,,,,crm_import
4535,1,13873,Club,Outdoors Club,Member Leader,,,advancement_entry
4536,1,1750,Club,Outdoors Club,,,,crm_import
4537,1,9373,Club,Outdoors Club,,2010,2012,crm_import
4538,1,17341,Club,Outdoors Club,,,,crm_import
4539,1,11814,Club,Outdoors Club,,2023,,advancement_entry
4540,1,14943,Club,Outdoors Club,,,,crm_import
4541,1,4973,Club,Outdoors Club,,2024,,crm_import
4542,1,11305,Club,Outdoors Club,,,,online
4543,1,17256,Club,Outdoors Club,,2006,2010,crm_import
4544,1,12826,Club,Outdoors Club,President,2013,2016,crm_import
4545,1,12002,Club,Outdoors Club,,2023,,crm_import
4546,1,19216,Club,Outdoors Club,,,,crm_import
4547,1,19333,Club,Outdoors Club,,,,crm_import
4548,1,18221,Club,Outdoors Club,,,,online
4549,1,18999,Club,Outdoors Club,,,,online
4550,1,1307,Club,Outdoors Club,,,,advancement_entry
4551,1,10462,Club,Outdoors Club,President,,,crm_import
4552,1,13949,Club,Outdoors Club,,2012,2014,crm_import
4553,1,15537,Club,Outdoors Club,,1987,1990,crm_import
4554,1,17709,Club,Outdoors Club,,,,crm_import
4555,1,9231,Club,Outdoors Club,,,,crm_import
4556,1,9356,Club,Outdoors Club,,,,online
4557,1,4868,Club,Outdoors Club,Member Leader,,,crm_import
4558,1,12911,Club,Outdoors Club,,,,crm_import
4559,1,15345,Club,Outdoors Club,,,,crm_import
4560,1,3491,Club,Outdoors Club,,,,online
4561,1,5218,Club,Outdoors Club,,1980,1983,crm_import
4562,1,14857,Club,Outdoors Club,,,,crm_import
4563,1,16369,Club,Outdoors Club,,,,crm_import
4564,1,6179,Club,Outdoors Club,,,,crm_import
4565,1,3864,Club,Outdoors Club,Member Leader,2015,2018,crm_import
4566,1,19602,Club,Outdoors Club,,,,online
4567,1,14520,Club,Outdoors Club,,1995,1998,crm_import
4568,1,565,Club,Outdoors Club,,,,advancement_entry
4569,1,12361,Club,Outdoors Club,,,,online
4570,1,12075,Club,Outdoors Club,,,,crm_import
4571,1,3413,Club,Outdoors Club,,,,crm_import
4572,1,15750,Club,Outdoors Club,,,,crm_import
4573,1,8036,Club,Outdoors Club,,2001,2004,online
4574,1,15056,Club,Outdoors Club,,1997,2000,crm_import
4575,1,2503,Club,Outdoors Club,,,,crm_import
4576,1,4151,Club,Outdoors Club,,,,crm_import
4577,1,12818,Club,Outdoors Club,,2007,2009,crm_import
4578,1,15580,Club,Outdoors Club,,2028,,online
4579,1,14691,Club,Outdoors Club,,,,online
4580,1,19670,Club,Outdoors Club,,,,crm_import
4581,1,11188,Club,Outdoors Club,,2028,,crm_import
4582,1,1114,Club,Outdoors Club,,,,online
4583,1,18883,Club,Outdoors Club,,1974,1977,online
4584,1,17766,Club,Outdoors Club,,,,crm_import
4585,1,19353,Club,Outdoors Club,,,,crm_import
4586,1,7899,Club,Outdoors Club,,,,crm_import
4587,1,11204,Club,Outdoors Club,,,,advancement_entry
4588,1,12967,Club,Outdoors Club,,2005,2008,advancement_entry
4589,1,16005,Club,Outdoors Club,,,,crm_import
4590,1,872,Club,Outdoors Club,,,,crm_import
4591,1,3389,Club,Outdoors Club,Treasurer,,,crm_import
4592,1,961,Club,Outdoors Club,,,,advancement_entry
4593,1,16426,Club,Outdoors Club,,,,online
4594,1,4573,Club,Outdoors Club,,,,crm_import
4595,1,9159,Club,Outdoors Club,,2026,,crm_import
4596,1,7550,Club,Outdoors Club,,2025,,crm_import
4597,1,2572,Club,Outdoors Club,Member Leader,2024,,online
4598,1,16421,Club,Outdoors Club,,1989,1992,online
4599,1,7325,Club,Outdoors Club,,,,crm_import
4600,1,1267,Club,Outdoors Club,,,,online
4601,1,261,Club,Outdoors Club,,,,crm_import
4602,1,16286,Club,Outdoors Club,,2014,2017,online
4603,1,5533,Club,Outdoors Club,,,,crm_import
4604,1,1997,Club,Outdoors Club,,,,online
4605,1,5449,Club,Outdoors Club,,,,crm_import
4606,1,12004,Club,Outdoors Club,,2019,2022,crm_import
4607,1,13506,Club,Outdoors Club,President,,,crm_import
4608,1,9745,Club,Outdoors Club,,,,crm_import
4609,1,10220,Club,Outdoors Club,,,,online
4610,1,4508,Club,Outdoors Club,,,,online
4611,1,14810,Club,Outdoors Club,,2009,2011,advancement_entry
4612,1,221,Club,Outdoors Club,,1987,1989,online
4613,1,10610,Club,Outdoors Club,,2023,2026,online
4614,1,17834,Club,Outdoors Club,,1989,1991,crm_import
4615,1,5106,Club,Outdoors Club,,1985,1987,online
4616,1,1631,Club,Outdoors Club,,2027,,crm_import
4617,1,5671,Club,Outdoors Club,,,,online
4618,1,2023,Club,Outdoors Club,,,,crm_import
4619,1,7004,Club,Outdoors Club,,2026,,crm_import
4620,1,14632,Club,Outdoors Club,,,,crm_import
4621,1,1193,Club,Outdoors Club,Member Leader,,,advancement_entry
4622,1,11624,Club,Outdoors Club,,2006,2010,crm_import
4623,1,2667,Club,Outdoors Club,President,,,advancement_entry
4624,1,18878,Club,Outdoors Club,,,,crm_import
4625,1,3496,Club,Outdoors Club,,2028,,crm_import
4626,1,2742,Club,Outdoors Club,,,,crm_import
4627,1,1875,Club,Outdoors Club,,1970,1973,crm_import
4628,1,7767,Club,Outdoors Club,,,,crm_import
4629,1,10535,Club,Outdoors Club,,,,crm_import
4630,1,16183,Club,Outdoors Club,,,,crm_import
4631,1,15597,Club,Outdoors Club,,,,crm_import
4632,1,14986,Club,Outdoors Club,,2025,,advancement_entry
4633,1,17703,Club,Outdoors Club,,2012,2016,crm_import
4634,1,12312,Club,Outdoors Club,,,,crm_import
4635,1,2579,Club,Outdoors Club,Treasurer,1991,1995,online
4636,1,19461,Club,Outdoors Club,,,,online
4637,1,11655,Club,Outdoors Club,,2022,2024,crm_import
4638,1,19152,Club,Outdoors Club,Treasurer,,,crm_import
4639,1,16473,Club,Outdoors Club,,1997,2000,crm_import
4640,1,19870,Club,Outdoors Club,,,,crm_import
4641,1,13202,Club,Outdoors Club,,,,advancement_entry
4642,1,2007,Club,Outdoors Club,,,,crm_import
4643,1,11026,Club,Outdoors Club,,,,crm_import
4644,1,1724,Club,Outdoors Club,,1976,1978,crm_import
4645,1,15600,Club,Outdoors Club,,1967,1971,crm_import
4646,1,17947,Club,Outdoors Club,,,,online
4647,1,18114,Club,Outdoors Club,,,,online
4648,1,18689,Club,Outdoors Club,,,,online
4649,1,12711,Club,Outdoors Club,,1998,2001,crm_import
4650,1,10866,Club,Outdoors Club,,1967,1971,crm_import
4651,1,4053,Club,Outdoors Club,,2024,2026,crm_import
4652,1,13906,Club,Outdoors Club,,2023,2025,crm_import
4653,1,18322,Club,Outdoors Club,,,,crm_import
4654,1,4043,Club,Outdoors Club,,,,online
4655,1,18508,Club,Outdoors Club,,1991,1993,online
4656,1,4007,Club,Outdoors Club,Treasurer,2023,,advancement_entry
4657,1,18865,Club,Outdoors Club,President,2006,2008,crm_import
4658,1,13397,Club,Outdoors Club,,,,crm_import
4659,1,1526,Club,Outdoors Club,,1987,1991,crm_import
4660,1,9729,Club,Outdoors Club,,1991,1994,crm_import
4661,1,11542,Club,Outdoors Club,,,,crm_import
4662,1,17504,Club,Outdoors Club,,,,advancement_entry
4663,1,1119,Club,Outdoors Club,,,,crm_import
4664,1,5794,Club,Outdoors Club,,,,advancement_entry
4665,1,13372,Club,Outdoors Club,,,,crm_import
4666,1,7800,Club,Outdoors Club,,,,crm_import
4667,1,19586,Club,Outdoors Club,,1998,2002,crm_import
4668,1,1828,Club,Outdoors Club,,2028,,crm_import
4669,1,10849,Club,Outdoors Club,,1995,1999,online
4670,1,6544,Club,Outdoors Club,,,,crm_import
4671,1,10296,Club,Outdoors Club,Treasurer,2003,2005,online
4672,1,9491,Club,Outdoors Club,,,,crm_import
4673,1,16338,Club,Outdoors Club,,,,crm_import
4674,1,12106,Club,Outdoors Club,President,1996,1999,crm_import
4675,1,9593,Club,Outdoors Club,Treasurer,2024,,crm_import
4676,1,17798,Club,Outdoors Club,,2008,2010,crm_import
4677,1,4998,Club,Outdoors Club,,,,advancement_entry
4678,1,6648,Club,Outdoors Club,,,,online
4679,1,19624,Club,Outdoors Club,Member Leader,2023,2026,crm_import
4680,1,812,Club,Outdoors Club,,,,crm_import
4681,1,10885,Club,Outdoors Club,,,,crm_import
4682,1,1686,Club,Outdoors Club,,,,crm_import
4683,1,10937,Club,Outdoors Club,,,,online
4684,1,13060,Club,Outdoors Club,,,,online
4685,1,17586,Club,Outdoors Club,,,,advancement_entry
4686,1,12122,Club,Outdoors Club,,2027,,advancement_entry
4687,1,15328,Club,Outdoors Club,,,,crm_import
4688,1,18427,Club,Outdoors Club,,,,crm_import
4689,1,11966,Club,Outdoors Club,,,,crm_import
4690,1,17537,Club,Outdoors Club,,,,crm_import
4691,1,3625,Club,Outdoors Club,,,,crm_import
4692,1,15067,Club,Outdoors Club,,,,crm_import
4693,1,16865,Club,Outdoors Club,,,,crm_import
4694,1,19547,Club,Outdoors Club,,,,online
4695,1,12174,Club,Outdoors Club,,2003,2007,crm_import
4696,1,8482,Club,Outdoors Club,,,,crm_import
4697,1,16474,Club,Outdoors Club,,,,online
4698,1,8617,Club,Outdoors Club,,2021,2025,crm_import
4699,1,233,Club,Outdoors Club,,2025,,crm_import
4700,1,3677,Club,Outdoors Club,,,,online
4701,1,616,Club,Outdoors Club,,,,crm_import
4702,1,268,Club,Outdoors Club,,2003,2005,crm_import
4703,1,17817,Club,Outdoors Club,,1964,1967,online
4704,1,19690,Club,Outdoors Club,Treasurer,,,crm_import
4705,1,18637,Club,Outdoors Club,,,,crm_import
4706,1,6880,Club,Outdoors Club,,2022,2026,crm_import
4707,1,2610,Club,Outdoors Club,,1972,1976,crm_import
4708,1,3516,Club,Outdoors Club,Treasurer,,,crm_import
4709,1,826,Club,Outdoors Club,,2026,,crm_import
4710,1,14317,Club,Outdoors Club,,,,crm_import
4711,1,18708,Club,Outdoors Club,,2006,2008,crm_import
4712,1,4406,Club,Outdoors Club,,,,crm_import
4713,1,15352,Club,Outdoors Club,President,,,online
4714,1,3330,Club,Outdoors Club,,2018,2020,advancement_entry
4715,1,11646,Club,Outdoors Club,,,,online
4716,1,4919,Club,Outdoors Club,,,,crm_import
4717,1,17614,Club,Outdoors Club,,,,crm_import
4718,1,11887,Club,Outdoors Club,,1986,1988,online
4719,1,19496,Club,Outdoors Club,,1975,1978,crm_import
4720,1,138,Club,Outdoors Club,,2015,2018,crm_import
4721,1,6418,Club,Outdoors Club,,,,crm_import
4722,1,8165,Club,Outdoors Club,Member Leader,,,crm_import
4723,1,8111,Club,Outdoors Club,,,,crm_import
4724,1,3503,Club,Outdoors Club,,1989,1993,crm_import
4725,1,14847,Club,Outdoors Club,,,,crm_import
4726,1,9527,Club,Outdoors Club,,,,crm_import
4727,1,5309,Club,Outdoors Club,,,,crm_import
4728,1,17826,Club,Outdoors Club,,,,crm_import
4729,1,16782,Club,Outdoors Club,,2026,,crm_import
4730,1,12856,Club,Outdoors Club,,,,crm_import
4731,1,1399,Club,Outdoors Club,,,,crm_import
4732,1,10235,Club,Outdoors Club,President,,,crm_import
4733,1,14058,Club,Outdoors Club,Member Leader,,,crm_import
4734,1,444,Club,Outdoors Club,,1976,1979,crm_import
4735,1,5117,Club,Outdoors Club,,1984,1987,online
4736,1,15681,Club,Outdoors Club,,,,crm_import
4737,1,3465,Club,Outdoors Club,,,,crm_import
4738,1,2276,Club,Outdoors Club,,,,online
4739,1,3466,Club,Outdoors Club,,2022,2026,crm_import
4740,1,19006,Club,Outdoors Club,,,,advancement_entry
4741,1,13078,Club,Ski Club,,,,advancement_entry
4742,1,4648,Club,Ski Club,,,,crm_import
4743,1,704,Club,Ski Club,,,,online
4744,1,15544,Club,Ski Club,,1995,1998,crm_import
4745,1,5915,Club,Ski Club,,,,online
4746,1,4519,Club,Ski Club,,,,advancement_entry
4747,1,15831,Club,Ski Club,,1987,1989,crm_import
4748,1,11455,Club,Ski Club,,2027,,crm_import
4749,1,14466,Club,Ski Club,,2015,2018,online
4750,1,4302,Club,Ski Club,,,,online
4751,1,19304,Club,Ski Club,,,,crm_import
4752,1,12560,Club,Ski Club,,,,crm_import
4753,1,4494,Club,Ski Club,,,,crm_import
4754,1,14498,Club,Ski Club,,,,crm_import
4755,1,12200,Club,Ski Club,,,,crm_import
4756,1,11449,Club,Ski Club,,2014,2017,crm_import
4757,1,4651,Club,Ski Club,,,,crm_import
4758,1,453,Club,Ski Club,,2015,2019,crm_import
4759,1,12317,Club,Ski Club,,2026,,crm_import
4760,1,3559,Club,Ski Club,Member Leader,,,crm_import
4761,1,2009,Club,Ski Club,,,,crm_import
4762,1,266,Club,Ski Club,,,,crm_import
4763,1,19163,Club,Ski Club,,2019,2021,online
4764,1,13041,Club,Ski Club,Treasurer,2003,2006,crm_import
4765,1,16276,Club,Ski Club,,,,crm_import
4766,1,5981,Club,Ski Club,,,,crm_import
4767,1,6967,Club,Ski Club,,,,crm_import
4768,1,2992,Club,Ski Club,,,,crm_import
4769,1,1172,Club,Ski Club,,,,online
4770,1,6812,Club,Ski Club,,,,crm_import
4771,1,9159,Club,Ski Club,,2026,,crm_import
4772,1,19259,Club,Ski Club,Member Leader,,,advancement_entry
4773,1,16875,Club,Ski Club,,,,crm_import
4774,1,7764,Club,Ski Club,,2008,2012,crm_import
4775,1,6449,Club,Ski Club,,1989,1992,crm_import
4776,1,1212,Club,Ski Club,,,,crm_import
4777,1,5398,Club,Ski Club,Treasurer,,,crm_import
4778,1,6316,Club,Ski Club,,2025,,online
4779,1,19022,Club,Ski Club,,,,online
4780,1,8093,Club,Ski Club,,2017,2019,crm_import
4781,1,494,Club,Ski Club,,1976,1978,crm_import
4782,1,13298,Club,Ski Club,,,,crm_import
4783,1,19385,Club,Ski Club,,,,crm_import
4784,1,3425,Club,Ski Club,,2023,2026,crm_import
4785,1,10486,Club,Ski Club,,2026,,advancement_entry
4786,1,7519,Club,Ski Club,,2005,2009,crm_import
4787,1,16911,Club,Ski Club,,2019,2021,crm_import
4788,1,3764,Club,Ski Club,,,,crm_import
4789,1,17276,Club,Ski Club,,,,crm_import
4790,1,15931,Club,Ski Club,,,,crm_import
4791,1,13773,Club,Ski Club,,,,online
4792,1,15354,Club,Ski Club,,1960,1962,crm_import
4793,1,6811,Club,Ski Club,,,,online
4794,1,4857,Club,Ski Club,,1993,1995,crm_import
4795,1,6206,Club,Ski Club,,,,crm_import
4796,1,6132,Club,Ski Club,,2018,2021,crm_import
4797,1,17870,Club,Ski Club,,,,crm_import
4798,1,12967,Club,Ski Club,Member Leader,2006,2008,advancement_entry
4799,1,13760,Club,Ski Club,,,,online
4800,1,7655,Club,Ski Club,,,,crm_import
4801,1,19883,Club,Ski Club,,,,crm_import
4802,1,10987,Club,Ski Club,,1985,1989,crm_import
4803,1,13715,Club,Ski Club,,1966,1970,crm_import
4804,1,3725,Club,Ski Club,,,,crm_import
4805,1,5034,Club,Ski Club,,,,crm_import
4806,1,7257,Club,Ski Club,,,,crm_import
4807,1,17597,Club,Ski Club,,2018,2022,crm_import
4808,1,18976,Club,Ski Club,,,,advancement_entry
4809,1,10887,Club,Ski Club,,,,crm_import
4810,1,11294,Club,Ski Club,,,,online
4811,1,4009,Club,Ski Club,,,,crm_import
4812,1,7160,Club,Ski Club,,1967,1969,crm_import
4813,1,5919,Club,Ski Club,President,2012,2014,crm_import
4814,1,11132,Club,Ski Club,,,,crm_import
4815,1,10892,Club,Ski Club,,2007,2011,crm_import
4816,1,9825,Club,Ski Club,Treasurer,2008,2011,crm_import
4817,1,1372,Club,Ski Club,,2024,2026,crm_import
4818,1,17092,Club,Ski Club,,,,crm_import
4819,1,13666,Club,Ski Club,,,,online
4820,1,14563,Club,Ski Club,Member Leader,,,online
4821,1,3852,Club,Sailing Club,,,,crm_import
4822,1,10301,Club,Sailing Club,,,,crm_import
4823,1,16527,Club,Sailing Club,,1991,1995,crm_import
4824,1,555,Club,Sailing Club,,1990,1994,crm_import
4825,1,14416,Club,Sailing Club,President,1996,1998,crm_import
4826,1,4337,Club,Sailing Club,,,,crm_import
4827,1,4567,Club,Sailing Club,,1972,1975,crm_import
4828,1,7594,Club,Sailing Club,President,1978,1982,crm_import
4829,1,14961,Club,Sailing Club,,,,online
4830,1,620,Club,Sailing Club,,,,crm_import
4831,1,13007,Club,Sailing Club,,,,crm_import
4832,1,4831,Club,Sailing Club,,1990,1993,crm_import
4833,1,1591,Club,Sailing Club,,,,crm_import
4834,1,10610,Club,Sailing Club,,2024,2026,online
4835,1,9534,Club,Sailing Club,,,,advancement_entry
4836,1,15409,Club,Sailing Club,,2015,2018,online
4837,1,2076,Club,Sailing Club,,1974,1976,crm_import
4838,1,1080,Club,Sailing Club,,,,crm_import
4839,1,2979,Club,Sailing Club,,,,crm_import
4840,1,17429,Club,Sailing Club,,2022,2024,crm_import
4841,1,11150,Club,Sailing Club,,,,crm_import
4842,1,10400,Club,Sailing Club,,,,crm_import
4843,1,3723,Club,Sailing Club,,,,online
4844,1,4701,Club,Sailing Club,,,,crm_import
4845,1,15474,Club,Sailing Club,,,,crm_import
4846,1,10118,Club,Sailing Club,Member Leader,1996,1999,crm_import
4847,1,19259,Club,Sailing Club,Member Leader,,,advancement_entry
4848,1,764,Club,Sailing Club,,,,crm_import
4849,1,2743,Club,Sailing Club,,1998,2002,crm_import
4850,1,19934,Club,Sailing Club,,,,crm_import
4851,1,1009,Club,Sailing Club,,,,online
4852,1,463,Club,Sailing Club,Treasurer,,,crm_import
4853,1,1296,Club,Sailing Club,,2025,,crm_import
4854,1,5340,Club,Sailing Club,,,,crm_import
4855,1,2907,Club,Sailing Club,,2017,2019,crm_import
4856,1,11098,Club,Sailing Club,Member Leader,2026,,crm_import
4857,1,19314,Club,Sailing Club,,,,crm_import
4858,1,6754,Club,Sailing Club,,,,online
4859,1,578,Club,Sailing Club,,2017,2019,crm_import
4860,1,11889,Club,Sailing Club,,2002,2005,crm_import
4861,1,1193,Club,Sailing Club,,,,advancement_entry
4862,1,6815,Club,Sailing Club,,,,crm_import
4863,1,17851,Club,Sailing Club,,,,crm_import
4864,1,17003,Club,Sailing Club,,,,crm_import
4865,1,13555,Club,Sailing Club,,,,crm_import
4866,1,13835,Club,Sailing Club,,2026,,crm_import
4867,1,15687,Club,Sailing Club,,,,online
4868,1,13863,Club,Sailing Club,Treasurer,2006,2010,crm_import
4869,1,1874,Club,Sailing Club,,2012,2014,crm_import
4870,1,1850,Club,Sailing Club,,,,crm_import
4871,1,7631,Club,Sailing Club,,,,crm_import
4872,1,12607,Club,Sailing Club,Treasurer,,,online
4873,1,17319,Club,Sailing Club,,2008,2011,advancement_entry
4874,1,1931,Club,Sailing Club,,,,crm_import
4875,1,19093,Club,Sailing Club,,1985,1987,crm_import
4876,1,17304,Club,Sailing Club,,2015,2019,crm_import
4877,1,1844,Club,Sailing Club,President,,,online
4878,1,16185,Club,Sailing Club,,,,online
4879,1,3413,Club,Sailing Club,,,,crm_import
4880,1,16696,Club,Sailing Club,,,,crm_import
4881,1,13765,Club,Sailing Club,,2003,2007,online
4882,1,7264,Club,Sailing Club,,,,crm_import
4883,1,10585,Club,Sailing Club,,,,crm_import
4884,1,4868,Club,Sailing Club,,,,crm_import
4885,1,6955,Club,Sailing Club,,,,crm_import
4886,1,15992,Club,Sailing Club,,,,crm_import
4887,1,10527,Club,Sailing Club,,,,crm_import
4888,1,6228,Club,Sailing Club,,,,crm_import
4889,1,11425,Club,Sailing Club,,2028,,crm_import
4890,1,11618,Club,Sailing Club,,,,online
4891,1,9034,Club,Investment Club,,1987,1991,crm_import
4892,1,8083,Club,Investment Club,,,,online
4893,1,6038,Club,Investment Club,Treasurer,2017,2019,crm_import
4894,1,5530,Club,Investment Club,,,,online
4895,1,822,Club,Investment Club,,2019,2022,advancement_entry
4896,1,9857,Club,Investment Club,,2027,,crm_import
4897,1,11526,Club,Investment Club,,2025,,crm_import
4898,1,12125,Club,Investment Club,,2027,,crm_import
4899,1,17356,Club,Investment Club,,,,crm_import
4900,1,18176,Club,Investment Club,Member Leader,1961,1965,crm_import
4901,1,8935,Club,Investment Club,,,,advancement_entry
4902,1,790,Club,Investment Club,,,,crm_import
4903,1,909,Club,Investment Club,,,,advancement_entry
4904,1,11842,Club,Investment Club,,1992,1996,crm_import
4905,1,2992,Club,Investment Club,,,,crm_import
4906,1,8080,Club,Investment Club,,,,crm_import
4907,1,13119,Club,Investment Club,,,,crm_import
4908,1,5913,Club,Investment Club,,,,crm_import
4909,1,13926,Club,Investment Club,,2011,2015,crm_import
4910,1,6393,Club,Investment Club,,,,online
4911,1,10370,Club,Investment Club,,,,crm_import
4912,1,2369,Club,Investment Club,,,,crm_import
4913,1,8055,Club,Investment Club,,,,online
4914,1,16659,Club,Investment Club,,,,online
4915,1,15587,Club,Investment Club,,,,advancement_entry
4916,1,7572,Club,Investment Club,,2023,2026,crm_import
4917,1,18616,Club,Investment Club,President,,,crm_import
4918,1,6858,Club,Investment Club,,2003,2007,crm_import
4919,1,18854,Club,Investment Club,,,,online
4920,1,14008,Club,Investment Club,,,,crm_import
4921,1,5372,Club,Investment Club,,,,crm_import
4922,1,11224,Club,Investment Club,,,,crm_import
4923,1,10090,Club,Investment Club,,,,crm_import
4924,1,13406,Club,Investment Club,Treasurer,,,advancement_entry
4925,1,8829,Club,Investment Club,,,,crm_import
4926,1,10877,Club,Investment Club,,,,crm_import
4927,1,2634,Club,Investment Club,President,1967,1971,crm_import
4928,1,7506,Club,Investment Club,,,,crm_import
4929,1,8977,Club,Investment Club,,1990,1992,crm_import
4930,1,6752,Club,Investment Club,President,,,crm_import
4931,1,13286,Club,Investment Club,,1998,2001,crm_import
4932,1,6859,Club,Investment Club,,,,advancement_entry
4933,1,278,Club,Investment Club,,,,crm_import
4934,1,8688,Club,Investment Club,,1974,1977,crm_import
4935,1,18601,Club,Investment Club,,,,crm_import
4936,1,19622,Club,Investment Club,,2001,2005,crm_import
4937,1,7160,Club,Investment Club,,,,crm_import
4938,1,10980,Club,Investment Club,,,,crm_import
4939,1,14893,Club,Investment Club,President,,,online
4940,1,6191,Club,Investment Club,,,,online
4941,1,733,Club,Investment Club,,,,crm_import
4942,1,5700,Club,Investment Club,,,,advancement_entry
4943,1,5555,Club,Investment Club,,1957,1960,crm_import
4944,1,12954,Club,Investment Club,Member Leader,,,crm_import
4945,1,3906,Club,Investment Club,,2001,2003,advancement_entry
4946,1,1069,Club,Investment Club,,,,crm_import
4947,1,16684,Club,Investment Club,,,,crm_import
4948,1,7814,Club,Investment Club,,2021,2024,crm_import
4949,1,1698,Club,Investment Club,,2007,2011,crm_import
4950,1,3497,Club,Investment Club,,,,crm_import
4951,1,999,Club,Investment Club,,,,crm_import
4952,1,7295,Club,Investment Club,,1972,1974,online
4953,1,13249,Club,Investment Club,President,1986,1989,crm_import
4954,1,18311,Club,Investment Club,,2007,2009,crm_import
4955,1,16732,Club,Investment Club,,,,crm_import
4956,1,12402,Club,Investment Club,,2026,,crm_import
4957,1,5970,Club,Investment Club,,1973,1977,online
4958,1,3519,Club,Investment Club,,2025,,crm_import
4959,1,5852,Club,Investment Club,,1975,1977,crm_import
4960,1,12546,Club,Investment Club,,,,crm_import
4961,1,10055,Club,Investment Club,,,,crm_import
4962,1,9290,Club,Investment Club,Member Leader,,,crm_import
4963,1,18298,Club,Investment Club,,1999,2001,advancement_entry
4964,1,9779,Club,Investment Club,,2025,,crm_import
4965,1,15004,Club,Investment Club,Treasurer,,,advancement_entry
4966,1,14416,Club,Investment Club,,1996,1998,crm_import
4967,1,18303,Club,Investment Club,,,,crm_import
4968,1,13384,Club,Investment Club,,2000,2003,advancement_entry
4969,1,7951,Club,Investment Club,,,,crm_import
4970,1,3489,Club,Investment Club,,,,online
4971,1,5301,Club,Investment Club,Member Leader,,,crm_import
4972,1,13338,Club,Investment Club,Treasurer,1988,1990,advancement_entry
4973,1,17264,Club,Investment Club,,,,crm_import
4974,1,4070,Club,Investment Club,,,,online
4975,1,15665,Club,Investment Club,,1990,1993,crm_import
4976,1,798,Club,Investment Club,,,,online
4977,1,16154,Club,Investment Club,,,,crm_import
4978,1,17228,Club,Investment Club,,2025,,advancement_entry
4979,1,2973,Club,Investment Club,,,,online
4980,1,8645,Club,Investment Club,,2007,2009,crm_import
4981,1,14196,Club,Investment Club,,1984,1988,advancement_entry
4982,1,5061,Club,Investment Club,,,,crm_import
4983,1,9061,Club,Investment Club,,,,online
4984,1,17366,Club,Investment Club,,,,crm_import
4985,1,17085,Club,Investment Club,,,,crm_import
4986,1,18909,Club,Investment Club,,2015,2019,crm_import
4987,1,9471,Club,Investment Club,,2004,2007,online
4988,1,10468,Club,Investment Club,,2026,,crm_import
4989,1,779,Club,Investment Club,,,,crm_import
4990,1,17231,Club,Investment Club,,2016,2018,crm_import
4991,1,6529,Club,Investment Club,President,,,crm_import
4992,1,4717,Club,Investment Club,,2006,2008,crm_import
4993,1,1265,Club,Investment Club,,,,advancement_entry
4994,1,10356,Club,Investment Club,,,,crm_import
4995,1,6106,Club,Investment Club,,,,crm_import
4996,1,10388,Club,Investment Club,,2011,2014,crm_import
4997,1,11838,Club,Investment Club,,,,online
4998,1,10366,Club,Investment Club,,2026,,crm_import
4999,1,13022,Club,Investment Club,,2002,2005,online
5000,1,12956,Club,Investment Club,,,,crm_import
5001,1,13714,Club,Investment Club,,1999,2001,online
5002,1,13463,Club,Investment Club,,,,online
5003,1,13832,Club,Investment Club,,,,crm_import
5004,1,12998,Club,Investment Club,,,,crm_import
5005,1,6410,Club,Investment Club,,1950,1954,online
5006,1,6096,Club,Investment Club,,,,crm_import
5007,1,6524,Club,Investment Club,Treasurer,,,crm_import
5008,1,9310,Club,Investment Club,President,,,crm_import
5009,1,12146,Club,Investment Club,Member Leader,2010,2013,online
5010,1,16599,Club,Investment Club,,2023,,crm_import
5011,1,3899,Club,Investment Club,,2014,2018,crm_import
5012,1,10560,Club,Investment Club,,,,crm_import
5013,1,19818,Club,Investment Club,,,,crm_import
5014,1,16768,Club,Investment Club,,,,crm_import
5015,1,239,Club,Investment Club,,,,online
5016,1,5403,Club,Investment Club,,,,crm_import
5017,1,13140,Club,Investment Club,,,,crm_import
5018,1,18231,Club,Investment Club,,,,advancement_entry
5019,1,12167,Club,Investment Club,Treasurer,1955,1957,online
5020,1,18497,Club,Investment Club,,,,online
5021,1,3421,Club,Investment Club,,2016,2018,online
5022,1,10325,Club,Investment Club,,,,crm_import
5023,1,4349,Club,Investment Club,,,,crm_import
5024,1,14296,Club,Investment Club,,,,crm_import
5025,1,17028,Club,Investment Club,,1995,1998,advancement_entry
5026,1,16442,Club,Investment Club,,2026,,crm_import
5027,1,9787,Club,Investment Club,,2011,2013,advancement_entry
5028,1,16521,Club,Investment Club,,2025,,crm_import
5029,1,7892,Club,Investment Club,Member Leader,2015,2017,crm_import
5030,1,19655,Club,Investment Club,Treasurer,2025,,crm_import
5031,1,19691,Club,Investment Club,,2011,2013,crm_import
5032,1,12516,Club,Investment Club,,,,crm_import
5033,1,14882,Club,Investment Club,,,,crm_import
5034,1,5044,Club,Investment Club,,2010,2012,advancement_entry
5035,1,2895,Club,Investment Club,,,,crm_import
5036,1,19642,Club,Investment Club,,,,online
5037,1,16048,Club,Investment Club,,,,crm_import
5038,1,19098,Club,Investment Club,President,,,crm_import
5039,1,12513,Club,Investment Club,,,,online
5040,1,7418,Club,Investment Club,,,,crm_import
5041,1,18197,Club,Investment Club,,1963,1966,crm_import
5042,1,4484,Club,Investment Club,,1977,1981,crm_import
5043,1,12904,Club,Investment Club,,,,crm_import
5044,1,2078,Club,Investment Club,,2008,2012,crm_import
5045,1,14282,Club,Investment Club,,,,advancement_entry
5046,1,18989,Club,Investment Club,,,,advancement_entry
5047,1,420,Club,Investment Club,,2009,2012,crm_import
5048,1,1150,Club,Investment Club,,2023,,crm_import
5049,1,1386,Club,Investment Club,,1994,1998,advancement_entry
5050,1,12152,Club,Investment Club,,2006,2008,crm_import
5051,1,5358,Club,Investment Club,,2004,2007,crm_import
5052,1,4174,Club,Investment Club,Treasurer,,,online
5053,1,14243,Club,Investment Club,,,,crm_import
5054,1,5635,Club,Investment Club,Member Leader,2013,2016,online
5055,1,4171,Club,Investment Club,,2026,,crm_import
5056,1,1818,Club,Investment Club,,1967,1969,crm_import
5057,1,4906,Club,Investment Club,,2008,2012,advancement_entry
5058,1,16475,Club,Investment Club,,,,online
5059,1,13361,Club,Investment Club,President,1998,2000,online
5060,1,8886,Club,Investment Club,,,,online
5061,1,653,Club,Investment Club,,1984,1987,crm_import
5062,1,7616,Club,Investment Club,,,,crm_import
5063,1,14244,Club,Investment Club,,2009,2013,crm_import
5064,1,42,Club,Investment Club,President,1981,1985,crm_import
5065,1,11989,Club,Investment Club,,,,crm_import
5066,1,8637,Club,Investment Club,,,,crm_import
5067,1,3135,Club,Investment Club,,,,online
5068,1,1361,Club,Investment Club,,,,online
5069,1,13438,Club,Investment Club,,2026,,crm_import
5070,1,8591,Club,Investment Club,,,,crm_import
5071,1,9188,Club,Investment Club,,,,crm_import
5072,1,2700,Club,Investment Club,,2008,2012,crm_import
5073,1,211,Club,Investment Club,,,,crm_import
5074,1,6603,Club,Investment Club,Member Leader,,,crm_import
5075,1,16432,Club,Investment Club,,1988,1990,crm_import
5076,1,4800,Club,Investment Club,,1985,1987,crm_import
5077,1,7185,Club,Investment Club,,,,crm_import
5078,1,7686,Club,Investment Club,,2019,2021,crm_import
5079,1,16551,Club,Investment Club,,1947,1950,crm_import
5080,1,10060,Club,Investment Club,,,,crm_import
5081,1,13061,Club,Investment Club,,2012,2015,crm_import
5082,1,15597,Club,Investment Club,,,,crm_import
5083,1,5738,Club,Investment Club,,1995,1999,crm_import
5084,1,17053,Club,Investment Club,,2024,,crm_import
5085,1,9313,Club,Investment Club,,,,advancement_entry
5086,1,7662,Club,Investment Club,President,1985,1988,crm_import
5087,1,704,Club,Investment Club,,1995,1998,online
5088,1,16637,Club,Investment Club,,2010,2014,advancement_entry
5089,1,16522,Club,Investment Club,,,,online
5090,1,6866,Club,Investment Club,,1993,1997,crm_import
5091,1,5003,Club,Marketing Association,,,,online
5092,1,3663,Club,Marketing Association,,,,crm_import
5093,1,19280,Club,Marketing Association,,1994,1996,crm_import
5094,1,6895,Club,Marketing Association,,,,crm_import
5095,1,2527,Club,Marketing Association,,2010,2014,crm_import
5096,1,19989,Club,Marketing Association,,,,crm_import
5097,1,14847,Club,Marketing Association,,,,crm_import
5098,1,5060,Club,Marketing Association,,2013,2017,advancement_entry
5099,1,18815,Club,Marketing Association,,1971,1974,crm_import
5100,1,5034,Club,Marketing Association,Treasurer,,,crm_import
5101,1,10897,Club,Marketing Association,,,,crm_import
5102,1,11121,Club,Marketing Association,,1986,1990,crm_import
5103,1,3848,Club,Marketing Association,,1970,1972,crm_import
5104,1,18732,Club,Marketing Association,,1997,1999,crm_import
5105,1,13900,Club,Marketing Association,,,,crm_import
5106,1,17807,Club,Marketing Association,,1953,1955,crm_import
5107,1,3261,Club,Marketing Association,,,,crm_import
5108,1,9712,Club,Marketing Association,,1968,1972,crm_import
5109,1,15974,Club,Marketing Association,Treasurer,1999,2002,crm_import
5110,1,19574,Club,Marketing Association,,,,crm_import
5111,1,5720,Club,Marketing Association,,,,crm_import
5112,1,8328,Club,Marketing Association,,2019,2022,crm_import
5113,1,1468,Club,Marketing Association,,,,crm_import
5114,1,13449,Club,Marketing Association,,,,crm_import
5115,1,13151,Club,Marketing Association,,,,crm_import
5116,1,14061,Club,Marketing Association,Member Leader,,,online
5117,1,8889,Club,Marketing Association,,2012,2014,crm_import
5118,1,11170,Club,Marketing Association,,,,crm_import
5119,1,16815,Club,Marketing Association,,2022,2026,crm_import
5120,1,19416,Club,Marketing Association,,,,crm_import
5121,1,6357,Club,Marketing Association,Member Leader,,,advancement_entry
5122,1,144,Club,Marketing Association,,,,crm_import
5123,1,2664,Club,Marketing Association,,2008,2012,crm_import
5124,1,4208,Club,Marketing Association,,,,online
5125,1,7091,Club,Marketing Association,,,,crm_import
5126,1,3384,Club,Marketing Association,,2027,,advancement_entry
5127,1,6538,Club,Marketing Association,,,,online
5128,1,7504,Club,Marketing Association,,2026,,crm_import
5129,1,11764,Club,Marketing Association,,,,crm_import
5130,1,14485,Club,Marketing Association,President,,,crm_import
5131,1,4096,Club,Marketing Association,,1996,1999,crm_import
5132,1,6840,Club,Marketing Association,,,,crm_import
5133,1,13368,Club,Marketing Association,,1969,1973,crm_import
5134,1,15370,Club,Marketing Association,,,,crm_import
5135,1,313,Club,Marketing Association,,,,crm_import
5136,1,16324,Club,Marketing Association,Treasurer,2012,2016,crm_import
5137,1,11914,Club,Marketing Association,,,,crm_import
5138,1,15033,Club,Marketing Association,,,,crm_import
5139,1,2139,Club,Marketing Association,,,,crm_import
5140,1,13552,Club,Marketing Association,,1990,1994,crm_import
5141,1,9872,Club,Marketing Association,,,,crm_import
5142,1,18221,Club,Marketing Association,,1989,1992,online
5143,1,8259,Club,Marketing Association,,,,crm_import
5144,1,11369,Club,Marketing Association,,,,online
5145,1,10310,Club,Marketing Association,,1999,2001,crm_import
5146,1,17234,Club,Marketing Association,President,,,crm_import
5147,1,8544,Club,Marketing Association,,1984,1987,advancement_entry
5148,1,2564,Club,Marketing Association,,1998,2002,crm_import
5149,1,15907,Club,Marketing Association,Member Leader,,,online
5150,1,5251,Club,Marketing Association,,2027,,crm_import
5151,1,11083,Club,Marketing Association,,2004,2007,crm_import
5152,1,15732,Club,Marketing Association,,,,online
5153,1,9417,Club,Marketing Association,,,,crm_import
5154,1,19571,Club,Marketing Association,,2026,,crm_import
5155,1,10506,Club,Marketing Association,,,,crm_import
5156,1,9590,Club,Marketing Association,,2001,2004,crm_import
5157,1,7075,Club,Marketing Association,,2007,2011,online
5158,1,12602,Club,Marketing Association,President,,,crm_import
5159,1,19355,Club,Marketing Association,President,,,crm_import
5160,1,19115,Club,Marketing Association,,1978,1980,crm_import
5161,1,4480,Club,Marketing Association,,,,crm_import
5162,1,3230,Club,Marketing Association,,1981,1983,crm_import
5163,1,7576,Club,Marketing Association,,1992,1996,crm_import
5164,1,5925,Club,Marketing Association,,,,crm_import
5165,1,1764,Club,Marketing Association,,1982,1984,crm_import
5166,1,3742,Club,Marketing Association,,2026,,online
5167,1,4099,Club,Marketing Association,,,,crm_import
5168,1,9574,Club,Marketing Association,,,,crm_import
5169,1,16972,Club,Marketing Association,Treasurer,2006,2008,crm_import
5170,1,8799,Club,Marketing Association,,,,online
5171,1,19548,Club,Marketing Association,,,,crm_import
5172,1,8294,Club,Marketing Association,,,,crm_import
5173,1,7684,Club,Marketing Association,,2024,2026,crm_import
5174,1,1290,Club,Marketing Association,,,,crm_import
5175,1,907,Club,Marketing Association,President,,,crm_import
5176,1,5378,Club,Marketing Association,,,,online
5177,1,12925,Club,Marketing Association,,2013,2015,crm_import
5178,1,4869,Club,Marketing Association,,1998,2002,crm_import
5179,1,8653,Club,Marketing Association,,2024,,crm_import
5180,1,6148,Club,Marketing Association,,2024,,crm_import
5181,1,6656,Club,Marketing Association,Treasurer,2014,2016,crm_import
5182,1,9795,Club,Marketing Association,,,,crm_import
5183,1,19956,Club,Marketing Association,President,2020,2022,crm_import
5184,1,18253,Club,Marketing Association,,2024,,crm_import
5185,1,15996,Club,Marketing Association,,2024,,online
5186,1,1913,Club,Marketing Association,,,,crm_import
5187,1,8012,Club,Marketing Association,,,,online
5188,1,14910,Club,Marketing Association,,2013,2015,online
5189,1,6948,Club,Marketing Association,,,,crm_import
5190,1,5593,Club,Marketing Association,,,,crm_import
5191,1,19403,Club,Marketing Association,,1981,1983,online
5192,1,2177,Club,Marketing Association,,1977,1979,crm_import
5193,1,19662,Club,Marketing Association,,,,crm_import
5194,1,2714,Club,Marketing Association,,2014,2016,crm_import
5195,1,19902,Club,Marketing Association,Treasurer,,,advancement_entry
5196,1,1305,Club,Marketing Association,Member Leader,,,crm_import
5197,1,1573,Club,Marketing Association,,,,online
5198,1,17500,Club,Marketing Association,,,,crm_import
5199,1,3235,Club,Marketing Association,,,,crm_import
5200,1,4028,Club,Marketing Association,,,,crm_import
5201,1,3532,Club,Marketing Association,,,,crm_import
5202,1,18999,Club,Marketing Association,,2010,2013,online
5203,1,18602,Club,Marketing Association,President,1976,1978,crm_import
5204,1,8690,Club,Marketing Association,,,,crm_import
5205,1,10589,Club,Marketing Association,,2013,2017,crm_import
5206,1,11199,Club,Marketing Association,,,,crm_import
5207,1,19190,Club,Marketing Association,,2028,,online
5208,1,6116,Club,Marketing Association,,,,online
5209,1,17973,Club,Marketing Association,,1961,1963,crm_import
5210,1,14020,Club,Marketing Association,,,,online
5211,1,5370,Club,Pre-Law Society,,,,crm_import
5212,1,16142,Club,Pre-Law Society,,,,crm_import
5213,1,10901,Club,Pre-Law Society,,,,crm_import
5214,1,16402,Club,Pre-Law Society,,,,crm_import
5215,1,16064,Club,Pre-Law Society,,,,online
5216,1,5282,Club,Pre-Law Society,,,,online
5217,1,17460,Club,Pre-Law Society,,,,online
5218,1,2836,Club,Pre-Law Society,,,,crm_import
5219,1,9241,Club,Pre-Law Society,,,,crm_import
5220,1,7704,Club,Pre-Law Society,,1991,1994,advancement_entry
5221,1,15554,Club,Pre-Law Society,,1990,1992,crm_import
5222,1,1342,Club,Pre-Law Society,,,,online
5223,1,6346,Club,Pre-Law Society,,,,crm_import
5224,1,11975,Club,Pre-Law Society,,,,crm_import
5225,1,10708,Club,Pre-Law Society,,2026,,crm_import
5226,1,4871,Club,Pre-Law Society,,2023,2025,crm_import
5227,1,14036,Club,Pre-Law Society,,2027,,crm_import
5228,1,18245,Club,Pre-Law Society,,,,crm_import
5229,1,1389,Club,Pre-Law Society,,2025,,crm_import
5230,1,6755,Club,Pre-Law Society,,1971,1974,crm_import
5231,1,12568,Club,Pre-Law Society,,,,crm_import
5232,1,19659,Club,Pre-Law Society,,2017,2019,online
5233,1,7781,Club,Pre-Law Society,,1965,1969,crm_import
5234,1,5501,Club,Pre-Law Society,,2020,2024,crm_import
5235,1,813,Club,Pre-Law Society,,1983,1986,crm_import
5236,1,11270,Club,Pre-Law Society,,1980,1984,crm_import
5237,1,503,Club,Pre-Law Society,,,,crm_import
5238,1,8296,Club,Pre-Law Society,Member Leader,,,crm_import
5239,1,4356,Club,Pre-Law Society,,2012,2015,online
5240,1,19785,Club,Pre-Law Society,Treasurer,,,online
5241,1,7233,Club,Pre-Law Society,,2004,2008,crm_import
5242,1,330,Club,Pre-Law Society,,1970,1974,crm_import
5243,1,16798,Club,Pre-Law Society,,,,crm_import
5244,1,9821,Club,Pre-Law Society,Treasurer,2009,2011,crm_import
5245,1,7457,Club,Pre-Law Society,Treasurer,,,crm_import
5246,1,1516,Club,Pre-Law Society,,,,crm_import
5247,1,14055,Club,Pre-Law Society,,,,crm_import
5248,1,10290,Club,Pre-Law Society,,,,crm_import
5249,1,18885,Club,Pre-Law Society,,2003,2006,online
5250,1,5833,Club,Pre-Law Society,,,,online
5251,1,14485,Club,Pre-Law Society,,,,crm_import
5252,1,574,Club,Pre-Law Society,,,,online
5253,1,3480,Club,Pre-Law Society,,,,crm_import
5254,1,5512,Club,Pre-Law Society,,2026,,crm_import
5255,1,4483,Club,Pre-Law Society,,2027,,crm_import
5256,1,8447,Club,Pre-Law Society,,,,crm_import
5257,1,16104,Club,Pre-Law Society,,2025,,crm_import
5258,1,52,Club,Pre-Law Society,,,,crm_import
5259,1,12142,Club,Pre-Law Society,,2027,,crm_import
5260,1,14126,Club,Pre-Law Society,President,1971,1973,crm_import
5261,1,12211,Club,Pre-Law Society,,,,crm_import
5262,1,222,Club,Pre-Law Society,,1982,1986,online
5263,1,18620,Club,Pre-Law Society,,2008,2010,crm_import
5264,1,12268,Club,Pre-Law Society,,,,crm_import
5265,1,8732,Club,Pre-Law Society,,1978,1981,crm_import
5266,1,2098,Club,Pre-Law Society,,,,crm_import
5267,1,2103,Club,Pre-Law Society,,,,crm_import
5268,1,5678,Club,Pre-Law Society,,,,crm_import
5269,1,2532,Club,Pre-Law Society,,,,crm_import
5270,1,19556,Club,Pre-Law Society,,,,crm_import
5271,1,7435,Club,Pre-Law Society,,,,online
5272,1,9081,Club,Pre-Law Society,,,,crm_import
5273,1,12868,Club,Pre-Law Society,,2023,,crm_import
5274,1,8804,Club,Pre-Law Society,,,,advancement_entry
5275,1,3099,Club,Pre-Law Society,,,,crm_import
5276,1,13747,Club,Pre-Law Society,,,,crm_import
5277,1,8675,Club,Pre-Law Society,,,,advancement_entry
5278,1,19850,Club,Pre-Law Society,,,,crm_import
5279,1,13679,Club,Pre-Law Society,,,,crm_import
5280,1,16045,Club,Pre-Law Society,,,,crm_import
5281,1,18820,Club,Pre-Law Society,,,,crm_import
5282,1,13991,Club,Pre-Law Society,,,,online
5283,1,17661,Club,Pre-Law Society,,,,online
5284,1,16976,Club,Pre-Law Society,,,,advancement_entry
5285,1,18172,Club,Pre-Law Society,,2013,2015,online
5286,1,16435,Club,Pre-Law Society,,,,crm_import
5287,1,3701,Club,Pre-Law Society,,2011,2013,crm_import
5288,1,12790,Club,Pre-Law Society,,2012,2015,crm_import
5289,1,6945,Club,Pre-Law Society,,,,advancement_entry
5290,1,14158,Club,Pre-Law Society,,1988,1992,advancement_entry
5291,1,16146,Club,Pre-Law Society,,,,crm_import
5292,1,12945,Club,Pre-Law Society,,,,crm_import
5293,1,13553,Club,Pre-Law Society,,,,crm_import
5294,1,5839,Club,Pre-Law Society,,1991,1995,crm_import
5295,1,9820,Club,Pre-Law Society,,2011,2015,crm_import
5296,1,1172,Club,Pre-Law Society,,,,online
5297,1,9808,Club,Pre-Law Society,,,,crm_import
5298,1,6085,Club,Pre-Law Society,,,,advancement_entry
5299,1,4893,Club,Pre-Law Society,,,,online
5300,1,13829,Club,Pre-Law Society,Member Leader,1986,1990,online
5301,1,11215,Club,Pre-Law Society,,,,crm_import
5302,1,316,Club,Pre-Law Society,,,,online
5303,1,7506,Club,Pre-Law Society,,2027,,crm_import
5304,1,9016,Club,Pre-Law Society,,,,crm_import
5305,1,1550,Club,Pre-Law Society,,,,crm_import
5306,1,15613,Club,Pre-Law Society,,,,crm_import
5307,1,8307,Club,Pre-Law Society,,,,online
5308,1,3489,Club,Pre-Law Society,,2028,,online
5309,1,12744,Club,Pre-Law Society,,,,crm_import
5310,1,19902,Club,Pre-Law Society,,,,advancement_entry
5311,1,15376,Club,Pre-Law Society,,,,crm_import
5312,1,17112,Club,Pre-Law Society,,2017,2020,online
5313,1,8539,Club,Pre-Law Society,,,,online
5314,1,11187,Club,Pre-Law Society,,2010,2012,crm_import
5315,1,686,Club,Pre-Law Society,,,,crm_import
5316,1,8199,Club,Pre-Law Society,,,,crm_import
5317,1,14007,Club,Pre-Law Society,Member Leader,2013,2017,advancement_entry
5318,1,17003,Club,Pre-Law Society,,,,crm_import
5319,1,4003,Club,Pre-Law Society,,,,crm_import
5320,1,19927,Club,Pre-Law Society,,2026,,crm_import
5321,1,8050,Club,Pre-Law Society,,,,crm_import
5322,1,19339,Club,Pre-Law Society,,1989,1993,advancement_entry
5323,1,329,Club,Pre-Law Society,,1985,1987,crm_import
5324,1,13016,Club,Pre-Law Society,,,,crm_import
5325,1,5910,Club,Pre-Law Society,,,,online
5326,1,14328,Club,Pre-Law Society,,1981,1985,crm_import
5327,1,19459,Club,Pre-Law Society,,,,crm_import
5328,1,1310,Club,Pre-Law Society,,,,online
5329,1,10997,Club,Pre-Law Society,,,,online
5330,1,3569,Club,Pre-Law Society,,,,crm_import
5331,1,14518,Club,Pre-Law Society,,1965,1968,crm_import
5332,1,18568,Club,Pre-Law Society,,,,crm_import
5333,1,12864,Club,Pre-Law Society,,,,online
5334,1,5018,Club,Pre-Law Society,,,,online
5335,1,448,Club,Pre-Law Society,,,,crm_import
5336,1,5240,Club,Pre-Law Society,,1993,1997,crm_import
5337,1,13464,Club,Pre-Law Society,President,,,advancement_entry
5338,1,11624,Club,Pre-Law Society,,,,crm_import
5339,1,17883,Club,Pre-Law Society,,,,crm_import
5340,1,1136,Club,Pre-Law Society,,1983,1986,crm_import
5341,1,15156,Club,Pre-Law Society,,,,crm_import
5342,1,7617,Club,Pre-Law Society,,,,crm_import
5343,1,9750,Club,Pre-Law Society,Treasurer,,,crm_import
5344,1,8131,Club,Pre-Law Society,,2024,,crm_import
5345,1,419,Club,Pre-Law Society,,,,online
5346,1,18598,Club,Pre-Law Society,,1968,1971,online
5347,1,14451,Club,Pre-Law Society,,2008,2011,online
5348,1,4122,Club,Pre-Law Society,,,,crm_import
5349,1,223,Club,Pre-Law Society,Treasurer,,,online
5350,1,8958,Club,Pre-Law Society,,1996,1999,crm_import
5351,1,208,Club,Pre-Law Society,,,,advancement_entry
5352,1,5862,Club,Pre-Law Society,,,,online
5353,1,4621,Club,Pre-Law Society,,,,crm_import
5354,1,11069,Club,Pre-Law Society,,,,crm_import
5355,1,16490,Club,Pre-Law Society,,1987,1989,crm_import
5356,1,8916,Club,Pre-Law Society,,2010,2014,online
5357,1,18520,Club,Pre-Law Society,,1988,1990,advancement_entry
5358,1,8439,Club,Pre-Law Society,,1980,1982,crm_import
5359,1,16292,Club,Pre-Law Society,,,,crm_import
5360,1,17789,Club,Pre-Law Society,,,,crm_import
5361,1,3442,Club,Pre-Law Society,,2015,2019,crm_import
5362,1,12011,Club,Pre-Law Society,,2005,2009,crm_import
5363,1,9121,Club,Pre-Law Society,,1977,1981,crm_import
5364,1,19656,Club,Pre-Law Society,,,,crm_import
5365,1,8476,Club,Pre-Law Society,,,,crm_import
5366,1,7835,Club,Pre-Law Society,,,,crm_import
5367,1,19271,Club,Pre-Law Society,Treasurer,,,crm_import
5368,1,14254,Club,Pre-Law Society,,,,crm_import
5369,1,2708,Club,Pre-Law Society,,2015,2018,crm_import
5370,1,16606,Club,Pre-Law Society,,,,crm_import
5371,1,5094,Club,Pre-Law Society,,,,online
5372,1,10914,Club,Pre-Law Society,,,,crm_import
5373,1,5808,Club,Pre-Law Society,,2025,,advancement_entry
5374,1,312,Club,Pre-Law Society,,2005,2007,online
5375,1,9263,Club,Pre-Law Society,,1993,1997,crm_import
5376,1,3428,Club,Pre-Law Society,,1964,1967,crm_import
5377,1,5184,Club,Pre-Law Society,,2019,2023,online
5378,1,10558,Club,Pre-Law Society,,,,advancement_entry
5379,1,6833,Club,Pre-Law Society,,1971,1975,crm_import
5380,1,5633,Club,Pre-Law Society,,1987,1991,online
5381,1,5623,Club,Pre-Health Society,,1966,1969,crm_import
5382,1,416,Club,Pre-Health Society,,,,crm_import
5383,1,11083,Club,Pre-Health Society,,2005,2007,crm_import
5384,1,5406,Club,Pre-Health Society,,2003,2005,crm_import
5385,1,17228,Club,Pre-Health Society,,,,advancement_entry
5386,1,16036,Club,Pre-Health Society,,,,online
5387,1,11356,Club,Pre-Health Society,Member Leader,,,online
5388,1,12759,Club,Pre-Health Society,,1986,1990,crm_import
5389,1,5625,Club,Pre-Health Society,President,1998,2000,crm_import
5390,1,17366,Club,Pre-Health Society,,,,crm_import
5391,1,4101,Club,Pre-Health Society,,,,crm_import
5392,1,7224,Club,Pre-Health Society,,,,crm_import
5393,1,4028,Club,Pre-Health Society,,1995,1999,crm_import
5394,1,4764,Club,Pre-Health Society,,,,crm_import
5395,1,3786,Club,Pre-Health Society,,,,advancement_entry
5396,1,9796,Club,Pre-Health Society,,,,crm_import
5397,1,12861,Club,Pre-Health Society,,2027,,online
5398,1,13156,Club,Pre-Health Society,,2025,,crm_import
5399,1,14324,Club,Pre-Health Society,,,,advancement_entry
5400,1,13404,Club,Pre-Health Society,,,,advancement_entry
5401,1,11000,Club,Pre-Health Society,,1990,1994,crm_import
5402,1,18778,Club,Pre-Health Society,,1967,1971,online
5403,1,18714,Club,Pre-Health Society,Member Leader,,,crm_import
5404,1,1415,Club,Pre-Health Society,,,,crm_import
5405,1,14109,Club,Pre-Health Society,,1999,2001,crm_import
5406,1,1420,Club,Pre-Health Society,,,,crm_import
5407,1,10616,Club,Pre-Health Society,,2015,2017,crm_import
5408,1,19977,Club,Pre-Health Society,,2011,2013,crm_import
5409,1,7842,Club,Pre-Health Society,,,,crm_import
5410,1,17612,Club,Pre-Health Society,Member Leader,,,crm_import
5411,1,4038,Club,Pre-Health Society,,,,crm_import
5412,1,3646,Club,Pre-Health Society,,,,crm_import
5413,1,16364,Club,Pre-Health Society,,1963,1967,crm_import
5414,1,17040,Club,Pre-Health Society,,,,crm_import
5415,1,14257,Club,Pre-Health Society,,,,crm_import
5416,1,8505,Club,Pre-Health Society,President,,,online
5417,1,153,Club,Pre-Health Society,,,,crm_import
5418,1,17272,Club,Pre-Health Society,,2016,2019,crm_import
5419,1,9459,Club,Pre-Health Society,,,,crm_import
5420,1,1796,Club,Pre-Health Society,,1975,1979,online
5421,1,3643,Club,Pre-Health Society,,2005,2007,crm_import
5422,1,495,Club,Pre-Health Society,,2012,2015,crm_import
5423,1,10444,Club,Pre-Health Society,,,,crm_import
5424,1,6792,Club,Pre-Health Society,,2025,,online
5425,1,15709,Club,Pre-Health Society,,1982,1986,crm_import
5426,1,17128,Club,Pre-Health Society,Treasurer,,,online
5427,1,6045,Club,Pre-Health Society,,2021,2024,online
5428,1,8544,Club,Pre-Health Society,,,,advancement_entry
5429,1,9256,Club,Pre-Health Society,,,,crm_import
5430,1,10985,Club,Pre-Health Society,,2012,2016,crm_import
5431,1,11550,Club,Pre-Health Society,Treasurer,,,online
5432,1,19670,Club,Pre-Health Society,,,,crm_import
5433,1,11394,Club,Pre-Health Society,,1986,1988,crm_import
5434,1,4548,Club,Pre-Health Society,,,,advancement_entry
5435,1,15507,Club,Pre-Health Society,,1976,1979,online
5436,1,9097,Club,Pre-Health Society,,1987,1990,advancement_entry
5437,1,15449,Club,Pre-Health Society,,,,online
5438,1,2784,Club,Pre-Health Society,President,,,crm_import
5439,1,9495,Club,Pre-Health Society,,1968,1972,online
5440,1,2790,Club,Pre-Health Society,,2004,2008,crm_import
5441,1,14498,Club,Pre-Health Society,,1990,1993,crm_import
5442,1,18970,Club,Pre-Health Society,,2027,,crm_import
5443,1,4791,Club,Pre-Health Society,,2024,,crm_import
5444,1,10593,Club,Pre-Health Society,,2018,2021,crm_import
5445,1,13467,Club,Pre-Health Society,,1996,1999,crm_import
5446,1,9199,Club,Pre-Health Society,,2026,,crm_import
5447,1,5061,Club,Pre-Health Society,,,,crm_import
5448,1,14046,Club,Pre-Health Society,,,,crm_import
5449,1,6725,Club,Pre-Health Society,,,,online
5450,1,15005,Club,Pre-Health Society,,,,online
5451,1,5177,Club,Pre-Health Society,,2009,2011,crm_import
5452,1,484,Club,Pre-Health Society,,2028,,crm_import
5453,1,14364,Club,Pre-Health Society,,,,online
5454,1,14066,Club,Pre-Health Society,,,,online
5455,1,143,Club,Pre-Health Society,,1979,1982,crm_import
5456,1,5008,Club,Pre-Health Society,,,,crm_import
5457,1,6169,Club,Pre-Health Society,,,,crm_import
5458,1,11860,Club,Pre-Health Society,,,,crm_import
5459,1,8494,Club,Pre-Health Society,,,,crm_import
5460,1,1633,Club,Pre-Health Society,,,,online
5461,1,11020,Club,Pre-Health Society,,,,advancement_entry
5462,1,15080,Club,Pre-Health Society,,1986,1990,advancement_entry
5463,1,8005,Club,Pre-Health Society,Member Leader,1982,1985,online
5464,1,6847,Club,Pre-Health Society,,,,crm_import
5465,1,3487,Club,Pre-Health Society,,,,crm_import
5466,1,9812,Club,Pre-Health Society,,,,online
5467,1,10746,Club,Pre-Health Society,,1976,1980,online
5468,1,18976,Club,Pre-Health Society,,,,advancement_entry
5469,1,12287,Club,Pre-Health Society,Treasurer,,,online
5470,1,1917,Club,Pre-Health Society,,,,online
5471,1,6449,Club,Pre-Health Society,,,,crm_import
5472,1,3848,Club,Pre-Health Society,,1969,1972,crm_import
5473,1,10141,Club,Pre-Health Society,,,,crm_import
5474,1,6722,Club,Pre-Health Society,,,,crm_import
5475,1,8925,Club,Pre-Health Society,Treasurer,1997,2000,crm_import
5476,1,14363,Club,Pre-Health Society,,1999,2002,online
5477,1,11665,Club,Pre-Health Society,,,,crm_import
5478,1,2065,Club,Pre-Health Society,,,,online
5479,1,16356,Club,Pre-Health Society,,,,crm_import
5480,1,1381,Club,Pre-Health Society,,,,crm_import
5481,1,1258,Club,Pre-Health Society,,,,crm_import
5482,1,6302,Club,Pre-Health Society,,,,crm_import
5483,1,10292,Club,Pre-Health Society,,,,crm_import
5484,1,846,Club,Pre-Health Society,,1988,1990,crm_import
5485,1,15413,Club,Pre-Health Society,,1994,1998,crm_import
5486,1,16101,Club,Pre-Health Society,,2016,2019,crm_import
5487,1,6095,Club,Pre-Health Society,,1970,1973,crm_import
5488,1,21,Club,Pre-Health Society,,,,crm_import
5489,1,5343,Club,Pre-Health Society,,,,online
5490,1,11260,Club,Pre-Health Society,,,,crm_import
5491,1,13099,Club,Pre-Health Society,,,,online
5492,1,10548,Club,Pre-Health Society,,2007,2011,crm_import
5493,1,8170,Club,Pre-Health Society,,,,online
5494,1,11176,Club,Pre-Health Society,,,,crm_import
5495,1,62,Club,Pre-Health Society,,,,crm_import
5496,1,7079,Club,Pre-Health Society,,,,online
5497,1,18293,Club,Pre-Health Society,,,,online
5498,1,13410,Club,Pre-Health Society,,2026,,advancement_entry
5499,1,2587,Club,Pre-Health Society,,,,crm_import
5500,1,18526,Club,Pre-Health Society,,,,crm_import
5501,1,10372,Club,Pre-Health Society,Treasurer,2015,2018,online
5502,1,13206,Club,Pre-Health Society,,,,crm_import
5503,1,16186,Club,Pre-Health Society,,,,online
5504,1,8815,Club,Pre-Health Society,,,,online
5505,1,12548,Club,Pre-Health Society,,,,online
5506,1,5428,Club,Pre-Health Society,,2003,2007,online
5507,1,9632,Club,Pre-Health Society,,,,crm_import
5508,1,44,Club,Pre-Health Society,,2010,2014,crm_import
5509,1,5386,Club,Pre-Health Society,,1986,1988,crm_import
5510,1,672,Club,Pre-Health Society,,2021,2025,crm_import
5511,1,15347,Club,Pre-Health Society,,,,crm_import
5512,1,17079,Club,Pre-Health Society,,,,crm_import
5513,1,4343,Club,Pre-Health Society,,,,crm_import
5514,1,5399,Club,Pre-Health Society,,2003,2005,crm_import
5515,1,3349,Club,Pre-Health Society,,2009,2012,advancement_entry
5516,1,2966,Club,Pre-Health Society,,1979,1983,crm_import
5517,1,14491,Club,Pre-Health Society,Member Leader,,,crm_import
5518,1,15557,Club,Pre-Health Society,,,,crm_import
5519,1,19031,Club,Pre-Health Society,,,,online
5520,1,4563,Club,Pre-Health Society,,2003,2006,crm_import
5521,1,7352,Club,Pre-Health Society,,2028,,crm_import
5522,1,19506,Club,Pre-Health Society,,,,online
5523,1,13122,Club,Pre-Health Society,,2024,2026,online
5524,1,16512,Club,Pre-Health Society,,2018,2022,crm_import
5525,1,16564,Club,Pre-Health Society,,2000,2003,online
5526,1,8629,Club,Pre-Health Society,President,1993,1996,advancement_entry
5527,1,1616,Club,Pre-Health Society,Treasurer,1994,1998,online
5528,1,5510,Club,Pre-Health Society,,,,crm_import
5529,1,9959,Club,Pre-Health Society,,2016,2018,crm_import
5530,1,7193,Club,Pre-Health Society,,1999,2002,crm_import
5531,1,18079,Club,Pre-Health Society,,,,advancement_entry
5532,1,2856,Club,Pre-Health Society,,1995,1998,crm_import
5533,1,15188,Club,Pre-Health Society,,,,crm_import
5534,1,3953,Club,Pre-Health Society,,,,crm_import
5535,1,7393,Club,Pre-Health Society,,2026,,crm_import
5536,1,13839,Club,Pre-Health Society,,,,crm_import
5537,1,13629,Club,Pre-Health Society,,,,crm_import
5538,1,5471,Club,Pre-Health Society,,,,crm_import
5539,1,4643,Club,Pre-Health Society,,1968,1972,advancement_entry
5540,1,14609,Club,Pre-Health Society,,,,crm_import
5541,1,5731,Club,Pre-Health Society,,,,online
5542,1,6076,Club,Pre-Health Society,,2007,2011,online
5543,1,14864,Club,Pre-Health Society,,2017,2019,crm_import
5544,1,14784,Club,Pre-Health Society,,1962,1966,online
5545,1,8601,Club,Pre-Health Society,,2004,2006,advancement_entry
5546,1,17137,Club,Pre-Health Society,,1990,1993,advancement_entry
5547,1,14417,Club,Pre-Health Society,Treasurer,2021,2025,crm_import
5548,1,3036,Club,Pre-Health Society,,,,online
5549,1,2791,Club,Pre-Health Society,,,,crm_import
5550,1,12205,Club,Pre-Health Society,,2014,2016,online
5551,1,14340,Club,Pre-Health Society,,2023,,crm_import
5552,1,18678,Club,Pre-Health Society,,,,crm_import
5553,1,8246,Club,Pre-Health Society,Treasurer,,,crm_import
5554,1,17843,Club,Pre-Health Society,,,,crm_import
5555,1,1240,Club,Pre-Health Society,,1991,1995,crm_import
5556,1,5468,Club,Pre-Health Society,Member Leader,,,crm_import
5557,1,2054,Club,Pre-Health Society,President,,,crm_import
5558,1,11857,Club,Pre-Health Society,,,,crm_import
5559,1,8094,Club,Pre-Health Society,,,,crm_import
5560,1,15166,Club,Pre-Health Society,,,,crm_import
5561,1,4366,Club,Pre-Health Society,,,,crm_import
5562,1,988,Club,Pre-Health Society,,2028,,crm_import
5563,1,290,Club,Pre-Health Society,,,,crm_import
5564,1,2569,Club,Pre-Health Society,,,,online
5565,1,13162,Club,Pre-Health Society,,2001,2003,crm_import
5566,1,17795,Club,Pre-Health Society,,2003,2007,crm_import
5567,1,14335,Club,Pre-Health Society,President,,,crm_import
5568,1,293,Club,Pre-Health Society,,,,online
5569,1,16363,Club,Pre-Health Society,Member Leader,1986,1989,crm_import
5570,1,1102,Club,Pre-Health Society,,,,crm_import
5571,1,17061,Club,Pre-Health Society,,,,crm_import
5572,1,14020,Club,Pre-Health Society,,2025,,online
5573,1,9086,Club,Pre-Health Society,,1996,1998,online
5574,1,13708,Club,Pre-Health Society,,1985,1988,crm_import
5575,1,13490,Club,Pre-Health Society,,,,crm_import
5576,1,11032,Club,Pre-Health Society,,,,crm_import
5577,1,1666,Club,Pre-Health Society,,1999,2003,crm_import
5578,1,6914,Club,Pre-Health Society,,,,crm_import
5579,1,15253,Club,Pre-Health Society,,,,online
5580,1,8652,Club,Pre-Health Society,Treasurer,,,crm_import
5581,1,18787,Club,Pre-Health Society,,1998,2001,crm_import
5582,1,5003,Club,Pre-Health Society,,2020,2022,online
5583,1,4362,Club,Pre-Health Society,,,,crm_import
5584,1,19978,Club,Pre-Health Society,,2015,2018,crm_import
5585,1,8621,Club,Pre-Health Society,Treasurer,,,crm_import
5586,1,13873,Club,Pre-Health Society,,,,advancement_entry
5587,1,13092,Club,Pre-Health Society,,,,crm_import
5588,1,2025,Club,Pre-Health Society,,,,crm_import
5589,1,19281,Club,Pre-Health Society,President,1980,1984,online
5590,1,10994,Club,Pre-Health Society,,,,online
5591,1,19181,Club,Pre-Health Society,,2000,2002,online
5592,1,9171,Club,Pre-Health Society,,,,crm_import
5593,1,16138,Club,Pre-Health Society,,,,crm_import
5594,1,8055,Club,Pre-Health Society,,,,online
5595,1,10348,Club,Pre-Health Society,,,,crm_import
5596,1,3325,Club,Pre-Health Society,,,,online
5597,1,4541,Club,Pre-Health Society,,1981,1984,advancement_entry
5598,1,10274,Club,Pre-Health Society,,1991,1994,crm_import
5599,1,19937,Club,Pre-Health Society,Treasurer,,,crm_import
5600,1,16888,Club,Pre-Health Society,,2024,2026,crm_import
5601,1,17953,Club,Pre-Health Society,,1991,1995,crm_import
5602,1,9780,Club,Pre-Health Society,,,,crm_import
5603,1,11933,Club,Pre-Health Society,,,,online
5604,1,473,Club,Pre-Health Society,,,,crm_import
5605,1,4595,Club,Pre-Health Society,Treasurer,,,online
5606,1,13025,Club,Pre-Health Society,,2002,2006,crm_import
5607,1,15290,Club,Pre-Health Society,,,,online
5608,1,16812,Club,Pre-Health Society,,,,online
5609,1,234,Club,Pre-Health Society,,,,crm_import
5610,1,2132,Club,Pre-Health Society,,2007,2009,crm_import
5611,1,5230,Club,Biology Club,,1997,2001,crm_import
5612,1,4515,Club,Biology Club,,2015,2018,crm_import
5613,1,12780,Club,Biology Club,,,,advancement_entry
5614,1,4941,Club,Biology Club,,,,crm_import
5615,1,5452,Club,Biology Club,,,,advancement_entry
5616,1,7820,Club,Biology Club,,2013,2015,crm_import
5617,1,8139,Club,Biology Club,,,,crm_import
5618,1,6053,Club,Biology Club,,2024,,online
5619,1,11821,Club,Biology Club,,1998,2001,crm_import
5620,1,12298,Club,Biology Club,,,,online
5621,1,17612,Club,Biology Club,,,,crm_import
5622,1,19468,Club,Biology Club,President,2016,2018,crm_import
5623,1,15144,Club,Biology Club,,,,crm_import
5624,1,1950,Club,Biology Club,Treasurer,1997,2000,crm_import
5625,1,8603,Club,Biology Club,,,,crm_import
5626,1,7001,Club,Biology Club,,1993,1995,online
5627,1,6233,Club,Biology Club,,,,online
5628,1,17014,Club,Biology Club,,,,crm_import
5629,1,6529,Club,Biology Club,,,,crm_import
5630,1,16262,Club,Biology Club,,,,crm_import
5631,1,15609,Club,Biology Club,,,,crm_import
5632,1,17713,Club,Biology Club,,,,crm_import
5633,1,6723,Club,Biology Club,,,,online
5634,1,2629,Club,Biology Club,,1967,1969,crm_import
5635,1,10691,Club,Biology Club,,2003,2005,online
5636,1,5317,Club,Biology Club,,2010,2013,crm_import
5637,1,5254,Club,Biology Club,Treasurer,2008,2011,crm_import
5638,1,5635,Club,Biology Club,Member Leader,2012,2016,online
5639,1,14877,Club,Biology Club,,,,crm_import
5640,1,11857,Club,Biology Club,,,,crm_import
5641,1,2631,Club,Biology Club,Member Leader,2013,2015,crm_import
5642,1,9230,Club,Biology Club,,,,crm_import
5643,1,16196,Club,Biology Club,,,,crm_import
5644,1,9312,Club,Biology Club,,,,crm_import
5645,1,5992,Club,Biology Club,,2007,2010,crm_import
5646,1,9041,Club,Biology Club,,2006,2008,crm_import
5647,1,17180,Club,Biology Club,,2022,2026,crm_import
5648,1,18278,Club,Biology Club,,,,advancement_entry
5649,1,1885,Club,Biology Club,,2025,,online
5650,1,17345,Club,Biology Club,,2008,2010,crm_import
5651,1,388,Club,Biology Club,,2010,2012,online
5652,1,2171,Club,Biology Club,,,,crm_import
5653,1,2869,Club,Biology Club,,,,advancement_entry
5654,1,2534,Club,Biology Club,,,,advancement_entry
5655,1,25,Club,Biology Club,,,,crm_import
5656,1,18952,Club,Biology Club,,2014,2018,online
5657,1,19557,Club,Biology Club,,,,crm_import
5658,1,2484,Club,Biology Club,,,,crm_import
5659,1,17632,Club,Biology Club,,,,crm_import
5660,1,11332,Club,Biology Club,,2021,2024,crm_import
5661,1,7563,Club,Biology Club,Member Leader,,,online
5662,1,8769,Club,Biology Club,,1986,1988,crm_import
5663,1,10281,Club,Biology Club,Member Leader,2010,2013,crm_import
5664,1,15673,Club,Biology Club,,,,crm_import
5665,1,2207,Club,Biology Club,,1985,1987,online
5666,1,14467,Club,Biology Club,,1993,1996,crm_import
5667,1,13236,Club,Biology Club,,,,online
5668,1,4580,Club,Biology Club,,,,crm_import
5669,1,229,Club,Biology Club,,2018,2022,crm_import
5670,1,17759,Club,Biology Club,,,,online
5671,1,14061,Club,Biology Club,,2011,2013,online
5672,1,17629,Club,Biology Club,,,,crm_import
5673,1,19845,Club,Biology Club,,,,crm_import
5674,1,16680,Club,Biology Club,,2026,,crm_import
5675,1,9523,Club,Biology Club,,,,crm_import
5676,1,1984,Club,Biology Club,,2025,,crm_import
5677,1,16391,Club,Biology Club,,2017,2019,crm_import
5678,1,19076,Club,Biology Club,President,,,online
5679,1,6260,Club,Biology Club,,2022,2025,crm_import
5680,1,15402,Club,Biology Club,,2026,,advancement_entry
5681,1,781,Club,Biology Club,,2024,2026,crm_import
5682,1,16236,Club,Biology Club,,,,advancement_entry
5683,1,6948,Club,Biology Club,,,,crm_import
5684,1,6273,Club,Biology Club,,,,advancement_entry
5685,1,12462,Club,Biology Club,,,,crm_import
5686,1,16168,Club,Biology Club,,1999,2001,crm_import
5687,1,17743,Club,Biology Club,,,,online
5688,1,14195,Club,Biology Club,,,,crm_import
5689,1,10261,Club,Biology Club,,,,crm_import
5690,1,6228,Club,Biology Club,,2004,2008,crm_import
5691,1,12965,Club,Biology Club,,,,online
5692,1,18623,Club,Biology Club,,,,crm_import
5693,1,6325,Club,Biology Club,Member Leader,,,crm_import
5694,1,9913,Club,Biology Club,,,,crm_import
5695,1,6593,Club,Biology Club,Member Leader,,,crm_import
5696,1,12741,Club,Biology Club,,,,crm_import
5697,1,19266,Club,Biology Club,,,,crm_import
5698,1,5027,Club,Biology Club,,,,crm_import
5699,1,15951,Club,Biology Club,,,,crm_import
5700,1,3285,Club,Biology Club,,,,crm_import
5701,1,15171,Club,Biology Club,,1991,1993,advancement_entry
5702,1,12843,Club,Biology Club,Member Leader,,,advancement_entry
5703,1,15180,Club,Biology Club,,1985,1988,crm_import
5704,1,11691,Club,Biology Club,,,,crm_import
5705,1,6905,Club,Biology Club,,,,crm_import
5706,1,13201,Club,Biology Club,,1993,1996,crm_import
5707,1,422,Club,Biology Club,,,,online
5708,1,2771,Club,Biology Club,,,,online
5709,1,16922,Club,Biology Club,,2027,,crm_import
5710,1,11490,Club,Biology Club,,,,advancement_entry
5711,1,18755,Club,Biology Club,,1958,1960,crm_import
5712,1,7215,Club,Biology Club,,,,online
5713,1,9178,Club,Biology Club,,2025,,advancement_entry
5714,1,17962,Club,Biology Club,,,,online
5715,1,16560,Club,Biology Club,,1968,1970,crm_import
5716,1,1069,Club,Biology Club,President,,,crm_import
5717,1,2388,Club,Biology Club,,1988,1991,crm_import
5718,1,13156,Club,Biology Club,,,,crm_import
5719,1,1618,Club,Biology Club,,,,crm_import
5720,1,13491,Club,Biology Club,Treasurer,2025,,crm_import
5721,1,3836,Club,Chemistry Club,,,,crm_import
5722,1,6882,Club,Chemistry Club,,,,crm_import
5723,1,1329,Club,Chemistry Club,,,,crm_import
5724,1,11549,Club,Chemistry Club,,,,crm_import
5725,1,12466,Club,Chemistry Club,,1969,1973,online
5726,1,5375,Club,Chemistry Club,,,,crm_import
5727,1,9537,Club,Chemistry Club,,,,advancement_entry
5728,1,11908,Club,Chemistry Club,,,,crm_import
5729,1,17011,Club,Chemistry Club,,,,crm_import
5730,1,1402,Club,Chemistry Club,Treasurer,,,online
5731,1,15180,Club,Chemistry Club,,,,crm_import
5732,1,10961,Club,Chemistry Club,,,,crm_import
5733,1,112,Club,Chemistry Club,,,,online
5734,1,4269,Club,Chemistry Club,,,,crm_import
5735,1,9558,Club,Chemistry Club,,1999,2003,crm_import
5736,1,355,Club,Chemistry Club,,2014,2018,crm_import
5737,1,9979,Club,Chemistry Club,,,,crm_import
5738,1,16088,Club,Chemistry Club,Treasurer,2025,,crm_import
5739,1,19703,Club,Chemistry Club,Member Leader,2013,2015,crm_import
5740,1,3312,Club,Chemistry Club,President,,,crm_import
5741,1,7655,Club,Chemistry Club,,,,crm_import
5742,1,17062,Club,Chemistry Club,,2001,2004,crm_import
5743,1,10150,Club,Chemistry Club,,,,crm_import
5744,1,6201,Club,Chemistry Club,,,,online
5745,1,17147,Club,Chemistry Club,,1985,1987,crm_import
5746,1,14153,Club,Chemistry Club,,1976,1980,crm_import
5747,1,3993,Club,Chemistry Club,,,,crm_import
5748,1,10479,Club,Chemistry Club,Treasurer,,,online
5749,1,18660,Club,Chemistry Club,,,,online
5750,1,9921,Club,Chemistry Club,,2002,2004,crm_import
5751,1,10969,Club,Chemistry Club,Treasurer,,,crm_import
5752,1,18658,Club,Chemistry Club,,2026,,crm_import
5753,1,9744,Club,Chemistry Club,,1999,2003,crm_import
5754,1,13562,Club,Chemistry Club,Member Leader,,,online
5755,1,7004,Club,Chemistry Club,,2027,,crm_import
5756,1,7907,Club,Chemistry Club,,1994,1997,crm_import
5757,1,17049,Club,Chemistry Club,,,,crm_import
5758,1,18140,Club,Chemistry Club,,,,crm_import
5759,1,11140,Club,Chemistry Club,,,,crm_import
5760,1,9317,Club,Chemistry Club,,,,online
5761,1,14413,Club,Chemistry Club,,2024,2026,online
5762,1,18798,Club,Chemistry Club,,,,online
5763,1,11006,Club,Chemistry Club,,,,online
5764,1,19403,Club,Chemistry Club,,,,online
5765,1,11362,Club,Chemistry Club,,,,crm_import
5766,1,11644,Club,Chemistry Club,,,,online
5767,1,4077,Club,Chemistry Club,Member Leader,,,crm_import
5768,1,1754,Club,Chemistry Club,,,,advancement_entry
5769,1,3378,Club,Chemistry Club,,2007,2009,advancement_entry
5770,1,15535,Club,Chemistry Club,,,,crm_import
5771,1,5487,Club,Chemistry Club,,1951,1953,online
5772,1,2083,Club,Chemistry Club,,,,crm_import
5773,1,4554,Club,Chemistry Club,,1981,1983,advancement_entry
5774,1,18183,Club,Chemistry Club,,,,crm_import
5775,1,19704,Club,Chemistry Club,,,,online
5776,1,16024,Club,Chemistry Club,Treasurer,,,crm_import
5777,1,1267,Club,Chemistry Club,,,,online
5778,1,9449,Club,Chemistry Club,,,,online
5779,1,17559,Club,Chemistry Club,,,,online
5780,1,2804,Club,Chemistry Club,,,,crm_import
5781,1,165,Club,Chemistry Club,,,,crm_import
5782,1,18006,Club,Chemistry Club,,2008,2011,crm_import
5783,1,17810,Club,Chemistry Club,,,,advancement_entry
5784,1,15933,Club,Chemistry Club,,,,crm_import
5785,1,14797,Club,Chemistry Club,,1986,1988,online
5786,1,11073,Club,Chemistry Club,,2017,2019,crm_import
5787,1,8355,Club,Chemistry Club,,1990,1993,crm_import
5788,1,6144,Club,Chemistry Club,,1994,1997,advancement_entry
5789,1,8536,Club,Chemistry Club,,,,crm_import
5790,1,15563,Club,Chemistry Club,,,,crm_import
5791,1,15660,Club,Chemistry Club,,1991,1994,crm_import
5792,1,18620,Club,Chemistry Club,,,,crm_import
5793,1,4011,Club,Chemistry Club,,,,advancement_entry
5794,1,13730,Club,Chemistry Club,,2020,2023,crm_import
5795,1,2180,Club,Chemistry Club,,1976,1978,crm_import
5796,1,19048,Club,Chemistry Club,,,,crm_import
5797,1,5739,Club,Chemistry Club,,,,advancement_entry
5798,1,1404,Club,Chemistry Club,,,,crm_import
5799,1,5641,Club,Chemistry Club,,,,crm_import
5800,1,15583,Club,Chemistry Club,,,,crm_import
5801,1,8393,Club,Chemistry Club,President,,,advancement_entry
5802,1,6727,Club,Chemistry Club,Treasurer,2015,2017,crm_import
5803,1,11804,Club,Chemistry Club,,,,crm_import
5804,1,7091,Club,Chemistry Club,,,,crm_import
5805,1,19699,Club,Chemistry Club,,,,online
5806,1,19734,Club,Chemistry Club,,,,crm_import
5807,1,7892,Club,Chemistry Club,,,,crm_import
5808,1,13122,Club,Chemistry Club,,2024,2026,online
5809,1,7197,Club,Chemistry Club,,,,crm_import
5810,1,5804,Club,Chemistry Club,,,,crm_import
5811,1,15108,Club,Physics Club,,,,online
5812,1,15872,Club,Physics Club,,2026,,crm_import
5813,1,19706,Club,Physics Club,,2002,2005,crm_import
5814,1,10046,Club,Physics Club,,,,crm_import
5815,1,7662,Club,Physics Club,,,,crm_import
5816,1,9630,Club,Physics Club,,,,crm_import
5817,1,5468,Club,Physics Club,,,,crm_import
5818,1,4025,Club,Physics Club,,,,crm_import
5819,1,2872,Club,Physics Club,,2024,,online
5820,1,650,Club,Physics Club,Treasurer,2006,2008,advancement_entry
5821,1,11397,Club,Physics Club,,2014,2018,crm_import
5822,1,4680,Club,Physics Club,,,,advancement_entry
5823,1,13757,Club,Physics Club,,,,online
5824,1,1097,Club,Physics Club,,1999,2003,crm_import
5825,1,10074,Club,Physics Club,,,,online
5826,1,17659,Club,Physics Club,,,,crm_import
5827,1,14276,Club,Physics Club,,2024,,online
5828,1,10759,Club,Physics Club,,,,advancement_entry
5829,1,11286,Club,Physics Club,,,,crm_import
5830,1,11582,Club,Physics Club,President,2026,,crm_import
5831,1,8247,Club,Physics Club,,1958,1960,crm_import
5832,1,1861,Club,Physics Club,,1958,1960,online
5833,1,12469,Club,Physics Club,,,,crm_import
5834,1,11116,Club,Physics Club,,,,crm_import
5835,1,16863,Club,Physics Club,,1974,1978,online
5836,1,3235,Club,Physics Club,,1980,1983,crm_import
5837,1,3174,Club,Physics Club,,2002,2006,online
5838,1,6529,Club,Physics Club,,,,crm_import
5839,1,8132,Club,Physics Club,,1983,1986,crm_import
5840,1,11975,Club,Physics Club,,,,crm_import
5841,1,18615,Club,Physics Club,,,,online
5842,1,3633,Club,Physics Club,,1985,1987,crm_import
5843,1,12521,Club,Physics Club,,2023,,online
5844,1,7461,Club,Physics Club,,,,advancement_entry
5845,1,3990,Club,Physics Club,,,,crm_import
5846,1,13210,Club,Physics Club,,,,online
5847,1,17044,Club,Physics Club,,,,crm_import
5848,1,1379,Club,Physics Club,Treasurer,,,crm_import
5849,1,6652,Club,Physics Club,President,2000,2004,crm_import
5850,1,6224,Club,Physics Club,,1969,1971,crm_import
5851,1,13693,Club,Physics Club,,,,crm_import
5852,1,5391,Club,Physics Club,,,,online
5853,1,10430,Club,Physics Club,Treasurer,,,online
5854,1,6288,Club,Physics Club,,,,crm_import
5855,1,18528,Club,Physics Club,,,,crm_import
5856,1,16028,Club,Physics Club,,,,crm_import
5857,1,8216,Club,Physics Club,,,,online
5858,1,19163,Club,Physics Club,Member Leader,,,online
5859,1,4071,Club,Physics Club,,,,crm_import
5860,1,12041,Club,Physics Club,,,,advancement_entry
5861,1,18673,Club,Physics Club,,2014,2017,online
5862,1,2579,Club,Physics Club,,,,online
5863,1,15028,Club,Physics Club,,,,crm_import
5864,1,19342,Club,Physics Club,,,,crm_import
5865,1,17655,Club,Physics Club,,,,online
5866,1,5902,Club,Physics Club,,,,crm_import
5867,1,16277,Club,Physics Club,,2009,2012,online
5868,1,17489,Club,Physics Club,,1987,1991,online
5869,1,19403,Club,Physics Club,,1979,1983,online
5870,1,19788,Club,Physics Club,,1955,1958,crm_import
5871,1,11698,Club,Physics Club,,,,crm_import
5872,1,16042,Club,Physics Club,,,,advancement_entry
5873,1,3794,Club,Physics Club,,2027,,online
5874,1,9648,Club,Physics Club,,,,advancement_entry
5875,1,12135,Club,Physics Club,,,,crm_import
5876,1,12358,Club,Physics Club,,2005,2007,crm_import
5877,1,5102,Club,Physics Club,,,,crm_import
5878,1,9410,Club,Physics Club,,,,online
5879,1,12349,Club,Physics Club,,,,online
5880,1,1742,Club,Physics Club,,,,online
5881,1,16496,Club,Physics Club,,,,crm_import
5882,1,10810,Club,Physics Club,,1998,2002,crm_import
5883,1,5127,Club,Physics Club,President,,,online
5884,1,4782,Club,Physics Club,,1992,1996,crm_import
5885,1,10345,Club,Physics Club,,,,online
5886,1,6866,Club,Physics Club,,,,crm_import
5887,1,1209,Club,Physics Club,,,,crm_import
5888,1,13618,Club,Physics Club,,2028,,crm_import
5889,1,3254,Club,Physics Club,Treasurer,,,advancement_entry
5890,1,18489,Club,Physics Club,,1994,1998,crm_import
5891,1,13180,Club,Physics Club,,2011,2015,crm_import
5892,1,1521,Club,Physics Club,President,,,crm_import
5893,1,19353,Club,Physics Club,,1990,1992,crm_import
5894,1,8190,Club,Physics Club,,1984,1987,crm_import
5895,1,15292,Club,Physics Club,,2025,,crm_import
5896,1,13513,Club,Mathematics Society,,2022,2024,crm_import
5897,1,6635,Club,Mathematics Society,,,,crm_import
5898,1,7557,Club,Mathematics Society,,,,online
5899,1,13337,Club,Mathematics Society,Treasurer,1977,1980,crm_import
5900,1,6746,Club,Mathematics Society,,,,crm_import
5901,1,15885,Club,Mathematics Society,,,,online
5902,1,1722,Club,Mathematics Society,Member Leader,,,crm_import
5903,1,13688,Club,Mathematics Society,,1973,1977,online
5904,1,3434,Club,Mathematics Society,,,,online
5905,1,16209,Club,Mathematics Society,,2011,2013,crm_import
5906,1,2685,Club,Mathematics Society,,,,crm_import
5907,1,3017,Club,Mathematics Society,,2025,,crm_import
5908,1,6049,Club,Mathematics Society,,,,crm_import
5909,1,18674,Club,Mathematics Society,,,,crm_import
5910,1,8867,Club,Mathematics Society,,,,advancement_entry
5911,1,11367,Club,Mathematics Society,,1975,1979,online
5912,1,6989,Club,Mathematics Society,,,,crm_import
5913,1,18914,Club,Mathematics Society,,,,online
5914,1,15083,Club,Mathematics Society,,,,crm_import
5915,1,8176,Club,Mathematics Society,,2026,,crm_import
5916,1,2211,Club,Mathematics Society,,,,online
5917,1,13468,Club,Mathematics Society,,,,crm_import
5918,1,12427,Club,Mathematics Society,President,1993,1996,online
5919,1,16360,Club,Mathematics Society,,,,crm_import
5920,1,17253,Club,Mathematics Society,,1974,1977,crm_import
5921,1,16669,Club,Mathematics Society,,,,crm_import
5922,1,1950,Club,Mathematics Society,,,,crm_import
5923,1,4148,Club,Mathematics Society,,1990,1993,crm_import
5924,1,6301,Club,Mathematics Society,,2025,,crm_import
5925,1,6788,Club,Mathematics Society,,,,crm_import
5926,1,18399,Club,Mathematics Society,,1995,1997,crm_import
5927,1,9665,Club,Mathematics Society,,2026,,crm_import
5928,1,14491,Club,Mathematics Society,,,,crm_import
5929,1,10049,Club,Mathematics Society,,1993,1997,crm_import
5930,1,14601,Club,Mathematics Society,,2004,2008,crm_import
5931,1,5170,Club,Mathematics Society,,,,advancement_entry
5932,1,9331,Club,Mathematics Society,,,,advancement_entry
5933,1,16394,Club,Mathematics Society,,,,online
5934,1,16140,Club,Mathematics Society,,1990,1992,online
5935,1,19075,Club,Mathematics Society,,,,crm_import
5936,1,591,Club,Mathematics Society,,,,crm_import
5937,1,12548,Club,Mathematics Society,,,,online
5938,1,9737,Club,Mathematics Society,,,,crm_import
5939,1,11214,Club,Mathematics Society,,,,crm_import
5940,1,18491,Club,Mathematics Society,,,,crm_import
5941,1,9693,Club,Mathematics Society,,2026,,crm_import
5942,1,13916,Club,Mathematics Society,,1980,1983,crm_import
5943,1,16829,Club,Mathematics Society,,1999,2002,crm_import
5944,1,3425,Club,Mathematics Society,,,,crm_import
5945,1,11930,Club,Mathematics Society,,,,crm_import
5946,1,9684,Club,Mathematics Society,,,,crm_import
5947,1,7378,Club,Mathematics Society,,2028,,crm_import
5948,1,8079,Club,Mathematics Society,,2026,,crm_import
5949,1,6517,Club,Mathematics Society,,,,crm_import
5950,1,9421,Club,Mathematics Society,,,,crm_import
5951,1,18449,Club,Mathematics Society,,,,crm_import
5952,1,1661,Club,Mathematics Society,Treasurer,,,crm_import
5953,1,7617,Club,Mathematics Society,,2024,,crm_import
5954,1,18610,Club,Mathematics Society,,,,crm_import
5955,1,6725,Club,Mathematics Society,Member Leader,,,online
5956,1,8977,Club,Mathematics Society,Member Leader,,,crm_import
5957,1,13653,Club,Mathematics Society,,2021,2025,crm_import
5958,1,18140,Club,Mathematics Society,,1950,1953,crm_import
5959,1,15290,Club,Mathematics Society,,2026,,online
5960,1,18117,Club,Mathematics Society,,,,crm_import
5961,1,9596,Club,Mathematics Society,,1985,1987,crm_import
5962,1,8985,Club,Mathematics Society,,1998,2002,crm_import
5963,1,6604,Club,Mathematics Society,,,,crm_import
5964,1,14243,Club,Mathematics Society,,,,crm_import
5965,1,5675,Club,Mathematics Society,Treasurer,1989,1993,crm_import
5966,1,16744,Club,Mathematics Society,,2006,2010,crm_import
5967,1,13181,Club,Mathematics Society,,,,crm_import
5968,1,12663,Club,Mathematics Society,,,,crm_import
5969,1,269,Club,Mathematics Society,,,,crm_import
5970,1,11837,Club,Mathematics Society,,2019,2022,crm_import
5971,1,13,Club,Mathematics Society,,2014,2017,crm_import
5972,1,2959,Club,Mathematics Society,,2012,2014,crm_import
5973,1,12339,Club,Mathematics Society,,1996,2000,crm_import
5974,1,7839,Club,Mathematics Society,,1995,1997,crm_import
5975,1,4803,Club,Mathematics Society,,,,online
5976,1,17984,Club,Mathematics Society,,,,online
5977,1,13183,Club,Mathematics Society,,1990,1993,crm_import
5978,1,4644,Club,Mathematics Society,,2020,2023,online
5979,1,9083,Club,Mathematics Society,,2024,,crm_import
5980,1,16469,Club,Mathematics Society,,,,advancement_entry
5981,1,10462,Club,Mathematics Society,,1969,1971,crm_import
5982,1,14629,Club,Mathematics Society,,,,crm_import
5983,1,17851,Club,Mathematics Society,President,,,crm_import
5984,1,3333,Club,Mathematics Society,,,,crm_import
5985,1,489,Club,Mathematics Society,,,,advancement_entry
5986,1,6374,Club,Mathematics Society,,2025,,crm_import
5987,1,6510,Club,Mathematics Society,,1990,1993,crm_import
5988,1,391,Club,Mathematics Society,Member Leader,,,crm_import
5989,1,13147,Club,Mathematics Society,,,,crm_import
5990,1,10347,Club,Mathematics Society,,,,crm_import
5991,1,7151,Club,Mathematics Society,,,,crm_import
5992,1,8767,Club,Mathematics Society,,,,crm_import
5993,1,2068,Club,Mathematics Society,,2005,2009,advancement_entry
5994,1,6346,Club,Mathematics Society,,,,crm_import
5995,1,10560,Club,Mathematics Society,,,,crm_import
5996,1,3310,Club,Creative Writing Club,,2018,2020,crm_import
5997,1,17793,Club,Creative Writing Club,,2011,2015,crm_import
5998,1,10425,Club,Creative Writing Club,,,,crm_import
5999,1,14030,Club,Creative Writing Club,,1966,1970,online
6000,1,14088,Club,Creative Writing Club,,,,crm_import
6001,1,58,Club,Creative Writing Club,President,2024,,crm_import
6002,1,11644,Club,Creative Writing Club,,,,online
6003,1,13947,Club,Creative Writing Club,,1998,2002,crm_import
6004,1,8844,Club,Creative Writing Club,,2022,2024,crm_import
6005,1,19164,Club,Creative Writing Club,Member Leader,,,crm_import
6006,1,1605,Club,Creative Writing Club,,2028,,crm_import
6007,1,6425,Club,Creative Writing Club,,2007,2009,online
6008,1,14192,Club,Creative Writing Club,,1996,1999,crm_import
6009,1,1170,Club,Creative Writing Club,,2025,,crm_import
6010,1,15569,Club,Creative Writing Club,,,,crm_import
6011,1,14768,Club,Creative Writing Club,,1995,1998,crm_import
6012,1,4511,Club,Creative Writing Club,,,,crm_import
6013,1,16562,Club,Creative Writing Club,,,,crm_import
6014,1,18655,Club,Creative Writing Club,,2010,2013,online
6015,1,15640,Club,Creative Writing Club,,,,online
6016,1,14725,Club,Creative Writing Club,,1972,1976,crm_import
6017,1,10785,Club,Creative Writing Club,,,,online
6018,1,2873,Club,Creative Writing Club,,,,online
6019,1,19236,Club,Creative Writing Club,,2025,,online
6020,1,18435,Club,Creative Writing Club,,,,crm_import
6021,1,4199,Club,Creative Writing Club,,2025,,crm_import
6022,1,10703,Club,Creative Writing Club,,,,online
6023,1,18872,Club,Creative Writing Club,,,,online
6024,1,10435,Club,Creative Writing Club,,,,advancement_entry
6025,1,12568,Club,Creative Writing Club,,1959,1961,crm_import
6026,1,12137,Club,Creative Writing Club,,,,crm_import
6027,1,5839,Club,Creative Writing Club,,,,crm_import
6028,1,17127,Club,Creative Writing Club,,2018,2021,online
6029,1,11975,Club,Creative Writing Club,,,,crm_import
6030,1,5004,Club,Creative Writing Club,Treasurer,2027,,online
6031,1,13227,Club,Creative Writing Club,,,,online
6032,1,7703,Club,Creative Writing Club,,,,crm_import
6033,1,12741,Club,Creative Writing Club,,,,crm_import
6034,1,17000,Club,Creative Writing Club,President,,,online
6035,1,7781,Club,Creative Writing Club,,1966,1969,crm_import
6036,1,10990,Club,Creative Writing Club,,1986,1988,crm_import
6037,1,6313,Club,Creative Writing Club,,,,crm_import
6038,1,18401,Club,Creative Writing Club,,1983,1985,crm_import
6039,1,11425,Club,Creative Writing Club,,,,crm_import
6040,1,2047,Club,Creative Writing Club,Treasurer,2008,2012,crm_import
6041,1,18616,Club,Creative Writing Club,,,,crm_import
6042,1,2679,Club,Creative Writing Club,,1958,1961,crm_import
6043,1,18911,Club,Creative Writing Club,,,,crm_import
6044,1,4190,Club,Creative Writing Club,,2016,2019,crm_import
6045,1,18414,Club,Creative Writing Club,,,,crm_import
6046,1,1624,Club,Creative Writing Club,,,,crm_import
6047,1,2364,Club,Creative Writing Club,,1988,1992,crm_import
6048,1,7391,Club,Creative Writing Club,,1986,1988,advancement_entry
6049,1,9821,Club,Creative Writing Club,President,,,crm_import
6050,1,17461,Club,Creative Writing Club,Treasurer,2005,2009,crm_import
6051,1,12490,Club,Creative Writing Club,,2014,2016,advancement_entry
6052,1,12666,Club,Creative Writing Club,,,,crm_import
6053,1,2660,Club,Creative Writing Club,,,,crm_import
6054,1,6985,Club,Creative Writing Club,,1975,1978,crm_import
6055,1,1974,Club,Creative Writing Club,,,,crm_import
6056,1,5601,Club,Creative Writing Club,,2012,2014,online
6057,1,5022,Club,Creative Writing Club,,,,advancement_entry
6058,1,8934,Club,Creative Writing Club,,,,online
6059,1,4870,Club,Creative Writing Club,,,,advancement_entry
6060,1,12749,Club,Creative Writing Club,,1988,1990,online
6061,1,3457,Club,Creative Writing Club,,,,crm_import
6062,1,10560,Club,Creative Writing Club,,,,crm_import
6063,1,18548,Club,Creative Writing Club,,,,crm_import
6064,1,10043,Club,Creative Writing Club,,,,advancement_entry
6065,1,9560,Club,Creative Writing Club,,,,online
6066,1,2380,Club,Creative Writing Club,,,,online
6067,1,13350,Club,Creative Writing Club,,1970,1972,online
6068,1,11655,Club,Creative Writing Club,,2020,2024,crm_import
6069,1,15111,Club,Creative Writing Club,,2001,2004,crm_import
6070,1,9982,Club,Creative Writing Club,,,,crm_import
6071,1,8766,Club,Philosophy Club,,2004,2007,crm_import
6072,1,11261,Club,Philosophy Club,,,,crm_import
6073,1,5512,Club,Philosophy Club,,2026,,crm_import
6074,1,15782,Club,Philosophy Club,,1990,1992,crm_import
6075,1,13155,Club,Philosophy Club,,2026,,crm_import
6076,1,5496,Club,Philosophy Club,,2025,,advancement_entry
6077,1,10738,Club,Philosophy Club,,,,advancement_entry
6078,1,18977,Club,Philosophy Club,,,,crm_import
6079,1,1851,Club,Philosophy Club,,2023,,crm_import
6080,1,14372,Club,Philosophy Club,,1998,2000,crm_import
6081,1,2180,Club,Philosophy Club,President,,,crm_import
6082,1,8150,Club,Philosophy Club,,1992,1995,crm_import
6083,1,19903,Club,Philosophy Club,,,,crm_import
6084,1,9983,Club,Philosophy Club,,,,crm_import
6085,1,4269,Club,Philosophy Club,,2017,2021,crm_import
6086,1,3497,Club,Philosophy Club,,,,crm_import
6087,1,11407,Club,Philosophy Club,,,,crm_import
6088,1,2392,Club,Philosophy Club,,,,crm_import
6089,1,10720,Club,Philosophy Club,,,,crm_import
6090,1,1413,Club,Philosophy Club,,,,crm_import
6091,1,2087,Club,Philosophy Club,Treasurer,,,crm_import
6092,1,14519,Club,Philosophy Club,,,,crm_import
6093,1,10882,Club,Philosophy Club,,,,crm_import
6094,1,2011,Club,Philosophy Club,,1995,1997,crm_import
6095,1,10453,Club,Philosophy Club,,2025,,online
6096,1,10387,Club,Philosophy Club,,,,advancement_entry
6097,1,13756,Club,Philosophy Club,,,,crm_import
6098,1,12433,Club,Philosophy Club,,,,crm_import
6099,1,16946,Club,Philosophy Club,,,,crm_import
6100,1,12663,Club,Philosophy Club,,1966,1969,crm_import
6101,1,18261,Club,Philosophy Club,,,,crm_import
6102,1,9981,Club,Philosophy Club,,2008,2011,online
6103,1,9437,Club,Philosophy Club,,,,advancement_entry
6104,1,1111,Club,Philosophy Club,President,1952,1954,advancement_entry
6105,1,15551,Club,Philosophy Club,,,,crm_import
6106,1,1052,Club,Philosophy Club,,1979,1981,crm_import
6107,1,147,Club,Philosophy Club,,,,crm_import
6108,1,4918,Club,Philosophy Club,,,,crm_import
6109,1,13395,Club,Philosophy Club,,,,online
6110,1,9070,Club,Philosophy Club,,1958,1962,crm_import
6111,1,7741,Club,Philosophy Club,,,,online
6112,1,10443,Club,Philosophy Club,,,,advancement_entry
6113,1,15672,Club,Philosophy Club,,,,crm_import
6114,1,1306,Club,Philosophy Club,,2026,,crm_import
6115,1,7771,Club,Philosophy Club,,,,advancement_entry
6116,1,5397,Club,Philosophy Club,,2005,2009,crm_import
6117,1,14724,Club,Philosophy Club,,,,crm_import
6118,1,676,Club,Philosophy Club,,2022,2026,online
6119,1,19986,Club,Philosophy Club,,,,crm_import
6120,1,14619,Club,Philosophy Club,,1969,1972,crm_import
6121,1,1379,Club,Philosophy Club,Treasurer,,,crm_import
6122,1,5611,Club,Philosophy Club,,1980,1983,crm_import
6123,1,17878,Club,Philosophy Club,,,,crm_import
6124,1,19358,Club,Philosophy Club,,2008,2011,crm_import
6125,1,19491,Club,Philosophy Club,,1995,1999,crm_import
6126,1,12427,Club,Philosophy Club,,,,online
6127,1,9926,Club,Philosophy Club,,1974,1978,online
6128,1,7774,Club,Philosophy Club,,,,crm_import
6129,1,19378,Club,Philosophy Club,,,,crm_import
6130,1,13589,Club,Philosophy Club,,,,crm_import
6131,1,4444,Club,Philosophy Club,,,,crm_import
6132,1,9000,Club,Philosophy Club,,,,online
6133,1,15460,Club,Philosophy Club,,1989,1992,crm_import
6134,1,6137,Club,Philosophy Club,Member Leader,,,crm_import
6135,1,13147,Club,Philosophy Club,,,,crm_import
6136,1,12601,Club,Culinary Club,,2024,,crm_import
6137,1,6614,Club,Culinary Club,,,,crm_import
6138,1,1074,Club,Culinary Club,,2024,,online
6139,1,5998,Club,Culinary Club,,,,crm_import
6140,1,7273,Club,Culinary Club,,,,crm_import
6141,1,14064,Club,Culinary Club,,2002,2006,crm_import
6142,1,7472,Club,Culinary Club,Member Leader,,,crm_import
6143,1,13784,Club,Culinary Club,,,,crm_import
6144,1,3376,Club,Culinary Club,,,,crm_import
6145,1,19285,Club,Culinary Club,,,,crm_import
6146,1,14044,Club,Culinary Club,,,,crm_import
6147,1,7507,Club,Culinary Club,,,,crm_import
6148,1,15060,Club,Culinary Club,,2015,2018,crm_import
6149,1,14630,Club,Culinary Club,,2027,,crm_import
6150,1,19788,Club,Culinary Club,,1954,1958,crm_import
6151,1,8491,Club,Culinary Club,,,,crm_import
6152,1,8807,Club,Culinary Club,,,,crm_import
6153,1,8777,Club,Culinary Club,,,,crm_import
6154,1,11989,Club,Culinary Club,,,,crm_import
6155,1,16774,Club,Culinary Club,,1978,1982,online
6156,1,15224,Club,Culinary Club,,,,advancement_entry
6157,1,17123,Club,Culinary Club,,1989,1993,advancement_entry
6158,1,4718,Club,Culinary Club,,2014,2017,crm_import
6159,1,9567,Club,Culinary Club,,,,crm_import
6160,1,11870,Club,Culinary Club,,1978,1980,online
6161,1,9814,Club,Culinary Club,,2017,2020,crm_import
6162,1,13650,Club,Culinary Club,,,,online
6163,1,14306,Club,Culinary Club,,2026,,crm_import
6164,1,12722,Club,Culinary Club,,2027,,crm_import
6165,1,5912,Club,Culinary Club,,,,crm_import
6166,1,10036,Club,Culinary Club,,,,online
6167,1,9786,Club,Culinary Club,,1984,1988,advancement_entry
6168,1,11943,Club,Culinary Club,,1963,1966,crm_import
6169,1,10435,Club,Culinary Club,,,,advancement_entry
6170,1,18969,Club,Culinary Club,,2007,2011,online
6171,1,5320,Club,Culinary Club,Treasurer,,,crm_import
6172,1,1445,Club,Culinary Club,,2025,,crm_import
6173,1,10082,Club,Culinary Club,,,,crm_import
6174,1,19934,Club,Culinary Club,,2000,2002,crm_import
6175,1,18974,Club,Culinary Club,,,,crm_import
6176,1,7884,Club,Culinary Club,,2000,2002,crm_import
6177,1,17991,Club,Culinary Club,,,,crm_import
6178,1,4007,Club,Culinary Club,Treasurer,,,advancement_entry
6179,1,9590,Club,Culinary Club,,2002,2004,crm_import
6180,1,18346,Club,Culinary Club,,,,advancement_entry
6181,1,16988,Club,Culinary Club,,,,crm_import
6182,1,13003,Club,Culinary Club,President,,,crm_import
6183,1,17548,Club,Culinary Club,,,,crm_import
6184,1,12500,Club,Culinary Club,,1977,1981,crm_import
6185,1,10983,Club,Culinary Club,,,,online
6186,1,13715,Club,Culinary Club,,,,crm_import
6187,1,1499,Club,Culinary Club,,,,crm_import
6188,1,3491,Club,Culinary Club,,2022,2026,online
6189,1,4497,Club,Culinary Club,,,,crm_import
6190,1,16727,Club,Culinary Club,,,,crm_import
6191,1,19571,Club,Culinary Club,,,,crm_import
6192,1,15685,Club,Culinary Club,,2027,,online
6193,1,11271,Club,Culinary Club,,,,crm_import
6194,1,13660,Club,Culinary Club,Member Leader,2023,,advancement_entry
6195,1,5763,Club,Culinary Club,,,,crm_import
6196,1,16144,Club,Culinary Club,,,,crm_import
6197,1,19562,Club,Culinary Club,,2007,2009,crm_import
6198,1,461,Club,Culinary Club,,,,crm_import
6199,1,5819,Club,Culinary Club,,,,crm_import
6200,1,2700,Club,Culinary Club,Treasurer,2009,2012,crm_import
6201,1,15285,Club,Culinary Club,,2009,2012,crm_import
6202,1,9550,Club,Culinary Club,,,,crm_import
6203,1,1851,Club,Culinary Club,Member Leader,,,crm_import
6204,1,7502,Club,Culinary Club,,2004,2008,crm_import
6205,1,6780,Club,Culinary Club,,2024,,crm_import
6206,1,19537,Club,Culinary Club,,,,online
6207,1,11344,Club,Culinary Club,,1997,2001,crm_import
6208,1,18471,Club,Culinary Club,,1964,1968,online
6209,1,15945,Club,Culinary Club,,,,online
6210,1,19055,Club,Culinary Club,,,,crm_import
6211,1,8982,Club,Culinary Club,Treasurer,,,crm_import
6212,1,4328,Club,Culinary Club,Treasurer,,,crm_import
6213,1,19508,Club,Culinary Club,,2002,2004,crm_import
6214,1,17751,Club,Culinary Club,,,,crm_import
6215,1,3357,Club,Culinary Club,,,,crm_import
6216,1,1532,Club,Culinary Club,,,,crm_import
6217,1,9350,Club,Culinary Club,,,,crm_import
6218,1,17875,Club,Culinary Club,,1960,1963,advancement_entry
6219,1,17868,Club,Culinary Club,,2007,2011,crm_import
6220,1,10101,Club,Culinary Club,,,,crm_import
6221,1,15400,Club,Culinary Club,,,,online
6222,1,11793,Club,Culinary Club,,,,crm_import
6223,1,8263,Club,Culinary Club,,,,advancement_entry
6224,1,16564,Club,Culinary Club,,,,online
6225,1,14054,Club,Culinary Club,,,,crm_import
6226,1,18557,Club,Culinary Club,,,,online
6227,1,12301,Club,Culinary Club,,1990,1992,advancement_entry
6228,1,19418,Club,Culinary Club,,,,crm_import
6229,1,17001,Club,Culinary Club,President,1981,1985,online
6230,1,3262,Club,Culinary Club,,1998,2001,crm_import
6231,1,7931,Club,Gaming Club,,,,crm_import
6232,1,11563,Club,Gaming Club,,,,crm_import
6233,1,9393,Club,Gaming Club,,,,crm_import
6234,1,2316,Club,Gaming Club,,,,online
6235,1,2876,Club,Gaming Club,,,,crm_import
6236,1,19786,Club,Gaming Club,,,,advancement_entry
6237,1,8455,Club,Gaming Club,,2002,2005,crm_import
6238,1,9705,Club,Gaming Club,Member Leader,,,crm_import
6239,1,2519,Club,Gaming Club,,,,crm_import
6240,1,14106,Club,Gaming Club,,2004,2006,crm_import
6241,1,17717,Club,Gaming Club,,2028,,online
6242,1,9481,Club,Gaming Club,,,,crm_import
6243,1,12942,Club,Gaming Club,,,,crm_import
6244,1,15878,Club,Gaming Club,,,,crm_import
6245,1,13711,Club,Gaming Club,,,,advancement_entry
6246,1,1978,Club,Gaming Club,,,,crm_import
6247,1,19606,Club,Gaming Club,,,,crm_import
6248,1,9157,Club,Gaming Club,,2012,2016,crm_import
6249,1,2764,Club,Gaming Club,,1982,1984,online
6250,1,11640,Club,Gaming Club,,,,crm_import
6251,1,16217,Club,Gaming Club,,1997,1999,crm_import
6252,1,8813,Club,Gaming Club,,,,crm_import
6253,1,11740,Club,Gaming Club,,,,crm_import
6254,1,10190,Club,Gaming Club,Treasurer,,,crm_import
6255,1,4205,Club,Gaming Club,,,,crm_import
6256,1,1151,Club,Gaming Club,,2025,,online
6257,1,10871,Club,Gaming Club,,,,online
6258,1,9282,Club,Gaming Club,,2022,2026,crm_import
6259,1,3063,Club,Gaming Club,,,,online
6260,1,9680,Club,Gaming Club,,,,online
6261,1,3214,Club,Gaming Club,,2007,2011,crm_import
6262,1,8664,Club,Gaming Club,,,,crm_import
6263,1,15621,Club,Gaming Club,,,,advancement_entry
6264,1,4761,Club,Gaming Club,,,,crm_import
6265,1,4972,Club,Gaming Club,,2019,2023,crm_import
6266,1,12933,Club,Gaming Club,Member Leader,,,crm_import
6267,1,16061,Club,Gaming Club,,2020,2023,crm_import
6268,1,13578,Club,Gaming Club,,,,online
6269,1,8543,Club,Gaming Club,,,,crm_import
6270,1,10033,Club,Gaming Club,,1998,2002,online
6271,1,4163,Club,Gaming Club,,,,crm_import
6272,1,3173,Club,Gaming Club,,1974,1978,crm_import
6273,1,16019,Club,Gaming Club,,,,crm_import
6274,1,14190,Club,Gaming Club,,,,crm_import
6275,1,9016,Club,Gaming Club,,,,crm_import
6276,1,5340,Club,Gaming Club,,2026,,crm_import
6277,1,4558,Club,Gaming Club,,2007,2011,crm_import
6278,1,4871,Club,Gaming Club,,2021,2025,crm_import
6279,1,3968,Club,Gaming Club,,,,crm_import
6280,1,10502,Club,Gaming Club,,,,crm_import
6281,1,3483,Club,Gaming Club,,,,advancement_entry
6282,1,17800,Club,Gaming Club,President,1997,1999,crm_import
6283,1,11314,Club,Gaming Club,,2026,,online
6284,1,12705,Club,Gaming Club,,,,crm_import
6285,1,13202,Club,Gaming Club,,1988,1991,advancement_entry
6286,1,2176,Club,Gaming Club,,2013,2016,crm_import
6287,1,3448,Club,Gaming Club,,,,crm_import
6288,1,6264,Club,Gaming Club,,2018,2021,crm_import
6289,1,2609,Club,Gaming Club,,,,crm_import
6290,1,13498,Club,Gaming Club,,2024,,online
6291,1,16453,Club,Gaming Club,,,,crm_import
6292,1,5489,Club,Gaming Club,,,,crm_import
6293,1,18183,Club,Gaming Club,,1990,1994,crm_import
6294,1,10428,Club,Gaming Club,Member Leader,1980,1984,advancement_entry
6295,1,881,Club,Gaming Club,,1989,1992,crm_import
6296,1,15566,Club,Gaming Club,President,1982,1985,crm_import
6297,1,11552,Club,Gaming Club,,1974,1977,crm_import
6298,1,13793,Club,Gaming Club,,,,online
6299,1,19902,Club,Gaming Club,,,,advancement_entry
6300,1,14477,Club,Gaming Club,,2002,2006,crm_import
6301,1,12531,Club,Gaming Club,,,,crm_import
6302,1,11223,Club,Gaming Club,,2007,2009,crm_import
6303,1,18649,Club,Gaming Club,,,,crm_import
6304,1,13551,Club,Gaming Club,,,,crm_import
6305,1,9538,Club,Gaming Club,President,1968,1970,online
6306,1,3918,Club,Gaming Club,,2011,2015,crm_import
6307,1,17827,Club,Gaming Club,,1999,2002,crm_import
6308,1,9591,Club,Gaming Club,,,,crm_import
6309,1,6130,Club,Gaming Club,,,,crm_import
6310,1,4848,Club,Gaming Club,,1970,1974,crm_import
6311,1,14925,Club,Gaming Club,,,,online
6312,1,16819,Club,Gaming Club,,,,online
6313,1,17295,Club,Gaming Club,,,,crm_import
6314,1,12994,Club,Gaming Club,,,,crm_import
6315,1,18999,Club,Gaming Club,,,,online
6316,1,11898,Club,Gaming Club,,,,crm_import
6317,1,18086,Club,Gaming Club,,,,crm_import
6318,1,7413,Club,Gaming Club,,,,advancement_entry
6319,1,1018,Club,Gaming Club,,,,crm_import
6320,1,2420,Club,Gaming Club,,,,crm_import
6321,1,18751,Club,Gaming Club,,,,advancement_entry
6322,1,19202,Club,Gaming Club,,,,online
6323,1,3678,Club,Gaming Club,,2025,,crm_import
6324,1,11954,Club,Gaming Club,,2020,2024,crm_import
6325,1,16190,Club,Gaming Club,,1995,1998,online
6326,1,14227,Club,Gaming Club,,2018,2020,crm_import
6327,1,7024,Club,Gaming Club,Member Leader,,,online
6328,1,1751,Club,Gaming Club,,2026,,crm_import
6329,1,18066,Club,Gaming Club,,2006,2009,crm_import
6330,1,17044,Club,Gaming Club,,,,crm_import
6331,1,135,Club,Gaming Club,,1977,1979,crm_import
6332,1,2085,Club,Gaming Club,,,,crm_import
6333,1,15062,Club,Gaming Club,,,,crm_import
6334,1,19728,Club,Gaming Club,,,,advancement_entry
6335,1,396,Club,Gaming Club,,,,crm_import
6336,1,11681,Club,Gaming Club,,,,advancement_entry
6337,1,13403,Club,Gaming Club,,,,crm_import
6338,1,16935,Club,Gaming Club,Treasurer,,,advancement_entry
6339,1,8011,Club,Gaming Club,,,,crm_import
6340,1,19854,Club,Gaming Club,,2023,2026,crm_import
6341,1,16631,Club,Gaming Club,,,,crm_import
6342,1,18601,Club,Gaming Club,,,,crm_import
6343,1,1727,Club,Gaming Club,,,,crm_import
6344,1,5745,Club,Gaming Club,,,,crm_import
6345,1,11106,Club,Gaming Club,,2015,2017,online
6346,1,16422,Club,Gaming Club,Member Leader,2017,2019,online
6347,1,506,Club,Gaming Club,,1989,1992,advancement_entry
6348,1,5969,Club,Gaming Club,,2015,2018,crm_import
6349,1,537,Club,Gaming Club,,,,online
6350,1,11806,Club,Gaming Club,,2026,,advancement_entry
6351,1,1953,Club,Gaming Club,,,,online
6352,1,1132,Club,Gaming Club,,,,crm_import
6353,1,16970,Club,Gaming Club,,2010,2013,crm_import
6354,1,11542,Club,Gaming Club,,,,crm_import
6355,1,16787,Club,Gaming Club,,2012,2014,online
6356,1,263,Club,Gaming Club,,1997,2000,crm_import
6357,1,4514,Club,Gaming Club,,,,online
6358,1,1988,Club,Gaming Club,,1995,1998,crm_import
6359,1,246,Club,Gaming Club,,,,online
6360,1,9355,Club,Gaming Club,,,,crm_import
6361,1,13671,Club,Gaming Club,,,,online
6362,1,15004,Club,Gaming Club,,,,advancement_entry
6363,1,12051,Club,Gaming Club,Member Leader,,,crm_import
6364,1,5667,Club,Gaming Club,,,,crm_import
6365,1,355,Club,Gaming Club,,,,crm_import
6366,1,17027,Club,Gaming Club,,2026,,crm_import
6367,1,19194,Club,Gaming Club,,,,crm_import
6368,1,6973,Club,Gaming Club,,1973,1975,crm_import
6369,1,3492,Club,Gaming Club,,,,crm_import
6370,1,6748,Club,Gaming Club,,,,crm_import
6371,1,18954,Club,Gaming Club,,1973,1976,crm_import
6372,1,4070,Club,Gaming Club,,,,online
6373,1,5383,Club,Gaming Club,,,,crm_import
6374,1,5541,Club,Gaming Club,,2024,2026,advancement_entry
6375,1,10060,Club,Gaming Club,,1993,1996,crm_import
6376,1,15430,Club,Gaming Club,,,,advancement_entry
6377,1,15770,Club,Gaming Club,President,,,online
6378,1,10449,Club,Gaming Club,,2000,2004,crm_import
6379,1,1572,Club,Gaming Club,,,,crm_import
6380,1,14049,Club,Gaming Club,,1979,1982,online
6381,1,16544,Club,Gaming Club,,,,crm_import
6382,1,1112,Club,Gaming Club,,2012,2014,crm_import
6383,1,1828,Club,Gaming Club,,,,crm_import
6384,1,14906,Club,Gaming Club,,,,crm_import
6385,1,17785,Club,Gaming Club,,1997,2001,advancement_entry
6386,1,16027,Club,Gaming Club,,2012,2016,crm_import
6387,1,15025,Club,Gaming Club,,1972,1974,online
6388,1,9534,Club,Gaming Club,,1973,1977,advancement_entry
6389,1,9028,Club,Gaming Club,,,,crm_import
6390,1,7393,Club,Gaming Club,,,,crm_import
6391,1,9091,Club,Cybersecurity Club,,,,online
6392,1,11362,Club,Cybersecurity Club,President,,,crm_import
6393,1,1828,Club,Cybersecurity Club,,2027,,crm_import
6394,1,13464,Club,Cybersecurity Club,,2027,,advancement_entry
6395,1,14528,Club,Cybersecurity Club,,,,crm_import
6396,1,19012,Club,Cybersecurity Club,,2004,2008,crm_import
6397,1,12426,Club,Cybersecurity Club,President,2025,,crm_import
6398,1,8968,Club,Cybersecurity Club,Member Leader,2010,2012,online
6399,1,14773,Club,Cybersecurity Club,,,,crm_import
6400,1,18182,Club,Cybersecurity Club,,,,crm_import
6401,1,7470,Club,Cybersecurity Club,,2025,,crm_import
6402,1,15690,Club,Cybersecurity Club,,1997,2000,crm_import
6403,1,16699,Club,Cybersecurity Club,,,,crm_import
6404,1,13995,Club,Cybersecurity Club,,2001,2003,crm_import
6405,1,133,Club,Cybersecurity Club,,,,crm_import
6406,1,8598,Club,Cybersecurity Club,,,,advancement_entry
6407,1,2791,Club,Cybersecurity Club,,,,crm_import
6408,1,4261,Club,Cybersecurity Club,,1990,1993,advancement_entry
6409,1,13834,Club,Cybersecurity Club,,1965,1967,crm_import
6410,1,15643,Club,Cybersecurity Club,,1984,1987,crm_import
6411,1,1942,Club,Cybersecurity Club,,,,crm_import
6412,1,16096,Club,Cybersecurity Club,,,,online
6413,1,15017,Club,Cybersecurity Club,Treasurer,2004,2007,online
6414,1,19084,Club,Cybersecurity Club,,,,crm_import
6415,1,12432,Club,Cybersecurity Club,,,,crm_import
6416,1,3185,Club,Cybersecurity Club,,2017,2020,crm_import
6417,1,12601,Club,Cybersecurity Club,,2025,,crm_import
6418,1,3048,Club,Cybersecurity Club,,,,crm_import
6419,1,4005,Club,Cybersecurity Club,,,,crm_import
6420,1,16421,Club,Cybersecurity Club,,,,online
6421,1,17167,Club,Cybersecurity Club,,,,crm_import
6422,1,11287,Club,Cybersecurity Club,,2005,2009,advancement_entry
6423,1,6225,Club,Cybersecurity Club,,1960,1963,crm_import
6424,1,9188,Club,Cybersecurity Club,,,,crm_import
6425,1,7299,Club,Cybersecurity Club,,,,online
6426,1,14697,Club,Cybersecurity Club,,,,online
6427,1,10484,Club,Cybersecurity Club,,,,crm_import
6428,1,19449,Club,Cybersecurity Club,,,,online
6429,1,4332,Club,Cybersecurity Club,,,,crm_import
6430,1,15252,Club,Cybersecurity Club,,2005,2008,advancement_entry
6431,1,7714,Club,Cybersecurity Club,,,,crm_import
6432,1,8241,Club,Cybersecurity Club,President,,,crm_import
6433,1,9592,Club,Cybersecurity Club,President,2014,2017,crm_import
6434,1,11447,Club,Cybersecurity Club,,,,crm_import
6435,1,4380,Club,Cybersecurity Club,,,,crm_import
6436,1,264,Club,Cybersecurity Club,,,,crm_import
6437,1,11061,Club,Cybersecurity Club,Member Leader,,,crm_import
6438,1,2361,Club,Cybersecurity Club,,,,online
6439,1,18575,Club,Cybersecurity Club,,,,advancement_entry
6440,1,10920,Club,Cybersecurity Club,,,,online
6441,1,7886,Club,Cybersecurity Club,Member Leader,,,crm_import
6442,1,7971,Club,Cybersecurity Club,,,,crm_import
6443,1,8289,Club,Cybersecurity Club,,,,crm_import
6444,1,8862,Club,Cybersecurity Club,,,,crm_import
6445,1,17736,Club,Cybersecurity Club,,1993,1997,crm_import
6446,1,9259,Club,Cybersecurity Club,,,,crm_import
6447,1,15719,Club,Cybersecurity Club,,2002,2006,crm_import
6448,1,13455,Club,Cybersecurity Club,,,,crm_import
6449,1,1966,Club,Cybersecurity Club,,,,crm_import
6450,1,19189,Club,Cybersecurity Club,,,,crm_import
6451,1,10333,Club,Cybersecurity Club,,,,crm_import
6452,1,14314,Club,Cybersecurity Club,Treasurer,,,crm_import
6453,1,3355,Club,Cybersecurity Club,,,,crm_import
6454,1,1269,Club,Cybersecurity Club,,,,online
6455,1,1779,Club,Cybersecurity Club,,,,crm_import
6456,1,9390,Club,Cybersecurity Club,,2013,2016,online
6457,1,4019,Club,Cybersecurity Club,,2025,,advancement_entry
6458,1,11573,Club,Cybersecurity Club,,,,advancement_entry
6459,1,1318,Club,Cybersecurity Club,,,,online
6460,1,17484,Club,Cybersecurity Club,,,,advancement_entry
6461,1,2816,Club,Cybersecurity Club,,,,advancement_entry
6462,1,10388,Club,Cybersecurity Club,,,,crm_import
6463,1,197,Club,Cybersecurity Club,,,,crm_import
6464,1,16935,Club,Cybersecurity Club,,,,advancement_entry
6465,1,17660,Club,Cybersecurity Club,,1998,2002,online
6466,1,1003,Club,Cybersecurity Club,,,,crm_import
6467,1,6481,Club,Cybersecurity Club,,,,crm_import
6468,1,8798,Club,Cybersecurity Club,,2022,2025,online
6469,1,18660,Club,Cybersecurity Club,,2017,2019,online
6470,1,13140,Club,Cybersecurity Club,Treasurer,,,crm_import
6471,1,4354,Club,Cybersecurity Club,,1960,1963,crm_import
6472,1,12299,Club,Cybersecurity Club,,,,crm_import
6473,1,18460,Club,Cybersecurity Club,,,,advancement_entry
6474,1,18727,Club,Cybersecurity Club,,,,crm_import
6475,1,8799,Club,Cybersecurity Club,,,,online
6476,1,145,Club,Cybersecurity Club,,,,crm_import
6477,1,7401,Club,Cybersecurity Club,,2013,2016,crm_import
6478,1,12333,Club,Cybersecurity Club,President,1967,1971,crm_import
6479,1,1591,Club,Cybersecurity Club,,1988,1990,crm_import
6480,1,554,Club,Cybersecurity Club,,2026,,crm_import
6481,1,17800,Club,Cybersecurity Club,,,,crm_import
6482,1,8079,Club,Cybersecurity Club,,,,crm_import
6483,1,16656,Club,Cybersecurity Club,,,,advancement_entry
6484,1,8930,Club,Cybersecurity Club,,,,crm_import
6485,1,17422,Club,Cybersecurity Club,,,,online
6486,1,9616,Club,Cybersecurity Club,,,,advancement_entry
6487,1,17185,Club,Cybersecurity Club,,,,crm_import
6488,1,18016,Club,Cybersecurity Club,President,,,crm_import
6489,1,13701,Club,Cybersecurity Club,,1985,1987,online
6490,1,13514,Club,Cybersecurity Club,,,,online
6491,1,1553,Club,Cybersecurity Club,,,,online
6492,1,7384,Club,Cybersecurity Club,,2018,2020,crm_import
6493,1,7556,Club,Cybersecurity Club,,,,crm_import
6494,1,11422,Club,Cybersecurity Club,,,,crm_import
6495,1,17396,Club,Cybersecurity Club,,,,crm_import
6496,1,8055,Club,Cybersecurity Club,,2026,,online
6497,1,17556,Club,Cybersecurity Club,,,,advancement_entry
6498,1,11752,Club,Cybersecurity Club,,2010,2013,online
6499,1,11302,Club,Cybersecurity Club,,,,crm_import
6500,1,770,Club,Cybersecurity Club,,2005,2008,crm_import
6501,1,8648,Club,Cybersecurity Club,,,,online
6502,1,4859,Club,Cybersecurity Club,,,,crm_import
6503,1,229,Club,Cybersecurity Club,,,,crm_import
6504,1,6348,Club,Cybersecurity Club,,,,crm_import
6505,1,8288,Club,Cybersecurity Club,,,,online
6506,1,11570,Club,Cybersecurity Club,,,,crm_import
6507,1,1829,Club,Cybersecurity Club,,,,online
6508,1,10407,Club,Cybersecurity Club,,,,crm_import
6509,1,11626,Club,Cybersecurity Club,,,,crm_import
6510,1,8652,Club,Cybersecurity Club,,,,crm_import
6511,1,2299,Club,Cybersecurity Club,,,,crm_import
6512,1,2890,Club,Cybersecurity Club,,,,crm_import
6513,1,11933,Club,Cybersecurity Club,,,,online
6514,1,15477,Club,Cybersecurity Club,,,,crm_import
6515,1,18872,Club,Cybersecurity Club,President,1970,1973,online
6516,1,16052,Club,Cybersecurity Club,,1994,1996,online
6517,1,10977,Club,Cybersecurity Club,,,,crm_import
6518,1,15915,Club,Cybersecurity Club,,,,crm_import
6519,1,8819,Club,Cybersecurity Club,,2028,,online
6520,1,1643,Club,Cybersecurity Club,,,,crm_import
6521,1,13545,Club,Cybersecurity Club,,1996,1998,crm_import
6522,1,16360,Club,Cybersecurity Club,,1955,1959,crm_import
6523,1,13124,Club,Cybersecurity Club,,1966,1969,crm_import
6524,1,16607,Club,Cybersecurity Club,,2025,,crm_import
6525,1,8335,Club,Cybersecurity Club,,,,crm_import
6526,1,1109,Club,Cybersecurity Club,,2025,,crm_import
6527,1,15869,Club,Cybersecurity Club,,1994,1997,crm_import
6528,1,7126,Club,Cybersecurity Club,,,,advancement_entry
6529,1,7229,Club,Cybersecurity Club,,,,online
6530,1,16136,Club,Cybersecurity Club,,,,crm_import
6531,1,10012,Club,Women in Computing,,,,crm_import
6532,1,16767,Club,Women in Computing,,,,crm_import
6533,1,16972,Club,Women in Computing,,,,crm_import
6534,1,9138,Club,Women in Computing,,,,crm_import
6535,1,14399,Club,Women in Computing,,2024,,crm_import
6536,1,19194,Club,Women in Computing,,2017,2021,crm_import
6537,1,2839,Club,Women in Computing,,,,online
6538,1,3997,Club,Women in Computing,Treasurer,,,crm_import
6539,1,11366,Club,Women in Computing,,,,crm_import
6540,1,14068,Club,Women in Computing,,,,advancement_entry
6541,1,4366,Club,Women in Computing,,,,crm_import
6542,1,7825,Club,Women in Computing,,,,crm_import
6543,1,561,Club,Women in Computing,,,,online
6544,1,12677,Club,Women in Computing,,,,advancement_entry
6545,1,19230,Club,Women in Computing,,,,online
6546,1,4390,Club,Women in Computing,,2014,2018,online
6547,1,14300,Club,Women in Computing,,,,crm_import
6548,1,1923,Club,Women in Computing,,1948,1951,crm_import
6549,1,9453,Club,Women in Computing,,2013,2017,crm_import
6550,1,9895,Club,Women in Computing,,,,crm_import
6551,1,1232,Club,Women in Computing,,2002,2005,online
6552,1,17237,Club,Women in Computing,,,,crm_import
6553,1,8603,Club,Women in Computing,Treasurer,2015,2017,crm_import
6554,1,8793,Club,Women in Computing,,2009,2012,online
6555,1,12841,Club,Women in Computing,,,,crm_import
6556,1,12124,Club,Women in Computing,,1959,1961,online
6557,1,3943,Club,Women in Computing,,,,crm_import
6558,1,12968,Club,Women in Computing,,,,advancement_entry
6559,1,11030,Club,Women in Computing,,2026,,advancement_entry
6560,1,11660,Club,Women in Computing,,2016,2018,crm_import
6561,1,19461,Club,Women in Computing,Treasurer,,,online
6562,1,9369,Club,Women in Computing,,,,crm_import
6563,1,9729,Club,Women in Computing,,,,crm_import
6564,1,7865,Club,Women in Computing,Treasurer,,,crm_import
6565,1,19269,Club,Women in Computing,,2024,2026,crm_import
6566,1,3394,Club,Women in Computing,,1988,1992,crm_import
6567,1,17536,Club,Women in Computing,,,,crm_import
6568,1,17342,Club,Women in Computing,,2008,2012,advancement_entry
6569,1,14963,Club,Women in Computing,,,,crm_import
6570,1,2101,Club,Women in Computing,,,,crm_import
6571,1,12220,Club,Women in Computing,,2028,,crm_import
6572,1,17779,Club,Women in Computing,Treasurer,,,crm_import
6573,1,13742,Club,Women in Computing,,,,online
6574,1,3971,Club,Women in Computing,,,,crm_import
6575,1,12902,Club,Women in Computing,,2026,,crm_import
6576,1,12473,Club,Women in Computing,President,2003,2005,online
6577,1,2313,Club,Women in Computing,,1998,2002,crm_import
6578,1,16877,Club,Women in Computing,,2003,2007,crm_import
6579,1,18128,Club,Women in Computing,,,,crm_import
6580,1,13109,Club,Women in Computing,,,,crm_import
6581,1,9978,Club,Women in Computing,,1984,1986,advancement_entry
6582,1,1878,Club,Women in Computing,,,,advancement_entry
6583,1,15923,Club,Women in Computing,,,,advancement_entry
6584,1,16641,Club,Women in Computing,,,,online
6585,1,17943,Club,Women in Computing,,1992,1994,crm_import
6586,1,15684,Club,Women in Computing,,,,crm_import
6587,1,494,Club,Women in Computing,,1974,1978,crm_import
6588,1,5203,Club,Women in Computing,,,,crm_import
6589,1,1135,Club,Women in Computing,,,,crm_import
6590,1,8629,Club,Women in Computing,,1993,1996,advancement_entry
6591,1,2167,Club,Women in Computing,,1997,2001,crm_import
6592,1,6832,Club,Women in Computing,,,,crm_import
6593,1,19111,Club,Women in Computing,,,,advancement_entry
6594,1,13956,Club,Women in Computing,,2025,,crm_import
6595,1,12148,Club,Women in Computing,,1998,2000,crm_import
6596,1,6525,Club,Women in Computing,,,,online
6597,1,17957,Club,Women in Computing,,2014,2016,crm_import
6598,1,16349,Club,Women in Computing,Member Leader,,,crm_import
6599,1,9058,Club,Women in Computing,President,,,online
6600,1,12167,Club,Women in Computing,,,,online
6601,1,18778,Club,Women in Computing,,,,online
6602,1,9932,Club,Women in Computing,,,,crm_import
6603,1,2872,Club,Women in Computing,,,,online
6604,1,3071,Club,Women in Computing,,,,crm_import
6605,1,2128,Club,Women in Computing,,2010,2012,crm_import
6606,1,3461,Club,Women in Computing,President,,,crm_import
6607,1,6496,Club,Women in Computing,,2028,,online
6608,1,2921,Club,Women in Computing,,1989,1991,crm_import
6609,1,14348,Club,Women in Computing,,2016,2020,online
6610,1,17612,Club,Women in Computing,,,,crm_import
6611,1,5727,Club,Women in Computing,,,,crm_import
6612,1,7449,Club,Women in Computing,,2023,,crm_import
6613,1,2288,Club,Women in Computing,,2024,,crm_import
6614,1,11664,Club,Women in Computing,Treasurer,1988,1992,crm_import
6615,1,10071,Club,Women in Computing,,2027,,crm_import
6616,1,15135,Club,Women in Computing,Treasurer,,,crm_import
6617,1,5814,Club,Women in Computing,,,,crm_import
6618,1,18432,Club,Women in Computing,,,,online
6619,1,8435,Club,Women in Computing,,,,crm_import
6620,1,16441,Club,Women in Computing,,,,crm_import
6621,1,15012,Club,Women in Computing,,1998,2002,crm_import
6622,1,1322,Club,Women in Computing,,2025,,crm_import
6623,1,3870,Club,Women in Computing,,,,crm_import
6624,1,6447,Club,Women in Computing,,,,crm_import
6625,1,7815,Club,Women in Computing,,,,crm_import
6626,1,12171,Club,Women in Computing,,2009,2011,crm_import
6627,1,3349,Club,Women in Computing,,,,advancement_entry
6628,1,11142,Club,Women in Computing,,,,crm_import
6629,1,8918,Club,Women in Computing,Member Leader,,,crm_import
6630,1,15787,Club,Women in Computing,Member Leader,,,crm_import
6631,1,9940,Club,Women in Computing,,2017,2019,crm_import
6632,1,8094,Club,Women in Computing,,2023,,crm_import
6633,1,17352,Club,Women in Computing,,,,crm_import
6634,1,5697,Club,Women in Computing,,,,crm_import
6635,1,7777,Club,Women in Computing,,2014,2018,crm_import
6636,1,9947,Club,Women in Computing,,2010,2012,crm_import
6637,1,10014,Club,Women in Computing,President,,,crm_import
6638,1,17584,Club,Women in Computing,,,,crm_import
6639,1,17559,Club,Women in Computing,,,,online
6640,1,9828,Club,Women in Computing,,,,crm_import
6641,1,7312,Club,Women in Computing,,1962,1965,crm_import
6642,1,264,Club,Women in Computing,,,,crm_import
6643,1,2765,Club,Women in Computing,,2020,2022,crm_import
6644,1,19580,Club,Women in Computing,,2014,2016,crm_import
6645,1,10462,Club,Women in Computing,,1969,1971,crm_import
6646,1,13727,Club,Women in Computing,,,,crm_import
6647,1,2751,Club,Women in Computing,,,,crm_import
6648,1,1517,Club,Women in Computing,,2014,2017,crm_import
6649,1,2272,Club,Women in Computing,,,,online
6650,1,14551,Club,Women in Computing,,,,advancement_entry
6651,1,4480,Club,Women in Computing,,1999,2002,crm_import
6652,1,7310,Club,Women in Computing,,1971,1973,crm_import
6653,1,9567,Club,Women in Computing,,,,crm_import
6654,1,16297,Club,Women in Computing,,,,online
6655,1,7391,Club,Women in Computing,,,,advancement_entry
6656,1,1387,Club,Women in Computing,,,,crm_import
6657,1,3968,Club,Women in Computing,Member Leader,2027,,crm_import
6658,1,16575,Club,Women in Computing,,1996,1998,crm_import
6659,1,7368,Club,Women in Computing,,,,crm_import
6660,1,12721,Club,Women in Computing,,,,crm_import
6661,1,5293,Club,Women in Computing,,,,crm_import
6662,1,12859,Club,Women in Computing,,,,crm_import
6663,1,15338,Club,Women in Computing,,,,crm_import
6664,1,2158,Club,Women in Computing,,,,crm_import
6665,1,6228,Club,Women in Computing,,,,crm_import
6666,1,92,Club,Women in Computing,,1984,1987,online
6667,1,10124,Club,Women in Computing,,,,online
6668,1,9356,Club,Women in Computing,,,,online
6669,1,4124,Club,Women in Computing,,,,crm_import
6670,1,7695,Club,Women in Computing,,,,online
6671,1,14393,Club,Women in Computing,,2008,2012,online
6672,1,2070,Club,Women in Computing,,,,advancement_entry
6673,1,8647,Club,Women in Computing,,1966,1970,advancement_entry
6674,1,3490,Club,Women in Computing,,,,online
6675,1,14504,Club,Women in Computing,,,,crm_import
6676,1,15235,Club,Women in Computing,,2013,2016,crm_import
6677,1,3491,Club,Women in Computing,,,,online
6678,1,14450,Club,Women in Computing,,,,crm_import
6679,1,1851,Club,Women in Computing,,,,crm_import
6680,1,17027,Club,Women in Computing,,,,crm_import
6681,1,5456,Club,Design Collective,,2025,,online
6682,1,19181,Club,Design Collective,,,,online
6683,1,9769,Club,Design Collective,,2013,2016,crm_import
6684,1,19793,Club,Design Collective,,,,crm_import
6685,1,19185,Club,Design Collective,Member Leader,,,crm_import
6686,1,164,Club,Design Collective,,,,crm_import
6687,1,18438,Club,Design Collective,,1997,1999,advancement_entry
6688,1,2107,Club,Design Collective,,,,advancement_entry
6689,1,12353,Club,Design Collective,,,,crm_import
6690,1,5793,Club,Design Collective,,2001,2005,crm_import
6691,1,185,Club,Design Collective,,,,online
6692,1,5821,Club,Design Collective,,,,online
6693,1,7223,Club,Design Collective,,1998,2000,online
6694,1,1527,Club,Design Collective,,,,advancement_entry
6695,1,8115,Club,Design Collective,,,,advancement_entry
6696,1,6081,Club,Design Collective,,,,crm_import
6697,1,18802,Club,Design Collective,,,,crm_import
6698,1,10501,Club,Design Collective,,,,advancement_entry
6699,1,3052,Club,Design Collective,,,,online
6700,1,76,Club,Design Collective,,,,crm_import
6701,1,1416,Club,Design Collective,,,,online
6702,1,2540,Club,Design Collective,,,,crm_import
6703,1,4664,Club,Design Collective,,2025,,crm_import
6704,1,1730,Club,Design Collective,,,,crm_import
6705,1,1408,Club,Design Collective,,,,crm_import
6706,1,7725,Club,Design Collective,,2022,2024,crm_import
6707,1,8217,Club,Design Collective,,,,crm_import
6708,1,15878,Club,Design Collective,Treasurer,,,crm_import
6709,1,15389,Club,Design Collective,President,,,crm_import
6710,1,17118,Club,Design Collective,,,,online
6711,1,17049,Club,Design Collective,,,,crm_import
6712,1,7345,Club,Design Collective,,,,crm_import
6713,1,9389,Club,Design Collective,,,,crm_import
6714,1,4500,Club,Design Collective,,,,advancement_entry
6715,1,18767,Club,Design Collective,,,,crm_import
6716,1,19270,Club,Design Collective,,,,crm_import
6717,1,8713,Club,Design Collective,,,,crm_import
6718,1,11593,Club,Design Collective,,,,crm_import
6719,1,5369,Club,Design Collective,,,,crm_import
6720,1,15437,Club,Design Collective,Treasurer,,,crm_import
6721,1,19395,Club,Design Collective,,2012,2016,crm_import
6722,1,1202,Club,Design Collective,,,,online
6723,1,13248,Club,Design Collective,,,,online
6724,1,11615,Club,Design Collective,Member Leader,2014,2018,crm_import
6725,1,15366,Club,Design Collective,,,,advancement_entry
6726,1,2228,Club,Design Collective,,,,crm_import
6727,1,14823,Club,Design Collective,,,,crm_import
6728,1,16096,Club,Design Collective,,,,online
6729,1,16406,Club,Design Collective,,,,crm_import
6730,1,117,Club,Design Collective,,2025,,online
6731,1,1997,Club,Design Collective,,,,online
6732,1,9606,Club,Design Collective,,,,crm_import
6733,1,7651,Club,Design Collective,,2019,2021,crm_import
6734,1,14405,Club,Design Collective,,2006,2009,crm_import
6735,1,15879,Club,Design Collective,,,,crm_import
6736,1,19159,Club,Design Collective,,,,online
6737,1,8688,Club,Design Collective,,,,crm_import
6738,1,16075,Club,Design Collective,,2004,2007,online
6739,1,18642,Club,Design Collective,,1972,1974,crm_import
6740,1,17554,Club,Design Collective,,1991,1994,online
6741,1,11788,Club,Design Collective,,1988,1990,crm_import
6742,1,8298,Club,Design Collective,,,,crm_import
6743,1,17571,Club,Design Collective,,,,advancement_entry
6744,1,18040,Club,Design Collective,,,,crm_import
6745,1,12013,Club,Design Collective,,,,online
6746,1,10243,Club,Design Collective,,,,crm_import
6747,1,3442,Club,Design Collective,,,,crm_import
6748,1,577,Club,Design Collective,,,,crm_import
6749,1,13671,Club,Design Collective,,,,online
6750,1,19056,Club,Design Collective,,,,crm_import
6751,1,8791,Club,Design Collective,,1991,1993,crm_import
6752,1,10517,Club,Design Collective,,1970,1973,crm_import
6753,1,7738,Club,Design Collective,,,,crm_import
6754,1,5422,Club,Design Collective,,,,online
6755,1,12672,Club,Design Collective,,1987,1991,crm_import
6756,1,13269,Club,Design Collective,,2026,,crm_import
6757,1,733,Club,Design Collective,,,,crm_import
6758,1,626,Club,Design Collective,,1984,1988,crm_import
6759,1,9853,Club,Design Collective,,,,online
6760,1,4694,Club,Design Collective,,,,advancement_entry
6761,1,19653,Club,Design Collective,,2012,2016,crm_import
6762,1,19189,Club,Design Collective,,1993,1997,crm_import
6763,1,3814,Club,Design Collective,Member Leader,,,crm_import
6764,1,534,Club,Design Collective,,,,online
6765,1,16083,Club,Design Collective,,,,crm_import
6766,1,6159,Club,Design Collective,,,,crm_import
6767,1,4226,Club,Design Collective,Member Leader,1995,1997,crm_import
6768,1,18333,Club,Design Collective,,,,crm_import
6769,1,13758,Club,Design Collective,,,,crm_import
6770,1,5640,Club,Design Collective,Member Leader,,,crm_import
6771,1,11591,Club,Design Collective,,2007,2011,crm_import
6772,1,14212,Club,Design Collective,,1981,1985,crm_import
6773,1,14396,Club,Design Collective,,2018,2021,online
6774,1,7213,Club,Design Collective,,,,online
6775,1,1897,Club,Design Collective,,,,crm_import
6776,1,2337,Club,Design Collective,,,,crm_import
6777,1,17817,Club,Design Collective,,1964,1967,online
6778,1,14048,Club,Design Collective,,,,crm_import
6779,1,15537,Club,Design Collective,,1987,1990,crm_import
6780,1,16417,Club,Design Collective,,,,crm_import
6781,1,10218,Club,Design Collective,,2028,,crm_import
6782,1,5142,Club,Design Collective,,,,advancement_entry
6783,1,9369,Club,Design Collective,Treasurer,,,crm_import
6784,1,3275,Club,Design Collective,,,,crm_import
6785,1,12367,Club,Design Collective,,1988,1990,online
6786,1,17272,Club,Design Collective,,2017,2019,crm_import
6787,1,8886,Club,Design Collective,,,,online
6788,1,7499,Club,Design Collective,,1996,1999,online
6789,1,4137,Club,Design Collective,,,,crm_import
6790,1,3190,Club,Design Collective,,,,online
6791,1,10909,Club,Design Collective,Member Leader,,,online
6792,1,17789,Club,Design Collective,,,,crm_import
6793,1,3751,Club,Design Collective,,,,crm_import
6794,1,14034,Club,Design Collective,Member Leader,2027,,online
6795,1,19582,Club,Design Collective,,,,crm_import
6796,1,9675,Club,Design Collective,,,,crm_import
6797,1,15154,Club,Design Collective,,2008,2011,crm_import
6798,1,11447,Club,Design Collective,,,,crm_import
6799,1,10110,Club,Design Collective,,,,crm_import
6800,1,4715,Club,Design Collective,,1951,1953,crm_import
6801,1,16720,Club,Design Collective,,,,crm_import
6802,1,14964,Club,Design Collective,,2009,2011,advancement_entry
6803,1,5576,Club,Design Collective,,,,online
6804,1,19308,Club,Design Collective,,,,crm_import
6805,1,6801,Club,Design Collective,,2011,2014,crm_import
6806,1,6288,Club,Design Collective,,,,crm_import
6807,1,18359,Club,Design Collective,,1990,1992,online
6808,1,14074,Club,Design Collective,,1972,1975,crm_import
6809,1,12312,Club,Design Collective,Member Leader,1968,1971,crm_import
6810,1,8067,Club,Design Collective,,1964,1967,crm_import
6811,1,7204,Club,Design Collective,,2006,2008,crm_import
6812,1,8354,Club,Design Collective,,,,crm_import
6813,1,13599,Club,Design Collective,,1981,1983,crm_import
6814,1,18272,Club,Design Collective,,,,crm_import
6815,1,7239,Club,Design Collective,,2018,2020,crm_import
6816,1,7674,Club,Design Collective,,,,crm_import
6817,1,7802,Club,Design Collective,,,,crm_import
6818,1,12887,Club,Design Collective,,,,crm_import
6819,1,7180,Club,Design Collective,,1977,1980,advancement_entry
6820,1,3684,Club,Design Collective,,1983,1987,crm_import
6821,1,10360,Club,Design Collective,,1995,1998,advancement_entry
6822,1,9055,Club,Design Collective,,,,online
6823,1,8445,Club,Design Collective,,,,crm_import
6824,1,9572,Club,Design Collective,,,,crm_import
6825,1,2081,Club,Design Collective,,2014,2017,crm_import
6826,1,5358,Club,Design Collective,,,,crm_import
6827,1,1913,Club,Design Collective,,,,crm_import
6828,1,10208,Club,Design Collective,,,,crm_import
6829,1,19184,Club,Design Collective,,2010,2012,crm_import
6830,1,5752,Club,Design Collective,,1990,1994,crm_import
6831,1,17988,Athletics,Varsity Women's Soccer,,2015,2018,crm_import
6832,1,6164,Athletics,Varsity Women's Soccer,,2012,2015,crm_import
6833,1,169,Athletics,Varsity Women's Soccer,,2015,2018,advancement_entry
6834,1,3067,Athletics,Varsity Women's Soccer,,2002,2005,crm_import
6835,1,5223,Athletics,Varsity Women's Soccer,,2000,2003,crm_import
6836,1,13737,Athletics,Varsity Women's Soccer,,2007,2011,advancement_entry
6837,1,18249,Athletics,Varsity Women's Soccer,,,,advancement_entry
6838,1,11933,Athletics,Varsity Women's Soccer,,1994,1996,online
6839,1,17167,Athletics,Varsity Women's Soccer,,2016,2019,crm_import
6840,1,18530,Athletics,Varsity Women's Soccer,,1994,1996,online
6841,1,3233,Athletics,Varsity Women's Soccer,,1981,1985,crm_import
6842,1,18139,Athletics,Varsity Women's Soccer,,2023,2026,crm_import
6843,1,17122,Athletics,Varsity Women's Soccer,,2009,2013,crm_import
6844,1,2590,Athletics,Varsity Women's Soccer,,2013,2015,crm_import
6845,1,17731,Athletics,Varsity Women's Soccer,,2022,2026,crm_import
6846,1,9592,Athletics,Varsity Women's Soccer,,2015,2017,crm_import
6847,1,15176,Athletics,Varsity Women's Soccer,,2008,2011,crm_import
6848,1,19327,Athletics,Varsity Women's Soccer,,,,advancement_entry
6849,1,12768,Athletics,Varsity Women's Soccer,,,,crm_import
6850,1,12805,Athletics,Varsity Women's Soccer,Team Representative,2005,2009,crm_import
6851,1,19917,Athletics,Varsity Women's Soccer,,1956,1959,advancement_entry
6852,1,3646,Athletics,Varsity Women's Soccer,,1991,1993,crm_import
6853,1,2924,Athletics,Varsity Women's Soccer,,1996,2000,online
6854,1,3177,Athletics,Varsity Women's Soccer,,2007,2011,crm_import
6855,1,12976,Athletics,Varsity Women's Soccer,,1991,1993,advancement_entry
6856,1,12223,Athletics,Varsity Women's Soccer,,2001,2005,online
6857,1,3510,Athletics,Varsity Women's Soccer,,1978,1981,crm_import
6858,1,18718,Athletics,Varsity Women's Soccer,,1998,2000,crm_import
6859,1,4213,Athletics,Varsity Women's Soccer,,2000,2003,crm_import
6860,1,11692,Athletics,Varsity Women's Soccer,,2004,2007,crm_import
6861,1,2185,Athletics,Varsity Women's Soccer,,2003,2007,advancement_entry
6862,1,9004,Athletics,Varsity Women's Soccer,,2002,2006,crm_import
6863,1,9414,Athletics,Varsity Women's Soccer,,1992,1995,crm_import
6864,1,5314,Athletics,Varsity Women's Soccer,,2025,,crm_import
6865,1,5537,Athletics,Varsity Women's Soccer,,1981,1984,crm_import
6866,1,17977,Athletics,Varsity Women's Soccer,,1993,1996,crm_import
6867,1,17624,Athletics,Varsity Women's Soccer,,2025,,crm_import
6868,1,3082,Athletics,Varsity Women's Soccer,,2016,2019,crm_import
6869,1,5925,Athletics,Varsity Women's Soccer,,2016,2020,crm_import
6870,1,17365,Athletics,Varsity Women's Soccer,,1975,1977,advancement_entry
6871,1,14048,Athletics,Varsity Women's Soccer,,1999,2001,crm_import
6872,1,18796,Athletics,Varsity Women's Soccer,,1951,1953,online
6873,1,4517,Athletics,Varsity Women's Soccer,,2014,2017,crm_import
6874,1,16071,Athletics,Varsity Women's Soccer,,2016,2018,crm_import
6875,1,4991,Athletics,Varsity Women's Soccer,,1980,1983,online
6876,1,16876,Athletics,Varsity Women's Soccer,,2010,2012,crm_import
6877,1,11064,Athletics,Varsity Women's Soccer,,1987,1991,crm_import
6878,1,12899,Athletics,Varsity Women's Soccer,,,,crm_import
6879,1,11819,Athletics,Varsity Women's Soccer,,1960,1963,crm_import
6880,1,2147,Athletics,Varsity Women's Soccer,,2012,2014,crm_import
6881,1,6771,Athletics,Varsity Women's Soccer,,2004,2006,crm_import
6882,1,5144,Athletics,Varsity Women's Soccer,,2025,,online
6883,1,16986,Athletics,Varsity Women's Soccer,,2014,2018,online
6884,1,7688,Athletics,Varsity Women's Soccer,,,,crm_import
6885,1,316,Athletics,Varsity Women's Soccer,,2013,2017,online
6886,1,16686,Athletics,Varsity Women's Soccer,,,,online
6887,1,1414,Athletics,Varsity Women's Soccer,,,,crm_import
6888,1,16582,Athletics,Varsity Women's Soccer,Co-Captain,2025,,crm_import
6889,1,310,Athletics,Varsity Women's Soccer,,2023,,crm_import
6890,1,2196,Athletics,Varsity Women's Soccer,,1993,1996,crm_import
6891,1,18944,Athletics,Varsity Women's Soccer,,2001,2004,online
6892,1,16934,Athletics,Varsity Women's Soccer,,,,crm_import
6893,1,5175,Athletics,Varsity Women's Soccer,,1992,1994,online
6894,1,15472,Athletics,Varsity Women's Soccer,,2022,2026,crm_import
6895,1,17756,Athletics,Varsity Women's Soccer,Captain,2008,2012,advancement_entry
6896,1,11205,Athletics,Varsity Women's Soccer,,2011,2013,online
6897,1,9683,Athletics,Varsity Women's Soccer,Team Representative,1986,1989,online
6898,1,6754,Athletics,Varsity Women's Soccer,Captain,1957,1960,online
6899,1,11003,Athletics,Varsity Women's Soccer,,2002,2004,crm_import
6900,1,9364,Athletics,Varsity Women's Soccer,,1972,1974,crm_import
6901,1,17263,Athletics,Varsity Women's Soccer,Captain,1985,1989,online
6902,1,1304,Athletics,Varsity Women's Soccer,Captain,2023,2026,crm_import
6903,1,6352,Athletics,Varsity Women's Soccer,,1998,2000,crm_import
6904,1,17172,Athletics,Varsity Women's Soccer,,2025,,crm_import
6905,1,1010,Athletics,Varsity Women's Soccer,,2006,2010,crm_import
6906,1,19564,Athletics,Varsity Women's Soccer,,1982,1985,crm_import
6907,1,13150,Athletics,Varsity Women's Soccer,,1993,1997,crm_import
6908,1,999,Athletics,Varsity Women's Soccer,,2005,2009,crm_import
6909,1,13,Athletics,Varsity Women's Soccer,Team Representative,,,crm_import
6910,1,13521,Athletics,Varsity Women's Soccer,,1992,1995,crm_import
6911,1,11747,Athletics,Varsity Women's Soccer,,1971,1973,crm_import
6912,1,6656,Athletics,Varsity Women's Soccer,,2013,2016,crm_import
6913,1,17444,Athletics,Varsity Women's Soccer,Team Representative,,,online
6914,1,5353,Athletics,Varsity Women's Soccer,,1997,2000,crm_import
6915,1,1290,Athletics,Varsity Women's Soccer,,1986,1990,crm_import
6916,1,7530,Athletics,Varsity Women's Soccer,,2012,2014,online
6917,1,4475,Athletics,Varsity Women's Soccer,,1988,1990,crm_import
6918,1,380,Athletics,Varsity Women's Soccer,,2000,2003,crm_import
6919,1,7479,Athletics,Varsity Women's Soccer,,2023,2026,crm_import
6920,1,1696,Athletics,Varsity Women's Soccer,,2011,2015,crm_import
6921,1,10986,Athletics,Varsity Women's Soccer,,2025,,crm_import
6922,1,19892,Athletics,Varsity Women's Soccer,,2014,2016,crm_import
6923,1,13651,Athletics,Varsity Women's Soccer,,,,crm_import
6924,1,3976,Athletics,Varsity Women's Soccer,,1988,1991,crm_import
6925,1,2660,Athletics,Varsity Women's Soccer,,2008,2010,crm_import
6926,1,14986,Athletics,Varsity Women's Soccer,,2025,,advancement_entry
6927,1,13027,Athletics,Varsity Women's Soccer,,2006,2010,crm_import
6928,1,19211,Athletics,Varsity Women's Soccer,,1975,1979,crm_import
6929,1,13832,Athletics,Varsity Women's Soccer,,1991,1993,crm_import
6930,1,2790,Athletics,Varsity Women's Soccer,,,,crm_import
6931,1,14272,Athletics,Varsity Women's Soccer,,2014,2017,crm_import
6932,1,8563,Athletics,Varsity Women's Soccer,Team Representative,2024,,online
6933,1,18043,Athletics,Varsity Women's Soccer,Team Representative,2011,2015,online
6934,1,2031,Athletics,Varsity Women's Soccer,,2001,2003,advancement_entry
6935,1,19522,Athletics,Varsity Women's Soccer,Captain,2024,2026,crm_import
6936,1,8342,Athletics,Varsity Women's Soccer,,,,crm_import
6937,1,8160,Athletics,Varsity Women's Soccer,Co-Captain,2012,2014,online
6938,1,7747,Athletics,Varsity Women's Soccer,,2025,,crm_import
6939,1,3994,Athletics,Varsity Women's Soccer,,2018,2022,crm_import
6940,1,7252,Athletics,Varsity Women's Soccer,,2008,2011,crm_import
6941,1,19549,Athletics,Varsity Women's Soccer,,2002,2005,crm_import
6942,1,5222,Athletics,Varsity Women's Soccer,,2013,2015,crm_import
6943,1,17716,Athletics,Varsity Women's Soccer,,1985,1988,crm_import
6944,1,8215,Athletics,Varsity Women's Soccer,,2016,2019,crm_import
6945,1,5942,Athletics,Varsity Women's Soccer,,1988,1990,online
6946,1,6106,Athletics,Varsity Women's Soccer,,1985,1988,crm_import
6947,1,5241,Athletics,Varsity Women's Soccer,,1988,1992,crm_import
6948,1,6054,Athletics,Varsity Women's Soccer,,1973,1977,crm_import
6949,1,19250,Athletics,Varsity Women's Soccer,,1990,1993,crm_import
6950,1,14524,Athletics,Varsity Women's Soccer,,1996,2000,online
6951,1,9456,Athletics,Varsity Women's Soccer,,2024,,crm_import
6952,1,15484,Athletics,Varsity Women's Soccer,,1992,1995,crm_import
6953,1,9969,Athletics,Varsity Women's Soccer,,1992,1995,advancement_entry
6954,1,2396,Athletics,Varsity Women's Soccer,,2010,2012,crm_import
6955,1,9058,Athletics,Varsity Women's Soccer,Team Representative,1998,2001,online
6956,1,3286,Athletics,Varsity Women's Soccer,,1978,1981,crm_import
6957,1,14761,Athletics,Varsity Women's Soccer,Co-Captain,2024,,crm_import
6958,1,338,Athletics,Varsity Women's Soccer,,1989,1992,crm_import
6959,1,13233,Athletics,Varsity Women's Soccer,Co-Captain,2025,,crm_import
6960,1,7750,Athletics,Varsity Women's Soccer,,1995,1998,crm_import
6961,1,12143,Athletics,Varsity Women's Soccer,,1985,1988,advancement_entry
6962,1,5860,Athletics,Varsity Women's Soccer,,1999,2003,crm_import
6963,1,13341,Athletics,Varsity Women's Soccer,,1962,1966,crm_import
6964,1,11250,Athletics,Varsity Women's Soccer,Co-Captain,1992,1994,crm_import
6965,1,7200,Athletics,Varsity Women's Soccer,,1989,1991,crm_import
6966,1,5163,Athletics,Varsity Women's Soccer,,,,crm_import
6967,1,1586,Athletics,Varsity Women's Soccer,,2022,2026,crm_import
6968,1,1855,Athletics,Varsity Women's Soccer,,2027,,crm_import
6969,1,17638,Athletics,Varsity Women's Soccer,,,,crm_import
6970,1,9487,Athletics,Varsity Women's Soccer,,2026,,crm_import
6971,1,4439,Athletics,Varsity Women's Soccer,,2006,2008,crm_import
6972,1,10266,Athletics,Varsity Women's Soccer,,2027,,online
6973,1,16615,Athletics,Varsity Women's Soccer,Captain,1968,1971,crm_import
6974,1,9600,Athletics,Varsity Women's Soccer,,1999,2001,crm_import
6975,1,9155,Athletics,Varsity Women's Soccer,,1974,1978,crm_import
6976,1,10233,Athletics,Varsity Women's Soccer,,1976,1979,crm_import
6977,1,3147,Athletics,Varsity Women's Soccer,,1990,1994,crm_import
6978,1,10465,Athletics,Varsity Women's Soccer,,1971,1975,crm_import
6979,1,2807,Athletics,Varsity Women's Soccer,,2013,2015,crm_import
6980,1,2503,Athletics,Varsity Women's Soccer,,2008,2010,crm_import
6981,1,19683,Athletics,Varsity Women's Soccer,Team Representative,2024,,crm_import
6982,1,4101,Athletics,Varsity Women's Soccer,,1952,1954,crm_import
6983,1,16151,Athletics,Varsity Women's Soccer,,2025,,advancement_entry
6984,1,1079,Athletics,Varsity Women's Soccer,,1987,1990,crm_import
6985,1,11225,Athletics,Varsity Women's Soccer,,1999,2003,crm_import
6986,1,8992,Athletics,Varsity Women's Soccer,,1976,1979,crm_import
6987,1,7842,Athletics,Varsity Women's Soccer,,2011,2014,crm_import
6988,1,18731,Athletics,Varsity Women's Soccer,,1999,2003,crm_import
6989,1,1240,Athletics,Varsity Women's Soccer,,1993,1995,crm_import
6990,1,19112,Athletics,Varsity Women's Soccer,,2008,2011,crm_import
6991,1,17721,Athletics,Varsity Women's Soccer,,1988,1992,advancement_entry
6992,1,2450,Athletics,Varsity Women's Soccer,Team Representative,1971,1974,crm_import
6993,1,19202,Athletics,Varsity Women's Soccer,,1966,1969,online
6994,1,11795,Athletics,Varsity Women's Soccer,,1994,1998,crm_import
6995,1,5041,Athletics,Varsity Women's Soccer,,1997,2000,crm_import
6996,1,18275,Athletics,Varsity Women's Soccer,,2015,2019,crm_import
6997,1,8742,Athletics,Varsity Women's Soccer,,1997,2001,online
6998,1,8777,Athletics,Varsity Women's Soccer,,2019,2022,crm_import
6999,1,5928,Athletics,Varsity Women's Soccer,,2024,,crm_import
7000,1,12074,Athletics,Varsity Women's Soccer,,,,online
7001,1,12773,Athletics,Varsity Women's Soccer,Co-Captain,2022,2024,online
7002,1,5818,Athletics,Varsity Women's Soccer,,2023,,crm_import
7003,1,11697,Athletics,Varsity Women's Soccer,,2014,2016,crm_import
7004,1,18918,Athletics,Varsity Women's Soccer,,1986,1989,crm_import
7005,1,4224,Athletics,Varsity Women's Soccer,,2024,2026,online
7006,1,19085,Athletics,Varsity Women's Soccer,,1986,1990,crm_import
7007,1,7813,Athletics,Varsity Women's Soccer,,2023,,crm_import
7008,1,14985,Athletics,Varsity Women's Soccer,,1956,1959,crm_import
7009,1,1028,Athletics,Varsity Women's Soccer,,2021,2023,crm_import
7010,1,1517,Athletics,Varsity Women's Soccer,,2013,2017,crm_import
7011,1,1583,Athletics,Varsity Men's Basketball,,2024,,crm_import
7012,1,6923,Athletics,Varsity Men's Basketball,,,,crm_import
7013,1,5721,Athletics,Varsity Men's Basketball,,1985,1987,online
7014,1,10290,Athletics,Varsity Men's Basketball,,2000,2002,crm_import
7015,1,10072,Athletics,Varsity Men's Basketball,,,,advancement_entry
7016,1,11896,Athletics,Varsity Men's Basketball,,2027,,crm_import
7017,1,14551,Athletics,Varsity Men's Basketball,,1990,1992,advancement_entry
7018,1,12125,Athletics,Varsity Men's Basketball,,,,crm_import
7019,1,17865,Athletics,Varsity Men's Basketball,,2014,2018,crm_import
7020,1,15647,Athletics,Varsity Men's Basketball,Captain,1999,2001,crm_import
7021,1,3843,Athletics,Varsity Men's Basketball,,2002,2005,crm_import
7022,1,10573,Athletics,Varsity Men's Basketball,Co-Captain,2004,2008,crm_import
7023,1,7621,Athletics,Varsity Men's Basketball,Captain,2027,,crm_import
7024,1,17755,Athletics,Varsity Men's Basketball,,2025,,online
7025,1,5978,Athletics,Varsity Men's Basketball,,1994,1997,online
7026,1,16627,Athletics,Varsity Men's Basketball,,2025,,crm_import
7027,1,14348,Athletics,Varsity Men's Basketball,,2016,2020,online
7028,1,15133,Athletics,Varsity Men's Basketball,,1996,2000,crm_import
7029,1,6410,Athletics,Varsity Men's Basketball,,1951,1954,online
7030,1,6842,Athletics,Varsity Men's Basketball,Team Representative,2004,2008,online
7031,1,14437,Athletics,Varsity Men's Basketball,,1978,1980,crm_import
7032,1,12452,Athletics,Varsity Men's Basketball,,2017,2019,crm_import
7033,1,9042,Athletics,Varsity Men's Basketball,,2002,2006,online
7034,1,6746,Athletics,Varsity Men's Basketball,,2027,,crm_import
7035,1,16906,Athletics,Varsity Men's Basketball,,,,crm_import
7036,1,16402,Athletics,Varsity Men's Basketball,Co-Captain,1961,1964,crm_import
7037,1,1157,Athletics,Varsity Men's Basketball,,2004,2008,crm_import
7038,1,11418,Athletics,Varsity Men's Basketball,,1978,1982,crm_import
7039,1,17632,Athletics,Varsity Men's Basketball,,1982,1985,crm_import
7040,1,8059,Athletics,Varsity Men's Basketball,,2025,,crm_import
7041,1,16287,Athletics,Varsity Men's Basketball,Co-Captain,2021,2025,online
7042,1,4664,Athletics,Varsity Men's Basketball,,2027,,crm_import
7043,1,1354,Athletics,Varsity Men's Basketball,,1960,1962,crm_import
7044,1,836,Athletics,Varsity Men's Basketball,Captain,1973,1977,online
7045,1,1024,Athletics,Varsity Men's Basketball,,1986,1990,crm_import
7046,1,15954,Athletics,Varsity Men's Basketball,Captain,2016,2019,crm_import
7047,1,19405,Athletics,Varsity Men's Basketball,,2027,,crm_import
7048,1,3465,Athletics,Varsity Men's Basketball,,1991,1995,crm_import
7049,1,6078,Athletics,Varsity Men's Basketball,,2025,,advancement_entry
7050,1,8549,Athletics,Varsity Men's Basketball,,2027,,advancement_entry
7051,1,8688,Athletics,Varsity Men's Basketball,Team Representative,1973,1977,crm_import
7052,1,17400,Athletics,Varsity Men's Basketball,,1995,1998,crm_import
7053,1,8771,Athletics,Varsity Men's Basketball,,2026,,crm_import
7054,1,2536,Athletics,Varsity Men's Basketball,Captain,2008,2011,online
7055,1,14320,Athletics,Varsity Men's Basketball,,2027,,crm_import
7056,1,2514,Athletics,Varsity Men's Basketball,,1975,1978,crm_import
7057,1,15380,Athletics,Varsity Men's Basketball,,1994,1998,crm_import
7058,1,6095,Athletics,Varsity Men's Basketball,,1969,1973,crm_import
7059,1,18403,Athletics,Varsity Men's Basketball,,1988,1991,online
7060,1,8554,Athletics,Varsity Men's Basketball,,2024,,crm_import
7061,1,8150,Athletics,Varsity Men's Basketball,,1993,1995,crm_import
7062,1,13689,Athletics,Varsity Men's Basketball,,,,crm_import
7063,1,11695,Athletics,Varsity Men's Basketball,,1989,1992,advancement_entry
7064,1,16790,Athletics,Varsity Men's Basketball,,2005,2009,crm_import
7065,1,4142,Athletics,Varsity Men's Basketball,,2013,2015,crm_import
7066,1,5242,Athletics,Varsity Men's Basketball,Captain,2018,2022,crm_import
7067,1,13522,Athletics,Varsity Men's Basketball,,2008,2012,crm_import
7068,1,6283,Athletics,Varsity Men's Basketball,Captain,2025,,crm_import
7069,1,14930,Athletics,Varsity Men's Basketball,,2009,2011,crm_import
7070,1,3943,Athletics,Varsity Men's Basketball,,,,crm_import
7071,1,3211,Athletics,Varsity Men's Basketball,Captain,2002,2005,online
7072,1,10938,Athletics,Varsity Men's Basketball,,1989,1992,crm_import
7073,1,6479,Athletics,Varsity Men's Basketball,,1970,1972,crm_import
7074,1,1441,Athletics,Varsity Men's Basketball,,1978,1981,crm_import
7075,1,12610,Athletics,Varsity Men's Basketball,,2008,2010,crm_import
7076,1,4079,Athletics,Varsity Men's Basketball,,2022,2024,crm_import
7077,1,3143,Athletics,Varsity Men's Basketball,Team Representative,1973,1976,online
7078,1,3503,Athletics,Varsity Men's Basketball,,1991,1993,crm_import
7079,1,197,Athletics,Varsity Men's Basketball,,,,crm_import
7080,1,8624,Athletics,Varsity Men's Basketball,,1957,1961,crm_import
7081,1,15673,Athletics,Varsity Men's Basketball,,1971,1974,crm_import
7082,1,1665,Athletics,Varsity Men's Basketball,,1976,1978,online
7083,1,15075,Athletics,Varsity Men's Basketball,,2010,2013,crm_import
7084,1,11757,Athletics,Varsity Men's Basketball,,1965,1967,crm_import
7085,1,9925,Athletics,Varsity Men's Basketball,,2015,2018,crm_import
7086,1,132,Athletics,Varsity Men's Basketball,,2007,2011,crm_import
7087,1,16283,Athletics,Varsity Men's Basketball,,2009,2013,crm_import
7088,1,3571,Athletics,Varsity Men's Basketball,,1994,1998,crm_import
7089,1,11811,Athletics,Varsity Men's Basketball,,1999,2003,online
7090,1,3818,Athletics,Varsity Men's Basketball,,2001,2004,online
7091,1,2987,Athletics,Varsity Men's Basketball,,1998,2000,crm_import
7092,1,316,Athletics,Varsity Men's Basketball,,2015,2017,online
7093,1,12198,Athletics,Varsity Men's Basketball,,1998,2000,crm_import
7094,1,4942,Athletics,Varsity Men's Basketball,,1997,2000,online
7095,1,1913,Athletics,Varsity Men's Basketball,,2028,,crm_import
7096,1,5298,Athletics,Varsity Men's Basketball,Co-Captain,1992,1994,crm_import
7097,1,2479,Athletics,Varsity Men's Basketball,,2024,,crm_import
7098,1,7446,Athletics,Varsity Men's Basketball,,1960,1962,crm_import
7099,1,13511,Athletics,Varsity Men's Basketball,,1995,1997,crm_import
7100,1,7658,Athletics,Varsity Men's Basketball,,1996,1999,crm_import
7101,1,2286,Athletics,Varsity Men's Basketball,,1961,1965,online
7102,1,3320,Athletics,Varsity Men's Basketball,,2026,,crm_import
7103,1,6528,Athletics,Varsity Men's Basketball,,1970,1973,crm_import
7104,1,17038,Athletics,Varsity Men's Basketball,,1955,1958,crm_import
7105,1,19718,Athletics,Varsity Men's Basketball,,1992,1994,crm_import
7106,1,16885,Athletics,Varsity Men's Basketball,,,,online
7107,1,9126,Athletics,Varsity Men's Basketball,,2022,2025,crm_import
7108,1,845,Athletics,Varsity Men's Basketball,,2002,2006,crm_import
7109,1,8458,Athletics,Varsity Men's Basketball,,2002,2004,crm_import
7110,1,10041,Athletics,Varsity Men's Basketball,,2006,2010,crm_import
7111,1,18227,Athletics,Varsity Men's Basketball,,2010,2013,crm_import
7112,1,8180,Athletics,Varsity Men's Basketball,Captain,2001,2005,crm_import
7113,1,784,Athletics,Varsity Men's Basketball,,2006,2008,advancement_entry
7114,1,8869,Athletics,Varsity Men's Basketball,Captain,1994,1998,crm_import
7115,1,7049,Athletics,Varsity Men's Basketball,,1957,1960,crm_import
7116,1,4103,Athletics,Varsity Men's Basketball,,2025,,crm_import
7117,1,597,Athletics,Varsity Men's Basketball,,2028,,crm_import
7118,1,7834,Athletics,Varsity Men's Basketball,,,,crm_import
7119,1,9989,Athletics,Varsity Men's Basketball,,,,crm_import
7120,1,12662,Athletics,Varsity Men's Basketball,,1953,1957,crm_import
7121,1,14808,Athletics,Varsity Men's Basketball,,2020,2023,crm_import
7122,1,15317,Athletics,Varsity Men's Basketball,,2027,,crm_import
7123,1,733,Athletics,Varsity Men's Basketball,,1970,1972,crm_import
7124,1,4543,Athletics,Varsity Men's Basketball,,1999,2001,advancement_entry
7125,1,3579,Athletics,Varsity Men's Basketball,,2025,,crm_import
7126,1,14007,Athletics,Varsity Men's Basketball,,2015,2017,advancement_entry
7127,1,17736,Athletics,Varsity Men's Basketball,Team Representative,1994,1997,crm_import
7128,1,13565,Athletics,Varsity Men's Basketball,,2006,2010,online
7129,1,11952,Athletics,Varsity Men's Basketball,,2001,2005,crm_import
7130,1,13896,Athletics,Varsity Men's Basketball,,1998,2000,crm_import
7131,1,12262,Athletics,Varsity Men's Basketball,,2025,,crm_import
7132,1,1278,Athletics,Varsity Men's Basketball,,2025,,online
7133,1,15596,Athletics,Varsity Men's Basketball,,1984,1988,crm_import
7134,1,18649,Athletics,Varsity Men's Basketball,,1998,2002,crm_import
7135,1,15509,Athletics,Varsity Men's Basketball,,2008,2011,crm_import
7136,1,5368,Athletics,Varsity Men's Basketball,Team Representative,,,online
7137,1,15960,Athletics,Varsity Men's Basketball,,2028,,crm_import
7138,1,17211,Athletics,Varsity Men's Basketball,,2007,2010,online
7139,1,16251,Athletics,Varsity Men's Basketball,,2016,2018,crm_import
7140,1,770,Athletics,Varsity Men's Basketball,,,,crm_import
7141,1,1226,Athletics,Varsity Men's Basketball,,2009,2011,crm_import
7142,1,18130,Athletics,Varsity Men's Basketball,,2011,2014,online
7143,1,14516,Athletics,Varsity Men's Basketball,,2026,,crm_import
7144,1,10591,Athletics,Varsity Men's Basketball,,1983,1985,crm_import
7145,1,17539,Athletics,Varsity Men's Basketball,,2003,2006,crm_import
7146,1,8310,Athletics,Varsity Men's Basketball,,2024,,crm_import
7147,1,4340,Athletics,Varsity Men's Basketball,,,,crm_import
7148,1,3382,Athletics,Varsity Men's Basketball,,1989,1991,crm_import
7149,1,5117,Athletics,Varsity Men's Basketball,,1985,1987,online
7150,1,10547,Athletics,Varsity Men's Basketball,,2016,2018,online
7151,1,5413,Athletics,Varsity Men's Basketball,,1967,1970,crm_import
7152,1,4815,Athletics,Varsity Men's Basketball,,,,crm_import
7153,1,14138,Athletics,Varsity Men's Basketball,,2014,2018,crm_import
7154,1,15356,Athletics,Varsity Men's Basketball,,2003,2005,crm_import
7155,1,2165,Athletics,Varsity Men's Basketball,,2006,2008,crm_import
7156,1,18472,Athletics,Varsity Men's Basketball,,2022,2026,crm_import
7157,1,19850,Athletics,Varsity Men's Basketball,,2009,2011,crm_import
7158,1,18902,Athletics,Varsity Men's Basketball,Team Representative,2008,2011,advancement_entry
7159,1,10709,Athletics,Varsity Men's Basketball,,1956,1959,crm_import
7160,1,14187,Athletics,Varsity Men's Basketball,,1998,2002,crm_import
7161,1,6977,Athletics,Varsity Men's Basketball,Captain,2014,2017,crm_import
7162,1,11362,Athletics,Varsity Men's Basketball,,,,crm_import
7163,1,13850,Athletics,Varsity Men's Basketball,,1981,1984,advancement_entry
7164,1,13335,Athletics,Varsity Men's Basketball,,2004,2007,crm_import
7165,1,12328,Athletics,Varsity Men's Basketball,,2018,2020,online
7166,1,11736,Athletics,Varsity Men's Basketball,,2005,2007,crm_import
7167,1,19028,Athletics,Varsity Men's Basketball,Co-Captain,1985,1987,crm_import
7168,1,3706,Athletics,Varsity Men's Basketball,,1995,1998,crm_import
7169,1,9165,Athletics,Varsity Men's Basketball,Captain,1997,1999,crm_import
7170,1,16185,Athletics,Varsity Men's Basketball,,2027,,online
7171,1,1408,Athletics,Varsity Men's Basketball,,1950,1952,crm_import
7172,1,17646,Athletics,Varsity Men's Basketball,,2024,2026,crm_import
7173,1,9653,Athletics,Varsity Men's Basketball,,2008,2011,crm_import
7174,1,15429,Athletics,Varsity Men's Basketball,,1994,1996,crm_import
7175,1,12822,Athletics,Varsity Men's Basketball,,2024,,advancement_entry
7176,1,18454,Athletics,Varsity Men's Basketball,,2025,,advancement_entry
7177,1,1823,Athletics,Varsity Men's Basketball,,1999,2003,crm_import
7178,1,14612,Athletics,Varsity Men's Basketball,,1991,1995,crm_import
7179,1,10587,Athletics,Varsity Men's Basketball,,1951,1953,crm_import
7180,1,113,Athletics,Varsity Men's Basketball,,,,crm_import
7181,1,16732,Athletics,Varsity Men's Basketball,Team Representative,1980,1982,crm_import
7182,1,12481,Athletics,Varsity Men's Basketball,,,,crm_import
7183,1,5484,Athletics,Varsity Men's Basketball,,1961,1965,crm_import
7184,1,19208,Athletics,Varsity Men's Basketball,,1981,1985,advancement_entry
7185,1,2468,Athletics,Varsity Men's Basketball,,2025,,online
7186,1,11692,Athletics,Varsity Men's Basketball,,,,crm_import
7187,1,9884,Athletics,Varsity Men's Basketball,,2024,,crm_import
7188,1,5649,Athletics,Varsity Men's Basketball,,2011,2014,crm_import
7189,1,14306,Athletics,Varsity Men's Basketball,,2026,,crm_import
7190,1,1829,Athletics,Varsity Men's Basketball,,2001,2005,online
7191,1,2944,Athletics,Varsity Men's Basketball,,1988,1992,crm_import
7192,1,10926,Athletics,Varsity Men's Basketball,,,,online
7193,1,16936,Athletics,Varsity Men's Basketball,,2013,2015,crm_import
7194,1,2310,Athletics,Varsity Men's Basketball,,1971,1974,crm_import
7195,1,1844,Athletics,Varsity Men's Basketball,,1969,1971,online
7196,1,346,Athletics,Varsity Men's Basketball,Co-Captain,,,crm_import
7197,1,11617,Athletics,Varsity Men's Basketball,,2020,2022,advancement_entry
7198,1,13702,Athletics,Varsity Men's Basketball,,2024,,online
7199,1,17634,Athletics,Varsity Men's Basketball,,1997,2000,crm_import
7200,1,3439,Athletics,Varsity Men's Basketball,,2014,2016,crm_import
7201,1,17088,Athletics,Varsity Men's Basketball,,1976,1978,crm_import
7202,1,372,Athletics,Varsity Men's Basketball,,1970,1974,advancement_entry
7203,1,10548,Athletics,Varsity Men's Basketball,Co-Captain,2009,2011,crm_import
7204,1,13961,Athletics,Varsity Men's Basketball,,2014,2016,crm_import
7205,1,9559,Athletics,Varsity Men's Basketball,,2027,,crm_import
7206,1,18390,Athletics,Varsity Men's Basketball,,1994,1998,crm_import
7207,1,16426,Athletics,Varsity Men's Basketball,,1997,1999,online
7208,1,18217,Athletics,Varsity Men's Basketball,,2007,2011,crm_import
7209,1,17989,Athletics,Varsity Men's Basketball,,2010,2013,crm_import
7210,1,7292,Athletics,Varsity Men's Basketball,,2000,2004,crm_import
7211,1,18383,Athletics,Varsity Men's Basketball,,1975,1977,online
7212,1,13514,Athletics,Varsity Men's Basketball,,2007,2010,online
7213,1,18837,Athletics,Varsity Men's Basketball,,2023,2026,crm_import
7214,1,10358,Athletics,Varsity Men's Basketball,,2014,2018,online
7215,1,7986,Athletics,Varsity Men's Basketball,,1962,1966,crm_import
7216,1,1062,Athletics,Varsity Men's Basketball,,2008,2012,crm_import
7217,1,13553,Athletics,Varsity Men's Basketball,,2007,2011,crm_import
7218,1,3370,Athletics,Varsity Men's Basketball,,1996,1999,crm_import
7219,1,11004,Athletics,Varsity Men's Basketball,,,,advancement_entry
7220,1,862,Athletics,Varsity Men's Basketball,,1986,1988,crm_import
7221,1,8702,Athletics,Varsity Women's Basketball,,2020,2022,online
7222,1,10042,Athletics,Varsity Women's Basketball,,2019,2021,crm_import
7223,1,2628,Athletics,Varsity Women's Basketball,,,,advancement_entry
7224,1,9537,Athletics,Varsity Women's Basketball,,2019,2022,advancement_entry
7225,1,4567,Athletics,Varsity Women's Basketball,,1972,1975,crm_import
7226,1,3278,Athletics,Varsity Women's Basketball,,,,crm_import
7227,1,8019,Athletics,Varsity Women's Basketball,,2013,2015,advancement_entry
7228,1,12143,Athletics,Varsity Women's Basketball,,,,advancement_entry
7229,1,11993,Athletics,Varsity Women's Basketball,,2009,2012,crm_import
7230,1,13951,Athletics,Varsity Women's Basketball,,1987,1989,crm_import
7231,1,18914,Athletics,Varsity Women's Basketball,,2019,2022,online
7232,1,5400,Athletics,Varsity Women's Basketball,,1978,1980,online
7233,1,18740,Athletics,Varsity Women's Basketball,,2014,2018,online
7234,1,12188,Athletics,Varsity Women's Basketball,Co-Captain,2026,,crm_import
7235,1,9083,Athletics,Varsity Women's Basketball,,2026,,crm_import
7236,1,12009,Athletics,Varsity Women's Basketball,,2002,2005,online
7237,1,11847,Athletics,Varsity Women's Basketball,Captain,2013,2015,advancement_entry
7238,1,6641,Athletics,Varsity Women's Basketball,,2002,2005,crm_import
7239,1,19531,Athletics,Varsity Women's Basketball,,2024,2026,advancement_entry
7240,1,19728,Athletics,Varsity Women's Basketball,,2027,,advancement_entry
7241,1,17858,Athletics,Varsity Women's Basketball,Co-Captain,1994,1996,crm_import
7242,1,4233,Athletics,Varsity Women's Basketball,,2025,,online
7243,1,552,Athletics,Varsity Women's Basketball,,2024,2026,crm_import
7244,1,12453,Athletics,Varsity Women's Basketball,,2023,,online
7245,1,8284,Athletics,Varsity Women's Basketball,,1991,1993,crm_import
7246,1,10228,Athletics,Varsity Women's Basketball,,2011,2014,crm_import
7247,1,9117,Athletics,Varsity Women's Basketball,,2014,2016,crm_import
7248,1,1017,Athletics,Varsity Women's Basketball,,,,crm_import
7249,1,5791,Athletics,Varsity Women's Basketball,,2008,2012,online
7250,1,13972,Athletics,Varsity Women's Basketball,,2011,2013,crm_import
7251,1,18623,Athletics,Varsity Women's Basketball,,2016,2019,crm_import
7252,1,7061,Athletics,Varsity Women's Basketball,,1970,1972,online
7253,1,19781,Athletics,Varsity Women's Basketball,,,,crm_import
7254,1,4831,Athletics,Varsity Women's Basketball,,,,crm_import
7255,1,563,Athletics,Varsity Women's Basketball,,1976,1978,crm_import
7256,1,14315,Athletics,Varsity Women's Basketball,,2014,2017,online
7257,1,17321,Athletics,Varsity Women's Basketball,,1982,1986,online
7258,1,12033,Athletics,Varsity Women's Basketball,,,,crm_import
7259,1,9560,Athletics,Varsity Women's Basketball,,1981,1983,online
7260,1,5601,Athletics,Varsity Women's Basketball,,2010,2014,online
7261,1,2262,Athletics,Varsity Women's Basketball,,1995,1997,advancement_entry
7262,1,18653,Athletics,Varsity Women's Basketball,,1969,1972,crm_import
7263,1,2019,Athletics,Varsity Women's Basketball,Team Representative,1988,1992,online
7264,1,7703,Athletics,Varsity Women's Basketball,,2019,2023,crm_import
7265,1,10401,Athletics,Varsity Women's Basketball,,1973,1975,crm_import
7266,1,18750,Athletics,Varsity Women's Basketball,,1948,1952,advancement_entry
7267,1,5496,Athletics,Varsity Women's Basketball,,2023,,advancement_entry
7268,1,4271,Athletics,Varsity Women's Basketball,,1979,1982,crm_import
7269,1,1402,Athletics,Varsity Women's Basketball,,2028,,online
7270,1,400,Athletics,Varsity Women's Basketball,,2008,2010,advancement_entry
7271,1,3082,Athletics,Varsity Women's Basketball,,2015,2019,crm_import
7272,1,14399,Athletics,Varsity Women's Basketball,,2025,,crm_import
7273,1,15993,Athletics,Varsity Women's Basketball,,2007,2010,crm_import
7274,1,16002,Athletics,Varsity Women's Basketball,,1968,1971,crm_import
7275,1,445,Athletics,Varsity Women's Basketball,,1987,1991,crm_import
7276,1,18977,Athletics,Varsity Women's Basketball,,2013,2017,crm_import
7277,1,13225,Athletics,Varsity Women's Basketball,,2010,2014,crm_import
7278,1,7160,Athletics,Varsity Women's Basketball,,1967,1969,crm_import
7279,1,10347,Athletics,Varsity Women's Basketball,,2020,2022,crm_import
7280,1,19837,Athletics,Varsity Women's Basketball,,,,crm_import
7281,1,420,Athletics,Varsity Women's Basketball,,2010,2012,crm_import
7282,1,12955,Athletics,Varsity Women's Basketball,,1975,1979,crm_import
7283,1,18854,Athletics,Varsity Women's Basketball,,1998,2002,online
7284,1,5613,Athletics,Varsity Women's Basketball,,2016,2019,online
7285,1,15086,Athletics,Varsity Women's Basketball,,2005,2008,crm_import
7286,1,16166,Athletics,Varsity Women's Basketball,,1987,1990,crm_import
7287,1,513,Athletics,Varsity Women's Basketball,,2012,2015,crm_import
7288,1,1567,Athletics,Varsity Women's Basketball,,1981,1983,crm_import
7289,1,12238,Athletics,Varsity Women's Basketball,,2005,2008,advancement_entry
7290,1,19460,Athletics,Varsity Women's Basketball,,1951,1953,crm_import
7291,1,7497,Athletics,Varsity Women's Basketball,,2015,2018,crm_import
7292,1,4458,Athletics,Varsity Women's Basketball,,2020,2024,crm_import
7293,1,3392,Athletics,Varsity Women's Basketball,,2025,,crm_import
7294,1,12723,Athletics,Varsity Women's Basketball,,1990,1992,online
7295,1,5091,Athletics,Varsity Women's Basketball,,1998,2001,crm_import
7296,1,19884,Athletics,Varsity Women's Basketball,,1995,1997,online
7297,1,12189,Athletics,Varsity Women's Basketball,,2004,2008,crm_import
7298,1,18586,Athletics,Varsity Women's Basketball,,2010,2013,crm_import
7299,1,540,Athletics,Varsity Women's Basketball,,2027,,crm_import
7300,1,19666,Athletics,Varsity Women's Basketball,,2014,2017,crm_import
7301,1,14347,Athletics,Varsity Women's Basketball,,2017,2019,online
7302,1,7863,Athletics,Varsity Women's Basketball,,2015,2018,crm_import
7303,1,18824,Athletics,Varsity Women's Basketball,Captain,1976,1978,online
7304,1,6241,Athletics,Varsity Women's Basketball,,,,crm_import
7305,1,19160,Athletics,Varsity Women's Basketball,,2010,2012,crm_import
7306,1,7492,Athletics,Varsity Women's Basketball,,1969,1971,crm_import
7307,1,18728,Athletics,Varsity Women's Basketball,,2027,,crm_import
7308,1,12351,Athletics,Varsity Women's Basketball,,2018,2021,crm_import
7309,1,2177,Athletics,Varsity Women's Basketball,,1977,1979,crm_import
7310,1,19245,Athletics,Varsity Women's Basketball,,2008,2011,crm_import
7311,1,11247,Athletics,Varsity Women's Basketball,,2016,2020,online
7312,1,7835,Athletics,Varsity Women's Basketball,,2014,2016,crm_import
7313,1,3385,Athletics,Varsity Women's Basketball,,,,crm_import
7314,1,11094,Athletics,Varsity Women's Basketball,,2001,2003,online
7315,1,17571,Athletics,Varsity Women's Basketball,,,,advancement_entry
7316,1,19513,Athletics,Varsity Women's Basketball,,1976,1978,crm_import
7317,1,7181,Athletics,Varsity Women's Basketball,,2024,,advancement_entry
7318,1,2431,Athletics,Varsity Women's Basketball,,,,online
7319,1,12152,Athletics,Varsity Women's Basketball,,2005,2008,crm_import
7320,1,1050,Athletics,Varsity Women's Basketball,,2012,2016,online
7321,1,13133,Athletics,Varsity Women's Basketball,Captain,1963,1967,crm_import
7322,1,19662,Athletics,Varsity Women's Basketball,,1992,1995,crm_import
7323,1,13071,Athletics,Varsity Women's Basketball,,2003,2006,crm_import
7324,1,13559,Athletics,Varsity Women's Basketball,,1953,1955,crm_import
7325,1,10545,Athletics,Varsity Women's Basketball,,1978,1980,crm_import
7326,1,11435,Athletics,Varsity Women's Basketball,,2010,2012,crm_import
7327,1,11471,Athletics,Varsity Women's Basketball,,,,crm_import
7328,1,5121,Athletics,Varsity Women's Basketball,,2023,2026,crm_import
7329,1,17228,Athletics,Varsity Women's Basketball,,2023,,advancement_entry
7330,1,9934,Athletics,Varsity Women's Basketball,,1966,1970,crm_import
7331,1,8083,Athletics,Varsity Women's Basketball,,2012,2015,online
7332,1,8595,Athletics,Varsity Women's Basketball,,2008,2012,crm_import
7333,1,3375,Athletics,Varsity Women's Basketball,Co-Captain,1987,1991,crm_import
7334,1,11777,Athletics,Varsity Women's Basketball,,1994,1997,crm_import
7335,1,2337,Athletics,Varsity Women's Basketball,Co-Captain,2022,2025,crm_import
7336,1,10166,Athletics,Varsity Women's Basketball,,1967,1971,online
7337,1,1512,Athletics,Varsity Women's Basketball,,,,advancement_entry
7338,1,16413,Athletics,Varsity Women's Basketball,,1967,1969,crm_import
7339,1,11960,Athletics,Varsity Women's Basketball,,1976,1979,crm_import
7340,1,3912,Athletics,Varsity Women's Basketball,,1968,1972,crm_import
7341,1,14457,Athletics,Varsity Women's Basketball,,2017,2019,crm_import
7342,1,1891,Athletics,Varsity Women's Basketball,,2017,2019,advancement_entry
7343,1,6828,Athletics,Varsity Women's Basketball,,2005,2009,online
7344,1,15004,Athletics,Varsity Women's Basketball,,2026,,advancement_entry
7345,1,14450,Athletics,Varsity Women's Basketball,,,,crm_import
7346,1,12375,Athletics,Varsity Women's Basketball,,2023,,crm_import
7347,1,19756,Athletics,Varsity Women's Basketball,,2028,,crm_import
7348,1,3047,Athletics,Varsity Women's Basketball,,1994,1998,crm_import
7349,1,2327,Athletics,Varsity Women's Basketball,,,,crm_import
7350,1,18000,Athletics,Varsity Women's Basketball,,1990,1992,online
7351,1,9665,Athletics,Varsity Women's Basketball,,2026,,crm_import
7352,1,9259,Athletics,Varsity Women's Basketball,,2006,2010,crm_import
7353,1,9159,Athletics,Varsity Women's Basketball,,2024,,crm_import
7354,1,11665,Athletics,Varsity Women's Basketball,,1997,1999,crm_import
7355,1,16265,Athletics,Varsity Women's Basketball,,2022,2026,crm_import
7356,1,12612,Athletics,Varsity Women's Basketball,,1978,1980,crm_import
7357,1,3658,Athletics,Varsity Women's Basketball,,,,online
7358,1,8271,Athletics,Varsity Women's Basketball,,1995,1997,online
7359,1,17525,Athletics,Varsity Women's Basketball,,1987,1991,crm_import
7360,1,15583,Athletics,Varsity Women's Basketball,,2024,,crm_import
7361,1,6615,Athletics,Varsity Women's Basketball,,2023,2026,crm_import
7362,1,2609,Athletics,Varsity Women's Basketball,,2024,,crm_import
7363,1,5477,Athletics,Varsity Women's Basketball,,1974,1976,crm_import
7364,1,5915,Athletics,Varsity Women's Basketball,,2002,2005,online
7365,1,9696,Athletics,Varsity Women's Basketball,,1989,1993,crm_import
7366,1,15143,Athletics,Varsity Women's Basketball,Captain,2025,,crm_import
7367,1,7202,Athletics,Varsity Women's Basketball,,2020,2024,crm_import
7368,1,9549,Athletics,Varsity Women's Basketball,,2016,2020,crm_import
7369,1,5211,Athletics,Varsity Women's Basketball,,2003,2007,crm_import
7370,1,10538,Athletics,Varsity Women's Basketball,,2013,2016,online
7371,1,12889,Athletics,Varsity Women's Basketball,,2024,,crm_import
7372,1,15463,Athletics,Varsity Women's Basketball,,2026,,crm_import
7373,1,17376,Athletics,Varsity Women's Basketball,,2011,2013,crm_import
7374,1,1861,Athletics,Varsity Women's Basketball,,1958,1960,online
7375,1,7339,Athletics,Varsity Women's Basketball,,2013,2016,crm_import
7376,1,5886,Athletics,Varsity Women's Basketball,,1974,1978,crm_import
7377,1,4709,Athletics,Varsity Women's Basketball,,1989,1993,crm_import
7378,1,9137,Athletics,Varsity Women's Basketball,,2007,2011,online
7379,1,13516,Athletics,Varsity Women's Basketball,,2024,,crm_import
7380,1,16423,Athletics,Varsity Women's Basketball,Co-Captain,,,online
7381,1,16027,Athletics,Varsity Women's Basketball,,2014,2016,crm_import
7382,1,6558,Athletics,Varsity Women's Basketball,,2017,2019,online
7383,1,15920,Athletics,Varsity Women's Basketball,,1975,1979,crm_import
7384,1,10551,Athletics,Varsity Women's Basketball,,1960,1964,crm_import
7385,1,13119,Athletics,Varsity Women's Basketball,,1989,1993,crm_import
7386,1,13044,Athletics,Varsity Women's Basketball,,2024,,crm_import
7387,1,16649,Athletics,Varsity Women's Basketball,,2008,2012,crm_import
7388,1,16988,Athletics,Varsity Women's Basketball,,2023,,crm_import
7389,1,14852,Athletics,Varsity Women's Basketball,,2017,2021,online
7390,1,7965,Athletics,Varsity Women's Basketball,,1969,1972,online
7391,1,9,Athletics,Varsity Women's Basketball,,1962,1964,crm_import
7392,1,6346,Athletics,Varsity Women's Basketball,,1991,1993,crm_import
7393,1,12654,Athletics,Varsity Women's Basketball,,1991,1993,advancement_entry
7394,1,9188,Athletics,Varsity Women's Basketball,,2000,2002,crm_import
7395,1,8826,Athletics,Varsity Women's Basketball,,2026,,crm_import
7396,1,5368,Athletics,Varsity Women's Basketball,Captain,2005,2009,online
7397,1,4368,Athletics,Varsity Women's Basketball,,2024,,crm_import
7398,1,9459,Athletics,Varsity Women's Basketball,,2020,2022,crm_import
7399,1,13709,Athletics,Varsity Women's Basketball,,2025,,advancement_entry
7400,1,654,Athletics,Varsity Women's Basketball,,1989,1992,advancement_entry
7401,1,18972,Athletics,Varsity Women's Basketball,,1994,1998,crm_import
7402,1,1103,Athletics,Varsity Women's Basketball,,2027,,crm_import
7403,1,14993,Athletics,Varsity Women's Basketball,,2015,2017,crm_import
7404,1,4043,Athletics,Varsity Women's Basketball,,1981,1984,online
7405,1,17702,Athletics,Varsity Women's Basketball,,2017,2019,advancement_entry
7406,1,11468,Athletics,Varsity Women's Basketball,,2018,2021,crm_import
7407,1,8216,Athletics,Varsity Women's Basketball,,1997,1999,online
7408,1,377,Athletics,Varsity Women's Basketball,,1996,1999,crm_import
7409,1,7725,Athletics,Varsity Women's Basketball,,2022,2024,crm_import
7410,1,1162,Athletics,Varsity Women's Basketball,Captain,2024,,crm_import
7411,1,13373,Athletics,Varsity Football,,2025,,online
7412,1,6489,Athletics,Varsity Football,,1967,1969,advancement_entry
7413,1,15954,Athletics,Varsity Football,,2016,2019,crm_import
7414,1,3792,Athletics,Varsity Football,,2002,2005,crm_import
7415,1,18362,Athletics,Varsity Football,,2026,,crm_import
7416,1,4301,Athletics,Varsity Football,,2013,2015,online
7417,1,14817,Athletics,Varsity Football,Co-Captain,1988,1992,crm_import
7418,1,1933,Athletics,Varsity Football,,2028,,crm_import
7419,1,13292,Athletics,Varsity Football,,2006,2010,crm_import
7420,1,5908,Athletics,Varsity Football,,2024,2026,crm_import
7421,1,3632,Athletics,Varsity Football,,2001,2004,advancement_entry
7422,1,4929,Athletics,Varsity Football,Captain,2008,2012,crm_import
7423,1,13213,Athletics,Varsity Football,,2005,2009,online
7424,1,16323,Athletics,Varsity Football,,1998,2000,crm_import
7425,1,17075,Athletics,Varsity Football,Co-Captain,2007,2011,crm_import
7426,1,17658,Athletics,Varsity Football,,2010,2013,online
7427,1,4220,Athletics,Varsity Football,,,,crm_import
7428,1,6342,Athletics,Varsity Football,,1996,2000,crm_import
7429,1,1937,Athletics,Varsity Football,,1985,1988,crm_import
7430,1,7015,Athletics,Varsity Football,,2009,2012,online
7431,1,15782,Athletics,Varsity Football,,1989,1992,crm_import
7432,1,7187,Athletics,Varsity Football,,2024,2026,crm_import
7433,1,1282,Athletics,Varsity Football,,1992,1996,advancement_entry
7434,1,17385,Athletics,Varsity Football,,1998,2002,advancement_entry
7435,1,8240,Athletics,Varsity Football,,,,crm_import
7436,1,7463,Athletics,Varsity Football,,1972,1976,crm_import
7437,1,14258,Athletics,Varsity Football,,2007,2011,crm_import
7438,1,3786,Athletics,Varsity Football,,1964,1967,advancement_entry
7439,1,12201,Athletics,Varsity Football,,2015,2017,crm_import
7440,1,4230,Athletics,Varsity Football,,1999,2002,crm_import
7441,1,5943,Athletics,Varsity Football,,2026,,crm_import
7442,1,18807,Athletics,Varsity Football,Co-Captain,,,crm_import
7443,1,4062,Athletics,Varsity Football,,1988,1992,crm_import
7444,1,10987,Athletics,Varsity Football,,1987,1989,crm_import
7445,1,8500,Athletics,Varsity Football,,2011,2014,crm_import
7446,1,16881,Athletics,Varsity Football,Co-Captain,2003,2007,crm_import
7447,1,8613,Athletics,Varsity Football,,2009,2011,crm_import
7448,1,5400,Athletics,Varsity Football,,1978,1980,online
7449,1,8029,Athletics,Varsity Football,,2008,2012,crm_import
7450,1,14052,Athletics,Varsity Football,,1998,2001,advancement_entry
7451,1,16820,Athletics,Varsity Football,,,,crm_import
7452,1,5351,Athletics,Varsity Football,,2013,2017,crm_import
7453,1,10491,Athletics,Varsity Football,,2003,2005,crm_import
7454,1,10404,Athletics,Varsity Football,,2024,,crm_import
7455,1,11655,Athletics,Varsity Football,,2021,2024,crm_import
7456,1,6196,Athletics,Varsity Football,,1964,1967,crm_import
7457,1,2036,Athletics,Varsity Football,,1991,1993,crm_import
7458,1,5850,Athletics,Varsity Football,,1988,1991,crm_import
7459,1,18637,Athletics,Varsity Football,,1981,1985,crm_import
7460,1,19982,Athletics,Varsity Football,,2026,,online
7461,1,865,Athletics,Varsity Football,,1993,1995,crm_import
7462,1,1634,Athletics,Varsity Football,,2017,2019,crm_import
7463,1,8336,Athletics,Varsity Football,,,,crm_import
7464,1,15514,Athletics,Varsity Football,,2008,2012,online
7465,1,19717,Athletics,Varsity Football,Co-Captain,,,online
7466,1,687,Athletics,Varsity Football,,1954,1956,online
7467,1,18517,Athletics,Varsity Football,,2006,2008,crm_import
7468,1,11952,Athletics,Varsity Football,,,,crm_import
7469,1,19795,Athletics,Varsity Football,,2009,2011,online
7470,1,4893,Athletics,Varsity Football,,1971,1975,online
7471,1,10321,Athletics,Varsity Football,,2022,2026,crm_import
7472,1,10086,Athletics,Varsity Football,,1999,2002,crm_import
7473,1,12706,Athletics,Varsity Football,,2001,2003,crm_import
7474,1,4664,Athletics,Varsity Football,,2026,,crm_import
7475,1,7459,Athletics,Varsity Football,,2009,2012,crm_import
7476,1,8871,Athletics,Varsity Football,,1952,1956,crm_import
7477,1,16860,Athletics,Varsity Football,,2026,,crm_import
7478,1,19688,Athletics,Varsity Football,Captain,1987,1990,online
7479,1,8980,Athletics,Varsity Football,,,,crm_import
7480,1,2194,Athletics,Varsity Football,,1993,1996,crm_import
7481,1,9154,Athletics,Varsity Football,,1973,1975,online
7482,1,16001,Athletics,Varsity Football,,1992,1996,online
7483,1,7062,Athletics,Varsity Football,,1963,1967,crm_import
7484,1,13850,Athletics,Varsity Football,,1980,1984,advancement_entry
7485,1,11676,Athletics,Varsity Football,,2024,2026,online
7486,1,16150,Athletics,Varsity Football,,,,crm_import
7487,1,5123,Athletics,Varsity Football,Team Representative,2005,2008,crm_import
7488,1,12481,Athletics,Varsity Football,,,,crm_import
7489,1,8176,Athletics,Varsity Football,,2026,,crm_import
7490,1,92,Athletics,Varsity Football,,1984,1987,online
7491,1,11505,Athletics,Varsity Football,,1983,1985,crm_import
7492,1,14943,Athletics,Varsity Football,,2026,,crm_import
7493,1,3880,Athletics,Varsity Football,,2027,,crm_import
7494,1,387,Athletics,Varsity Football,,1995,1999,online
7495,1,18363,Athletics,Varsity Football,,1990,1993,online
7496,1,12504,Athletics,Varsity Football,Co-Captain,2026,,online
7497,1,14461,Athletics,Varsity Football,,2017,2019,crm_import
7498,1,12290,Athletics,Varsity Football,,2002,2004,crm_import
7499,1,16656,Athletics,Varsity Football,,2004,2006,advancement_entry
7500,1,1682,Athletics,Varsity Football,,2011,2013,online
7501,1,16955,Athletics,Varsity Football,,2022,2026,crm_import
7502,1,16154,Athletics,Varsity Football,,,,crm_import
7503,1,10255,Athletics,Varsity Football,,2000,2002,crm_import
7504,1,1301,Athletics,Varsity Football,,2025,,crm_import
7505,1,9340,Athletics,Varsity Football,,1966,1970,crm_import
7506,1,14824,Athletics,Varsity Football,,2027,,crm_import
7507,1,13202,Athletics,Varsity Football,,1988,1991,advancement_entry
7508,1,9969,Athletics,Varsity Football,,1991,1995,advancement_entry
7509,1,7363,Athletics,Varsity Football,,2022,2026,crm_import
7510,1,10188,Athletics,Varsity Football,,2012,2014,online
7511,1,8229,Athletics,Varsity Football,,1985,1987,advancement_entry
7512,1,15542,Athletics,Varsity Football,,1949,1953,crm_import
7513,1,10303,Athletics,Varsity Football,,2014,2017,crm_import
7514,1,13737,Athletics,Varsity Football,,2009,2011,advancement_entry
7515,1,12819,Athletics,Varsity Football,,1998,2001,crm_import
7516,1,4209,Athletics,Varsity Football,Co-Captain,2004,2006,crm_import
7517,1,13291,Athletics,Varsity Football,,1949,1952,crm_import
7518,1,16588,Athletics,Varsity Football,,1996,1999,crm_import
7519,1,18055,Athletics,Varsity Football,,2017,2021,crm_import
7520,1,7381,Athletics,Varsity Football,,2010,2013,crm_import
7521,1,19266,Athletics,Varsity Football,,2017,2020,crm_import
7522,1,8735,Athletics,Varsity Football,,2004,2006,advancement_entry
7523,1,16287,Athletics,Varsity Football,,2021,2025,online
7524,1,546,Athletics,Varsity Football,,1997,2000,crm_import
7525,1,4626,Athletics,Varsity Football,,1994,1996,online
7526,1,8463,Athletics,Varsity Football,Co-Captain,,,crm_import
7527,1,15037,Athletics,Varsity Football,,2026,,crm_import
7528,1,13592,Athletics,Varsity Football,Captain,2009,2013,crm_import
7529,1,16628,Athletics,Varsity Football,,2025,,crm_import
7530,1,19940,Athletics,Varsity Football,,1989,1992,crm_import
7531,1,380,Athletics,Varsity Football,Co-Captain,1999,2003,crm_import
7532,1,12925,Athletics,Varsity Football,,,,crm_import
7533,1,13692,Athletics,Varsity Football,,1957,1960,online
7534,1,8215,Athletics,Varsity Football,,,,crm_import
7535,1,1382,Athletics,Varsity Football,,1991,1994,crm_import
7536,1,4154,Athletics,Varsity Football,,1976,1978,crm_import
7537,1,13161,Athletics,Varsity Football,Co-Captain,1998,2000,crm_import
7538,1,3856,Athletics,Varsity Football,,,,crm_import
7539,1,212,Athletics,Varsity Football,Co-Captain,1984,1986,crm_import
7540,1,17646,Athletics,Varsity Football,,2024,2026,crm_import
7541,1,3888,Athletics,Varsity Football,Captain,2023,,crm_import
7542,1,4687,Athletics,Varsity Football,,2015,2017,crm_import
7543,1,17428,Athletics,Varsity Football,,2008,2010,crm_import
7544,1,11447,Athletics,Varsity Football,,,,crm_import
7545,1,4434,Athletics,Varsity Football,,,,online
7546,1,16954,Athletics,Varsity Football,,2022,2026,crm_import
7547,1,1334,Athletics,Varsity Football,,1965,1967,crm_import
7548,1,11545,Athletics,Varsity Football,,,,online
7549,1,17824,Athletics,Varsity Football,,1981,1983,online
7550,1,2295,Athletics,Varsity Football,,2011,2014,crm_import
7551,1,9580,Athletics,Varsity Football,,1978,1980,crm_import
7552,1,2856,Athletics,Varsity Football,,1996,1998,crm_import
7553,1,2993,Athletics,Varsity Football,,1978,1981,crm_import
7554,1,7919,Athletics,Varsity Football,,2016,2019,crm_import
7555,1,9195,Athletics,Varsity Football,,2025,,crm_import
7556,1,19506,Athletics,Varsity Football,,1999,2003,online
7557,1,2324,Athletics,Varsity Football,,,,crm_import
7558,1,7184,Athletics,Varsity Football,,2021,2025,crm_import
7559,1,1032,Athletics,Varsity Football,,1995,1999,crm_import
7560,1,244,Athletics,Varsity Football,,2010,2014,advancement_entry
7561,1,3011,Athletics,Varsity Football,,2008,2012,online
7562,1,9932,Athletics,Varsity Football,,,,crm_import
7563,1,11214,Athletics,Varsity Football,,2007,2011,crm_import
7564,1,8532,Athletics,Varsity Football,,2024,,advancement_entry
7565,1,6175,Athletics,Varsity Football,,2004,2006,crm_import
7566,1,13105,Athletics,Varsity Football,,2008,2012,online
7567,1,2624,Athletics,Varsity Football,,1991,1995,crm_import
7568,1,4038,Athletics,Varsity Football,,1983,1986,crm_import
7569,1,6053,Athletics,Varsity Football,,2024,,online
7570,1,16637,Athletics,Varsity Football,Co-Captain,2010,2014,advancement_entry
7571,1,19798,Athletics,Varsity Football,Captain,1972,1976,crm_import
7572,1,14619,Athletics,Varsity Football,,,,crm_import
7573,1,11188,Athletics,Varsity Football,Co-Captain,2027,,crm_import
7574,1,12730,Athletics,Varsity Football,,1969,1972,crm_import
7575,1,18710,Athletics,Varsity Football,,2012,2015,online
7576,1,15673,Athletics,Varsity Football,Team Representative,1972,1974,crm_import
7577,1,13228,Athletics,Varsity Football,Co-Captain,2015,2019,crm_import
7578,1,1707,Athletics,Varsity Football,,,,crm_import
7579,1,4224,Athletics,Varsity Football,,2024,2026,online
7580,1,1527,Athletics,Varsity Football,,2022,2026,advancement_entry
7581,1,1946,Athletics,Varsity Football,,2010,2013,crm_import
7582,1,11187,Athletics,Varsity Football,,2009,2012,crm_import
7583,1,11434,Athletics,Varsity Football,,1993,1997,crm_import
7584,1,10384,Athletics,Varsity Football,,2027,,crm_import
7585,1,11408,Athletics,Varsity Football,,1992,1996,online
7586,1,9281,Athletics,Varsity Football,,1978,1980,crm_import
7587,1,13450,Athletics,Varsity Football,,2016,2019,crm_import
7588,1,13469,Athletics,Varsity Football,Team Representative,1965,1969,crm_import
7589,1,5107,Athletics,Varsity Football,,2004,2007,crm_import
7590,1,4532,Athletics,Varsity Football,,2027,,crm_import
7591,1,13156,Athletics,Varsity Football,,2025,,crm_import
7592,1,12152,Athletics,Varsity Football,,2004,2008,crm_import
7593,1,3192,Athletics,Varsity Football,,2024,,crm_import
7594,1,5859,Athletics,Varsity Football,,,,crm_import
7595,1,10994,Athletics,Varsity Football,,,,online
7596,1,6914,Athletics,Varsity Football,,2002,2006,crm_import
7597,1,11690,Athletics,Varsity Football,,2005,2007,crm_import
7598,1,6497,Athletics,Varsity Football,,2028,,online
7599,1,12546,Athletics,Varsity Football,,2012,2016,crm_import
7600,1,16203,Athletics,Varsity Football,,2028,,crm_import
7601,1,3908,Athletics,Varsity Football,Team Representative,2021,2023,advancement_entry
7602,1,6979,Athletics,Varsity Football,,1976,1978,online
7603,1,8096,Athletics,Varsity Football,,1969,1971,crm_import
7604,1,302,Athletics,Varsity Football,,1974,1977,advancement_entry
7605,1,7817,Athletics,Varsity Football,,1974,1977,online
7606,1,6880,Athletics,Varsity Football,,,,crm_import
7607,1,1763,Athletics,Varsity Football,,1990,1992,crm_import
7608,1,18128,Athletics,Varsity Football,,2022,2026,crm_import
7609,1,15255,Athletics,Varsity Football,,1990,1992,crm_import
7610,1,3363,Athletics,Varsity Football,,1983,1987,crm_import
7611,1,2191,Athletics,Varsity Football,,2026,,crm_import
7612,1,16732,Athletics,Varsity Football,,1978,1982,crm_import
7613,1,6391,Athletics,Varsity Football,,1999,2002,advancement_entry
7614,1,8138,Athletics,Varsity Football,,1977,1981,online
7615,1,14646,Athletics,Varsity Football,,1957,1961,advancement_entry
7616,1,7121,Athletics,Varsity Football,,2010,2014,crm_import
7617,1,19409,Athletics,Varsity Football,,1995,1999,crm_import
7618,1,10578,Athletics,Varsity Football,,2016,2019,crm_import
7619,1,4759,Athletics,Varsity Football,,2001,2004,crm_import
7620,1,5433,Athletics,Varsity Football,,1990,1993,crm_import
7621,1,9449,Athletics,Varsity Football,,1990,1993,online
7622,1,7596,Athletics,Varsity Football,,2007,2009,advancement_entry
7623,1,14953,Athletics,Varsity Football,,1993,1995,crm_import
7624,1,12050,Athletics,Varsity Football,,1981,1984,crm_import
7625,1,11706,Athletics,Varsity Football,,1962,1966,online
7626,1,12082,Athletics,Varsity Football,,2027,,crm_import
7627,1,5372,Athletics,Varsity Football,,2026,,crm_import
7628,1,15823,Athletics,Varsity Football,,1995,1999,crm_import
7629,1,12124,Athletics,Varsity Football,,1957,1961,online
7630,1,12874,Athletics,Varsity Football,,2005,2009,crm_import
7631,1,12296,Athletics,Varsity Football,,,,crm_import
7632,1,10179,Athletics,Varsity Football,,2020,2022,crm_import
7633,1,11967,Athletics,Varsity Football,,2020,2023,online
7634,1,12282,Athletics,Varsity Football,,2017,2020,online
7635,1,223,Athletics,Varsity Football,,1972,1975,online
7636,1,15280,Athletics,Varsity Football,,2023,2025,advancement_entry
7637,1,6638,Athletics,Varsity Football,Team Representative,2004,2008,crm_import
7638,1,2400,Athletics,Varsity Football,,2022,2025,crm_import
7639,1,11568,Athletics,Varsity Football,,,,crm_import
7640,1,16792,Athletics,Varsity Football,,1999,2001,crm_import
7641,1,3308,Athletics,Varsity Football,,2004,2007,advancement_entry
7642,1,16596,Athletics,Varsity Football,,1987,1991,online
7643,1,12705,Athletics,Varsity Football,,2023,2025,crm_import
7644,1,1727,Athletics,Varsity Football,,,,crm_import
7645,1,6367,Athletics,Varsity Football,,1996,1999,online
7646,1,1610,Athletics,Varsity Football,,2001,2005,crm_import
7647,1,3685,Athletics,Varsity Football,Co-Captain,2028,,online
7648,1,11307,Athletics,Varsity Football,,2022,2026,crm_import
7649,1,5511,Athletics,Varsity Football,,,,crm_import
7650,1,13217,Athletics,Varsity Football,,2002,2004,online
7651,1,14799,Athletics,Varsity Baseball,,2027,,crm_import
7652,1,8160,Athletics,Varsity Baseball,Team Representative,2010,2014,online
7653,1,16771,Athletics,Varsity Baseball,,,,online
7654,1,16259,Athletics,Varsity Baseball,,1987,1991,online
7655,1,6887,Athletics,Varsity Baseball,,2016,2020,crm_import
7656,1,19294,Athletics,Varsity Baseball,,2023,,crm_import
7657,1,14198,Athletics,Varsity Baseball,,1977,1980,online
7658,1,17629,Athletics,Varsity Baseball,Captain,2023,2025,crm_import
7659,1,18317,Athletics,Varsity Baseball,,2004,2007,crm_import
7660,1,6179,Athletics,Varsity Baseball,,1990,1992,crm_import
7661,1,14258,Athletics,Varsity Baseball,,2009,2011,crm_import
7662,1,888,Athletics,Varsity Baseball,,1991,1995,crm_import
7663,1,17220,Athletics,Varsity Baseball,,2025,,advancement_entry
7664,1,7056,Athletics,Varsity Baseball,,2027,,online
7665,1,147,Athletics,Varsity Baseball,Co-Captain,2001,2003,crm_import
7666,1,9646,Athletics,Varsity Baseball,,2000,2002,crm_import
7667,1,7475,Athletics,Varsity Baseball,,1962,1964,crm_import
7668,1,3570,Athletics,Varsity Baseball,,1999,2003,crm_import
7669,1,19192,Athletics,Varsity Baseball,,2002,2005,crm_import
7670,1,4644,Athletics,Varsity Baseball,Captain,2019,2023,online
7671,1,16049,Athletics,Varsity Baseball,,2001,2004,crm_import
7672,1,1126,Athletics,Varsity Baseball,,1990,1992,crm_import
7673,1,8034,Athletics,Varsity Baseball,,2016,2019,advancement_entry
7674,1,15058,Athletics,Varsity Baseball,,2018,2022,crm_import
7675,1,10605,Athletics,Varsity Baseball,,2027,,crm_import
7676,1,4172,Athletics,Varsity Baseball,Co-Captain,2006,2010,crm_import
7677,1,2482,Athletics,Varsity Baseball,,1994,1996,online
7678,1,5470,Athletics,Varsity Baseball,,1991,1994,crm_import
7679,1,16987,Athletics,Varsity Baseball,Co-Captain,2001,2005,online
7680,1,11643,Athletics,Varsity Baseball,,2025,,crm_import
7681,1,14930,Athletics,Varsity Baseball,,2007,2011,crm_import
7682,1,834,Athletics,Varsity Baseball,,2026,,crm_import
7683,1,11381,Athletics,Varsity Baseball,,1975,1977,crm_import
7684,1,1417,Athletics,Varsity Baseball,,1985,1989,advancement_entry
7685,1,1159,Athletics,Varsity Baseball,,2008,2011,crm_import
7686,1,18965,Athletics,Varsity Baseball,,2025,,crm_import
7687,1,3789,Athletics,Varsity Baseball,,2007,2010,crm_import
7688,1,7153,Athletics,Varsity Baseball,,2013,2015,crm_import
7689,1,11773,Athletics,Varsity Baseball,,1998,2001,crm_import
7690,1,10679,Athletics,Varsity Baseball,,,,crm_import
7691,1,1530,Athletics,Varsity Baseball,,2009,2011,advancement_entry
7692,1,8392,Athletics,Varsity Baseball,Captain,1981,1985,crm_import
7693,1,16523,Athletics,Varsity Baseball,,,,advancement_entry
7694,1,4124,Athletics,Varsity Baseball,,2005,2007,crm_import
7695,1,8443,Athletics,Varsity Baseball,,1957,1960,crm_import
7696,1,1418,Athletics,Varsity Baseball,,2024,,crm_import
7697,1,17798,Athletics,Varsity Baseball,,2008,2010,crm_import
7698,1,19121,Athletics,Varsity Baseball,,1977,1979,crm_import
7699,1,11647,Athletics,Varsity Baseball,,1987,1989,crm_import
7700,1,3225,Athletics,Varsity Baseball,,2003,2005,crm_import
7701,1,14709,Athletics,Varsity Baseball,,2000,2003,crm_import
7702,1,10051,Athletics,Varsity Baseball,Captain,2008,2010,crm_import
7703,1,10659,Athletics,Varsity Baseball,,,,crm_import
7704,1,17650,Athletics,Varsity Baseball,,2027,,crm_import
7705,1,16564,Athletics,Varsity Baseball,,1999,2003,online
7706,1,12684,Athletics,Varsity Baseball,,1979,1983,crm_import
7707,1,14048,Athletics,Varsity Baseball,,,,crm_import
7708,1,3587,Athletics,Varsity Baseball,,2027,,online
7709,1,2512,Athletics,Varsity Baseball,,2027,,crm_import
7710,1,6926,Athletics,Varsity Baseball,,1982,1986,crm_import
7711,1,1685,Athletics,Varsity Baseball,,2005,2007,crm_import
7712,1,16276,Athletics,Varsity Baseball,,1977,1980,crm_import
7713,1,9348,Athletics,Varsity Baseball,Co-Captain,2025,,online
7714,1,8373,Athletics,Varsity Baseball,,,,crm_import
7715,1,9798,Athletics,Varsity Baseball,,2023,2026,crm_import
7716,1,16686,Athletics,Varsity Baseball,,1954,1956,online
7717,1,3244,Athletics,Varsity Baseball,,1993,1996,crm_import
7718,1,13492,Athletics,Varsity Baseball,Captain,2010,2013,crm_import
7719,1,14486,Athletics,Varsity Baseball,,1981,1983,advancement_entry
7720,1,13937,Athletics,Varsity Baseball,Co-Captain,2017,2021,crm_import
7721,1,16,Athletics,Varsity Baseball,,2007,2009,crm_import
7722,1,3179,Athletics,Varsity Baseball,,,,crm_import
7723,1,4328,Athletics,Varsity Baseball,,2006,2010,crm_import
7724,1,6771,Athletics,Varsity Baseball,,2003,2006,crm_import
7725,1,5293,Athletics,Varsity Baseball,,1999,2002,crm_import
7726,1,10097,Athletics,Varsity Baseball,,1985,1987,crm_import
7727,1,7343,Athletics,Varsity Baseball,,1998,2001,crm_import
7728,1,1462,Athletics,Varsity Baseball,,1996,1999,crm_import
7729,1,2274,Athletics,Varsity Baseball,,1999,2001,crm_import
7730,1,10645,Athletics,Varsity Baseball,,1981,1983,crm_import
7731,1,19030,Athletics,Varsity Baseball,,2003,2006,advancement_entry
7732,1,10604,Athletics,Varsity Baseball,,1996,1999,crm_import
7733,1,17797,Athletics,Varsity Baseball,,,,crm_import
7734,1,5406,Athletics,Varsity Baseball,,2001,2005,crm_import
7735,1,11015,Athletics,Varsity Baseball,,1986,1988,crm_import
7736,1,13911,Athletics,Varsity Baseball,,2010,2014,crm_import
7737,1,17207,Athletics,Varsity Baseball,,2006,2010,online
7738,1,10140,Athletics,Varsity Baseball,,1998,2002,advancement_entry
7739,1,12519,Athletics,Varsity Baseball,,,,online
7740,1,14920,Athletics,Varsity Baseball,Co-Captain,1998,2002,crm_import
7741,1,7735,Athletics,Varsity Baseball,,2023,,crm_import
7742,1,221,Athletics,Varsity Baseball,,1986,1989,online
7743,1,5797,Athletics,Varsity Baseball,,2006,2009,online
7744,1,538,Athletics,Varsity Baseball,Captain,1979,1983,online
7745,1,13777,Athletics,Varsity Baseball,,,,crm_import
7746,1,9467,Athletics,Varsity Baseball,Captain,2026,,online
7747,1,10887,Athletics,Varsity Baseball,,2025,,crm_import
7748,1,3999,Athletics,Varsity Baseball,,,,crm_import
7749,1,8935,Athletics,Varsity Baseball,,2026,,advancement_entry
7750,1,13913,Athletics,Varsity Baseball,,2024,,crm_import
7751,1,12630,Athletics,Varsity Baseball,,1980,1984,crm_import
7752,1,3937,Athletics,Varsity Baseball,,1997,1999,crm_import
7753,1,1540,Athletics,Varsity Baseball,,1982,1985,crm_import
7754,1,4887,Athletics,Varsity Baseball,,,,advancement_entry
7755,1,16696,Athletics,Varsity Baseball,,2011,2015,crm_import
7756,1,11074,Athletics,Varsity Baseball,,2024,,crm_import
7757,1,1718,Athletics,Varsity Baseball,,2016,2020,online
7758,1,12497,Athletics,Varsity Baseball,,2010,2012,advancement_entry
7759,1,11333,Athletics,Varsity Baseball,,1970,1972,crm_import
7760,1,7901,Athletics,Varsity Baseball,,,,online
7761,1,4235,Athletics,Varsity Baseball,,2015,2019,online
7762,1,16293,Athletics,Varsity Baseball,Co-Captain,1977,1980,crm_import
7763,1,5781,Athletics,Varsity Baseball,Co-Captain,2015,2018,crm_import
7764,1,901,Athletics,Varsity Baseball,,2000,2002,crm_import
7765,1,6257,Athletics,Varsity Baseball,,1998,2000,crm_import
7766,1,1761,Athletics,Varsity Baseball,,2025,,advancement_entry
7767,1,1725,Athletics,Varsity Baseball,,1984,1988,online
7768,1,18943,Athletics,Varsity Baseball,,1994,1997,crm_import
7769,1,13855,Athletics,Varsity Baseball,,2009,2012,crm_import
7770,1,11384,Athletics,Varsity Baseball,Team Representative,,,crm_import
7771,1,5541,Athletics,Varsity Baseball,,2023,2026,advancement_entry
7772,1,8992,Athletics,Varsity Baseball,,1976,1979,crm_import
7773,1,11650,Athletics,Varsity Baseball,,2001,2004,advancement_entry
7774,1,2217,Athletics,Varsity Baseball,,2012,2016,crm_import
7775,1,16432,Athletics,Varsity Baseball,,1987,1990,crm_import
7776,1,14338,Athletics,Varsity Baseball,,2016,2019,crm_import
7777,1,7864,Athletics,Varsity Baseball,,2027,,crm_import
7778,1,12082,Athletics,Varsity Baseball,,2026,,crm_import
7779,1,10190,Athletics,Varsity Baseball,,2005,2009,crm_import
7780,1,16153,Athletics,Varsity Baseball,,,,crm_import
7781,1,455,Athletics,Varsity Baseball,,2003,2005,online
7782,1,873,Athletics,Varsity Baseball,,1970,1974,crm_import
7783,1,9614,Athletics,Varsity Baseball,,2007,2009,online
7784,1,6693,Athletics,Varsity Baseball,,1993,1997,crm_import
7785,1,339,Athletics,Varsity Baseball,,2010,2013,crm_import
7786,1,9072,Athletics,Varsity Baseball,Team Representative,2000,2004,advancement_entry
7787,1,8026,Athletics,Varsity Baseball,,1970,1972,crm_import
7788,1,14963,Athletics,Varsity Baseball,Captain,2027,,crm_import
7789,1,19747,Athletics,Varsity Baseball,,2008,2010,crm_import
7790,1,10397,Athletics,Varsity Baseball,,1986,1989,crm_import
7791,1,7414,Athletics,Varsity Baseball,,1978,1981,crm_import
7792,1,301,Athletics,Varsity Baseball,,1999,2003,crm_import
7793,1,5080,Athletics,Varsity Baseball,,2022,2026,crm_import
7794,1,7944,Athletics,Varsity Baseball,,1985,1987,crm_import
7795,1,14309,Athletics,Varsity Baseball,,2022,2025,crm_import
7796,1,3654,Athletics,Varsity Baseball,,1986,1989,crm_import
7797,1,13711,Athletics,Varsity Baseball,,1959,1963,advancement_entry
7798,1,712,Athletics,Varsity Baseball,,1999,2003,advancement_entry
7799,1,8677,Athletics,Varsity Baseball,,1974,1977,online
7800,1,7416,Athletics,Varsity Baseball,,2011,2015,crm_import
7801,1,18469,Athletics,Varsity Baseball,,1981,1985,crm_import
7802,1,3445,Athletics,Varsity Baseball,,2006,2008,crm_import
7803,1,16845,Athletics,Varsity Baseball,,2013,2017,crm_import
7804,1,4342,Athletics,Varsity Baseball,,2003,2005,advancement_entry
7805,1,495,Athletics,Varsity Baseball,,2012,2015,crm_import
7806,1,10453,Athletics,Varsity Baseball,,2026,,online
7807,1,1838,Athletics,Varsity Baseball,,1987,1991,online
7808,1,5467,Athletics,Varsity Baseball,,2025,,crm_import
7809,1,11319,Athletics,Varsity Baseball,,1974,1978,advancement_entry
7810,1,17990,Athletics,Varsity Baseball,,2008,2012,crm_import
7811,1,532,Athletics,Varsity Baseball,,1992,1996,crm_import
7812,1,9630,Athletics,Varsity Baseball,Captain,2008,2011,crm_import
7813,1,11719,Athletics,Varsity Baseball,,1955,1958,online
7814,1,10203,Athletics,Varsity Baseball,,,,online
7815,1,19491,Athletics,Varsity Baseball,,1997,1999,crm_import
7816,1,18214,Athletics,Varsity Baseball,,1993,1995,online
7817,1,9704,Athletics,Varsity Baseball,,,,online
7818,1,2860,Athletics,Varsity Baseball,,2007,2011,advancement_entry
7819,1,9504,Athletics,Varsity Baseball,,,,online
7820,1,5479,Athletics,Varsity Baseball,,2025,,online
7821,1,1671,Athletics,Varsity Softball,,1997,2001,crm_import
7822,1,2489,Athletics,Varsity Softball,,2001,2004,crm_import
7823,1,12434,Athletics,Varsity Softball,Captain,2027,,crm_import
7824,1,19623,Athletics,Varsity Softball,,2026,,crm_import
7825,1,9104,Athletics,Varsity Softball,,1998,2001,crm_import
7826,1,14771,Athletics,Varsity Softball,,1998,2001,online
7827,1,13603,Athletics,Varsity Softball,,2009,2011,crm_import
7828,1,11631,Athletics,Varsity Softball,,1973,1976,crm_import
7829,1,5844,Athletics,Varsity Softball,,1978,1982,advancement_entry
7830,1,8473,Athletics,Varsity Softball,,1992,1994,online
7831,1,480,Athletics,Varsity Softball,,2025,,crm_import
7832,1,5667,Athletics,Varsity Softball,,1964,1966,crm_import
7833,1,11249,Athletics,Varsity Softball,Team Representative,,,online
7834,1,6003,Athletics,Varsity Softball,,2005,2008,crm_import
7835,1,16802,Athletics,Varsity Softball,,1992,1996,crm_import
7836,1,5374,Athletics,Varsity Softball,,2003,2005,online
7837,1,3053,Athletics,Varsity Softball,,1995,1998,crm_import
7838,1,14952,Athletics,Varsity Softball,,2007,2010,online
7839,1,12036,Athletics,Varsity Softball,,1953,1955,crm_import
7840,1,7715,Athletics,Varsity Softball,,2013,2017,online
7841,1,15934,Athletics,Varsity Softball,,1997,2000,crm_import
7842,1,2743,Athletics,Varsity Softball,,2000,2002,crm_import
7843,1,4169,Athletics,Varsity Softball,,1969,1973,crm_import
7844,1,14370,Athletics,Varsity Softball,,2003,2007,crm_import
7845,1,9263,Athletics,Varsity Softball,,1993,1997,crm_import
7846,1,19791,Athletics,Varsity Softball,,2010,2014,crm_import
7847,1,13150,Athletics,Varsity Softball,,1994,1997,crm_import
7848,1,723,Athletics,Varsity Softball,,2010,2013,crm_import
7849,1,5641,Athletics,Varsity Softball,,2013,2015,crm_import
7850,1,15592,Athletics,Varsity Softball,,1974,1977,online
7851,1,3704,Athletics,Varsity Softball,,2025,,crm_import
7852,1,7118,Athletics,Varsity Softball,,1994,1997,crm_import
7853,1,16297,Athletics,Varsity Softball,,2007,2010,online
7854,1,16210,Athletics,Varsity Softball,,,,crm_import
7855,1,10805,Athletics,Varsity Softball,,2019,2022,crm_import
7856,1,3612,Athletics,Varsity Softball,,2025,,crm_import
7857,1,12433,Athletics,Varsity Softball,,1977,1980,crm_import
7858,1,10026,Athletics,Varsity Softball,,2000,2002,advancement_entry
7859,1,13984,Athletics,Varsity Softball,,2017,2019,advancement_entry
7860,1,1521,Athletics,Varsity Softball,,2011,2015,crm_import
7861,1,18765,Athletics,Varsity Softball,,2015,2018,crm_import
7862,1,12338,Athletics,Varsity Softball,,1981,1985,crm_import
7863,1,11797,Athletics,Varsity Softball,,2006,2008,crm_import
7864,1,4243,Athletics,Varsity Softball,,2025,,advancement_entry
7865,1,3480,Athletics,Varsity Softball,,1977,1980,crm_import
7866,1,4045,Athletics,Varsity Softball,,2003,2006,crm_import
7867,1,10379,Athletics,Varsity Softball,,2005,2007,crm_import
7868,1,6226,Athletics,Varsity Softball,,2027,,crm_import
7869,1,10072,Athletics,Varsity Softball,,1993,1997,advancement_entry
7870,1,1919,Athletics,Varsity Softball,,2027,,crm_import
7871,1,12426,Athletics,Varsity Softball,Captain,2026,,crm_import
7872,1,3737,Athletics,Varsity Softball,,1990,1993,advancement_entry
7873,1,6282,Athletics,Varsity Softball,,2027,,online
7874,1,2440,Athletics,Varsity Softball,,2024,,crm_import
7875,1,13352,Athletics,Varsity Softball,,1965,1968,crm_import
7876,1,6963,Athletics,Varsity Softball,,2024,,crm_import
7877,1,14032,Athletics,Varsity Softball,,2019,2021,crm_import
7878,1,7123,Athletics,Varsity Softball,,2025,,crm_import
7879,1,4923,Athletics,Varsity Softball,,2006,2010,crm_import
7880,1,6076,Athletics,Varsity Softball,,2007,2011,online
7881,1,8266,Athletics,Varsity Softball,,2023,,online
7882,1,4362,Athletics,Varsity Softball,,2024,2026,crm_import
7883,1,7272,Athletics,Varsity Softball,,1974,1978,crm_import
7884,1,512,Athletics,Varsity Softball,Captain,2025,,crm_import
7885,1,16217,Athletics,Varsity Softball,,1995,1999,crm_import
7886,1,15291,Athletics,Varsity Softball,,2005,2009,crm_import
7887,1,7086,Athletics,Varsity Softball,,1992,1996,crm_import
7888,1,14939,Athletics,Varsity Softball,,1957,1961,crm_import
7889,1,11328,Athletics,Varsity Softball,,2023,2026,online
7890,1,16606,Athletics,Varsity Softball,,1951,1955,crm_import
7891,1,18550,Athletics,Varsity Softball,,2006,2009,crm_import
7892,1,1572,Athletics,Varsity Softball,,2008,2012,crm_import
7893,1,2313,Athletics,Varsity Softball,,1999,2002,crm_import
7894,1,19395,Athletics,Varsity Softball,,2012,2016,crm_import
7895,1,5442,Athletics,Varsity Softball,,,,advancement_entry
7896,1,3763,Athletics,Varsity Softball,,2000,2004,online
7897,1,9089,Athletics,Varsity Softball,,1997,1999,advancement_entry
7898,1,18350,Athletics,Varsity Softball,,1978,1982,advancement_entry
7899,1,16661,Athletics,Varsity Softball,,2025,,crm_import
7900,1,9915,Athletics,Varsity Softball,,2023,2026,crm_import
7901,1,4012,Athletics,Varsity Softball,,2007,2011,online
7902,1,15707,Athletics,Varsity Softball,,2022,2024,crm_import
7903,1,744,Athletics,Varsity Softball,,1998,2000,online
7904,1,14124,Athletics,Varsity Softball,,2024,,crm_import
7905,1,13651,Athletics,Varsity Softball,,2021,2023,crm_import
7906,1,2286,Athletics,Varsity Softball,,1962,1965,online
7907,1,17779,Athletics,Varsity Softball,,1976,1979,crm_import
7908,1,2429,Athletics,Varsity Softball,,2028,,crm_import
7909,1,5340,Athletics,Varsity Softball,,2027,,crm_import
7910,1,11943,Athletics,Varsity Softball,Co-Captain,1963,1966,crm_import
7911,1,7143,Athletics,Varsity Softball,,1979,1981,crm_import
7912,1,4040,Athletics,Varsity Softball,,1997,2000,crm_import
7913,1,14439,Athletics,Varsity Softball,,,,crm_import
7914,1,18354,Athletics,Varsity Softball,,2013,2017,advancement_entry
7915,1,11438,Athletics,Varsity Softball,,2010,2012,online
7916,1,2827,Athletics,Varsity Softball,,,,crm_import
7917,1,13102,Athletics,Varsity Softball,,1978,1982,online
7918,1,264,Athletics,Varsity Softball,,2006,2009,crm_import
7919,1,1759,Athletics,Varsity Softball,,1991,1995,advancement_entry
7920,1,4715,Athletics,Varsity Softball,,1951,1953,crm_import
7921,1,9691,Athletics,Varsity Softball,,,,crm_import
7922,1,4345,Athletics,Varsity Softball,,2012,2016,advancement_entry
7923,1,15557,Athletics,Varsity Softball,,2017,2020,crm_import
7924,1,13946,Athletics,Varsity Softball,,2009,2012,advancement_entry
7925,1,1668,Athletics,Varsity Softball,,1988,1992,crm_import
7926,1,14864,Athletics,Varsity Softball,,2016,2019,crm_import
7927,1,9543,Athletics,Varsity Softball,Co-Captain,2004,2006,crm_import
7928,1,9930,Athletics,Varsity Softball,,1981,1984,online
7929,1,2929,Athletics,Varsity Softball,,1978,1981,crm_import
7930,1,4118,Athletics,Varsity Softball,,2024,2026,crm_import
7931,1,10031,Athletics,Varsity Softball,,1966,1968,crm_import
7932,1,14027,Athletics,Varsity Softball,,2015,2017,crm_import
7933,1,3086,Athletics,Varsity Softball,,,,crm_import
7934,1,15031,Athletics,Varsity Softball,,1968,1972,crm_import
7935,1,12518,Athletics,Varsity Softball,,2004,2007,crm_import
7936,1,15566,Athletics,Varsity Softball,,1983,1985,crm_import
7937,1,17295,Athletics,Varsity Softball,,2015,2017,crm_import
7938,1,18530,Athletics,Varsity Softball,,1992,1996,online
7939,1,3893,Athletics,Varsity Softball,,1968,1971,crm_import
7940,1,18458,Athletics,Varsity Softball,,1990,1994,crm_import
7941,1,15414,Athletics,Varsity Softball,,1966,1968,crm_import
7942,1,6307,Athletics,Varsity Softball,,1953,1957,crm_import
7943,1,2337,Athletics,Varsity Softball,,2022,2025,crm_import
7944,1,12000,Athletics,Varsity Softball,,1970,1974,crm_import
7945,1,1357,Athletics,Varsity Softball,,2024,,crm_import
7946,1,9659,Athletics,Varsity Softball,,2018,2020,crm_import
7947,1,9310,Athletics,Varsity Softball,,2008,2012,crm_import
7948,1,1148,Athletics,Varsity Softball,,1993,1997,crm_import
7949,1,13781,Athletics,Varsity Softball,,2002,2004,advancement_entry
7950,1,9972,Athletics,Varsity Softball,,1989,1993,crm_import
7951,1,1186,Athletics,Varsity Softball,,2005,2007,advancement_entry
7952,1,16607,Athletics,Varsity Softball,,2026,,crm_import
7953,1,17158,Athletics,Varsity Softball,Team Representative,2025,,crm_import
7954,1,19703,Athletics,Varsity Softball,,2012,2015,crm_import
7955,1,1958,Athletics,Varsity Softball,,,,crm_import
7956,1,13370,Athletics,Varsity Softball,,,,crm_import
7957,1,6481,Athletics,Varsity Softball,,1965,1967,crm_import
7958,1,15219,Athletics,Varsity Softball,,2004,2007,online
7959,1,3448,Athletics,Varsity Softball,,2009,2011,crm_import
7960,1,16002,Athletics,Varsity Softball,,1967,1971,crm_import
7961,1,12212,Athletics,Varsity Softball,,1998,2001,crm_import
7962,1,6095,Athletics,Varsity Softball,,1970,1973,crm_import
7963,1,14674,Athletics,Varsity Softball,,,,online
7964,1,15609,Athletics,Varsity Softball,,,,crm_import
7965,1,11099,Athletics,Varsity Softball,,2026,,crm_import
7966,1,17728,Athletics,Varsity Softball,,2002,2004,crm_import
7967,1,10433,Athletics,Varsity Softball,,1958,1960,online
7968,1,11122,Athletics,Varsity Softball,Co-Captain,2014,2016,crm_import
7969,1,7555,Athletics,Varsity Softball,,2006,2009,online
7970,1,4163,Athletics,Varsity Softball,,1980,1982,crm_import
7971,1,7931,Athletics,Varsity Track and Field,,2001,2004,crm_import
7972,1,456,Athletics,Varsity Track and Field,,2024,,crm_import
7973,1,11617,Athletics,Varsity Track and Field,,2018,2022,advancement_entry
7974,1,15166,Athletics,Varsity Track and Field,,2020,2023,crm_import
7975,1,7326,Athletics,Varsity Track and Field,,1979,1983,online
7976,1,2233,Athletics,Varsity Track and Field,Co-Captain,1993,1997,crm_import
7977,1,2325,Athletics,Varsity Track and Field,,2006,2008,advancement_entry
7978,1,14824,Athletics,Varsity Track and Field,,2026,,crm_import
7979,1,2378,Athletics,Varsity Track and Field,,1966,1968,crm_import
7980,1,7907,Athletics,Varsity Track and Field,,1993,1997,crm_import
7981,1,15840,Athletics,Varsity Track and Field,Team Representative,2011,2015,crm_import
7982,1,9902,Athletics,Varsity Track and Field,,1999,2003,crm_import
7983,1,11147,Athletics,Varsity Track and Field,,1975,1978,crm_import
7984,1,11443,Athletics,Varsity Track and Field,Co-Captain,2026,,crm_import
7985,1,7140,Athletics,Varsity Track and Field,,2023,2026,crm_import
7986,1,16331,Athletics,Varsity Track and Field,,2026,,crm_import
7987,1,17826,Athletics,Varsity Track and Field,,1966,1970,crm_import
7988,1,19928,Athletics,Varsity Track and Field,,1970,1973,crm_import
7989,1,15665,Athletics,Varsity Track and Field,,1990,1993,crm_import
7990,1,15944,Athletics,Varsity Track and Field,,2027,,online
7991,1,834,Athletics,Varsity Track and Field,,2026,,crm_import
7992,1,13152,Athletics,Varsity Track and Field,,,,crm_import
7993,1,2443,Athletics,Varsity Track and Field,,2012,2014,online
7994,1,15093,Athletics,Varsity Track and Field,,2008,2011,crm_import
7995,1,7518,Athletics,Varsity Track and Field,,2008,2012,crm_import
7996,1,6374,Athletics,Varsity Track and Field,,2025,,crm_import
7997,1,15869,Athletics,Varsity Track and Field,,1995,1997,crm_import
7998,1,14215,Athletics,Varsity Track and Field,,1973,1977,online
7999,1,12969,Athletics,Varsity Track and Field,,,,crm_import
8000,1,10468,Athletics,Varsity Track and Field,,2027,,crm_import
8001,1,10432,Athletics,Varsity Track and Field,,1999,2001,crm_import
8002,1,14710,Athletics,Varsity Track and Field,Captain,2004,2008,crm_import
8003,1,19999,Athletics,Varsity Track and Field,,2005,2009,crm_import
8004,1,5489,Athletics,Varsity Track and Field,,2025,,crm_import
8005,1,18973,Athletics,Varsity Track and Field,Team Representative,2000,2004,crm_import
8006,1,9584,Athletics,Varsity Track and Field,,2002,2005,crm_import
8007,1,13404,Athletics,Varsity Track and Field,,1977,1981,advancement_entry
8008,1,4743,Athletics,Varsity Track and Field,,2011,2015,crm_import
8009,1,1933,Athletics,Varsity Track and Field,,2026,,crm_import
8010,1,1309,Athletics,Varsity Track and Field,,2025,,crm_import
8011,1,19439,Athletics,Varsity Track and Field,,2012,2015,advancement_entry
8012,1,11565,Athletics,Varsity Track and Field,Co-Captain,,,advancement_entry
8013,1,11961,Athletics,Varsity Track and Field,,1978,1981,crm_import
8014,1,16116,Athletics,Varsity Track and Field,,1968,1972,crm_import
8015,1,19140,Athletics,Varsity Track and Field,Team Representative,1970,1972,crm_import
8016,1,4701,Athletics,Varsity Track and Field,,2025,,crm_import
8017,1,476,Athletics,Varsity Track and Field,Captain,2000,2003,crm_import
8018,1,3702,Athletics,Varsity Track and Field,,2006,2009,crm_import
8019,1,4734,Athletics,Varsity Track and Field,,1998,2002,crm_import
8020,1,7703,Athletics,Varsity Track and Field,,2021,2023,crm_import
8021,1,19344,Athletics,Varsity Track and Field,,2019,2023,crm_import
8022,1,18013,Athletics,Varsity Track and Field,,2004,2006,advancement_entry
8023,1,4442,Athletics,Varsity Track and Field,,1994,1997,crm_import
8024,1,15300,Athletics,Varsity Track and Field,,1962,1965,crm_import
8025,1,12288,Athletics,Varsity Track and Field,,2025,,online
8026,1,11332,Athletics,Varsity Track and Field,,2020,2024,crm_import
8027,1,1224,Athletics,Varsity Track and Field,,1999,2003,online
8028,1,6997,Athletics,Varsity Track and Field,,,,crm_import
8029,1,7791,Athletics,Varsity Track and Field,,2028,,crm_import
8030,1,10664,Athletics,Varsity Track and Field,Co-Captain,2023,2026,crm_import
8031,1,13466,Athletics,Varsity Track and Field,,2006,2008,crm_import
8032,1,6484,Athletics,Varsity Track and Field,,,,advancement_entry
8033,1,13286,Athletics,Varsity Track and Field,,1998,2001,crm_import
8034,1,6640,Athletics,Varsity Track and Field,,2007,2011,crm_import
8035,1,540,Athletics,Varsity Track and Field,,2027,,crm_import
8036,1,9823,Athletics,Varsity Track and Field,,1983,1987,crm_import
8037,1,10670,Athletics,Varsity Track and Field,,2027,,online
8038,1,12041,Athletics,Varsity Track and Field,,1993,1995,advancement_entry
8039,1,1075,Athletics,Varsity Track and Field,,1973,1976,advancement_entry
8040,1,3905,Athletics,Varsity Track and Field,,1967,1969,crm_import
8041,1,2679,Athletics,Varsity Track and Field,,,,crm_import
8042,1,6655,Athletics,Varsity Track and Field,Captain,1958,1960,advancement_entry
8043,1,16336,Athletics,Varsity Track and Field,,2025,,crm_import
8044,1,8839,Athletics,Varsity Track and Field,,2023,2026,online
8045,1,14760,Athletics,Varsity Track and Field,,2020,2022,crm_import
8046,1,1254,Athletics,Varsity Track and Field,,2010,2012,crm_import
8047,1,14128,Athletics,Varsity Track and Field,,2005,2007,crm_import
8048,1,11870,Athletics,Varsity Track and Field,,1978,1980,online
8049,1,14032,Athletics,Varsity Track and Field,Co-Captain,2019,2021,crm_import
8050,1,9186,Athletics,Varsity Track and Field,,2006,2009,crm_import
8051,1,652,Athletics,Varsity Track and Field,,2028,,crm_import
8052,1,2440,Athletics,Varsity Track and Field,,2023,,crm_import
8053,1,5614,Athletics,Varsity Track and Field,,1979,1981,crm_import
8054,1,3843,Athletics,Varsity Track and Field,,,,crm_import
8055,1,19562,Athletics,Varsity Track and Field,,2007,2009,crm_import
8056,1,14977,Athletics,Varsity Track and Field,,,,crm_import
8057,1,16207,Athletics,Varsity Track and Field,,1971,1973,crm_import
8058,1,17813,Athletics,Varsity Track and Field,,2010,2012,online
8059,1,4171,Athletics,Varsity Track and Field,,2026,,crm_import
8060,1,9381,Athletics,Varsity Track and Field,,1970,1972,crm_import
8061,1,1771,Athletics,Varsity Track and Field,,2013,2015,crm_import
8062,1,4205,Athletics,Varsity Track and Field,,2011,2015,crm_import
8063,1,19251,Athletics,Varsity Track and Field,,2027,,crm_import
8064,1,12264,Athletics,Varsity Track and Field,,2022,2024,crm_import
8065,1,11891,Athletics,Varsity Track and Field,,1997,2001,crm_import
8066,1,7353,Athletics,Varsity Track and Field,,2010,2013,crm_import
8067,1,8197,Athletics,Varsity Track and Field,,,,online
8068,1,6486,Athletics,Varsity Track and Field,,,,crm_import
8069,1,7507,Athletics,Varsity Track and Field,,2021,2024,crm_import
8070,1,17844,Athletics,Varsity Track and Field,,2007,2010,crm_import
8071,1,5179,Athletics,Varsity Track and Field,,,,crm_import
8072,1,18012,Athletics,Varsity Track and Field,,1984,1987,online
8073,1,9313,Athletics,Varsity Track and Field,,2026,,advancement_entry
8074,1,2493,Athletics,Varsity Track and Field,,2006,2010,crm_import
8075,1,9411,Athletics,Varsity Track and Field,Co-Captain,1990,1992,online
8076,1,726,Athletics,Varsity Track and Field,,2016,2018,crm_import
8077,1,19287,Athletics,Varsity Track and Field,,,,crm_import
8078,1,16523,Athletics,Varsity Track and Field,,,,advancement_entry
8079,1,12859,Athletics,Varsity Track and Field,,2027,,crm_import
8080,1,17838,Athletics,Varsity Track and Field,,2023,2026,crm_import
8081,1,15664,Athletics,Varsity Track and Field,,2015,2017,crm_import
8082,1,10511,Athletics,Varsity Track and Field,Team Representative,1966,1970,crm_import
8083,1,17799,Athletics,Varsity Track and Field,,2007,2010,online
8084,1,2756,Athletics,Varsity Track and Field,Team Representative,2019,2022,crm_import
8085,1,19454,Athletics,Varsity Track and Field,,2016,2018,crm_import
8086,1,18452,Athletics,Varsity Track and Field,,1970,1974,advancement_entry
8087,1,19785,Athletics,Varsity Track and Field,,2002,2005,online
8088,1,4809,Athletics,Varsity Track and Field,,2023,2026,crm_import
8089,1,18096,Athletics,Varsity Track and Field,,1973,1976,online
8090,1,3442,Athletics,Varsity Track and Field,Team Representative,,,crm_import
8091,1,13545,Athletics,Varsity Track and Field,,,,crm_import
8092,1,4459,Athletics,Varsity Track and Field,,,,online
8093,1,4645,Athletics,Varsity Track and Field,,2023,,online
8094,1,12971,Athletics,Varsity Track and Field,Captain,1969,1972,crm_import
8095,1,17267,Athletics,Varsity Track and Field,,1999,2001,crm_import
8096,1,7785,Athletics,Varsity Track and Field,,1998,2001,crm_import
8097,1,9981,Athletics,Varsity Track and Field,,2009,2011,online
8098,1,15327,Athletics,Varsity Track and Field,,1988,1992,crm_import
8099,1,17231,Athletics,Varsity Track and Field,,2014,2018,crm_import
8100,1,9246,Athletics,Varsity Track and Field,,2010,2014,crm_import
8101,1,4498,Athletics,Varsity Track and Field,Team Representative,2026,,crm_import
8102,1,8069,Athletics,Varsity Track and Field,,2025,,crm_import
8103,1,36,Athletics,Varsity Track and Field,,2026,,crm_import
8104,1,19727,Athletics,Varsity Track and Field,,1998,2000,crm_import
8105,1,6119,Athletics,Varsity Track and Field,,1977,1981,advancement_entry
8106,1,1974,Athletics,Varsity Track and Field,,1992,1994,crm_import
8107,1,18270,Athletics,Varsity Track and Field,,1989,1993,crm_import
8108,1,14562,Athletics,Varsity Track and Field,,2003,2005,online
8109,1,14102,Athletics,Varsity Track and Field,,2027,,crm_import
8110,1,1212,Athletics,Varsity Track and Field,,1977,1979,crm_import
8111,1,8320,Athletics,Varsity Track and Field,,2026,,crm_import
8112,1,6917,Athletics,Varsity Track and Field,,2001,2004,crm_import
8113,1,10604,Athletics,Varsity Track and Field,,1995,1999,crm_import
8114,1,15108,Athletics,Varsity Track and Field,,2025,,online
8115,1,1185,Athletics,Varsity Track and Field,,2000,2002,crm_import
8116,1,8733,Athletics,Varsity Track and Field,,1989,1993,online
8117,1,4524,Athletics,Varsity Track and Field,,2001,2004,crm_import
8118,1,13520,Athletics,Varsity Track and Field,,2014,2016,online
8119,1,16150,Athletics,Varsity Track and Field,,2024,2026,crm_import
8120,1,180,Athletics,Varsity Track and Field,,2012,2015,crm_import
8121,1,14275,Athletics,Varsity Track and Field,,2011,2013,crm_import
8122,1,17828,Athletics,Varsity Track and Field,Co-Captain,2025,,crm_import
8123,1,14079,Athletics,Varsity Track and Field,,2005,2008,crm_import
8124,1,14924,Athletics,Varsity Track and Field,,,,advancement_entry
8125,1,3172,Athletics,Varsity Track and Field,,1995,1997,crm_import
8126,1,18228,Athletics,Varsity Track and Field,,1999,2001,crm_import
8127,1,7665,Athletics,Varsity Track and Field,,2026,,crm_import
8128,1,1173,Athletics,Varsity Track and Field,,,,advancement_entry
8129,1,16420,Athletics,Varsity Track and Field,,2010,2014,online
8130,1,11749,Athletics,Varsity Track and Field,Co-Captain,,,online
8131,1,11412,Athletics,Varsity Track and Field,,2017,2021,crm_import
8132,1,2668,Athletics,Varsity Track and Field,,1975,1978,advancement_entry
8133,1,18988,Athletics,Varsity Track and Field,,2001,2004,crm_import
8134,1,11542,Athletics,Varsity Track and Field,,2003,2005,crm_import
8135,1,7643,Athletics,Varsity Track and Field,,2009,2012,crm_import
8136,1,6867,Athletics,Varsity Track and Field,,1994,1997,crm_import
8137,1,19662,Athletics,Varsity Track and Field,,1993,1995,crm_import
8138,1,1656,Athletics,Varsity Track and Field,,,,online
8139,1,5136,Athletics,Varsity Track and Field,,1947,1950,online
8140,1,14784,Athletics,Varsity Track and Field,,,,online
8141,1,8971,Athletics,Varsity Track and Field,Co-Captain,2013,2016,crm_import
8142,1,12314,Athletics,Varsity Track and Field,Captain,2010,2012,advancement_entry
8143,1,13331,Athletics,Varsity Track and Field,,2006,2010,advancement_entry
8144,1,12911,Athletics,Varsity Track and Field,,1986,1988,crm_import
8145,1,17765,Athletics,Varsity Track and Field,,2008,2010,crm_import
8146,1,12741,Athletics,Varsity Track and Field,,2007,2011,crm_import
8147,1,16275,Athletics,Varsity Track and Field,,2023,,crm_import
8148,1,2787,Athletics,Varsity Track and Field,,1988,1992,online
8149,1,10152,Athletics,Varsity Track and Field,,1987,1991,online
8150,1,18711,Athletics,Varsity Track and Field,,2001,2005,crm_import
8151,1,8771,Athletics,Varsity Track and Field,,,,crm_import
8152,1,3603,Athletics,Varsity Track and Field,,1987,1991,crm_import
8153,1,4525,Athletics,Varsity Track and Field,,1972,1976,crm_import
8154,1,15531,Athletics,Varsity Track and Field,,2014,2017,online
8155,1,12306,Athletics,Varsity Track and Field,,2001,2004,crm_import
8156,1,8665,Athletics,Varsity Track and Field,,2026,,crm_import
8157,1,10001,Athletics,Varsity Track and Field,,1963,1967,online
8158,1,8873,Athletics,Varsity Track and Field,,2007,2011,crm_import
8159,1,8253,Athletics,Varsity Track and Field,,,,online
8160,1,8691,Athletics,Varsity Track and Field,,1954,1957,crm_import
8161,1,5171,Athletics,Varsity Track and Field,,2004,2008,online
8162,1,17290,Athletics,Varsity Track and Field,,1988,1992,crm_import
8163,1,19403,Athletics,Varsity Track and Field,Captain,1979,1983,online
8164,1,7461,Athletics,Varsity Track and Field,,,,advancement_entry
8165,1,19510,Athletics,Varsity Track and Field,,1994,1998,crm_import
8166,1,11124,Athletics,Varsity Track and Field,,1956,1960,crm_import
8167,1,13833,Athletics,Varsity Track and Field,Co-Captain,1988,1990,crm_import
8168,1,4505,Athletics,Varsity Track and Field,,2018,2020,crm_import
8169,1,12377,Athletics,Varsity Track and Field,,2013,2017,online
8170,1,16452,Athletics,Varsity Track and Field,,2005,2009,crm_import
8171,1,2597,Athletics,Varsity Track and Field,,,,crm_import
8172,1,7663,Athletics,Varsity Track and Field,,1990,1994,crm_import
8173,1,14444,Athletics,Varsity Track and Field,,2028,,crm_import
8174,1,15100,Athletics,Varsity Track and Field,,1974,1976,crm_import
8175,1,6888,Athletics,Varsity Track and Field,,2026,,crm_import
8176,1,9238,Athletics,Varsity Track and Field,,2028,,crm_import
8177,1,18713,Athletics,Varsity Track and Field,,2016,2019,online
8178,1,14489,Athletics,Varsity Track and Field,,2024,2026,crm_import
8179,1,13652,Athletics,Varsity Track and Field,,1992,1996,crm_import
8180,1,10809,Athletics,Varsity Track and Field,,2016,2018,online
8181,1,13995,Athletics,Varsity Track and Field,,2001,2003,crm_import
8182,1,7578,Athletics,Varsity Track and Field,,1968,1972,advancement_entry
8183,1,13553,Athletics,Varsity Track and Field,,2009,2011,crm_import
8184,1,812,Athletics,Varsity Track and Field,,2009,2013,crm_import
8185,1,6161,Athletics,Varsity Track and Field,,1980,1983,crm_import
8186,1,1328,Athletics,Varsity Track and Field,,2024,,crm_import
8187,1,8437,Athletics,Varsity Track and Field,,,,crm_import
8188,1,10029,Athletics,Varsity Track and Field,,,,crm_import
8189,1,18469,Athletics,Varsity Track and Field,,1983,1985,crm_import
8190,1,2379,Athletics,Varsity Track and Field,,2022,2024,online
8191,1,1643,Athletics,Varsity Swimming,,2024,,crm_import
8192,1,3189,Athletics,Varsity Swimming,Captain,2005,2009,crm_import
8193,1,11431,Athletics,Varsity Swimming,,2002,2004,crm_import
8194,1,18330,Athletics,Varsity Swimming,,2025,,crm_import
8195,1,9865,Athletics,Varsity Swimming,,,,crm_import
8196,1,19804,Athletics,Varsity Swimming,,2011,2015,online
8197,1,18957,Athletics,Varsity Swimming,Co-Captain,1995,1998,crm_import
8198,1,17897,Athletics,Varsity Swimming,Team Representative,1983,1987,crm_import
8199,1,9174,Athletics,Varsity Swimming,,,,advancement_entry
8200,1,17674,Athletics,Varsity Swimming,,2013,2017,crm_import
8201,1,1173,Athletics,Varsity Swimming,,2010,2014,advancement_entry
8202,1,11392,Athletics,Varsity Swimming,,2028,,crm_import
8203,1,3531,Athletics,Varsity Swimming,,2005,2009,advancement_entry
8204,1,5326,Athletics,Varsity Swimming,,1979,1981,crm_import
8205,1,5367,Athletics,Varsity Swimming,,1964,1968,crm_import
8206,1,339,Athletics,Varsity Swimming,,2010,2013,crm_import
8207,1,17536,Athletics,Varsity Swimming,,,,crm_import
8208,1,1184,Athletics,Varsity Swimming,,1982,1986,online
8209,1,11099,Athletics,Varsity Swimming,,2027,,crm_import
8210,1,9962,Athletics,Varsity Swimming,,2025,,online
8211,1,11394,Athletics,Varsity Swimming,,1985,1988,crm_import
8212,1,1954,Athletics,Varsity Swimming,Team Representative,1997,2000,crm_import
8213,1,6548,Athletics,Varsity Swimming,,,,advancement_entry
8214,1,6872,Athletics,Varsity Swimming,,2018,2022,advancement_entry
8215,1,7790,Athletics,Varsity Swimming,,1998,2001,crm_import
8216,1,2094,Athletics,Varsity Swimming,,2025,,crm_import
8217,1,3563,Athletics,Varsity Swimming,,2028,,crm_import
8218,1,14791,Athletics,Varsity Swimming,,2020,2022,crm_import
8219,1,10825,Athletics,Varsity Swimming,,1986,1988,crm_import
8220,1,7264,Athletics,Varsity Swimming,,,,crm_import
8221,1,6535,Athletics,Varsity Swimming,,1994,1997,advancement_entry
8222,1,6726,Athletics,Varsity Swimming,,2001,2005,crm_import
8223,1,19073,Athletics,Varsity Swimming,,2026,,crm_import
8224,1,14125,Athletics,Varsity Swimming,Captain,1983,1985,crm_import
8225,1,18134,Athletics,Varsity Swimming,,2011,2013,crm_import
8226,1,3948,Athletics,Varsity Swimming,,2027,,crm_import
8227,1,1870,Athletics,Varsity Swimming,Team Representative,1956,1959,advancement_entry
8228,1,15765,Athletics,Varsity Swimming,,2005,2008,crm_import
8229,1,8997,Athletics,Varsity Swimming,,1971,1974,crm_import
8230,1,136,Athletics,Varsity Swimming,,2022,2026,crm_import
8231,1,14856,Athletics,Varsity Swimming,,1980,1982,crm_import
8232,1,2624,Athletics,Varsity Swimming,,1991,1995,crm_import
8233,1,18818,Athletics,Varsity Swimming,,1981,1985,crm_import
8234,1,19470,Athletics,Varsity Swimming,,2012,2015,crm_import
8235,1,18463,Athletics,Varsity Swimming,,2015,2017,crm_import
8236,1,3346,Athletics,Varsity Swimming,,2017,2019,crm_import
8237,1,12816,Athletics,Varsity Swimming,,2013,2015,crm_import
8238,1,8833,Athletics,Varsity Swimming,,,,crm_import
8239,1,13531,Athletics,Varsity Swimming,,1999,2001,crm_import
8240,1,9998,Athletics,Varsity Swimming,,1968,1971,crm_import
8241,1,1497,Athletics,Varsity Swimming,,1995,1997,crm_import
8242,1,14944,Athletics,Varsity Swimming,,,,crm_import
8243,1,2187,Athletics,Varsity Swimming,,2004,2007,crm_import
8244,1,7372,Athletics,Varsity Swimming,,2009,2012,crm_import
8245,1,6642,Athletics,Varsity Swimming,,2026,,crm_import
8246,1,6199,Athletics,Varsity Swimming,,2005,2009,crm_import
8247,1,13834,Athletics,Varsity Swimming,,1963,1967,crm_import
8248,1,2069,Athletics,Varsity Swimming,,2006,2008,online
8249,1,4221,Athletics,Varsity Swimming,Team Representative,1992,1995,crm_import
8250,1,9072,Athletics,Varsity Swimming,,2000,2004,advancement_entry
8251,1,11364,Athletics,Varsity Swimming,,1992,1995,advancement_entry
8252,1,3053,Athletics,Varsity Swimming,,1994,1998,crm_import
8253,1,6793,Athletics,Varsity Swimming,,2007,2009,crm_import
8254,1,12358,Athletics,Varsity Swimming,,2005,2007,crm_import
8255,1,5533,Athletics,Varsity Swimming,,2024,,crm_import
8256,1,459,Athletics,Varsity Swimming,,2009,2012,online
8257,1,11381,Athletics,Varsity Swimming,,1974,1977,crm_import
8258,1,14061,Athletics,Varsity Swimming,,2010,2013,online
8259,1,6637,Athletics,Varsity Swimming,Co-Captain,1992,1994,online
8260,1,19585,Athletics,Varsity Swimming,,1997,2000,advancement_entry
8261,1,10709,Athletics,Varsity Swimming,Captain,1955,1959,crm_import
8262,1,13765,Athletics,Varsity Swimming,,,,online
8263,1,3845,Athletics,Varsity Swimming,,1988,1990,crm_import
8264,1,9716,Athletics,Varsity Swimming,Captain,1994,1998,crm_import
8265,1,14020,Athletics,Varsity Swimming,,2025,,online
8266,1,16871,Athletics,Varsity Swimming,,1985,1989,online
8267,1,15405,Athletics,Varsity Swimming,,1988,1990,crm_import
8268,1,5979,Athletics,Varsity Swimming,,2003,2006,crm_import
8269,1,6011,Athletics,Varsity Swimming,,2006,2009,crm_import
8270,1,6659,Athletics,Varsity Swimming,,1967,1971,advancement_entry
8271,1,76,Athletics,Varsity Swimming,,1994,1996,crm_import
8272,1,9128,Athletics,Varsity Swimming,Co-Captain,1981,1985,advancement_entry
8273,1,12278,Athletics,Varsity Swimming,,2026,,crm_import
8274,1,14969,Athletics,Varsity Swimming,,2023,2026,crm_import
8275,1,3106,Athletics,Varsity Swimming,,1990,1992,crm_import
8276,1,10633,Athletics,Varsity Swimming,,2010,2013,crm_import
8277,1,1511,Athletics,Varsity Swimming,,2019,2021,online
8278,1,17770,Athletics,Varsity Swimming,,2009,2012,online
8279,1,2420,Athletics,Varsity Swimming,,2023,,crm_import
8280,1,16982,Athletics,Varsity Swimming,,2027,,online
8281,1,17583,Athletics,Varsity Swimming,,,,crm_import
8282,1,377,Athletics,Varsity Swimming,,1997,1999,crm_import
8283,1,16606,Athletics,Varsity Swimming,,1953,1955,crm_import
8284,1,12070,Athletics,Varsity Swimming,,1959,1962,crm_import
8285,1,10285,Athletics,Varsity Swimming,,1983,1986,crm_import
8286,1,5398,Athletics,Varsity Swimming,,2023,,crm_import
8287,1,9820,Athletics,Varsity Swimming,,2011,2015,crm_import
8288,1,2735,Athletics,Varsity Swimming,,1970,1974,advancement_entry
8289,1,696,Athletics,Varsity Swimming,,2017,2019,crm_import
8290,1,6385,Athletics,Varsity Swimming,,2011,2013,crm_import
8291,1,1510,Athletics,Varsity Swimming,,,,crm_import
8292,1,11495,Athletics,Varsity Swimming,,2023,,crm_import
8293,1,11197,Athletics,Varsity Swimming,Co-Captain,1988,1992,online
8294,1,9542,Athletics,Varsity Swimming,,1979,1983,crm_import
8295,1,1707,Athletics,Varsity Swimming,,2013,2015,crm_import
8296,1,16903,Athletics,Varsity Swimming,,2012,2015,crm_import
8297,1,17520,Athletics,Varsity Swimming,,2025,,crm_import
8298,1,10242,Athletics,Varsity Swimming,,2024,,online
8299,1,14023,Athletics,Varsity Swimming,,1972,1974,online
8300,1,15447,Athletics,Varsity Swimming,,2015,2019,online
8301,1,2239,Athletics,Varsity Swimming,,,,crm_import
8302,1,18359,Athletics,Varsity Swimming,,1990,1992,online
8303,1,15429,Athletics,Varsity Swimming,,1993,1996,crm_import
8304,1,2375,Athletics,Varsity Swimming,,2000,2003,crm_import
8305,1,7431,Athletics,Varsity Swimming,,1983,1986,crm_import
8306,1,18328,Athletics,Varsity Swimming,,1976,1979,advancement_entry
8307,1,14752,Athletics,Varsity Swimming,,1992,1994,crm_import
8308,1,6857,Athletics,Varsity Swimming,,2014,2018,online
8309,1,18147,Athletics,Varsity Swimming,,1950,1952,crm_import
8310,1,3005,Athletics,Varsity Swimming,Co-Captain,2009,2012,crm_import
8311,1,8169,Athletics,Varsity Swimming,,2028,,crm_import
8312,1,9916,Athletics,Varsity Swimming,,1986,1988,advancement_entry
8313,1,8742,Athletics,Varsity Swimming,,1997,2001,online
8314,1,10336,Athletics,Varsity Swimming,,1999,2002,crm_import
8315,1,17389,Athletics,Varsity Swimming,,2002,2006,crm_import
8316,1,7670,Athletics,Varsity Swimming,,2007,2010,advancement_entry
8317,1,17724,Athletics,Varsity Swimming,,2022,2026,online
8318,1,19876,Athletics,Varsity Swimming,,1986,1990,crm_import
8319,1,1966,Athletics,Varsity Swimming,,2006,2009,crm_import
8320,1,18937,Athletics,Varsity Swimming,,1976,1979,crm_import
8321,1,5031,Athletics,Varsity Swimming,,2017,2019,crm_import
8322,1,2802,Athletics,Varsity Swimming,,2011,2015,crm_import
8323,1,13764,Athletics,Varsity Swimming,,2004,2006,online
8324,1,5438,Athletics,Varsity Swimming,,2015,2019,crm_import
8325,1,3174,Athletics,Varsity Swimming,,2003,2006,online
8326,1,17939,Athletics,Varsity Swimming,,1966,1968,online
8327,1,15573,Athletics,Varsity Swimming,,1999,2003,crm_import
8328,1,10403,Athletics,Varsity Swimming,,2027,,online
8329,1,2737,Athletics,Varsity Swimming,,2014,2018,crm_import
8330,1,751,Athletics,Varsity Swimming,,2022,2024,crm_import
8331,1,15732,Athletics,Varsity Swimming,,1974,1978,online
8332,1,18041,Athletics,Varsity Swimming,,2026,,crm_import
8333,1,11677,Athletics,Varsity Swimming,,1999,2002,crm_import
8334,1,2926,Athletics,Varsity Swimming,Team Representative,1990,1994,crm_import
8335,1,13747,Athletics,Varsity Swimming,,2010,2013,crm_import
8336,1,1624,Athletics,Varsity Swimming,,2025,,crm_import
8337,1,14393,Athletics,Varsity Swimming,Captain,2009,2012,online
8338,1,19869,Athletics,Varsity Swimming,,2022,2026,crm_import
8339,1,8111,Athletics,Varsity Swimming,,2006,2008,crm_import
8340,1,355,Athletics,Varsity Swimming,,2015,2018,crm_import
8341,1,4895,Athletics,Varsity Swimming,,2013,2017,crm_import
8342,1,13095,Athletics,Varsity Swimming,,2009,2011,crm_import
8343,1,17546,Athletics,Varsity Swimming,,1981,1984,online
8344,1,9579,Athletics,Varsity Swimming,,2013,2015,crm_import
8345,1,2820,Athletics,Varsity Swimming,,2006,2010,crm_import
8346,1,13666,Athletics,Varsity Swimming,,1996,1999,online
8347,1,3343,Athletics,Varsity Swimming,,1980,1984,online
8348,1,12516,Athletics,Varsity Swimming,,1994,1997,crm_import
8349,1,13508,Athletics,Varsity Swimming,,2004,2007,crm_import
8350,1,4587,Athletics,Varsity Swimming,,2010,2014,crm_import
8351,1,15886,Athletics,Varsity Tennis,,,,crm_import
8352,1,12112,Athletics,Varsity Tennis,,2026,,crm_import
8353,1,10383,Athletics,Varsity Tennis,,2021,2025,crm_import
8354,1,17160,Athletics,Varsity Tennis,,2000,2004,online
8355,1,1469,Athletics,Varsity Tennis,,1970,1973,crm_import
8356,1,6089,Athletics,Varsity Tennis,,2005,2008,online
8357,1,18046,Athletics,Varsity Tennis,,1960,1963,crm_import
8358,1,6022,Athletics,Varsity Tennis,,2015,2018,crm_import
8359,1,16391,Athletics,Varsity Tennis,,2017,2019,crm_import
8360,1,2225,Athletics,Varsity Tennis,Team Representative,,,crm_import
8361,1,2465,Athletics,Varsity Tennis,,2024,,crm_import
8362,1,15654,Athletics,Varsity Tennis,Team Representative,2009,2012,crm_import
8363,1,8022,Athletics,Varsity Tennis,,1985,1987,crm_import
8364,1,19560,Athletics,Varsity Tennis,,1980,1983,crm_import
8365,1,1737,Athletics,Varsity Tennis,,2007,2011,crm_import
8366,1,8194,Athletics,Varsity Tennis,,2010,2012,crm_import
8367,1,16192,Athletics,Varsity Tennis,,2016,2019,crm_import
8368,1,16250,Athletics,Varsity Tennis,,1992,1994,online
8369,1,8259,Athletics,Varsity Tennis,,2026,,crm_import
8370,1,19088,Athletics,Varsity Tennis,,2017,2019,crm_import
8371,1,14943,Athletics,Varsity Tennis,,2026,,crm_import
8372,1,13562,Athletics,Varsity Tennis,,,,online
8373,1,1643,Athletics,Varsity Tennis,,2023,,crm_import
8374,1,7228,Athletics,Varsity Tennis,,2004,2008,advancement_entry
8375,1,14773,Athletics,Varsity Tennis,,2012,2015,crm_import
8376,1,10390,Athletics,Varsity Tennis,,2004,2008,crm_import
8377,1,8469,Athletics,Varsity Tennis,Team Representative,1993,1996,online
8378,1,11505,Athletics,Varsity Tennis,,1983,1985,crm_import
8379,1,3670,Athletics,Varsity Tennis,,2028,,crm_import
8380,1,2960,Athletics,Varsity Tennis,,2000,2002,online
8381,1,10391,Athletics,Varsity Tennis,,2001,2003,crm_import
8382,1,13503,Athletics,Varsity Tennis,,2021,2025,crm_import
8383,1,7479,Athletics,Varsity Tennis,,2024,2026,crm_import
8384,1,9895,Athletics,Varsity Tennis,,,,crm_import
8385,1,1504,Athletics,Varsity Tennis,,1988,1992,advancement_entry
8386,1,11435,Athletics,Varsity Tennis,,2009,2012,crm_import
8387,1,1330,Athletics,Varsity Tennis,,2007,2009,crm_import
8388,1,13260,Athletics,Varsity Tennis,,2003,2005,online
8389,1,4895,Athletics,Varsity Tennis,,2015,2017,crm_import
8390,1,4715,Athletics,Varsity Tennis,,1951,1953,crm_import
8391,1,16387,Athletics,Varsity Tennis,Co-Captain,1985,1987,advancement_entry
8392,1,1815,Athletics,Varsity Tennis,,2012,2014,online
8393,1,15177,Athletics,Varsity Tennis,,2022,2026,advancement_entry
8394,1,3383,Athletics,Varsity Tennis,,2026,,crm_import
8395,1,7764,Athletics,Varsity Tennis,,2009,2012,crm_import
8396,1,2380,Athletics,Varsity Tennis,,2012,2015,online
8397,1,7513,Athletics,Varsity Tennis,,2008,2011,crm_import
8398,1,14089,Athletics,Varsity Tennis,,1996,1998,crm_import
8399,1,4784,Athletics,Varsity Tennis,,2017,2019,crm_import
8400,1,1454,Athletics,Varsity Tennis,Team Representative,1993,1996,crm_import
8401,1,19106,Athletics,Varsity Tennis,,1950,1954,advancement_entry
8402,1,19140,Athletics,Varsity Tennis,,1968,1972,crm_import
8403,1,16518,Athletics,Varsity Tennis,,1989,1993,crm_import
8404,1,2629,Athletics,Varsity Tennis,,1967,1969,crm_import
8405,1,9238,Athletics,Varsity Tennis,,2026,,crm_import
8406,1,800,Athletics,Varsity Tennis,,2020,2024,crm_import
8407,1,15345,Athletics,Varsity Tennis,,1978,1982,crm_import
8408,1,4400,Athletics,Varsity Tennis,,2025,,crm_import
8409,1,1725,Athletics,Varsity Tennis,,1985,1988,online
8410,1,15997,Athletics,Varsity Tennis,,2002,2004,advancement_entry
8411,1,2239,Athletics,Varsity Tennis,,1993,1996,crm_import
8412,1,3356,Athletics,Varsity Tennis,,1984,1987,advancement_entry
8413,1,11289,Athletics,Varsity Tennis,Captain,2025,,crm_import
8414,1,12228,Athletics,Varsity Tennis,,1997,2000,crm_import
8415,1,3421,Athletics,Varsity Tennis,Captain,,,online
8416,1,19431,Athletics,Varsity Tennis,,1989,1991,online
8417,1,6073,Athletics,Varsity Tennis,,2016,2018,crm_import
8418,1,4710,Athletics,Varsity Tennis,,1983,1986,crm_import
8419,1,17121,Athletics,Varsity Tennis,,2005,2009,crm_import
8420,1,8640,Athletics,Varsity Tennis,Team Representative,1981,1985,crm_import
8421,1,10637,Athletics,Varsity Tennis,,2000,2002,online
8422,1,19683,Athletics,Varsity Tennis,,2023,,crm_import
8423,1,4894,Athletics,Varsity Tennis,,,,online
8424,1,18613,Athletics,Varsity Tennis,,2023,,crm_import
8425,1,10354,Athletics,Varsity Tennis,,2011,2013,online
8426,1,1928,Athletics,Varsity Tennis,,1976,1980,crm_import
8427,1,32,Athletics,Varsity Tennis,,2012,2016,advancement_entry
8428,1,3694,Athletics,Varsity Tennis,,1987,1989,crm_import
8429,1,17994,Athletics,Varsity Tennis,,1947,1950,crm_import
8430,1,8591,Athletics,Varsity Tennis,,2013,2015,crm_import
8431,1,15079,Athletics,Varsity Tennis,,1970,1974,crm_import
8432,1,3688,Athletics,Varsity Tennis,,1958,1962,crm_import
8433,1,15199,Athletics,Varsity Tennis,,2013,2016,online
8434,1,12323,Athletics,Varsity Tennis,,1995,1997,crm_import
8435,1,4402,Athletics,Varsity Tennis,,2000,2004,crm_import
8436,1,11471,Athletics,Varsity Tennis,,2003,2007,crm_import
8437,1,18802,Athletics,Varsity Tennis,,2003,2006,crm_import
8438,1,19320,Athletics,Varsity Tennis,,1996,1998,crm_import
8439,1,9659,Athletics,Varsity Tennis,,2016,2020,crm_import
8440,1,17117,Athletics,Varsity Tennis,,2002,2006,crm_import
8441,1,6481,Athletics,Varsity Tennis,,1964,1967,crm_import
8442,1,6071,Athletics,Varsity Tennis,,2013,2016,crm_import
8443,1,15060,Athletics,Varsity Tennis,,,,crm_import
8444,1,3568,Athletics,Varsity Tennis,Co-Captain,1948,1951,online
8445,1,9024,Athletics,Varsity Tennis,,2012,2015,crm_import
8446,1,687,Athletics,Varsity Tennis,,1953,1956,online
8447,1,12473,Athletics,Varsity Tennis,,2002,2005,online
8448,1,7446,Athletics,Varsity Tennis,,1958,1962,crm_import
8449,1,16697,Athletics,Varsity Tennis,,2025,,crm_import
8450,1,10752,Athletics,Varsity Tennis,,2017,2019,online
8451,1,5884,Athletics,Varsity Tennis,,2004,2006,crm_import
8452,1,11441,Athletics,Varsity Tennis,,1958,1960,online
8453,1,7061,Athletics,Varsity Tennis,,1970,1972,online
8454,1,8095,Athletics,Varsity Tennis,,2024,2026,online
8455,1,17156,Athletics,Varsity Tennis,,1997,1999,online
8456,1,12211,Athletics,Varsity Tennis,,2016,2019,crm_import
8457,1,14036,Athletics,Varsity Tennis,,2027,,crm_import
8458,1,3814,Athletics,Varsity Tennis,,2027,,crm_import
8459,1,19739,Athletics,Varsity Tennis,,2024,,crm_import
8460,1,8572,Athletics,Varsity Tennis,,1996,1998,crm_import
8461,1,7037,Athletics,Varsity Tennis,,2015,2017,crm_import
8462,1,11419,Athletics,Varsity Tennis,,2014,2017,online
8463,1,13462,Athletics,Varsity Tennis,,2012,2016,online
8464,1,11722,Athletics,Varsity Tennis,,2026,,crm_import
8465,1,1648,Athletics,Varsity Tennis,,1969,1972,crm_import
8466,1,8594,Athletics,Varsity Tennis,,2010,2013,advancement_entry
8467,1,12452,Athletics,Varsity Tennis,,2015,2019,crm_import
8468,1,7506,Athletics,Varsity Tennis,,2026,,crm_import
8469,1,19271,Athletics,Varsity Tennis,,2024,,crm_import
8470,1,10548,Athletics,Varsity Tennis,,2009,2011,crm_import
8471,1,8782,Athletics,Varsity Lacrosse,,1998,2000,online
8472,1,18937,Athletics,Varsity Lacrosse,Team Representative,1976,1979,crm_import
8473,1,7244,Athletics,Varsity Lacrosse,,1962,1965,online
8474,1,16564,Athletics,Varsity Lacrosse,,1999,2003,online
8475,1,7795,Athletics,Varsity Lacrosse,,2005,2007,crm_import
8476,1,4621,Athletics,Varsity Lacrosse,,1999,2002,crm_import
8477,1,12870,Athletics,Varsity Lacrosse,,2013,2016,crm_import
8478,1,461,Athletics,Varsity Lacrosse,,2014,2016,crm_import
8479,1,6199,Athletics,Varsity Lacrosse,,2007,2009,crm_import
8480,1,16799,Athletics,Varsity Lacrosse,,1994,1997,crm_import
8481,1,17521,Athletics,Varsity Lacrosse,,1968,1972,crm_import
8482,1,2474,Athletics,Varsity Lacrosse,,1977,1980,crm_import
8483,1,6554,Athletics,Varsity Lacrosse,,2023,,crm_import
8484,1,6255,Athletics,Varsity Lacrosse,,2010,2012,crm_import
8485,1,7582,Athletics,Varsity Lacrosse,,1985,1987,crm_import
8486,1,8517,Athletics,Varsity Lacrosse,,2024,,advancement_entry
8487,1,1106,Athletics,Varsity Lacrosse,,2023,,crm_import
8488,1,10851,Athletics,Varsity Lacrosse,,2011,2015,crm_import
8489,1,15534,Athletics,Varsity Lacrosse,,1982,1985,online
8490,1,6753,Athletics,Varsity Lacrosse,,1970,1974,crm_import
8491,1,14451,Athletics,Varsity Lacrosse,,2007,2011,online
8492,1,19508,Athletics,Varsity Lacrosse,,2001,2004,crm_import
8493,1,2297,Athletics,Varsity Lacrosse,,2016,2019,crm_import
8494,1,5582,Athletics,Varsity Lacrosse,,1990,1993,online
8495,1,1251,Athletics,Varsity Lacrosse,,2013,2015,online
8496,1,17487,Athletics,Varsity Lacrosse,,,,online
8497,1,17599,Athletics,Varsity Lacrosse,,,,crm_import
8498,1,8762,Athletics,Varsity Lacrosse,,2003,2006,crm_import
8499,1,15389,Athletics,Varsity Lacrosse,,2024,2026,crm_import
8500,1,5537,Athletics,Varsity Lacrosse,,1982,1984,crm_import
8501,1,2452,Athletics,Varsity Lacrosse,Co-Captain,1978,1982,crm_import
8502,1,12214,Athletics,Varsity Lacrosse,,1979,1982,crm_import
8503,1,11723,Athletics,Varsity Lacrosse,,1993,1997,crm_import
8504,1,15844,Athletics,Varsity Lacrosse,Team Representative,2008,2011,crm_import
8505,1,3341,Athletics,Varsity Lacrosse,,2006,2008,crm_import
8506,1,5262,Athletics,Varsity Lacrosse,,2024,,crm_import
8507,1,6156,Athletics,Varsity Lacrosse,,,,advancement_entry
8508,1,1333,Athletics,Varsity Lacrosse,,1998,2000,crm_import
8509,1,16140,Athletics,Varsity Lacrosse,,1988,1992,online
8510,1,8409,Athletics,Varsity Lacrosse,,2006,2010,crm_import
8511,1,6188,Athletics,Varsity Lacrosse,,2023,,crm_import
8512,1,12629,Athletics,Varsity Lacrosse,,2016,2018,crm_import
8513,1,13085,Athletics,Varsity Lacrosse,Co-Captain,2016,2018,crm_import
8514,1,4859,Athletics,Varsity Lacrosse,,1977,1980,crm_import
8515,1,4929,Athletics,Varsity Lacrosse,,2010,2012,crm_import
8516,1,6637,Athletics,Varsity Lacrosse,,1992,1994,online
8517,1,14588,Athletics,Varsity Lacrosse,,2016,2018,crm_import
8518,1,7265,Athletics,Varsity Lacrosse,,1960,1964,online
8519,1,19403,Athletics,Varsity Lacrosse,,1979,1983,online
8520,1,9828,Athletics,Varsity Lacrosse,,2019,2023,crm_import
8521,1,18104,Athletics,Varsity Lacrosse,,2002,2006,online
8522,1,2276,Athletics,Varsity Lacrosse,Co-Captain,2006,2010,online
8523,1,13929,Athletics,Varsity Lacrosse,,2004,2007,crm_import
8524,1,950,Athletics,Varsity Lacrosse,,1987,1991,online
8525,1,17476,Athletics,Varsity Lacrosse,,1974,1978,advancement_entry
8526,1,17128,Athletics,Varsity Lacrosse,,2005,2008,online
8527,1,16213,Athletics,Varsity Lacrosse,,1977,1980,online
8528,1,7691,Athletics,Varsity Lacrosse,,1998,2001,crm_import
8529,1,12058,Athletics,Varsity Lacrosse,,1968,1970,advancement_entry
8530,1,5044,Athletics,Varsity Lacrosse,,2008,2012,advancement_entry
8531,1,14434,Athletics,Varsity Lacrosse,,,,online
8532,1,1819,Athletics,Varsity Lacrosse,,1976,1980,advancement_entry
8533,1,17536,Athletics,Varsity Lacrosse,,2024,,crm_import
8534,1,7613,Athletics,Varsity Lacrosse,Captain,1975,1979,crm_import
8535,1,11107,Athletics,Varsity Lacrosse,,2009,2012,online
8536,1,2989,Athletics,Varsity Lacrosse,,2016,2020,crm_import
8537,1,11471,Athletics,Varsity Lacrosse,,2005,2007,crm_import
8538,1,16786,Athletics,Varsity Lacrosse,Captain,1988,1992,online
8539,1,5867,Athletics,Varsity Lacrosse,,1993,1997,crm_import
8540,1,18635,Athletics,Varsity Lacrosse,,1976,1979,crm_import
8541,1,19251,Athletics,Varsity Lacrosse,,2027,,crm_import
8542,1,17556,Athletics,Varsity Lacrosse,,,,advancement_entry
8543,1,17313,Athletics,Varsity Lacrosse,Team Representative,2024,,crm_import
8544,1,13520,Athletics,Varsity Lacrosse,,2013,2016,online
8545,1,3383,Athletics,Varsity Lacrosse,,2027,,crm_import
8546,1,537,Athletics,Varsity Lacrosse,,2022,2026,online
8547,1,2180,Athletics,Varsity Lacrosse,,1976,1978,crm_import
8548,1,9183,Athletics,Varsity Lacrosse,,2027,,online
8549,1,4136,Athletics,Varsity Lacrosse,,2025,,crm_import
8550,1,15872,Athletics,Varsity Lacrosse,,2027,,crm_import
8551,1,10958,Athletics,Varsity Lacrosse,,1999,2003,crm_import
8552,1,5372,Athletics,Varsity Lacrosse,,,,crm_import
8553,1,9710,Athletics,Varsity Lacrosse,,,,crm_import
8554,1,10841,Athletics,Varsity Lacrosse,,1990,1994,crm_import
8555,1,11743,Athletics,Varsity Lacrosse,,2025,,crm_import
8556,1,17924,Athletics,Varsity Lacrosse,,2028,,crm_import
8557,1,12139,Athletics,Varsity Lacrosse,,,,advancement_entry
8558,1,18114,Athletics,Varsity Lacrosse,,2020,2024,online
8559,1,8485,Athletics,Varsity Lacrosse,,1982,1984,crm_import
8560,1,14674,Athletics,Varsity Lacrosse,,1977,1981,online
8561,1,935,Athletics,Varsity Lacrosse,,1974,1977,crm_import
8562,1,4717,Athletics,Varsity Lacrosse,,2005,2008,crm_import
8563,1,5186,Athletics,Varsity Lacrosse,,,,crm_import
8564,1,9320,Athletics,Varsity Lacrosse,,1992,1994,online
8565,1,2997,Athletics,Varsity Lacrosse,Captain,2006,2009,advancement_entry
8566,1,3133,Athletics,Varsity Lacrosse,Captain,2023,,crm_import
8567,1,11500,Athletics,Varsity Lacrosse,,2003,2007,crm_import
8568,1,8777,Athletics,Varsity Lacrosse,,2020,2022,crm_import
8569,1,13151,Athletics,Varsity Lacrosse,,2004,2006,crm_import
8570,1,3286,Athletics,Varsity Lacrosse,,1977,1981,crm_import
8571,1,7813,Athletics,Varsity Lacrosse,,2023,,crm_import
8572,1,5623,Athletics,Varsity Lacrosse,,1965,1969,crm_import
8573,1,11090,Athletics,Varsity Lacrosse,Captain,,,crm_import
8574,1,7702,Athletics,Varsity Lacrosse,,1995,1997,crm_import
8575,1,1218,Athletics,Varsity Lacrosse,,1989,1993,crm_import
8576,1,4078,Athletics,Varsity Lacrosse,,1990,1992,crm_import
8577,1,1588,Athletics,Varsity Lacrosse,,,,crm_import
8578,1,10576,Athletics,Varsity Lacrosse,,1997,1999,online
8579,1,16992,Athletics,Varsity Lacrosse,Co-Captain,,,crm_import
8580,1,16174,Athletics,Varsity Lacrosse,Captain,2021,2025,crm_import
8581,1,18026,Athletics,Varsity Lacrosse,,2004,2006,crm_import
8582,1,7625,Athletics,Varsity Lacrosse,,2027,,crm_import
8583,1,6124,Athletics,Varsity Lacrosse,,2000,2003,crm_import
8584,1,704,Athletics,Varsity Lacrosse,,1996,1998,online
8585,1,5529,Athletics,Varsity Lacrosse,,,,advancement_entry
8586,1,16144,Athletics,Varsity Lacrosse,,1991,1993,crm_import
8587,1,15480,Athletics,Varsity Lacrosse,,2006,2010,crm_import
8588,1,13105,Athletics,Varsity Lacrosse,,2009,2012,online
8589,1,14470,Athletics,Varsity Lacrosse,,2023,,online
8590,1,12706,Athletics,Varsity Lacrosse,,2001,2003,crm_import
8591,1,2546,Athletics,Varsity Lacrosse,,1961,1964,advancement_entry
8592,1,153,Athletics,Varsity Lacrosse,,1992,1996,crm_import
8593,1,6741,Athletics,Varsity Lacrosse,,1971,1975,crm_import
8594,1,11786,Athletics,Varsity Lacrosse,,2003,2005,crm_import
8595,1,14146,Athletics,Varsity Lacrosse,,2013,2016,crm_import
8596,1,11442,Athletics,Varsity Lacrosse,,2022,2025,crm_import
8597,1,10648,Athletics,Varsity Lacrosse,,2000,2003,crm_import
8598,1,9217,Athletics,Varsity Lacrosse,,1993,1997,online
8599,1,14585,Athletics,Varsity Lacrosse,Co-Captain,1966,1968,online
8600,1,2826,Athletics,Varsity Lacrosse,,2023,,crm_import
8601,1,2876,Athletics,Varsity Lacrosse,,2008,2011,crm_import
8602,1,14082,Athletics,Varsity Lacrosse,,2004,2008,online
8603,1,12125,Athletics,Varsity Lacrosse,,2026,,crm_import
8604,1,11558,Athletics,Varsity Lacrosse,,2023,2026,crm_import
8605,1,5201,Athletics,Varsity Lacrosse,,2002,2005,crm_import
8606,1,1709,Athletics,Varsity Lacrosse,,1972,1976,online
8607,1,2925,Athletics,Varsity Lacrosse,,1996,1999,crm_import
8608,1,11427,Athletics,Varsity Lacrosse,,,,crm_import
8609,1,7322,Athletics,Varsity Lacrosse,,2016,2019,crm_import
8610,1,11270,Athletics,Varsity Lacrosse,,1982,1984,crm_import
8611,1,18918,Athletics,Varsity Lacrosse,Captain,,,crm_import
8612,1,1264,Athletics,Varsity Lacrosse,,1954,1956,crm_import
8613,1,4491,Athletics,Varsity Lacrosse,,1975,1978,crm_import
8614,1,8740,Athletics,Varsity Lacrosse,,1992,1995,crm_import
8615,1,15411,Athletics,Varsity Lacrosse,Team Representative,2006,2008,crm_import
8616,1,1146,Athletics,Varsity Lacrosse,,1995,1998,online
8617,1,15207,Athletics,Varsity Lacrosse,,2006,2010,crm_import
8618,1,17813,Athletics,Varsity Lacrosse,,2010,2012,online
8619,1,3997,Athletics,Varsity Lacrosse,,1985,1987,crm_import
8620,1,1032,Athletics,Varsity Lacrosse,,1997,1999,crm_import
8621,1,14006,Athletics,Varsity Volleyball,,2005,2008,online
8622,1,18763,Athletics,Varsity Volleyball,Team Representative,2011,2015,online
8623,1,19504,Athletics,Varsity Volleyball,,1958,1962,crm_import
8624,1,12318,Athletics,Varsity Volleyball,,2008,2010,crm_import
8625,1,2550,Athletics,Varsity Volleyball,,2005,2008,crm_import
8626,1,3849,Athletics,Varsity Volleyball,,2023,2026,crm_import
8627,1,18718,Athletics,Varsity Volleyball,,1998,2000,crm_import
8628,1,6528,Athletics,Varsity Volleyball,,1970,1973,crm_import
8629,1,7392,Athletics,Varsity Volleyball,Captain,2024,,online
8630,1,3890,Athletics,Varsity Volleyball,Captain,2020,2022,crm_import
8631,1,4832,Athletics,Varsity Volleyball,,1961,1965,crm_import
8632,1,2345,Athletics,Varsity Volleyball,,2020,2024,crm_import
8633,1,15875,Athletics,Varsity Volleyball,,2025,,crm_import
8634,1,3593,Athletics,Varsity Volleyball,,,,crm_import
8635,1,14102,Athletics,Varsity Volleyball,,2027,,crm_import
8636,1,1750,Athletics,Varsity Volleyball,,1984,1988,crm_import
8637,1,4757,Athletics,Varsity Volleyball,,1989,1993,advancement_entry
8638,1,5951,Athletics,Varsity Volleyball,,1969,1973,advancement_entry
8639,1,8690,Athletics,Varsity Volleyball,,2007,2009,crm_import
8640,1,13726,Athletics,Varsity Volleyball,Co-Captain,1982,1985,crm_import
8641,1,11094,Athletics,Varsity Volleyball,,2001,2003,online
8642,1,1874,Athletics,Varsity Volleyball,,2011,2014,crm_import
8643,1,18245,Athletics,Varsity Volleyball,,1976,1978,crm_import
8644,1,1028,Athletics,Varsity Volleyball,Co-Captain,2021,2023,crm_import
8645,1,11204,Athletics,Varsity Volleyball,,1965,1968,advancement_entry
8646,1,18313,Athletics,Varsity Volleyball,,2011,2014,crm_import
8647,1,17785,Athletics,Varsity Volleyball,,,,advancement_entry
8648,1,14338,Athletics,Varsity Volleyball,,2016,2019,crm_import
8649,1,7633,Athletics,Varsity Volleyball,,1990,1992,crm_import
8650,1,19772,Athletics,Varsity Volleyball,,2011,2013,online
8651,1,9685,Athletics,Varsity Volleyball,,2007,2010,crm_import
8652,1,1153,Athletics,Varsity Volleyball,,2019,2021,crm_import
8653,1,4694,Athletics,Varsity Volleyball,,2006,2010,advancement_entry
8654,1,17674,Athletics,Varsity Volleyball,,2013,2017,crm_import
8655,1,17059,Athletics,Varsity Volleyball,,1984,1988,crm_import
8656,1,9638,Athletics,Varsity Volleyball,,1998,2000,crm_import
8657,1,10781,Athletics,Varsity Volleyball,,1988,1991,crm_import
8658,1,9644,Athletics,Varsity Volleyball,,1979,1981,crm_import
8659,1,17400,Athletics,Varsity Volleyball,,1995,1998,crm_import
8660,1,5040,Athletics,Varsity Volleyball,,2025,,online
8661,1,3014,Athletics,Varsity Volleyball,Co-Captain,2003,2006,crm_import
8662,1,1045,Athletics,Varsity Volleyball,,,,online
8663,1,8887,Athletics,Varsity Volleyball,,2007,2009,crm_import
8664,1,1643,Athletics,Varsity Volleyball,,2023,,crm_import
8665,1,15869,Athletics,Varsity Volleyball,,,,crm_import
8666,1,19224,Athletics,Varsity Volleyball,,2028,,crm_import
8667,1,18935,Athletics,Varsity Volleyball,,1988,1991,crm_import
8668,1,15737,Athletics,Varsity Volleyball,,2023,,crm_import
8669,1,13657,Athletics,Varsity Volleyball,,1994,1998,crm_import
8670,1,14053,Athletics,Varsity Volleyball,,1985,1988,crm_import
8671,1,18658,Athletics,Varsity Volleyball,,2026,,crm_import
8672,1,690,Athletics,Varsity Volleyball,,2020,2022,online
8673,1,19884,Athletics,Varsity Volleyball,,1993,1997,online
8674,1,16134,Athletics,Varsity Volleyball,,2014,2017,online
8675,1,13317,Athletics,Varsity Volleyball,,1993,1996,crm_import
8676,1,11014,Athletics,Varsity Volleyball,,,,online
8677,1,900,Athletics,Varsity Volleyball,Co-Captain,2002,2004,crm_import
8678,1,19418,Athletics,Varsity Volleyball,,2023,,crm_import
8679,1,13724,Athletics,Varsity Volleyball,,2009,2013,crm_import
8680,1,7423,Athletics,Varsity Volleyball,,,,crm_import
8681,1,16110,Athletics,Varsity Volleyball,,1972,1976,crm_import
8682,1,19006,Athletics,Varsity Volleyball,,2023,2026,advancement_entry
8683,1,12446,Athletics,Varsity Volleyball,,,,crm_import
8684,1,18589,Athletics,Varsity Volleyball,,2024,,online
8685,1,1918,Athletics,Varsity Volleyball,,2028,,online
8686,1,1165,Athletics,Varsity Volleyball,,2025,,crm_import
8687,1,19610,Athletics,Varsity Volleyball,,1995,1999,crm_import
8688,1,12748,Athletics,Varsity Volleyball,,2019,2021,advancement_entry
8689,1,3080,Athletics,Varsity Volleyball,,2014,2017,crm_import
8690,1,9989,Athletics,Varsity Volleyball,,1974,1978,crm_import
8691,1,4660,Athletics,Varsity Volleyball,,2028,,crm_import
8692,1,15163,Athletics,Varsity Volleyball,Co-Captain,1985,1987,crm_import
8693,1,1838,Athletics,Varsity Volleyball,,1987,1991,online
8694,1,12333,Athletics,Varsity Volleyball,,1968,1971,crm_import
8695,1,10491,Athletics,Varsity Volleyball,,2001,2005,crm_import
8696,1,18601,Athletics,Varsity Volleyball,,1961,1965,crm_import
8697,1,10619,Athletics,Varsity Volleyball,,2013,2015,crm_import
8698,1,16950,Athletics,Varsity Volleyball,,1984,1988,online
8699,1,15518,Athletics,Varsity Volleyball,,2001,2004,crm_import
8700,1,16150,Athletics,Varsity Volleyball,,2024,2026,crm_import
8701,1,18278,Athletics,Varsity Volleyball,Team Representative,2003,2005,advancement_entry
8702,1,15063,Athletics,Varsity Volleyball,,1979,1981,crm_import
8703,1,2147,Athletics,Varsity Volleyball,,2011,2014,crm_import
8704,1,18783,Athletics,Varsity Volleyball,,1961,1963,crm_import
8705,1,13361,Athletics,Varsity Volleyball,,1998,2000,online
8706,1,3933,Athletics,Varsity Volleyball,,2015,2017,advancement_entry
8707,1,9354,Athletics,Varsity Volleyball,,,,online
8708,1,18326,Athletics,Varsity Volleyball,,2024,,crm_import
8709,1,6137,Athletics,Varsity Volleyball,,2001,2005,crm_import
8710,1,10990,Athletics,Varsity Volleyball,,1984,1988,crm_import
8711,1,19368,Athletics,Varsity Volleyball,,2028,,crm_import
8712,1,17432,Athletics,Varsity Volleyball,,1998,2002,crm_import
8713,1,8873,Athletics,Varsity Volleyball,Co-Captain,2007,2011,crm_import
8714,1,11289,Athletics,Varsity Volleyball,,2023,,crm_import
8715,1,19778,Athletics,Varsity Volleyball,Captain,,,crm_import
8716,1,4095,Athletics,Varsity Volleyball,,1978,1981,crm_import
8717,1,12564,Athletics,Varsity Volleyball,,2002,2006,crm_import
8718,1,13949,Athletics,Varsity Volleyball,,2012,2014,crm_import
8719,1,6721,Athletics,Varsity Volleyball,,2019,2021,crm_import
8720,1,1050,Athletics,Varsity Volleyball,,2012,2016,online
8721,1,14177,Athletics,Varsity Volleyball,,,,crm_import
8722,1,5024,Athletics,Varsity Volleyball,,2017,2021,crm_import
8723,1,5063,Athletics,Varsity Volleyball,,1974,1976,crm_import
8724,1,16215,Athletics,Varsity Volleyball,,1984,1987,crm_import
8725,1,4040,Athletics,Varsity Volleyball,,1997,2000,crm_import
8726,1,10415,Athletics,Varsity Volleyball,,,,crm_import
8727,1,18914,Athletics,Varsity Volleyball,,2018,2022,online
8728,1,3763,Athletics,Varsity Volleyball,,2002,2004,online
8729,1,8622,Athletics,Varsity Volleyball,,1973,1976,crm_import
8730,1,15759,Athletics,Varsity Volleyball,,2023,2026,crm_import
8731,1,15181,Athletics,Varsity Volleyball,,2009,2011,crm_import
8732,1,9745,Athletics,Varsity Volleyball,,2014,2016,crm_import
8733,1,14298,Athletics,Varsity Volleyball,,2013,2016,crm_import
8734,1,11691,Athletics,Varsity Volleyball,Captain,,,crm_import
8735,1,7939,Athletics,Varsity Volleyball,,2025,,crm_import
8736,1,17684,Athletics,Varsity Volleyball,,2018,2021,crm_import
8737,1,10766,Athletics,Varsity Volleyball,,2004,2006,crm_import
8738,1,9323,Athletics,Varsity Volleyball,,,,online
8739,1,6315,Athletics,Varsity Volleyball,,1980,1984,crm_import
8740,1,12338,Athletics,Varsity Volleyball,,1981,1985,crm_import
8741,1,2997,Athletics,Varsity Volleyball,,2006,2009,advancement_entry
8742,1,3818,Athletics,Varsity Volleyball,,2002,2004,online
8743,1,7975,Athletics,Varsity Volleyball,,2028,,crm_import
8744,1,6617,Athletics,Varsity Volleyball,,1968,1970,advancement_entry
8745,1,10691,Athletics,Varsity Volleyball,,2001,2005,online
8746,1,4613,Athletics,Varsity Volleyball,,1999,2001,online
8747,1,10659,Athletics,Varsity Volleyball,,1996,2000,crm_import
8748,1,6071,Athletics,Varsity Volleyball,,2012,2016,crm_import
8749,1,19682,Athletics,Varsity Volleyball,,2012,2016,online
8750,1,19683,Athletics,Varsity Volleyball,Co-Captain,2023,,crm_import
8751,1,25,Athletics,Varsity Rowing,,2025,,crm_import
8752,1,5329,Athletics,Varsity Rowing,,1972,1974,crm_import
8753,1,1193,Athletics,Varsity Rowing,,2016,2019,advancement_entry
8754,1,13933,Athletics,Varsity Rowing,,2026,,crm_import
8755,1,16863,Athletics,Varsity Rowing,,1976,1978,online
8756,1,9567,Athletics,Varsity Rowing,,1999,2002,crm_import
8757,1,12153,Athletics,Varsity Rowing,Co-Captain,1997,2000,crm_import
8758,1,8194,Athletics,Varsity Rowing,,2009,2012,crm_import
8759,1,12765,Athletics,Varsity Rowing,,2013,2015,online
8760,1,12240,Athletics,Varsity Rowing,,2014,2018,online
8761,1,15931,Athletics,Varsity Rowing,,2024,,crm_import
8762,1,11288,Athletics,Varsity Rowing,,,,crm_import
8763,1,16471,Athletics,Varsity Rowing,,1961,1965,crm_import
8764,1,5980,Athletics,Varsity Rowing,,2023,2026,crm_import
8765,1,10191,Athletics,Varsity Rowing,,,,crm_import
8766,1,18099,Athletics,Varsity Rowing,,1986,1990,crm_import
8767,1,17593,Athletics,Varsity Rowing,,1976,1979,online
8768,1,12387,Athletics,Varsity Rowing,,,,crm_import
8769,1,2659,Athletics,Varsity Rowing,,1990,1992,crm_import
8770,1,15275,Athletics,Varsity Rowing,,2024,,crm_import
8771,1,8645,Athletics,Varsity Rowing,,2005,2009,crm_import
8772,1,19552,Athletics,Varsity Rowing,,1989,1992,online
8773,1,3193,Athletics,Varsity Rowing,,2004,2007,crm_import
8774,1,2085,Athletics,Varsity Rowing,,1980,1982,crm_import
8775,1,7976,Athletics,Varsity Rowing,,1982,1985,online
8776,1,4033,Athletics,Varsity Rowing,,1989,1993,crm_import
8777,1,7986,Athletics,Varsity Rowing,,1963,1966,crm_import
8778,1,7474,Athletics,Varsity Rowing,,1993,1996,crm_import
8779,1,4673,Athletics,Varsity Rowing,Team Representative,2018,2021,advancement_entry
8780,1,16150,Athletics,Varsity Rowing,,2024,2026,crm_import
8781,1,4822,Athletics,Varsity Rowing,,2026,,crm_import
8782,1,10916,Athletics,Varsity Rowing,,2025,,crm_import
8783,1,10087,Athletics,Varsity Rowing,Captain,,,online
8784,1,13053,Athletics,Varsity Rowing,,1991,1994,online
8785,1,18013,Athletics,Varsity Rowing,,2002,2006,advancement_entry
8786,1,15414,Athletics,Varsity Rowing,,1966,1968,crm_import
8787,1,1626,Athletics,Varsity Rowing,,2020,2023,crm_import
8788,1,16387,Athletics,Varsity Rowing,,1983,1987,advancement_entry
8789,1,6002,Athletics,Varsity Rowing,,1992,1995,advancement_entry
8790,1,8391,Athletics,Varsity Rowing,,,,crm_import
8791,1,18508,Athletics,Varsity Rowing,Captain,1990,1993,online
8792,1,76,Athletics,Varsity Rowing,,1993,1996,crm_import
8793,1,8311,Athletics,Varsity Rowing,,2007,2009,crm_import
8794,1,14969,Athletics,Varsity Rowing,,2023,2026,crm_import
8795,1,3387,Athletics,Varsity Rowing,,1973,1975,online
8796,1,19578,Athletics,Varsity Rowing,,2025,,crm_import
8797,1,16168,Athletics,Varsity Rowing,,1999,2001,crm_import
8798,1,2254,Athletics,Varsity Rowing,,2015,2018,crm_import
8799,1,2089,Athletics,Varsity Rowing,,,,crm_import
8800,1,17013,Athletics,Varsity Rowing,,2012,2015,crm_import
8801,1,10284,Athletics,Varsity Rowing,,2013,2015,crm_import
8802,1,9164,Athletics,Varsity Rowing,Captain,2015,2017,crm_import
8803,1,1098,Athletics,Varsity Rowing,,1960,1964,online
8804,1,10822,Athletics,Varsity Rowing,,2025,,crm_import
8805,1,18354,Athletics,Varsity Rowing,,2014,2017,advancement_entry
8806,1,15461,Athletics,Varsity Rowing,,1996,1999,crm_import
8807,1,3206,Athletics,Varsity Rowing,,1987,1989,advancement_entry
8808,1,7251,Athletics,Varsity Rowing,,2007,2011,crm_import
8809,1,13817,Athletics,Varsity Rowing,,1998,2001,advancement_entry
8810,1,17124,Athletics,Varsity Rowing,,2026,,online
8811,1,4983,Athletics,Varsity Rowing,,2000,2003,crm_import
8812,1,144,Athletics,Varsity Rowing,Team Representative,,,crm_import
8813,1,2646,Athletics,Varsity Rowing,,1980,1982,crm_import
8814,1,18601,Athletics,Varsity Rowing,,1962,1965,crm_import
8815,1,14768,Athletics,Varsity Rowing,,1994,1998,crm_import
8816,1,7431,Athletics,Varsity Rowing,,1982,1986,crm_import
8817,1,12227,Athletics,Varsity Rowing,,2024,,online
8818,1,2285,Athletics,Varsity Rowing,,2014,2018,crm_import
8819,1,18896,Athletics,Varsity Rowing,,2021,2024,advancement_entry
8820,1,10370,Athletics,Varsity Rowing,Captain,2017,2020,crm_import
8821,1,1126,Athletics,Varsity Rowing,,1988,1992,crm_import
8822,1,16390,Athletics,Varsity Rowing,,1997,1999,crm_import
8823,1,13450,Athletics,Varsity Rowing,,2016,2019,crm_import
8824,1,8002,Athletics,Varsity Rowing,Team Representative,2010,2014,crm_import
8825,1,1328,Athletics,Varsity Rowing,,2025,,crm_import
8826,1,7133,Athletics,Varsity Rowing,,2013,2015,crm_import
8827,1,8657,Athletics,Varsity Rowing,,1988,1991,advancement_entry
8828,1,6351,Athletics,Varsity Rowing,,1989,1991,online
8829,1,16758,Athletics,Varsity Rowing,,2004,2007,crm_import
8830,1,12454,Athletics,Varsity Rowing,,2013,2017,crm_import
8831,1,4571,Athletics,Varsity Rowing,,1998,2001,crm_import
8832,1,12211,Athletics,Varsity Rowing,,2015,2019,crm_import
8833,1,2900,Athletics,Varsity Rowing,,1979,1981,crm_import
8834,1,16262,Athletics,Varsity Rowing,,2026,,crm_import
8835,1,17128,Athletics,Varsity Rowing,,2006,2008,online
8836,1,3544,Athletics,Varsity Rowing,,1959,1963,crm_import
8837,1,3355,Athletics,Varsity Rowing,,2024,,crm_import
8838,1,11674,Athletics,Varsity Rowing,,1961,1965,crm_import
8839,1,8985,Athletics,Varsity Rowing,,1999,2002,crm_import
8840,1,9178,Athletics,Varsity Rowing,,,,advancement_entry
8841,1,13866,Athletics,Varsity Rowing,,1996,2000,crm_import
8842,1,8316,Athletics,Varsity Rowing,,2025,,crm_import
8843,1,16161,Athletics,Varsity Rowing,,,,crm_import
8844,1,13739,Athletics,Varsity Rowing,,2003,2007,online
8845,1,16213,Athletics,Varsity Rowing,,1977,1980,online
8846,1,13188,Athletics,Varsity Rowing,,1971,1973,online
8847,1,16922,Athletics,Varsity Rowing,Team Representative,2028,,crm_import
8848,1,13685,Athletics,Varsity Rowing,,2018,2020,online
8849,1,1980,Athletics,Varsity Rowing,,2013,2017,advancement_entry
8850,1,7142,Athletics,Varsity Rowing,,2006,2009,crm_import
8851,1,6186,Athletics,Varsity Rowing,,2022,2026,online
8852,1,19717,Athletics,Varsity Rowing,,2012,2014,online
8853,1,6861,Athletics,Varsity Rowing,,1996,2000,crm_import
8854,1,6603,Athletics,Varsity Rowing,,2006,2010,crm_import
8855,1,714,Athletics,Varsity Rowing,,2025,,crm_import
8856,1,13520,Athletics,Varsity Rowing,,2013,2016,online
8857,1,10969,Athletics,Varsity Rowing,,2022,2026,crm_import
8858,1,14559,Athletics,Varsity Rowing,Co-Captain,2026,,online
8859,1,13054,Athletics,Varsity Rowing,Co-Captain,2013,2017,crm_import
8860,1,18746,Athletics,Varsity Rowing,,1992,1996,crm_import
8861,1,13693,Athletics,Varsity Rowing,,2012,2015,crm_import
8862,1,5006,Athletics,Varsity Rowing,,2026,,crm_import
8863,1,9016,Athletics,Varsity Rowing,Team Representative,2002,2005,crm_import
8864,1,9161,Athletics,Varsity Rowing,Captain,1950,1952,online
8865,1,7319,Athletics,Varsity Rowing,,2011,2014,crm_import
8866,1,16440,Athletics,Varsity Rowing,,2012,2014,online
8867,1,1698,Athletics,Varsity Rowing,,2008,2011,crm_import
8868,1,17214,Athletics,Varsity Rowing,,1980,1984,crm_import
8869,1,11495,Athletics,Varsity Rowing,,2023,,crm_import
8870,1,8586,Athletics,Varsity Rowing,,1970,1974,crm_import
8871,1,12632,Athletics,Varsity Rowing,,2025,,online
8872,1,17747,Athletics,Varsity Rowing,,1971,1973,online
8873,1,3621,Athletics,Varsity Rowing,,2027,,crm_import
8874,1,18114,Athletics,Varsity Rowing,,2020,2024,online
8875,1,13282,Athletics,Varsity Rowing,,,,crm_import
8876,1,289,Athletics,Varsity Rowing,Captain,1994,1996,crm_import
8877,1,16411,Athletics,Varsity Rowing,,2022,2026,online
8878,1,12489,Athletics,Varsity Rowing,,,,crm_import
8879,1,6543,Athletics,Varsity Rowing,,1989,1991,crm_import
8880,1,15757,Athletics,Varsity Rowing,,2006,2010,online
8881,1,15269,Athletics,Varsity Rowing,,1998,2001,crm_import
8882,1,14439,Athletics,Varsity Rowing,,2007,2010,crm_import
8883,1,13023,Athletics,Varsity Rowing,,,,crm_import
8884,1,5198,Athletics,Varsity Rowing,Co-Captain,2007,2011,crm_import
8885,1,4109,Athletics,Varsity Rowing,,2020,2024,crm_import
8886,1,9414,Athletics,Varsity Rowing,,1992,1995,crm_import
8887,1,5899,Athletics,Varsity Rowing,,1996,1998,crm_import
8888,1,10920,Athletics,Varsity Rowing,,1996,1999,online
8889,1,19781,Athletics,Varsity Rowing,,1989,1993,crm_import
8890,1,1446,Athletics,Varsity Rowing,Co-Captain,,,crm_import
8891,1,3241,Greek Life,Alpha Beta Society,,,,crm_import
8892,1,8864,Greek Life,Alpha Beta Society,,1992,1995,crm_import
8893,1,3447,Greek Life,Alpha Beta Society,,,,online
8894,1,6163,Greek Life,Alpha Beta Society,,2027,,crm_import
8895,1,13964,Greek Life,Alpha Beta Society,,,,crm_import
8896,1,6519,Greek Life,Alpha Beta Society,,1975,1979,online
8897,1,9450,Greek Life,Alpha Beta Society,President,1987,1991,crm_import
8898,1,4718,Greek Life,Alpha Beta Society,,2014,2017,crm_import
8899,1,11647,Greek Life,Alpha Beta Society,,1987,1989,crm_import
8900,1,16100,Greek Life,Alpha Beta Society,,,,online
8901,1,19507,Greek Life,Alpha Beta Society,,,,crm_import
8902,1,3304,Greek Life,Alpha Beta Society,,,,crm_import
8903,1,17179,Greek Life,Alpha Beta Society,,2004,2008,advancement_entry
8904,1,19001,Greek Life,Alpha Beta Society,,1993,1995,online
8905,1,12948,Greek Life,Alpha Beta Society,,1980,1984,crm_import
8906,1,6675,Greek Life,Alpha Beta Society,,,,crm_import
8907,1,7667,Greek Life,Alpha Beta Society,,1996,1999,crm_import
8908,1,6567,Greek Life,Alpha Beta Society,,2027,,crm_import
8909,1,13264,Greek Life,Alpha Beta Society,,,,crm_import
8910,1,4459,Greek Life,Alpha Beta Society,,,,online
8911,1,12497,Greek Life,Alpha Beta Society,,,,advancement_entry
8912,1,2618,Greek Life,Alpha Beta Society,,,,crm_import
8913,1,11733,Greek Life,Alpha Beta Society,,,,online
8914,1,1864,Greek Life,Alpha Beta Society,,,,crm_import
8915,1,6879,Greek Life,Alpha Beta Society,,,,crm_import
8916,1,3448,Greek Life,Alpha Beta Society,,2007,2011,crm_import
8917,1,10633,Greek Life,Alpha Beta Society,,2010,2013,crm_import
8918,1,2587,Greek Life,Alpha Beta Society,,,,crm_import
8919,1,598,Greek Life,Alpha Beta Society,,2008,2012,crm_import
8920,1,9152,Greek Life,Alpha Beta Society,,,,crm_import
8921,1,4157,Greek Life,Alpha Beta Society,,,,online
8922,1,18276,Greek Life,Alpha Beta Society,,2016,2018,crm_import
8923,1,12868,Greek Life,Alpha Beta Society,,2024,,crm_import
8924,1,7631,Greek Life,Alpha Beta Society,,,,crm_import
8925,1,15951,Greek Life,Alpha Beta Society,,1954,1958,crm_import
8926,1,8650,Greek Life,Alpha Beta Society,,2013,2015,crm_import
8927,1,18277,Greek Life,Alpha Beta Society,,,,crm_import
8928,1,2405,Greek Life,Alpha Beta Society,President,,,crm_import
8929,1,3125,Greek Life,Alpha Beta Society,,,,crm_import
8930,1,33,Greek Life,Alpha Beta Society,,2004,2006,advancement_entry
8931,1,3528,Greek Life,Alpha Beta Society,,2000,2003,crm_import
8932,1,10483,Greek Life,Alpha Beta Society,,,,crm_import
8933,1,449,Greek Life,Alpha Beta Society,,2016,2019,online
8934,1,15712,Greek Life,Alpha Beta Society,Chapter Officer,,,crm_import
8935,1,4302,Greek Life,Alpha Beta Society,,1961,1964,online
8936,1,19832,Greek Life,Alpha Beta Society,,,,advancement_entry
8937,1,16071,Greek Life,Alpha Beta Society,,2016,2018,crm_import
8938,1,14697,Greek Life,Alpha Beta Society,,,,online
8939,1,19105,Greek Life,Alpha Beta Society,,,,online
8940,1,14061,Greek Life,Alpha Beta Society,,2010,2013,online
8941,1,16668,Greek Life,Alpha Beta Society,Chapter Officer,,,online
8942,1,14842,Greek Life,Alpha Beta Society,,,,online
8943,1,19604,Greek Life,Alpha Beta Society,,1995,1998,crm_import
8944,1,13102,Greek Life,Alpha Beta Society,,,,online
8945,1,16697,Greek Life,Alpha Beta Society,Chapter Officer,2024,,crm_import
8946,1,16370,Greek Life,Alpha Beta Society,,1999,2001,online
8947,1,11673,Greek Life,Alpha Beta Society,,,,crm_import
8948,1,19702,Greek Life,Alpha Beta Society,,2026,,crm_import
8949,1,9320,Greek Life,Alpha Beta Society,,1991,1994,online
8950,1,1980,Greek Life,Alpha Beta Society,,2013,2017,advancement_entry
8951,1,1500,Greek Life,Alpha Beta Society,,,,advancement_entry
8952,1,19627,Greek Life,Alpha Beta Society,,,,crm_import
8953,1,12006,Greek Life,Alpha Beta Society,,,,crm_import
8954,1,12738,Greek Life,Alpha Beta Society,Treasurer,,,crm_import
8955,1,4984,Greek Life,Alpha Beta Society,Treasurer,2009,2011,crm_import
8956,1,4652,Greek Life,Alpha Beta Society,,,,advancement_entry
8957,1,18954,Greek Life,Alpha Beta Society,,1974,1976,crm_import
8958,1,12201,Greek Life,Alpha Beta Society,,,,crm_import
8959,1,9493,Greek Life,Alpha Beta Society,,,,online
8960,1,5403,Greek Life,Alpha Beta Society,,1985,1988,crm_import
8961,1,19856,Greek Life,Alpha Beta Society,,,,crm_import
8962,1,12568,Greek Life,Alpha Beta Society,,,,crm_import
8963,1,2551,Greek Life,Alpha Beta Society,,,,online
8964,1,15988,Greek Life,Alpha Beta Society,,,,crm_import
8965,1,18498,Greek Life,Alpha Beta Society,,,,online
8966,1,13888,Greek Life,Alpha Beta Society,,1968,1972,online
8967,1,18026,Greek Life,Alpha Beta Society,,,,crm_import
8968,1,6137,Greek Life,Alpha Beta Society,,2001,2005,crm_import
8969,1,16182,Greek Life,Alpha Beta Society,President,,,crm_import
8970,1,922,Greek Life,Alpha Beta Society,,,,crm_import
8971,1,13557,Greek Life,Alpha Beta Society,,,,online
8972,1,11749,Greek Life,Alpha Beta Society,,1999,2002,online
8973,1,12322,Greek Life,Alpha Beta Society,,2024,2026,crm_import
8974,1,1052,Greek Life,Alpha Beta Society,,,,crm_import
8975,1,17421,Greek Life,Alpha Beta Society,,,,crm_import
8976,1,13556,Greek Life,Alpha Beta Society,,,,online
8977,1,9812,Greek Life,Alpha Beta Society,,2025,,online
8978,1,13508,Greek Life,Alpha Beta Society,,,,crm_import
8979,1,11314,Greek Life,Alpha Beta Society,,2028,,online
8980,1,26,Greek Life,Alpha Beta Society,,1987,1989,crm_import
8981,1,7997,Greek Life,Alpha Beta Society,,,,crm_import
8982,1,9323,Greek Life,Alpha Beta Society,,,,online
8983,1,15390,Greek Life,Alpha Beta Society,,,,online
8984,1,17561,Greek Life,Alpha Beta Society,,2022,2026,crm_import
8985,1,330,Greek Life,Alpha Beta Society,,1971,1974,crm_import
8986,1,18629,Greek Life,Alpha Beta Society,,2022,2026,crm_import
8987,1,3909,Greek Life,Alpha Beta Society,,,,crm_import
8988,1,13981,Greek Life,Alpha Beta Society,President,,,crm_import
8989,1,15681,Greek Life,Alpha Beta Society,,,,crm_import
8990,1,8871,Greek Life,Alpha Beta Society,,,,crm_import
8991,1,8240,Greek Life,Alpha Beta Society,,1990,1994,crm_import
8992,1,7570,Greek Life,Alpha Beta Society,,1961,1963,crm_import
8993,1,19171,Greek Life,Alpha Beta Society,,1992,1995,crm_import
8994,1,5060,Greek Life,Alpha Beta Society,,2013,2017,advancement_entry
8995,1,11437,Greek Life,Alpha Beta Society,,,,crm_import
8996,1,9663,Greek Life,Alpha Beta Society,President,,,online
8997,1,14063,Greek Life,Alpha Beta Society,,1999,2003,crm_import
8998,1,15051,Greek Life,Alpha Beta Society,,,,online
8999,1,6119,Greek Life,Alpha Beta Society,,,,advancement_entry
9000,1,7769,Greek Life,Alpha Beta Society,,1982,1984,advancement_entry
9001,1,19204,Greek Life,Alpha Beta Society,,,,crm_import
9002,1,12652,Greek Life,Alpha Beta Society,,2008,2012,crm_import
9003,1,7084,Greek Life,Alpha Beta Society,,,,advancement_entry
9004,1,13969,Greek Life,Alpha Beta Society,,,,advancement_entry
9005,1,9904,Greek Life,Alpha Beta Society,,,,crm_import
9006,1,6833,Greek Life,Alpha Beta Society,,1972,1975,crm_import
9007,1,16436,Greek Life,Alpha Beta Society,,1962,1964,crm_import
9008,1,10808,Greek Life,Alpha Beta Society,President,,,crm_import
9009,1,19763,Greek Life,Alpha Beta Society,,2004,2008,crm_import
9010,1,17053,Greek Life,Alpha Beta Society,,,,crm_import
9011,1,14415,Greek Life,Alpha Beta Society,,,,crm_import
9012,1,12305,Greek Life,Alpha Beta Society,Treasurer,1993,1997,crm_import
9013,1,17128,Greek Life,Alpha Beta Society,,,,online
9014,1,7506,Greek Life,Alpha Beta Society,Chapter Officer,,,crm_import
9015,1,17904,Greek Life,Alpha Beta Society,,1979,1982,online
9016,1,10635,Greek Life,Alpha Beta Society,,2026,,advancement_entry
9017,1,7051,Greek Life,Alpha Beta Society,,2014,2016,crm_import
9018,1,18333,Greek Life,Alpha Beta Society,,2022,2025,crm_import
9019,1,7375,Greek Life,Alpha Beta Society,,,,crm_import
9020,1,18198,Greek Life,Alpha Beta Society,,2013,2016,crm_import
9021,1,15399,Greek Life,Alpha Beta Society,,,,online
9022,1,4335,Greek Life,Alpha Beta Society,,,,crm_import
9023,1,1909,Greek Life,Alpha Beta Society,,,,online
9024,1,18684,Greek Life,Alpha Beta Society,,,,crm_import
9025,1,1154,Greek Life,Alpha Beta Society,,,,crm_import
9026,1,2865,Greek Life,Alpha Beta Society,,1967,1969,advancement_entry
9027,1,3823,Greek Life,Alpha Beta Society,,,,online
9028,1,14058,Greek Life,Alpha Beta Society,,,,crm_import
9029,1,11895,Greek Life,Alpha Beta Society,,,,crm_import
9030,1,6610,Greek Life,Alpha Beta Society,,1989,1991,advancement_entry
9031,1,10975,Greek Life,Alpha Beta Society,,,,crm_import
9032,1,2911,Greek Life,Alpha Beta Society,,2024,,crm_import
9033,1,15730,Greek Life,Alpha Beta Society,,,,crm_import
9034,1,12750,Greek Life,Alpha Beta Society,,,,crm_import
9035,1,17381,Greek Life,Alpha Beta Society,,1994,1998,online
9036,1,14020,Greek Life,Alpha Beta Society,Chapter Officer,,,online
9037,1,2079,Greek Life,Alpha Beta Society,,,,crm_import
9038,1,16527,Greek Life,Alpha Beta Society,,1991,1995,crm_import
9039,1,10596,Greek Life,Alpha Beta Society,,,,crm_import
9040,1,17344,Greek Life,Alpha Beta Society,,,,crm_import
9041,1,17259,Greek Life,Alpha Beta Society,,,,online
9042,1,15068,Greek Life,Alpha Beta Society,,1987,1990,crm_import
9043,1,18197,Greek Life,Alpha Beta Society,,1964,1966,crm_import
9044,1,4482,Greek Life,Alpha Beta Society,,,,crm_import
9045,1,14767,Greek Life,Alpha Beta Society,,,,crm_import
9046,1,16305,Greek Life,Alpha Beta Society,,,,crm_import
9047,1,15893,Greek Life,Alpha Beta Society,,1963,1967,crm_import
9048,1,17140,Greek Life,Alpha Beta Society,,,,crm_import
9049,1,9053,Greek Life,Alpha Beta Society,,1997,1999,crm_import
9050,1,11221,Greek Life,Alpha Beta Society,,2011,2014,crm_import
9051,1,2342,Greek Life,Alpha Beta Society,,1999,2003,crm_import
9052,1,18809,Greek Life,Alpha Beta Society,,1982,1984,advancement_entry
9053,1,13034,Greek Life,Alpha Beta Society,,,,crm_import
9054,1,15613,Greek Life,Alpha Beta Society,,,,crm_import
9055,1,19586,Greek Life,Alpha Beta Society,,,,crm_import
9056,1,610,Greek Life,Alpha Beta Society,,2008,2012,crm_import
9057,1,18033,Greek Life,Alpha Beta Society,,1983,1986,crm_import
9058,1,5945,Greek Life,Alpha Beta Society,,,,crm_import
9059,1,7692,Greek Life,Alpha Beta Society,,,,crm_import
9060,1,16457,Greek Life,Alpha Beta Society,,,,crm_import
9061,1,844,Greek Life,Alpha Beta Society,,2026,,crm_import
9062,1,7865,Greek Life,Alpha Beta Society,,2028,,crm_import
9063,1,1027,Greek Life,Alpha Beta Society,President,,,crm_import
9064,1,17521,Greek Life,Alpha Beta Society,,,,crm_import
9065,1,14831,Greek Life,Alpha Beta Society,,,,crm_import
9066,1,270,Greek Life,Alpha Beta Society,,,,crm_import
9067,1,14795,Greek Life,Alpha Beta Society,,,,crm_import
9068,1,5795,Greek Life,Alpha Beta Society,,,,crm_import
9069,1,13547,Greek Life,Alpha Beta Society,,2019,2023,crm_import
9070,1,1117,Greek Life,Alpha Beta Society,,2010,2013,crm_import
9071,1,10579,Greek Life,Alpha Beta Society,,2014,2016,advancement_entry
9072,1,2140,Greek Life,Alpha Beta Society,,,,online
9073,1,3726,Greek Life,Alpha Beta Society,,1969,1973,online
9074,1,18284,Greek Life,Alpha Beta Society,President,2023,2026,crm_import
9075,1,5222,Greek Life,Alpha Beta Society,,2011,2015,crm_import
9076,1,6115,Greek Life,Alpha Beta Society,,2027,,crm_import
9077,1,15946,Greek Life,Alpha Beta Society,,,,advancement_entry
9078,1,13511,Greek Life,Alpha Beta Society,,,,crm_import
9079,1,14572,Greek Life,Alpha Beta Society,,2007,2010,crm_import
9080,1,16669,Greek Life,Alpha Beta Society,,1954,1957,crm_import
9081,1,818,Greek Life,Alpha Beta Society,,1984,1986,crm_import
9082,1,18579,Greek Life,Alpha Beta Society,,2004,2006,crm_import
9083,1,8923,Greek Life,Alpha Beta Society,,2010,2014,crm_import
9084,1,3583,Greek Life,Alpha Beta Society,,2000,2003,online
9085,1,2625,Greek Life,Alpha Beta Society,,2024,,crm_import
9086,1,5471,Greek Life,Alpha Beta Society,,,,crm_import
9087,1,2126,Greek Life,Alpha Beta Society,,,,online
9088,1,6467,Greek Life,Alpha Beta Society,,2009,2013,crm_import
9089,1,4891,Greek Life,Alpha Beta Society,,,,crm_import
9090,1,18911,Greek Life,Alpha Beta Society,,,,crm_import
9091,1,11578,Greek Life,Alpha Beta Society,,2012,2014,crm_import
9092,1,701,Greek Life,Alpha Beta Society,,,,crm_import
9093,1,14030,Greek Life,Alpha Beta Society,,,,online
9094,1,5397,Greek Life,Alpha Beta Society,President,,,crm_import
9095,1,2125,Greek Life,Alpha Beta Society,,,,online
9096,1,7062,Greek Life,Alpha Beta Society,,,,crm_import
9097,1,19753,Greek Life,Alpha Beta Society,,,,online
9098,1,17169,Greek Life,Alpha Beta Society,,,,crm_import
9099,1,3211,Greek Life,Alpha Beta Society,,,,online
9100,1,3003,Greek Life,Alpha Beta Society,,2025,,crm_import
9101,1,12804,Greek Life,Alpha Beta Society,,,,online
9102,1,3,Greek Life,Alpha Beta Society,,,,crm_import
9103,1,1532,Greek Life,Alpha Beta Society,,,,crm_import
9104,1,4766,Greek Life,Alpha Beta Society,,2020,2024,crm_import
9105,1,12991,Greek Life,Alpha Beta Society,,,,crm_import
9106,1,11649,Greek Life,Alpha Beta Society,,2023,,crm_import
9107,1,16742,Greek Life,Alpha Beta Society,,2024,,crm_import
9108,1,19650,Greek Life,Alpha Beta Society,,2026,,online
9109,1,19581,Greek Life,Alpha Beta Society,,,,crm_import
9110,1,8866,Greek Life,Alpha Beta Society,,,,crm_import
9111,1,10538,Greek Life,Delta Kappa Society,,2014,2016,online
9112,1,17707,Greek Life,Delta Kappa Society,,1968,1970,crm_import
9113,1,17257,Greek Life,Delta Kappa Society,,,,crm_import
9114,1,4027,Greek Life,Delta Kappa Society,,,,crm_import
9115,1,7670,Greek Life,Delta Kappa Society,,,,advancement_entry
9116,1,13870,Greek Life,Delta Kappa Society,,2024,,online
9117,1,11874,Greek Life,Delta Kappa Society,,1966,1970,crm_import
9118,1,8233,Greek Life,Delta Kappa Society,,1961,1964,online
9119,1,2857,Greek Life,Delta Kappa Society,,,,crm_import
9120,1,17817,Greek Life,Delta Kappa Society,,1965,1967,online
9121,1,8667,Greek Life,Delta Kappa Society,,,,crm_import
9122,1,12627,Greek Life,Delta Kappa Society,,1989,1991,online
9123,1,3742,Greek Life,Delta Kappa Society,,2028,,online
9124,1,12009,Greek Life,Delta Kappa Society,,,,online
9125,1,18895,Greek Life,Delta Kappa Society,,,,crm_import
9126,1,11416,Greek Life,Delta Kappa Society,,,,crm_import
9127,1,15300,Greek Life,Delta Kappa Society,,,,crm_import
9128,1,465,Greek Life,Delta Kappa Society,,,,crm_import
9129,1,18421,Greek Life,Delta Kappa Society,,,,crm_import
9130,1,12094,Greek Life,Delta Kappa Society,,,,crm_import
9131,1,8109,Greek Life,Delta Kappa Society,,2014,2016,crm_import
9132,1,7565,Greek Life,Delta Kappa Society,,,,advancement_entry
9133,1,11112,Greek Life,Delta Kappa Society,,1989,1991,crm_import
9134,1,8594,Greek Life,Delta Kappa Society,,2009,2013,advancement_entry
9135,1,18755,Greek Life,Delta Kappa Society,,,,crm_import
9136,1,9708,Greek Life,Delta Kappa Society,,,,online
9137,1,1431,Greek Life,Delta Kappa Society,Chapter Officer,1985,1987,online
9138,1,7141,Greek Life,Delta Kappa Society,,1976,1980,crm_import
9139,1,4506,Greek Life,Delta Kappa Society,,,,crm_import
9140,1,8212,Greek Life,Delta Kappa Society,,2004,2007,online
9141,1,9978,Greek Life,Delta Kappa Society,,,,advancement_entry
9142,1,14681,Greek Life,Delta Kappa Society,Treasurer,,,online
9143,1,5044,Greek Life,Delta Kappa Society,,,,advancement_entry
9144,1,8052,Greek Life,Delta Kappa Society,,2008,2011,crm_import
9145,1,14647,Greek Life,Delta Kappa Society,President,,,advancement_entry
9146,1,14872,Greek Life,Delta Kappa Society,President,,,advancement_entry
9147,1,19967,Greek Life,Delta Kappa Society,,1999,2001,crm_import
9148,1,13051,Greek Life,Delta Kappa Society,,,,crm_import
9149,1,7004,Greek Life,Delta Kappa Society,,,,crm_import
9150,1,6068,Greek Life,Delta Kappa Society,,2006,2010,crm_import
9151,1,6659,Greek Life,Delta Kappa Society,,,,advancement_entry
9152,1,3330,Greek Life,Delta Kappa Society,,,,advancement_entry
9153,1,2534,Greek Life,Delta Kappa Society,,,,advancement_entry
9154,1,347,Greek Life,Delta Kappa Society,,,,crm_import
9155,1,2624,Greek Life,Delta Kappa Society,,,,crm_import
9156,1,17417,Greek Life,Delta Kappa Society,,1970,1972,crm_import
9157,1,7713,Greek Life,Delta Kappa Society,,2006,2009,advancement_entry
9158,1,16261,Greek Life,Delta Kappa Society,,,,crm_import
9159,1,1668,Greek Life,Delta Kappa Society,,1989,1992,crm_import
9160,1,7904,Greek Life,Delta Kappa Society,,,,crm_import
9161,1,19768,Greek Life,Delta Kappa Society,President,,,crm_import
9162,1,898,Greek Life,Delta Kappa Society,,2004,2007,crm_import
9163,1,18840,Greek Life,Delta Kappa Society,,,,online
9164,1,4268,Greek Life,Delta Kappa Society,,,,crm_import
9165,1,5358,Greek Life,Delta Kappa Society,,2005,2007,crm_import
9166,1,16576,Greek Life,Delta Kappa Society,,,,crm_import
9167,1,3377,Greek Life,Delta Kappa Society,,1959,1963,crm_import
9168,1,14646,Greek Life,Delta Kappa Society,,1958,1961,advancement_entry
9169,1,11692,Greek Life,Delta Kappa Society,,,,crm_import
9170,1,18649,Greek Life,Delta Kappa Society,,,,crm_import
9171,1,10859,Greek Life,Delta Kappa Society,President,,,crm_import
9172,1,2540,Greek Life,Delta Kappa Society,,1989,1992,crm_import
9173,1,1404,Greek Life,Delta Kappa Society,,1972,1975,crm_import
9174,1,15467,Greek Life,Delta Kappa Society,,,,online
9175,1,3141,Greek Life,Delta Kappa Society,,2007,2011,online
9176,1,10925,Greek Life,Delta Kappa Society,,,,crm_import
9177,1,10341,Greek Life,Delta Kappa Society,,2015,2018,online
9178,1,8887,Greek Life,Delta Kappa Society,,2007,2009,crm_import
9179,1,1231,Greek Life,Delta Kappa Society,,,,crm_import
9180,1,6411,Greek Life,Delta Kappa Society,,2011,2013,crm_import
9181,1,19062,Greek Life,Delta Kappa Society,,,,advancement_entry
9182,1,14272,Greek Life,Delta Kappa Society,President,2015,2017,crm_import
9183,1,17995,Greek Life,Delta Kappa Society,,2000,2002,crm_import
9184,1,2514,Greek Life,Delta Kappa Society,,,,crm_import
9185,1,15235,Greek Life,Delta Kappa Society,,2013,2016,crm_import
9186,1,9389,Greek Life,Delta Kappa Society,,2026,,crm_import
9187,1,11895,Greek Life,Delta Kappa Society,,2002,2006,crm_import
9188,1,14557,Greek Life,Delta Kappa Society,Chapter Officer,,,online
9189,1,5177,Greek Life,Delta Kappa Society,,2008,2011,crm_import
9190,1,9296,Greek Life,Delta Kappa Society,,,,crm_import
9191,1,9772,Greek Life,Delta Kappa Society,,,,crm_import
9192,1,15664,Greek Life,Delta Kappa Society,,,,crm_import
9193,1,79,Greek Life,Delta Kappa Society,,,,crm_import
9194,1,10055,Greek Life,Delta Kappa Society,,,,crm_import
9195,1,10325,Greek Life,Delta Kappa Society,,,,crm_import
9196,1,16745,Greek Life,Delta Kappa Society,,,,crm_import
9197,1,344,Greek Life,Delta Kappa Society,,,,crm_import
9198,1,9874,Greek Life,Delta Kappa Society,,1967,1969,crm_import
9199,1,7499,Greek Life,Delta Kappa Society,,,,online
9200,1,15399,Greek Life,Delta Kappa Society,,,,online
9201,1,15947,Greek Life,Delta Kappa Society,,2007,2009,online
9202,1,8406,Greek Life,Delta Kappa Society,Treasurer,1971,1973,crm_import
9203,1,6634,Greek Life,Delta Kappa Society,,,,advancement_entry
9204,1,10755,Greek Life,Delta Kappa Society,,2023,,advancement_entry
9205,1,2992,Greek Life,Delta Kappa Society,,,,crm_import
9206,1,5017,Greek Life,Delta Kappa Society,,,,advancement_entry
9207,1,11861,Greek Life,Delta Kappa Society,,,,crm_import
9208,1,19201,Greek Life,Delta Kappa Society,,2004,2007,online
9209,1,14857,Greek Life,Delta Kappa Society,President,,,crm_import
9210,1,11451,Greek Life,Delta Kappa Society,President,2026,,advancement_entry
9211,1,1572,Greek Life,Delta Kappa Society,President,2010,2012,crm_import
9212,1,8989,Greek Life,Delta Kappa Society,,2005,2007,crm_import
9213,1,3856,Greek Life,Delta Kappa Society,,,,crm_import
9214,1,18879,Greek Life,Delta Kappa Society,,1977,1981,crm_import
9215,1,13555,Greek Life,Delta Kappa Society,,,,crm_import
9216,1,11316,Greek Life,Delta Kappa Society,Treasurer,,,crm_import
9217,1,9612,Greek Life,Delta Kappa Society,,,,crm_import
9218,1,242,Greek Life,Delta Kappa Society,,,,crm_import
9219,1,11215,Greek Life,Delta Kappa Society,President,,,crm_import
9220,1,4482,Greek Life,Delta Kappa Society,,,,crm_import
9221,1,18314,Greek Life,Delta Kappa Society,Chapter Officer,,,crm_import
9222,1,807,Greek Life,Delta Kappa Society,,1972,1975,online
9223,1,6367,Greek Life,Delta Kappa Society,,,,online
9224,1,11568,Greek Life,Delta Kappa Society,President,2025,,crm_import
9225,1,1282,Greek Life,Delta Kappa Society,,1993,1996,advancement_entry
9226,1,14953,Greek Life,Delta Kappa Society,President,1991,1995,crm_import
9227,1,5338,Greek Life,Delta Kappa Society,,2008,2012,crm_import
9228,1,7265,Greek Life,Delta Kappa Society,,1961,1964,online
9229,1,3559,Greek Life,Delta Kappa Society,,,,crm_import
9230,1,586,Greek Life,Delta Kappa Society,,,,crm_import
9231,1,6723,Greek Life,Delta Kappa Society,,,,online
9232,1,3783,Greek Life,Delta Kappa Society,,,,crm_import
9233,1,1641,Greek Life,Delta Kappa Society,Chapter Officer,1986,1990,online
9234,1,15526,Greek Life,Delta Kappa Society,,,,crm_import
9235,1,11525,Greek Life,Delta Kappa Society,,1975,1978,crm_import
9236,1,10892,Greek Life,Delta Kappa Society,,,,crm_import
9237,1,12235,Greek Life,Delta Kappa Society,,,,crm_import
9238,1,13662,Greek Life,Delta Kappa Society,,2024,2026,crm_import
9239,1,14882,Greek Life,Delta Kappa Society,,,,crm_import
9240,1,7436,Greek Life,Delta Kappa Society,,2008,2012,crm_import
9241,1,2467,Greek Life,Delta Kappa Society,Treasurer,2027,,crm_import
9242,1,15144,Greek Life,Delta Kappa Society,,2015,2017,crm_import
9243,1,14061,Greek Life,Delta Kappa Society,,,,online
9244,1,5797,Greek Life,Delta Kappa Society,,,,online
9245,1,4347,Greek Life,Delta Kappa Society,,2026,,crm_import
9246,1,18181,Greek Life,Delta Kappa Society,,1997,2001,crm_import
9247,1,7759,Greek Life,Delta Kappa Society,President,2012,2016,online
9248,1,19842,Greek Life,Delta Kappa Society,,,,advancement_entry
9249,1,18117,Greek Life,Delta Kappa Society,,,,crm_import
9250,1,11765,Greek Life,Delta Kappa Society,Treasurer,2026,,crm_import
9251,1,14305,Greek Life,Delta Kappa Society,,,,online
9252,1,12752,Greek Life,Delta Kappa Society,Chapter Officer,2015,2017,online
9253,1,7427,Greek Life,Delta Kappa Society,,,,crm_import
9254,1,16849,Greek Life,Delta Kappa Society,,,,online
9255,1,6034,Greek Life,Delta Kappa Society,,2008,2010,crm_import
9256,1,15629,Greek Life,Delta Kappa Society,,,,crm_import
9257,1,8393,Greek Life,Delta Kappa Society,,,,advancement_entry
9258,1,16575,Greek Life,Delta Kappa Society,President,,,crm_import
9259,1,11928,Greek Life,Delta Kappa Society,,,,advancement_entry
9260,1,18440,Greek Life,Delta Kappa Society,,,,online
9261,1,3193,Greek Life,Delta Kappa Society,,,,crm_import
9262,1,13517,Greek Life,Delta Kappa Society,,1984,1987,online
9263,1,13140,Greek Life,Delta Kappa Society,Treasurer,2028,,crm_import
9264,1,16190,Greek Life,Delta Kappa Society,President,1994,1998,online
9265,1,5900,Greek Life,Delta Kappa Society,,,,crm_import
9266,1,17286,Greek Life,Delta Kappa Society,,,,crm_import
9267,1,3632,Greek Life,Delta Kappa Society,,2000,2004,advancement_entry
9268,1,6454,Greek Life,Delta Kappa Society,,,,crm_import
9269,1,1227,Greek Life,Delta Kappa Society,,,,online
9270,1,10579,Greek Life,Delta Kappa Society,,,,advancement_entry
9271,1,11579,Greek Life,Delta Kappa Society,,,,crm_import
9272,1,16059,Greek Life,Delta Kappa Society,,,,online
9273,1,4572,Greek Life,Delta Kappa Society,,,,advancement_entry
9274,1,4545,Greek Life,Delta Kappa Society,,2024,,online
9275,1,4878,Greek Life,Delta Kappa Society,,,,crm_import
9276,1,13683,Greek Life,Delta Kappa Society,,,,crm_import
9277,1,9332,Greek Life,Delta Kappa Society,Chapter Officer,,,crm_import
9278,1,10104,Greek Life,Delta Kappa Society,,,,crm_import
9279,1,12447,Greek Life,Delta Kappa Society,,,,online
9280,1,17366,Greek Life,Delta Kappa Society,,2004,2006,crm_import
9281,1,10160,Greek Life,Delta Kappa Society,Treasurer,1992,1996,advancement_entry
9282,1,8049,Greek Life,Delta Kappa Society,,,,crm_import
9283,1,8475,Greek Life,Delta Kappa Society,Treasurer,2024,,advancement_entry
9284,1,16422,Greek Life,Delta Kappa Society,,2015,2019,online
9285,1,886,Greek Life,Delta Kappa Society,,2001,2003,crm_import
9286,1,10764,Greek Life,Delta Kappa Society,,,,crm_import
9287,1,14498,Greek Life,Delta Kappa Society,,1989,1993,crm_import
9288,1,5590,Greek Life,Delta Kappa Society,,2023,,crm_import
9289,1,16225,Greek Life,Delta Kappa Society,,1997,2000,crm_import
9290,1,7907,Greek Life,Delta Kappa Society,,,,crm_import
9291,1,14350,Greek Life,Delta Kappa Society,,,,crm_import
9292,1,1619,Greek Life,Delta Kappa Society,,2026,,crm_import
9293,1,13699,Greek Life,Delta Kappa Society,,,,crm_import
9294,1,11408,Greek Life,Delta Kappa Society,,,,online
9295,1,606,Greek Life,Delta Kappa Society,,2006,2008,crm_import
9296,1,11122,Greek Life,Delta Kappa Society,,,,crm_import
9297,1,11939,Greek Life,Delta Kappa Society,,,,crm_import
9298,1,11156,Greek Life,Delta Kappa Society,,,,crm_import
9299,1,4172,Greek Life,Delta Kappa Society,,2007,2010,crm_import
9300,1,7279,Greek Life,Delta Kappa Society,,,,crm_import
9301,1,741,Greek Life,Gamma Phi Society,,2024,,crm_import
9302,1,19136,Greek Life,Gamma Phi Society,,,,crm_import
9303,1,1733,Greek Life,Gamma Phi Society,,1992,1996,crm_import
9304,1,516,Greek Life,Gamma Phi Society,,1967,1971,online
9305,1,14394,Greek Life,Gamma Phi Society,,,,online
9306,1,12071,Greek Life,Gamma Phi Society,,,,crm_import
9307,1,13072,Greek Life,Gamma Phi Society,,,,crm_import
9308,1,17486,Greek Life,Gamma Phi Society,Chapter Officer,,,crm_import
9309,1,40,Greek Life,Gamma Phi Society,,,,online
9310,1,4703,Greek Life,Gamma Phi Society,,1978,1982,crm_import
9311,1,16479,Greek Life,Gamma Phi Society,,,,crm_import
9312,1,6745,Greek Life,Gamma Phi Society,,,,advancement_entry
9313,1,6316,Greek Life,Gamma Phi Society,,,,online
9314,1,4644,Greek Life,Gamma Phi Society,President,,,online
9315,1,2215,Greek Life,Gamma Phi Society,,,,crm_import
9316,1,299,Greek Life,Gamma Phi Society,,,,crm_import
9317,1,4942,Greek Life,Gamma Phi Society,,1998,2000,online
9318,1,5201,Greek Life,Gamma Phi Society,,,,crm_import
9319,1,1136,Greek Life,Gamma Phi Society,,,,crm_import
9320,1,17843,Greek Life,Gamma Phi Society,,,,crm_import
9321,1,3751,Greek Life,Gamma Phi Society,,2027,,crm_import
9322,1,15823,Greek Life,Gamma Phi Society,,1997,1999,crm_import
9323,1,7663,Greek Life,Gamma Phi Society,,,,crm_import
9324,1,8292,Greek Life,Gamma Phi Society,,,,crm_import
9325,1,9881,Greek Life,Gamma Phi Society,,1976,1978,online
9326,1,11908,Greek Life,Gamma Phi Society,,1995,1998,crm_import
9327,1,8075,Greek Life,Gamma Phi Society,,2014,2017,online
9328,1,4317,Greek Life,Gamma Phi Society,,,,crm_import
9329,1,17567,Greek Life,Gamma Phi Society,,,,crm_import
9330,1,14746,Greek Life,Gamma Phi Society,,,,online
9331,1,9664,Greek Life,Gamma Phi Society,,,,advancement_entry
9332,1,19416,Greek Life,Gamma Phi Society,,2009,2012,crm_import
9333,1,18593,Greek Life,Gamma Phi Society,,1972,1976,crm_import
9334,1,7726,Greek Life,Gamma Phi Society,,,,crm_import
9335,1,11298,Greek Life,Gamma Phi Society,,,,crm_import
9336,1,1720,Greek Life,Gamma Phi Society,,1991,1993,online
9337,1,4643,Greek Life,Gamma Phi Society,,1968,1972,advancement_entry
9338,1,11249,Greek Life,Gamma Phi Society,,2013,2017,online
9339,1,14236,Greek Life,Gamma Phi Society,,,,online
9340,1,9377,Greek Life,Gamma Phi Society,,2025,,crm_import
9341,1,19721,Greek Life,Gamma Phi Society,,1998,2000,crm_import
9342,1,16936,Greek Life,Gamma Phi Society,,,,crm_import
9343,1,18180,Greek Life,Gamma Phi Society,,2027,,crm_import
9344,1,1366,Greek Life,Gamma Phi Society,,,,advancement_entry
9345,1,5020,Greek Life,Gamma Phi Society,,2024,,crm_import
9346,1,449,Greek Life,Gamma Phi Society,,2015,2019,online
9347,1,14964,Greek Life,Gamma Phi Society,,,,advancement_entry
9348,1,18961,Greek Life,Gamma Phi Society,,2006,2008,online
9349,1,6081,Greek Life,Gamma Phi Society,,2001,2005,crm_import
9350,1,18531,Greek Life,Gamma Phi Society,Treasurer,,,crm_import
9351,1,15061,Greek Life,Gamma Phi Society,,1998,2002,advancement_entry
9352,1,65,Greek Life,Gamma Phi Society,,1982,1984,crm_import
9353,1,19853,Greek Life,Gamma Phi Society,,,,crm_import
9354,1,642,Greek Life,Gamma Phi Society,,,,crm_import
9355,1,6413,Greek Life,Gamma Phi Society,,1989,1991,advancement_entry
9356,1,2548,Greek Life,Gamma Phi Society,,,,crm_import
9357,1,15730,Greek Life,Gamma Phi Society,,,,crm_import
9358,1,8606,Greek Life,Gamma Phi Society,,,,online
9359,1,18160,Greek Life,Gamma Phi Society,President,,,crm_import
9360,1,10485,Greek Life,Gamma Phi Society,,,,crm_import
9361,1,242,Greek Life,Gamma Phi Society,,,,crm_import
9362,1,1286,Greek Life,Gamma Phi Society,,1995,1997,advancement_entry
9363,1,9165,Greek Life,Gamma Phi Society,,,,crm_import
9364,1,14900,Greek Life,Gamma Phi Society,,1994,1997,crm_import
9365,1,511,Greek Life,Gamma Phi Society,,1991,1993,crm_import
9366,1,19692,Greek Life,Gamma Phi Society,,2014,2017,online
9367,1,11257,Greek Life,Gamma Phi Society,Treasurer,,,crm_import
9368,1,14953,Greek Life,Gamma Phi Society,,,,crm_import
9369,1,19622,Greek Life,Gamma Phi Society,,,,crm_import
9370,1,1079,Greek Life,Gamma Phi Society,,1988,1990,crm_import
9371,1,13711,Greek Life,Gamma Phi Society,,,,advancement_entry
9372,1,6048,Greek Life,Gamma Phi Society,,,,online
9373,1,16982,Greek Life,Gamma Phi Society,,,,online
9374,1,19670,Greek Life,Gamma Phi Society,President,1995,1998,crm_import
9375,1,15360,Greek Life,Gamma Phi Society,,2000,2002,crm_import
9376,1,6690,Greek Life,Gamma Phi Society,,,,crm_import
9377,1,11201,Greek Life,Gamma Phi Society,,,,crm_import
9378,1,3173,Greek Life,Gamma Phi Society,Chapter Officer,1975,1978,crm_import
9379,1,9116,Greek Life,Gamma Phi Society,,1961,1964,crm_import
9380,1,16336,Greek Life,Gamma Phi Society,,,,crm_import
9381,1,14116,Greek Life,Gamma Phi Society,Chapter Officer,1992,1996,crm_import
9382,1,10191,Greek Life,Gamma Phi Society,,2011,2015,crm_import
9383,1,4418,Greek Life,Gamma Phi Society,,,,online
9384,1,2203,Greek Life,Gamma Phi Society,,,,crm_import
9385,1,15893,Greek Life,Gamma Phi Society,,,,crm_import
9386,1,12288,Greek Life,Gamma Phi Society,Treasurer,2023,,online
9387,1,5252,Greek Life,Gamma Phi Society,,1984,1986,crm_import
9388,1,15724,Greek Life,Gamma Phi Society,,,,advancement_entry
9389,1,10384,Greek Life,Gamma Phi Society,,2026,,crm_import
9390,1,8819,Greek Life,Gamma Phi Society,,,,online
9391,1,1239,Greek Life,Gamma Phi Society,,1989,1992,online
9392,1,17911,Greek Life,Gamma Phi Society,President,2012,2014,crm_import
9393,1,1148,Greek Life,Gamma Phi Society,,1994,1997,crm_import
9394,1,13528,Greek Life,Gamma Phi Society,,,,crm_import
9395,1,11617,Greek Life,Gamma Phi Society,,2019,2022,advancement_entry
9396,1,16849,Greek Life,Gamma Phi Society,,1976,1980,online
9397,1,18469,Greek Life,Gamma Phi Society,,,,crm_import
9398,1,18650,Greek Life,Gamma Phi Society,,,,online
9399,1,11419,Greek Life,Gamma Phi Society,,,,online
9400,1,14499,Greek Life,Gamma Phi Society,,,,crm_import
9401,1,7055,Greek Life,Gamma Phi Society,,,,online
9402,1,16611,Greek Life,Gamma Phi Society,,2008,2012,online
9403,1,6757,Greek Life,Gamma Phi Society,,,,crm_import
9404,1,19337,Greek Life,Gamma Phi Society,,,,crm_import
9405,1,17381,Greek Life,Gamma Phi Society,,1995,1998,online
9406,1,14813,Greek Life,Gamma Phi Society,,1987,1991,crm_import
9407,1,4033,Greek Life,Gamma Phi Society,,1990,1993,crm_import
9408,1,10762,Greek Life,Gamma Phi Society,,1997,1999,online
9409,1,17991,Greek Life,Gamma Phi Society,President,,,crm_import
9410,1,15410,Greek Life,Gamma Phi Society,,,,crm_import
9411,1,19499,Greek Life,Gamma Phi Society,,2002,2005,crm_import
9412,1,4067,Greek Life,Gamma Phi Society,,,,crm_import
9413,1,1727,Greek Life,Gamma Phi Society,,2008,2011,crm_import
9414,1,3127,Greek Life,Gamma Phi Society,,1977,1981,crm_import
9415,1,17811,Greek Life,Gamma Phi Society,,,,crm_import
9416,1,4070,Greek Life,Gamma Phi Society,,2001,2005,online
9417,1,17302,Greek Life,Gamma Phi Society,,2023,2025,online
9418,1,16754,Greek Life,Gamma Phi Society,,,,crm_import
9419,1,19409,Greek Life,Gamma Phi Society,,,,crm_import
9420,1,6543,Greek Life,Gamma Phi Society,Chapter Officer,1988,1991,crm_import
9421,1,5769,Greek Life,Gamma Phi Society,,,,online
9422,1,18875,Greek Life,Gamma Phi Society,President,,,online
9423,1,12824,Greek Life,Gamma Phi Society,,2002,2005,online
9424,1,3251,Greek Life,Gamma Phi Society,,,,advancement_entry
9425,1,3794,Greek Life,Gamma Phi Society,,,,online
9426,1,10361,Greek Life,Gamma Phi Society,,2024,,online
9427,1,18642,Greek Life,Gamma Phi Society,,,,crm_import
9428,1,196,Greek Life,Gamma Phi Society,,,,crm_import
9429,1,12114,Greek Life,Gamma Phi Society,,,,crm_import
9430,1,1262,Greek Life,Gamma Phi Society,,,,advancement_entry
9431,1,7703,Greek Life,Gamma Phi Society,,2021,2023,crm_import
9432,1,7738,Greek Life,Gamma Phi Society,,,,crm_import
9433,1,9850,Greek Life,Gamma Phi Society,,2023,2026,online
9434,1,3800,Greek Life,Gamma Phi Society,Treasurer,,,crm_import
9435,1,15545,Greek Life,Gamma Phi Society,,,,crm_import
9436,1,6812,Greek Life,Gamma Phi Society,,,,crm_import
9437,1,5114,Greek Life,Gamma Phi Society,,2024,2026,crm_import
9438,1,5521,Greek Life,Gamma Phi Society,,,,crm_import
9439,1,12240,Greek Life,Gamma Phi Society,Chapter Officer,,,online
9440,1,17066,Greek Life,Gamma Phi Society,,,,crm_import
9441,1,10203,Greek Life,Gamma Phi Society,,1988,1992,online
9442,1,13030,Greek Life,Gamma Phi Society,,,,online
9443,1,15533,Greek Life,Gamma Phi Society,,,,crm_import
9444,1,17611,Greek Life,Gamma Phi Society,,1978,1981,crm_import
9445,1,5572,Greek Life,Gamma Phi Society,,,,crm_import
9446,1,11406,Greek Life,Gamma Phi Society,,2027,,online
9447,1,6202,Greek Life,Gamma Phi Society,,1982,1986,crm_import
9448,1,3745,Greek Life,Gamma Phi Society,,,,crm_import
9449,1,13717,Greek Life,Gamma Phi Society,,,,crm_import
9450,1,8598,Greek Life,Gamma Phi Society,,1986,1989,advancement_entry
9451,1,15645,Greek Life,Gamma Phi Society,,,,crm_import
9452,1,2369,Greek Life,Gamma Phi Society,,,,crm_import
9453,1,9016,Greek Life,Gamma Phi Society,,,,crm_import
9454,1,10938,Greek Life,Gamma Phi Society,,,,crm_import
9455,1,2265,Greek Life,Gamma Phi Society,Treasurer,2008,2012,crm_import
9456,1,14363,Greek Life,Gamma Phi Society,,,,online
9457,1,13169,Greek Life,Gamma Phi Society,,,,crm_import
9458,1,9232,Greek Life,Gamma Phi Society,Treasurer,,,crm_import
9459,1,16727,Greek Life,Gamma Phi Society,,,,crm_import
9460,1,2043,Greek Life,Gamma Phi Society,,2000,2004,crm_import
9461,1,8836,Greek Life,Gamma Phi Society,,1979,1983,online
9462,1,3389,Greek Life,Gamma Phi Society,Chapter Officer,,,crm_import
9463,1,2907,Greek Life,Gamma Phi Society,,2017,2019,crm_import
9464,1,17286,Greek Life,Gamma Phi Society,Treasurer,,,crm_import
9465,1,19769,Greek Life,Gamma Phi Society,,1969,1973,crm_import
9466,1,16733,Greek Life,Gamma Phi Society,,,,crm_import
9467,1,18862,Greek Life,Gamma Phi Society,,,,crm_import
9468,1,9280,Greek Life,Gamma Phi Society,,,,crm_import
9469,1,1282,Greek Life,Gamma Phi Society,,,,advancement_entry
9470,1,6770,Greek Life,Gamma Phi Society,,,,online
9471,1,992,Greek Life,Gamma Phi Society,,,,online
9472,1,1823,Greek Life,Gamma Phi Society,,1999,2003,crm_import
9473,1,16831,Greek Life,Gamma Phi Society,,,,advancement_entry
9474,1,19867,Greek Life,Gamma Phi Society,,,,online
9475,1,304,Greek Life,Gamma Phi Society,,,,crm_import
9476,1,13311,Greek Life,Gamma Phi Society,,,,crm_import
9477,1,1316,Greek Life,Gamma Phi Society,Treasurer,,,crm_import
9478,1,8806,Greek Life,Gamma Phi Society,,,,crm_import
9479,1,18458,Greek Life,Gamma Phi Society,,1992,1994,crm_import
9480,1,3594,Greek Life,Gamma Phi Society,,,,crm_import
9481,1,8971,Greek Life,Lambda Rho Society,,2014,2016,crm_import
9482,1,264,Greek Life,Lambda Rho Society,,,,crm_import
9483,1,2635,Greek Life,Lambda Rho Society,,,,crm_import
9484,1,2735,Greek Life,Lambda Rho Society,,,,advancement_entry
9485,1,2369,Greek Life,Lambda Rho Society,,2014,2018,crm_import
9486,1,11430,Greek Life,Lambda Rho Society,,1949,1953,online
9487,1,5683,Greek Life,Lambda Rho Society,Chapter Officer,,,crm_import
9488,1,8708,Greek Life,Lambda Rho Society,,,,online
9489,1,16506,Greek Life,Lambda Rho Society,,,,crm_import
9490,1,2184,Greek Life,Lambda Rho Society,,,,crm_import
9491,1,11552,Greek Life,Lambda Rho Society,,,,crm_import
9492,1,9962,Greek Life,Lambda Rho Society,,2025,,online
9493,1,6771,Greek Life,Lambda Rho Society,,,,crm_import
9494,1,15144,Greek Life,Lambda Rho Society,,,,crm_import
9495,1,16224,Greek Life,Lambda Rho Society,,1961,1964,crm_import
9496,1,2217,Greek Life,Lambda Rho Society,,,,crm_import
9497,1,9557,Greek Life,Lambda Rho Society,,,,crm_import
9498,1,4052,Greek Life,Lambda Rho Society,,2000,2003,crm_import
9499,1,10703,Greek Life,Lambda Rho Society,,,,online
9500,1,3345,Greek Life,Lambda Rho Society,,,,crm_import
9501,1,15460,Greek Life,Lambda Rho Society,,,,crm_import
9502,1,4532,Greek Life,Lambda Rho Society,,2027,,crm_import
9503,1,6832,Greek Life,Lambda Rho Society,,,,crm_import
9504,1,18218,Greek Life,Lambda Rho Society,Treasurer,2007,2010,crm_import
9505,1,11895,Greek Life,Lambda Rho Society,President,2003,2006,crm_import
9506,1,2527,Greek Life,Lambda Rho Society,,2010,2014,crm_import
9507,1,6033,Greek Life,Lambda Rho Society,,,,advancement_entry
9508,1,6915,Greek Life,Lambda Rho Society,,2007,2010,crm_import
9509,1,10382,Greek Life,Lambda Rho Society,,,,advancement_entry
9510,1,4959,Greek Life,Lambda Rho Society,,,,crm_import
9511,1,7726,Greek Life,Lambda Rho Society,,,,crm_import
9512,1,19845,Greek Life,Lambda Rho Society,,2023,,crm_import
9513,1,7590,Greek Life,Lambda Rho Society,,,,crm_import
9514,1,15885,Greek Life,Lambda Rho Society,,,,online
9515,1,64,Greek Life,Lambda Rho Society,,1972,1976,advancement_entry
9516,1,10709,Greek Life,Lambda Rho Society,,1957,1959,crm_import
9517,1,10688,Greek Life,Lambda Rho Society,,,,advancement_entry
9518,1,10930,Greek Life,Lambda Rho Society,,,,crm_import
9519,1,1764,Greek Life,Lambda Rho Society,,,,crm_import
9520,1,8393,Greek Life,Lambda Rho Society,,,,advancement_entry
9521,1,10909,Greek Life,Lambda Rho Society,,,,online
9522,1,5012,Greek Life,Lambda Rho Society,,,,crm_import
9523,1,6501,Greek Life,Lambda Rho Society,,2024,2026,crm_import
9524,1,18371,Greek Life,Lambda Rho Society,,,,crm_import
9525,1,19508,Greek Life,Lambda Rho Society,,,,crm_import
9526,1,5215,Greek Life,Lambda Rho Society,,,,online
9527,1,1957,Greek Life,Lambda Rho Society,,2007,2011,crm_import
9528,1,10411,Greek Life,Lambda Rho Society,,,,crm_import
9529,1,15960,Greek Life,Lambda Rho Society,,2028,,crm_import
9530,1,10340,Greek Life,Lambda Rho Society,,,,crm_import
9531,1,15933,Greek Life,Lambda Rho Society,President,,,crm_import
9532,1,14177,Greek Life,Lambda Rho Society,,,,crm_import
9533,1,10388,Greek Life,Lambda Rho Society,,2010,2014,crm_import
9534,1,6814,Greek Life,Lambda Rho Society,,2008,2012,crm_import
9535,1,13884,Greek Life,Lambda Rho Society,,1970,1972,advancement_entry
9536,1,8192,Greek Life,Lambda Rho Society,,,,crm_import
9537,1,10452,Greek Life,Lambda Rho Society,,,,crm_import
9538,1,15315,Greek Life,Lambda Rho Society,Chapter Officer,1958,1961,online
9539,1,14522,Greek Life,Lambda Rho Society,,2009,2012,online
9540,1,14524,Greek Life,Lambda Rho Society,,,,online
9541,1,18243,Greek Life,Lambda Rho Society,,,,online
9542,1,2957,Greek Life,Lambda Rho Society,,,,crm_import
9543,1,5257,Greek Life,Lambda Rho Society,,,,crm_import
9544,1,3357,Greek Life,Lambda Rho Society,,,,crm_import
9545,1,8659,Greek Life,Lambda Rho Society,,,,online
9546,1,10001,Greek Life,Lambda Rho Society,,,,online
9547,1,1864,Greek Life,Lambda Rho Society,,,,crm_import
9548,1,17797,Greek Life,Lambda Rho Society,,,,crm_import
9549,1,19958,Greek Life,Lambda Rho Society,,,,crm_import
9550,1,7363,Greek Life,Lambda Rho Society,Chapter Officer,2022,2026,crm_import
9551,1,4768,Greek Life,Lambda Rho Society,,,,online
9552,1,19574,Greek Life,Lambda Rho Society,President,,,crm_import
9553,1,19593,Greek Life,Lambda Rho Society,,,,crm_import
9554,1,18647,Greek Life,Lambda Rho Society,,,,crm_import
9555,1,5667,Greek Life,Lambda Rho Society,President,,,crm_import
9556,1,3995,Greek Life,Lambda Rho Society,,2027,,crm_import
9557,1,15326,Greek Life,Lambda Rho Society,,,,advancement_entry
9558,1,2968,Greek Life,Lambda Rho Society,,,,crm_import
9559,1,17958,Greek Life,Lambda Rho Society,President,1986,1988,crm_import
9560,1,18538,Greek Life,Lambda Rho Society,,,,crm_import
9561,1,13547,Greek Life,Lambda Rho Society,,,,crm_import
9562,1,18454,Greek Life,Lambda Rho Society,,2025,,advancement_entry
9563,1,9034,Greek Life,Lambda Rho Society,,,,crm_import
9564,1,6599,Greek Life,Lambda Rho Society,,2003,2006,advancement_entry
9565,1,5425,Greek Life,Lambda Rho Society,,2005,2008,crm_import
9566,1,3775,Greek Life,Lambda Rho Society,,1991,1995,crm_import
9567,1,3640,Greek Life,Lambda Rho Society,President,,,crm_import
9568,1,7045,Greek Life,Lambda Rho Society,President,,,crm_import
9569,1,14744,Greek Life,Lambda Rho Society,,,,crm_import
9570,1,13964,Greek Life,Lambda Rho Society,,,,crm_import
9571,1,6926,Greek Life,Lambda Rho Society,,,,crm_import
9572,1,17888,Greek Life,Lambda Rho Society,,,,crm_import
9573,1,15104,Greek Life,Lambda Rho Society,,,,crm_import
9574,1,8097,Greek Life,Lambda Rho Society,,,,crm_import
9575,1,19351,Greek Life,Lambda Rho Society,President,2017,2021,online
9576,1,5411,Greek Life,Lambda Rho Society,,1982,1985,online
9577,1,4576,Greek Life,Lambda Rho Society,,,,online
9578,1,16420,Greek Life,Lambda Rho Society,,,,online
9579,1,17869,Greek Life,Lambda Rho Society,,,,crm_import
9580,1,17676,Greek Life,Lambda Rho Society,,,,crm_import
9581,1,5103,Greek Life,Lambda Rho Society,,,,crm_import
9582,1,1323,Greek Life,Lambda Rho Society,,,,crm_import
9583,1,3618,Greek Life,Lambda Rho Society,,,,crm_import
9584,1,15313,Greek Life,Lambda Rho Society,,1985,1987,crm_import
9585,1,11246,Greek Life,Lambda Rho Society,,,,crm_import
9586,1,1417,Greek Life,Lambda Rho Society,,,,advancement_entry
9587,1,8374,Greek Life,Lambda Rho Society,,,,crm_import
9588,1,3356,Greek Life,Lambda Rho Society,,1983,1987,advancement_entry
9589,1,6242,Greek Life,Lambda Rho Society,,,,crm_import
9590,1,6050,Greek Life,Lambda Rho Society,,1992,1995,crm_import
9591,1,13211,Greek Life,Lambda Rho Society,,,,online
9592,1,8839,Greek Life,Lambda Rho Society,,2022,2026,online
9593,1,6273,Greek Life,Lambda Rho Society,,,,advancement_entry
9594,1,18091,Greek Life,Lambda Rho Society,,2009,2011,crm_import
9595,1,1304,Greek Life,Lambda Rho Society,,,,crm_import
9596,1,9163,Greek Life,Lambda Rho Society,,,,online
9597,1,12520,Greek Life,Lambda Rho Society,,2008,2011,advancement_entry
9598,1,10848,Greek Life,Lambda Rho Society,,,,online
9599,1,2119,Greek Life,Lambda Rho Society,,,,crm_import
9600,1,8766,Greek Life,Lambda Rho Society,President,2005,2007,crm_import
9601,1,14494,Greek Life,Lambda Rho Society,,,,crm_import
9602,1,5741,Greek Life,Lambda Rho Society,,,,crm_import
9603,1,18777,Greek Life,Lambda Rho Society,,,,crm_import
9604,1,19017,Greek Life,Lambda Rho Society,,,,crm_import
9605,1,15879,Greek Life,Lambda Rho Society,,,,crm_import
9606,1,10626,Greek Life,Lambda Rho Society,,,,online
9607,1,7421,Greek Life,Lambda Rho Society,,1972,1974,crm_import
9608,1,6404,Greek Life,Lambda Rho Society,,,,crm_import
9609,1,9191,Greek Life,Lambda Rho Society,,,,crm_import
9610,1,4233,Greek Life,Lambda Rho Society,,,,online
9611,1,17589,Greek Life,Lambda Rho Society,,,,crm_import
9612,1,6554,Greek Life,Lambda Rho Society,,2025,,crm_import
9613,1,16589,Greek Life,Lambda Rho Society,,,,crm_import
9614,1,15063,Greek Life,Lambda Rho Society,,1978,1981,crm_import
9615,1,10656,Greek Life,Lambda Rho Society,,,,crm_import
9616,1,220,Greek Life,Lambda Rho Society,,1999,2002,online
9617,1,868,Greek Life,Lambda Rho Society,,,,crm_import
9618,1,11067,Greek Life,Lambda Rho Society,,,,crm_import
9619,1,14060,Greek Life,Lambda Rho Society,,2006,2009,online
9620,1,18796,Greek Life,Lambda Rho Society,,1949,1953,online
9621,1,5981,Greek Life,Lambda Rho Society,,,,crm_import
9622,1,3027,Greek Life,Lambda Rho Society,Chapter Officer,1988,1991,crm_import
9623,1,10788,Greek Life,Lambda Rho Society,Treasurer,1993,1997,crm_import
9624,1,8712,Greek Life,Lambda Rho Society,Chapter Officer,,,crm_import
9625,1,10271,Greek Life,Lambda Rho Society,,,,crm_import
9626,1,13058,Greek Life,Lambda Rho Society,,2024,,online
9627,1,17967,Greek Life,Lambda Rho Society,,2027,,crm_import
9628,1,17056,Greek Life,Lambda Rho Society,,2017,2019,crm_import
9629,1,18413,Greek Life,Lambda Rho Society,,2012,2014,crm_import
9630,1,16615,Greek Life,Lambda Rho Society,,,,crm_import
9631,1,19313,Greek Life,Lambda Rho Society,,1967,1970,advancement_entry
9632,1,3797,Greek Life,Lambda Rho Society,,1986,1988,crm_import
9633,1,9640,Greek Life,Lambda Rho Society,Treasurer,,,advancement_entry
9634,1,1975,Greek Life,Lambda Rho Society,,,,advancement_entry
9635,1,13241,Greek Life,Lambda Rho Society,,,,advancement_entry
9636,1,15653,Greek Life,Lambda Rho Society,,,,online
9637,1,6045,Greek Life,Lambda Rho Society,,2020,2024,online
9638,1,6690,Greek Life,Lambda Rho Society,,1957,1961,crm_import
9639,1,18718,Greek Life,Lambda Rho Society,,1997,2000,crm_import
9640,1,18583,Greek Life,Lambda Rho Society,,,,advancement_entry
9641,1,5313,Greek Life,Omega Tau Society,Chapter Officer,1973,1976,crm_import
9642,1,1395,Greek Life,Omega Tau Society,Treasurer,,,crm_import
9643,1,15365,Greek Life,Omega Tau Society,,2004,2006,online
9644,1,3454,Greek Life,Omega Tau Society,,2006,2008,crm_import
9645,1,16129,Greek Life,Omega Tau Society,,1998,2002,crm_import
9646,1,4461,Greek Life,Omega Tau Society,,2025,,online
9647,1,9541,Greek Life,Omega Tau Society,,1987,1991,online
9648,1,15920,Greek Life,Omega Tau Society,,1977,1979,crm_import
9649,1,15196,Greek Life,Omega Tau Society,,1981,1985,crm_import
9650,1,7390,Greek Life,Omega Tau Society,,1997,2001,crm_import
9651,1,14691,Greek Life,Omega Tau Society,,2024,,online
9652,1,10607,Greek Life,Omega Tau Society,,1992,1995,crm_import
9653,1,5625,Greek Life,Omega Tau Society,,,,crm_import
9654,1,6955,Greek Life,Omega Tau Society,,,,crm_import
9655,1,4313,Greek Life,Omega Tau Society,,2007,2011,crm_import
9656,1,19508,Greek Life,Omega Tau Society,,,,crm_import
9657,1,11950,Greek Life,Omega Tau Society,,1988,1992,crm_import
9658,1,16621,Greek Life,Omega Tau Society,,,,crm_import
9659,1,15286,Greek Life,Omega Tau Society,,,,crm_import
9660,1,13041,Greek Life,Omega Tau Society,,,,crm_import
9661,1,1382,Greek Life,Omega Tau Society,Treasurer,,,crm_import
9662,1,2001,Greek Life,Omega Tau Society,,,,advancement_entry
9663,1,7322,Greek Life,Omega Tau Society,,2017,2019,crm_import
9664,1,18427,Greek Life,Omega Tau Society,,,,crm_import
9665,1,10318,Greek Life,Omega Tau Society,,2001,2003,crm_import
9666,1,12820,Greek Life,Omega Tau Society,,,,crm_import
9667,1,8120,Greek Life,Omega Tau Society,,,,crm_import
9668,1,573,Greek Life,Omega Tau Society,,1986,1990,crm_import
9669,1,17835,Greek Life,Omega Tau Society,,1981,1984,crm_import
9670,1,4854,Greek Life,Omega Tau Society,,,,crm_import
9671,1,8024,Greek Life,Omega Tau Society,,,,online
9672,1,183,Greek Life,Omega Tau Society,President,1973,1975,crm_import
9673,1,2995,Greek Life,Omega Tau Society,,,,crm_import
9674,1,4173,Greek Life,Omega Tau Society,President,,,crm_import
9675,1,10899,Greek Life,Omega Tau Society,,1994,1996,crm_import
9676,1,8095,Greek Life,Omega Tau Society,,2022,2026,online
9677,1,14907,Greek Life,Omega Tau Society,,,,crm_import
9678,1,18491,Greek Life,Omega Tau Society,,,,crm_import
9679,1,4604,Greek Life,Omega Tau Society,,2014,2017,crm_import
9680,1,2282,Greek Life,Omega Tau Society,President,,,crm_import
9681,1,9580,Greek Life,Omega Tau Society,,,,crm_import
9682,1,19271,Greek Life,Omega Tau Society,,2025,,crm_import
9683,1,12766,Greek Life,Omega Tau Society,,,,online
9684,1,19791,Greek Life,Omega Tau Society,President,,,crm_import
9685,1,6258,Greek Life,Omega Tau Society,,,,online
9686,1,13213,Greek Life,Omega Tau Society,Treasurer,2005,2009,online
9687,1,5969,Greek Life,Omega Tau Society,,,,crm_import
9688,1,10524,Greek Life,Omega Tau Society,,,,crm_import
9689,1,6509,Greek Life,Omega Tau Society,,,,crm_import
9690,1,2845,Greek Life,Omega Tau Society,,,,crm_import
9691,1,9540,Greek Life,Omega Tau Society,,2010,2014,crm_import
9692,1,11225,Greek Life,Omega Tau Society,,,,crm_import
9693,1,5045,Greek Life,Omega Tau Society,,1992,1996,online
9694,1,6117,Greek Life,Omega Tau Society,,2012,2015,crm_import
9695,1,11607,Greek Life,Omega Tau Society,,,,crm_import
9696,1,18650,Greek Life,Omega Tau Society,,,,online
9697,1,4475,Greek Life,Omega Tau Society,,1987,1990,crm_import
9698,1,17065,Greek Life,Omega Tau Society,,,,crm_import
9699,1,7776,Greek Life,Omega Tau Society,,2023,2025,crm_import
9700,1,5137,Greek Life,Omega Tau Society,,,,crm_import
9701,1,13074,Greek Life,Omega Tau Society,,2007,2011,crm_import
9702,1,15608,Greek Life,Omega Tau Society,,1980,1984,crm_import
9703,1,11158,Greek Life,Omega Tau Society,,,,crm_import
9704,1,19733,Greek Life,Omega Tau Society,,,,online
9705,1,2458,Greek Life,Omega Tau Society,,1957,1960,crm_import
9706,1,5941,Greek Life,Omega Tau Society,,,,crm_import
9707,1,10423,Greek Life,Omega Tau Society,,,,crm_import
9708,1,4109,Greek Life,Omega Tau Society,President,,,crm_import
9709,1,13696,Greek Life,Omega Tau Society,,2005,2008,online
9710,1,15738,Greek Life,Omega Tau Society,,,,crm_import
9711,1,7628,Greek Life,Omega Tau Society,,,,crm_import
9712,1,16209,Greek Life,Omega Tau Society,,,,crm_import
9713,1,15509,Greek Life,Omega Tau Society,,2009,2011,crm_import
9714,1,10216,Greek Life,Omega Tau Society,,,,crm_import
9715,1,4914,Greek Life,Omega Tau Society,,,,online
9716,1,1032,Greek Life,Omega Tau Society,,,,crm_import
9717,1,1029,Greek Life,Omega Tau Society,,,,crm_import
9718,1,8366,Greek Life,Omega Tau Society,Treasurer,,,crm_import
9719,1,17515,Greek Life,Omega Tau Society,,,,crm_import
9720,1,3296,Greek Life,Omega Tau Society,,,,online
9721,1,1041,Greek Life,Omega Tau Society,,,,crm_import
9722,1,8621,Greek Life,Omega Tau Society,,,,crm_import
9723,1,18866,Greek Life,Omega Tau Society,,1989,1993,crm_import
9724,1,11394,Greek Life,Omega Tau Society,,,,crm_import
9725,1,1103,Greek Life,Omega Tau Society,,,,crm_import
9726,1,18398,Greek Life,Omega Tau Society,,,,crm_import
9727,1,16313,Greek Life,Omega Tau Society,,,,crm_import
9728,1,14146,Greek Life,Omega Tau Society,,,,crm_import
9729,1,5456,Greek Life,Omega Tau Society,,,,online
9730,1,7822,Greek Life,Omega Tau Society,,,,crm_import
9731,1,12156,Greek Life,Omega Tau Society,,2003,2005,crm_import
9732,1,6929,Greek Life,Omega Tau Society,,,,crm_import
9733,1,11017,Greek Life,Omega Tau Society,,,,online
9734,1,13298,Greek Life,Omega Tau Society,,2018,2020,crm_import
9735,1,17188,Greek Life,Omega Tau Society,,,,crm_import
9736,1,1624,Greek Life,Omega Tau Society,,,,crm_import
9737,1,2947,Greek Life,Omega Tau Society,,,,crm_import
9738,1,19291,Greek Life,Omega Tau Society,,,,crm_import
9739,1,2743,Greek Life,Omega Tau Society,,,,crm_import
9740,1,18247,Greek Life,Omega Tau Society,,,,crm_import
9741,1,18490,Greek Life,Omega Tau Society,President,,,crm_import
9742,1,1112,Greek Life,Omega Tau Society,Chapter Officer,,,crm_import
9743,1,2135,Greek Life,Omega Tau Society,,2002,2005,online
9744,1,5248,Greek Life,Omega Tau Society,,,,online
9745,1,6930,Greek Life,Omega Tau Society,,,,crm_import
9746,1,11656,Greek Life,Omega Tau Society,,,,online
9747,1,11366,Greek Life,Omega Tau Society,,2008,2010,crm_import
9748,1,10363,Greek Life,Omega Tau Society,,2025,,crm_import
9749,1,16620,Greek Life,Omega Tau Society,,,,crm_import
9750,1,13850,Greek Life,Omega Tau Society,,,,advancement_entry
9751,1,2468,Greek Life,Omega Tau Society,,2026,,online
9752,1,750,Greek Life,Omega Tau Society,,,,crm_import
9753,1,14206,Greek Life,Omega Tau Society,,,,crm_import
9754,1,14744,Greek Life,Omega Tau Society,,1968,1970,crm_import
9755,1,1267,Greek Life,Omega Tau Society,,1990,1994,online
9756,1,6666,Greek Life,Omega Tau Society,Chapter Officer,,,crm_import
9757,1,6305,Greek Life,Omega Tau Society,,,,crm_import
9758,1,4379,Greek Life,Omega Tau Society,,,,crm_import
9759,1,2345,Greek Life,Omega Tau Society,,,,crm_import
9760,1,3623,Greek Life,Omega Tau Society,,,,online
9761,1,5731,Greek Life,Omega Tau Society,,2000,2004,online
9762,1,7269,Greek Life,Omega Tau Society,,,,crm_import
9763,1,1392,Greek Life,Omega Tau Society,,1949,1951,crm_import
9764,1,19046,Greek Life,Omega Tau Society,,,,online
9765,1,17641,Greek Life,Omega Tau Society,,2025,,crm_import
9766,1,18710,Greek Life,Omega Tau Society,,,,online
9767,1,17035,Greek Life,Omega Tau Society,Treasurer,1989,1992,crm_import
9768,1,2610,Greek Life,Omega Tau Society,,1973,1976,crm_import
9769,1,2641,Greek Life,Omega Tau Society,,,,crm_import
9770,1,8755,Greek Life,Omega Tau Society,Chapter Officer,,,online
9771,1,10700,Greek Life,Omega Tau Society,,2012,2014,crm_import
9772,1,1879,Greek Life,Omega Tau Society,,,,crm_import
9773,1,7512,Greek Life,Omega Tau Society,,1973,1975,crm_import
9774,1,12293,Greek Life,Omega Tau Society,,,,crm_import
9775,1,13638,Greek Life,Omega Tau Society,President,,,online
9776,1,19938,Greek Life,Omega Tau Society,,,,crm_import
9777,1,10449,Greek Life,Omega Tau Society,,,,crm_import
9778,1,14440,Greek Life,Omega Tau Society,Treasurer,2012,2016,crm_import
9779,1,14253,Greek Life,Omega Tau Society,,1967,1970,crm_import
9780,1,4439,Greek Life,Omega Tau Society,,,,crm_import
9781,1,2498,Greek Life,Omega Tau Society,,2004,2007,online
9782,1,7677,Greek Life,Omega Tau Society,,,,crm_import
9783,1,13233,Greek Life,Omega Tau Society,,,,crm_import
9784,1,14034,Greek Life,Omega Tau Society,,,,online
9785,1,6061,Greek Life,Omega Tau Society,,,,crm_import
9786,1,16637,Greek Life,Omega Tau Society,,2011,2014,advancement_entry
9787,1,19532,Greek Life,Omega Tau Society,,,,crm_import
9788,1,17798,Greek Life,Omega Tau Society,,2008,2010,crm_import
9789,1,16369,Greek Life,Omega Tau Society,,,,crm_import
9790,1,10777,Greek Life,Omega Tau Society,,2006,2008,advancement_entry
9791,1,14266,Greek Life,Sigma Nu Society,,,,crm_import
9792,1,2684,Greek Life,Sigma Nu Society,,2026,,crm_import
9793,1,17616,Greek Life,Sigma Nu Society,,,,advancement_entry
9794,1,6610,Greek Life,Sigma Nu Society,,,,advancement_entry
9795,1,11890,Greek Life,Sigma Nu Society,,,,crm_import
9796,1,2369,Greek Life,Sigma Nu Society,,,,crm_import
9797,1,11406,Greek Life,Sigma Nu Society,,,,online
9798,1,1984,Greek Life,Sigma Nu Society,,,,crm_import
9799,1,16090,Greek Life,Sigma Nu Society,,2023,,advancement_entry
9800,1,4011,Greek Life,Sigma Nu Society,,1971,1974,advancement_entry
9801,1,16153,Greek Life,Sigma Nu Society,Treasurer,,,crm_import
9802,1,5640,Greek Life,Sigma Nu Society,,,,crm_import
9803,1,12676,Greek Life,Sigma Nu Society,,2026,,crm_import
9804,1,9148,Greek Life,Sigma Nu Society,,,,crm_import
9805,1,5690,Greek Life,Sigma Nu Society,,2025,,advancement_entry
9806,1,7726,Greek Life,Sigma Nu Society,,,,crm_import
9807,1,6815,Greek Life,Sigma Nu Society,,,,crm_import
9808,1,8382,Greek Life,Sigma Nu Society,,,,online
9809,1,18914,Greek Life,Sigma Nu Society,,,,online
9810,1,9089,Greek Life,Sigma Nu Society,,1996,1999,advancement_entry
9811,1,3400,Greek Life,Sigma Nu Society,,,,online
9812,1,238,Greek Life,Sigma Nu Society,,,,online
9813,1,16706,Greek Life,Sigma Nu Society,,,,crm_import
9814,1,756,Greek Life,Sigma Nu Society,,,,crm_import
9815,1,4224,Greek Life,Sigma Nu Society,,,,online
9816,1,11916,Greek Life,Sigma Nu Society,,1971,1975,crm_import
9817,1,10888,Greek Life,Sigma Nu Society,,,,crm_import
9818,1,16280,Greek Life,Sigma Nu Society,,1965,1969,advancement_entry
9819,1,6327,Greek Life,Sigma Nu Society,,1993,1995,online
9820,1,5313,Greek Life,Sigma Nu Society,Treasurer,1974,1976,crm_import
9821,1,761,Greek Life,Sigma Nu Society,,,,crm_import
9822,1,3005,Greek Life,Sigma Nu Society,,2008,2012,crm_import
9823,1,67,Greek Life,Sigma Nu Society,,,,crm_import
9824,1,657,Greek Life,Sigma Nu Society,,1976,1979,crm_import
9825,1,2499,Greek Life,Sigma Nu Society,,2020,2024,crm_import
9826,1,113,Greek Life,Sigma Nu Society,,,,crm_import
9827,1,10546,Greek Life,Sigma Nu Society,,,,advancement_entry
9828,1,18529,Greek Life,Sigma Nu Society,,,,crm_import
9829,1,19307,Greek Life,Sigma Nu Society,,,,crm_import
9830,1,9721,Greek Life,Sigma Nu Society,,2014,2018,advancement_entry
9831,1,6576,Greek Life,Sigma Nu Society,,,,crm_import
9832,1,18118,Greek Life,Sigma Nu Society,,1969,1973,crm_import
9833,1,3032,Greek Life,Sigma Nu Society,,2011,2015,crm_import
9834,1,10449,Greek Life,Sigma Nu Society,,,,crm_import
9835,1,10136,Greek Life,Sigma Nu Society,,2010,2012,advancement_entry
9836,1,4766,Greek Life,Sigma Nu Society,,2020,2024,crm_import
9837,1,17729,Greek Life,Sigma Nu Society,,,,advancement_entry
9838,1,117,Greek Life,Sigma Nu Society,,,,online
9839,1,3605,Greek Life,Sigma Nu Society,,,,online
9840,1,13542,Greek Life,Sigma Nu Society,,,,crm_import
9841,1,10607,Greek Life,Sigma Nu Society,,,,crm_import
9842,1,12952,Greek Life,Sigma Nu Society,,2002,2004,crm_import
9843,1,6660,Greek Life,Sigma Nu Society,,,,online
9844,1,6166,Greek Life,Sigma Nu Society,,,,crm_import
9845,1,1075,Greek Life,Sigma Nu Society,,1973,1976,advancement_entry
9846,1,15757,Greek Life,Sigma Nu Society,,,,online
9847,1,6745,Greek Life,Sigma Nu Society,,2003,2005,advancement_entry
9848,1,12290,Greek Life,Sigma Nu Society,,2000,2004,crm_import
9849,1,15276,Greek Life,Sigma Nu Society,,,,crm_import
9850,1,8824,Greek Life,Sigma Nu Society,,,,advancement_entry
9851,1,1292,Greek Life,Sigma Nu Society,,2005,2009,crm_import
9852,1,17327,Greek Life,Sigma Nu Society,,1973,1975,crm_import
9853,1,10433,Greek Life,Sigma Nu Society,,,,online
9854,1,2978,Greek Life,Sigma Nu Society,,2007,2010,online
9855,1,4613,Greek Life,Sigma Nu Society,,1998,2001,online
9856,1,16436,Greek Life,Sigma Nu Society,,,,crm_import
9857,1,5908,Greek Life,Sigma Nu Society,,,,crm_import
9858,1,5888,Greek Life,Sigma Nu Society,,1964,1968,crm_import
9859,1,14210,Greek Life,Sigma Nu Society,,2009,2011,crm_import
9860,1,17692,Greek Life,Sigma Nu Society,,2015,2017,advancement_entry
9861,1,5116,Greek Life,Sigma Nu Society,,,,crm_import
9862,1,12142,Greek Life,Sigma Nu Society,,,,crm_import
9863,1,5495,Greek Life,Sigma Nu Society,,,,online
9864,1,3786,Greek Life,Sigma Nu Society,,,,advancement_entry
9865,1,14738,Greek Life,Sigma Nu Society,,,,advancement_entry
9866,1,12861,Greek Life,Sigma Nu Society,,,,online
9867,1,566,Greek Life,Sigma Nu Society,President,,,crm_import
9868,1,18341,Greek Life,Sigma Nu Society,,2017,2019,advancement_entry
9869,1,16950,Greek Life,Sigma Nu Society,,1986,1988,online
9870,1,16031,Greek Life,Sigma Nu Society,,,,crm_import
9871,1,473,Greek Life,Sigma Nu Society,,2008,2011,crm_import
9872,1,13535,Greek Life,Sigma Nu Society,,,,crm_import
9873,1,11019,Greek Life,Sigma Nu Society,Chapter Officer,,,online
9874,1,1829,Greek Life,Sigma Nu Society,,2002,2005,online
9875,1,16596,Greek Life,Sigma Nu Society,Treasurer,1988,1991,online
9876,1,8089,Greek Life,Sigma Nu Society,,2001,2004,crm_import
9877,1,17089,Greek Life,Sigma Nu Society,,,,crm_import
9878,1,12054,Greek Life,Sigma Nu Society,,2000,2002,crm_import
9879,1,15080,Greek Life,Sigma Nu Society,,,,advancement_entry
9880,1,1931,Greek Life,Sigma Nu Society,,,,crm_import
9881,1,4694,Greek Life,Sigma Nu Society,,,,advancement_entry
9882,1,14182,Greek Life,Sigma Nu Society,,1998,2000,crm_import
9883,1,13772,Greek Life,Sigma Nu Society,,1987,1990,crm_import
9884,1,9791,Greek Life,Sigma Nu Society,,2024,,crm_import
9885,1,10703,Greek Life,Sigma Nu Society,,,,online
9886,1,13709,Greek Life,Sigma Nu Society,Chapter Officer,,,advancement_entry
9887,1,10323,Greek Life,Sigma Nu Society,,1988,1990,online
9888,1,8770,Greek Life,Sigma Nu Society,,,,online
9889,1,18792,Greek Life,Sigma Nu Society,,,,crm_import
9890,1,178,Greek Life,Sigma Nu Society,,,,online
9891,1,2960,Greek Life,Sigma Nu Society,Treasurer,,,online
9892,1,607,Greek Life,Sigma Nu Society,,,,crm_import
9893,1,19504,Greek Life,Sigma Nu Society,,,,crm_import
9894,1,11271,Greek Life,Sigma Nu Society,,,,crm_import
9895,1,5937,Greek Life,Sigma Nu Society,,,,advancement_entry
9896,1,4051,Greek Life,Sigma Nu Society,,2017,2019,crm_import
9897,1,9271,Greek Life,Sigma Nu Society,,,,online
9898,1,16887,Greek Life,Sigma Nu Society,,,,crm_import
9899,1,326,Greek Life,Sigma Nu Society,,1986,1989,crm_import
9900,1,1668,Greek Life,Sigma Nu Society,,,,crm_import
9901,1,2033,Greek Life,Sigma Nu Society,,,,crm_import
9902,1,3918,Greek Life,Sigma Nu Society,,2011,2015,crm_import
9903,1,18303,Greek Life,Sigma Nu Society,,1971,1973,crm_import
9904,1,7599,Greek Life,Sigma Nu Society,,,,online
9905,1,3689,Greek Life,Sigma Nu Society,,,,crm_import
9906,1,13181,Greek Life,Sigma Nu Society,,1970,1972,crm_import
9907,1,5337,Greek Life,Sigma Nu Society,,,,crm_import
9908,1,5302,Greek Life,Sigma Nu Society,,,,crm_import
9909,1,3887,Greek Life,Sigma Nu Society,,2003,2006,crm_import
9910,1,17395,Greek Life,Sigma Nu Society,Chapter Officer,,,crm_import
9911,1,9403,Greek Life,Sigma Nu Society,,,,crm_import
9912,1,6888,Greek Life,Sigma Nu Society,,,,crm_import
9913,1,16617,Greek Life,Sigma Nu Society,,,,crm_import
9914,1,10531,Greek Life,Sigma Nu Society,,1981,1985,crm_import
9915,1,1943,Greek Life,Sigma Nu Society,,,,crm_import
9916,1,19842,Greek Life,Sigma Nu Society,,2027,,advancement_entry
9917,1,1316,Greek Life,Sigma Nu Society,Chapter Officer,2007,2011,crm_import
9918,1,11963,Greek Life,Sigma Nu Society,,2005,2009,crm_import
9919,1,17931,Greek Life,Sigma Nu Society,,,,crm_import
9920,1,1415,Greek Life,Sigma Nu Society,,,,crm_import
9921,1,16668,Greek Life,Sigma Nu Society,,,,online
9922,1,6061,Greek Life,Sigma Nu Society,,,,crm_import
9923,1,10232,Greek Life,Sigma Nu Society,,,,crm_import
9924,1,5223,Greek Life,Sigma Nu Society,,,,crm_import
9925,1,5821,Greek Life,Sigma Nu Society,,2018,2020,online
9926,1,5703,Greek Life,Sigma Nu Society,,,,crm_import
9927,1,13039,Greek Life,Sigma Nu Society,,2001,2004,advancement_entry
9928,1,15988,Greek Life,Sigma Nu Society,,2023,2026,crm_import
9929,1,17869,Greek Life,Sigma Nu Society,,2013,2015,crm_import
9930,1,10996,Greek Life,Sigma Nu Society,,2001,2003,crm_import
9931,1,10671,Greek Life,Theta Xi Society,Treasurer,,,online
9932,1,19714,Greek Life,Theta Xi Society,,,,crm_import
9933,1,2680,Greek Life,Theta Xi Society,,1970,1973,crm_import
9934,1,13491,Greek Life,Theta Xi Society,,,,crm_import
9935,1,7232,Greek Life,Theta Xi Society,,,,crm_import
9936,1,7976,Greek Life,Theta Xi Society,,,,online
9937,1,19304,Greek Life,Theta Xi Society,,,,crm_import
9938,1,18707,Greek Life,Theta Xi Society,,2024,2026,crm_import
9939,1,2345,Greek Life,Theta Xi Society,,,,crm_import
9940,1,10277,Greek Life,Theta Xi Society,,,,crm_import
9941,1,264,Greek Life,Theta Xi Society,,,,crm_import
9942,1,15345,Greek Life,Theta Xi Society,,1978,1982,crm_import
9943,1,4208,Greek Life,Theta Xi Society,,,,online
9944,1,15322,Greek Life,Theta Xi Society,Treasurer,1973,1975,crm_import
9945,1,18066,Greek Life,Theta Xi Society,,2006,2009,crm_import
9946,1,9928,Greek Life,Theta Xi Society,Chapter Officer,,,crm_import
9947,1,12174,Greek Life,Theta Xi Society,,2003,2007,crm_import
9948,1,13645,Greek Life,Theta Xi Society,,,,crm_import
9949,1,5795,Greek Life,Theta Xi Society,,2001,2003,crm_import
9950,1,11646,Greek Life,Theta Xi Society,,1996,1998,online
9951,1,10534,Greek Life,Theta Xi Society,,,,online
9952,1,3353,Greek Life,Theta Xi Society,,,,crm_import
9953,1,2937,Greek Life,Theta Xi Society,,1989,1992,crm_import
9954,1,13693,Greek Life,Theta Xi Society,Chapter Officer,2012,2015,crm_import
9955,1,4248,Greek Life,Theta Xi Society,President,,,crm_import
9956,1,14326,Greek Life,Theta Xi Society,,,,crm_import
9957,1,10260,Greek Life,Theta Xi Society,,1993,1997,crm_import
9958,1,19177,Greek Life,Theta Xi Society,,2023,2026,online
9959,1,14107,Greek Life,Theta Xi Society,,2026,,crm_import
9960,1,6047,Greek Life,Theta Xi Society,,2002,2006,crm_import
9961,1,16227,Greek Life,Theta Xi Society,,2013,2016,crm_import
9962,1,5729,Greek Life,Theta Xi Society,,2001,2005,advancement_entry
9963,1,5073,Greek Life,Theta Xi Society,,1969,1971,advancement_entry
9964,1,10985,Greek Life,Theta Xi Society,,,,crm_import
9965,1,14863,Greek Life,Theta Xi Society,,,,crm_import
9966,1,307,Greek Life,Theta Xi Society,,2002,2004,crm_import
9967,1,3748,Greek Life,Theta Xi Society,,1999,2003,online
9968,1,4697,Greek Life,Theta Xi Society,,,,crm_import
9969,1,18586,Greek Life,Theta Xi Society,,,,crm_import
9970,1,4530,Greek Life,Theta Xi Society,President,,,online
9971,1,8903,Greek Life,Theta Xi Society,,1988,1990,online
9972,1,16775,Greek Life,Theta Xi Society,,2012,2014,online
9973,1,4359,Greek Life,Theta Xi Society,,2025,,advancement_entry
9974,1,13834,Greek Life,Theta Xi Society,,,,crm_import
9975,1,15644,Greek Life,Theta Xi Society,,,,crm_import
9976,1,4033,Greek Life,Theta Xi Society,,,,crm_import
9977,1,5844,Greek Life,Theta Xi Society,,1978,1982,advancement_entry
9978,1,4934,Greek Life,Theta Xi Society,,,,crm_import
9979,1,13969,Greek Life,Theta Xi Society,,,,advancement_entry
9980,1,11966,Greek Life,Theta Xi Society,,,,crm_import
9981,1,10024,Greek Life,Theta Xi Society,,,,crm_import
9982,1,1476,Greek Life,Theta Xi Society,,2001,2005,crm_import
9983,1,2597,Greek Life,Theta Xi Society,,,,crm_import
9984,1,11394,Greek Life,Theta Xi Society,,1985,1988,crm_import
9985,1,15987,Greek Life,Theta Xi Society,,,,crm_import
9986,1,18732,Greek Life,Theta Xi Society,,1997,1999,crm_import
9987,1,7543,Greek Life,Theta Xi Society,,1977,1979,crm_import
9988,1,19966,Greek Life,Theta Xi Society,,,,crm_import
9989,1,5257,Greek Life,Theta Xi Society,Treasurer,,,crm_import
9990,1,19171,Greek Life,Theta Xi Society,,1992,1995,crm_import
9991,1,9044,Greek Life,Theta Xi Society,,,,crm_import
9992,1,17309,Greek Life,Theta Xi Society,,1989,1993,crm_import
9993,1,18326,Greek Life,Theta Xi Society,,,,crm_import
9994,1,8755,Greek Life,Theta Xi Society,,,,online
9995,1,7876,Greek Life,Theta Xi Society,,,,crm_import
9996,1,14057,Greek Life,Theta Xi Society,,,,crm_import
9997,1,12375,Greek Life,Theta Xi Society,President,2023,,crm_import
9998,1,3310,Greek Life,Theta Xi Society,,,,crm_import
9999,1,4900,Greek Life,Theta Xi Society,,,,advancement_entry
10000,1,16141,Greek Life,Theta Xi Society,,,,crm_import
10001,1,15459,Greek Life,Theta Xi Society,,,,crm_import
10002,1,7892,Greek Life,Theta Xi Society,,2014,2017,crm_import
10003,1,4203,Greek Life,Theta Xi Society,,2002,2005,advancement_entry
10004,1,14955,Greek Life,Theta Xi Society,President,,,online
10005,1,10432,Greek Life,Theta Xi Society,,,,crm_import
10006,1,19314,Greek Life,Theta Xi Society,,1988,1991,crm_import
10007,1,16589,Greek Life,Theta Xi Society,,,,crm_import
10008,1,303,Greek Life,Theta Xi Society,,1998,2001,advancement_entry
10009,1,454,Greek Life,Theta Xi Society,,1986,1990,crm_import
10010,1,11173,Greek Life,Theta Xi Society,,,,crm_import
10011,1,4439,Greek Life,Theta Xi Society,,,,crm_import
10012,1,12498,Greek Life,Theta Xi Society,,1997,2001,advancement_entry
10013,1,1752,Greek Life,Theta Xi Society,,,,crm_import
10014,1,1595,Greek Life,Theta Xi Society,,2016,2018,advancement_entry
10015,1,2873,Greek Life,Theta Xi Society,,2005,2008,online
10016,1,9823,Greek Life,Theta Xi Society,,,,crm_import
10017,1,3593,Greek Life,Theta Xi Society,,,,crm_import
10018,1,17012,Greek Life,Theta Xi Society,,,,advancement_entry
10019,1,16265,Greek Life,Theta Xi Society,,2022,2026,crm_import
10020,1,14038,Greek Life,Theta Xi Society,,2012,2016,crm_import
10021,1,5673,Greek Life,Theta Xi Society,,2001,2003,crm_import
10022,1,18015,Greek Life,Theta Xi Society,,,,crm_import
10023,1,11418,Greek Life,Theta Xi Society,,,,crm_import
10024,1,14400,Greek Life,Theta Xi Society,,2024,,crm_import
10025,1,10148,Greek Life,Theta Xi Society,,,,crm_import
10026,1,1240,Greek Life,Theta Xi Society,,1993,1995,crm_import
10027,1,15295,Greek Life,Theta Xi Society,,2008,2011,advancement_entry
10028,1,16708,Greek Life,Theta Xi Society,,,,crm_import
10029,1,17808,Greek Life,Theta Xi Society,,1996,1999,online
10030,1,16263,Greek Life,Theta Xi Society,,,,crm_import
10031,1,15307,Greek Life,Theta Xi Society,,1989,1993,crm_import
10032,1,12029,Greek Life,Theta Xi Society,,,,crm_import
10033,1,9277,Greek Life,Theta Xi Society,,2024,,crm_import
10034,1,4870,Greek Life,Theta Xi Society,Treasurer,,,advancement_entry
10035,1,9735,Greek Life,Theta Xi Society,,1989,1991,online
10036,1,9674,Greek Life,Theta Xi Society,,,,crm_import
10037,1,1320,Greek Life,Theta Xi Society,,2025,,crm_import
10038,1,14011,Greek Life,Theta Xi Society,,2019,2021,crm_import
10039,1,1360,Greek Life,Theta Xi Society,,,,crm_import
10040,1,10199,Greek Life,Theta Xi Society,,,,online
10041,1,181,Greek Life,Theta Xi Society,President,,,crm_import
10042,1,14347,Greek Life,Theta Xi Society,,,,online
10043,1,13049,Greek Life,Theta Xi Society,,,,crm_import
10044,1,4768,Greek Life,Theta Xi Society,,,,online
10045,1,17859,Greek Life,Theta Xi Society,,,,advancement_entry
10046,1,8663,Greek Life,Theta Xi Society,,1982,1984,crm_import
10047,1,620,Greek Life,Theta Xi Society,,2011,2015,crm_import
10048,1,6619,Greek Life,Theta Xi Society,,,,online
10049,1,11725,Greek Life,Theta Xi Society,,,,online
10050,1,10916,Greek Life,Theta Xi Society,,2025,,crm_import
10051,1,6395,Greek Life,Theta Xi Society,,,,crm_import
10052,1,1883,Greek Life,Theta Xi Society,,,,crm_import
10053,1,3466,Greek Life,Theta Xi Society,,,,crm_import
10054,1,17021,Greek Life,Theta Xi Society,,2006,2010,crm_import
10055,1,16999,Greek Life,Theta Xi Society,,,,crm_import
10056,1,10940,Greek Life,Theta Xi Society,,,,crm_import
10057,1,6206,Greek Life,Theta Xi Society,,,,crm_import
10058,1,5301,Greek Life,Theta Xi Society,,1970,1974,crm_import
10059,1,10837,Greek Life,Theta Xi Society,,,,online
10060,1,18172,Greek Life,Theta Xi Society,,,,online
10061,1,18943,Greek Life,Zeta Pi Society,,,,crm_import
10062,1,3337,Greek Life,Zeta Pi Society,,,,crm_import
10063,1,5529,Greek Life,Zeta Pi Society,,,,advancement_entry
10064,1,16539,Greek Life,Zeta Pi Society,,,,crm_import
10065,1,2668,Greek Life,Zeta Pi Society,,1976,1978,advancement_entry
10066,1,19577,Greek Life,Zeta Pi Society,President,1997,1999,crm_import
10067,1,4746,Greek Life,Zeta Pi Society,,,,advancement_entry
10068,1,4010,Greek Life,Zeta Pi Society,,,,online
10069,1,4919,Greek Life,Zeta Pi Society,,2025,,crm_import
10070,1,717,Greek Life,Zeta Pi Society,,,,crm_import
10071,1,7238,Greek Life,Zeta Pi Society,,,,crm_import
10072,1,539,Greek Life,Zeta Pi Society,,,,crm_import
10073,1,3462,Greek Life,Zeta Pi Society,,2026,,online
10074,1,8037,Greek Life,Zeta Pi Society,,,,advancement_entry
10075,1,2418,Greek Life,Zeta Pi Society,,1980,1984,crm_import
10076,1,15604,Greek Life,Zeta Pi Society,,,,crm_import
10077,1,11845,Greek Life,Zeta Pi Society,President,,,crm_import
10078,1,19308,Greek Life,Zeta Pi Society,,,,crm_import
10079,1,12158,Greek Life,Zeta Pi Society,,2016,2019,crm_import
10080,1,9080,Greek Life,Zeta Pi Society,,1993,1997,crm_import
10081,1,13404,Greek Life,Zeta Pi Society,,1978,1981,advancement_entry
10082,1,13031,Greek Life,Zeta Pi Society,Chapter Officer,2012,2014,online
10083,1,17898,Greek Life,Zeta Pi Society,,,,crm_import
10084,1,4208,Greek Life,Zeta Pi Society,,2024,,online
10085,1,2242,Greek Life,Zeta Pi Society,,1959,1961,advancement_entry
10086,1,18333,Greek Life,Zeta Pi Society,President,,,crm_import
10087,1,9480,Greek Life,Zeta Pi Society,,,,crm_import
10088,1,4272,Greek Life,Zeta Pi Society,,2027,,crm_import
10089,1,11034,Greek Life,Zeta Pi Society,,,,crm_import
10090,1,16406,Greek Life,Zeta Pi Society,,,,crm_import
10091,1,15196,Greek Life,Zeta Pi Society,,1983,1985,crm_import
10092,1,5770,Greek Life,Zeta Pi Society,,,,crm_import
10093,1,19434,Greek Life,Zeta Pi Society,,,,crm_import
10094,1,10601,Greek Life,Zeta Pi Society,,1991,1995,crm_import
10095,1,1028,Greek Life,Zeta Pi Society,,,,crm_import
10096,1,9828,Greek Life,Zeta Pi Society,,2020,2023,crm_import
10097,1,4621,Greek Life,Zeta Pi Society,,,,crm_import
10098,1,12540,Greek Life,Zeta Pi Society,,1994,1996,crm_import
10099,1,3648,Greek Life,Zeta Pi Society,Treasurer,,,crm_import
10100,1,17767,Greek Life,Zeta Pi Society,,,,crm_import
10101,1,18013,Greek Life,Zeta Pi Society,Treasurer,,,advancement_entry
10102,1,12400,Greek Life,Zeta Pi Society,,1982,1985,advancement_entry
10103,1,7493,Greek Life,Zeta Pi Society,,,,online
10104,1,7781,Greek Life,Zeta Pi Society,,,,crm_import
10105,1,19677,Greek Life,Zeta Pi Society,,,,online
10106,1,19160,Greek Life,Zeta Pi Society,,,,crm_import
10107,1,7898,Greek Life,Zeta Pi Society,,1969,1972,crm_import
10108,1,19097,Greek Life,Zeta Pi Society,,1999,2001,crm_import
10109,1,15563,Greek Life,Zeta Pi Society,,,,crm_import
10110,1,6598,Greek Life,Zeta Pi Society,,,,crm_import
10111,1,19952,Greek Life,Zeta Pi Society,,,,crm_import
10112,1,2318,Greek Life,Zeta Pi Society,,,,online
10113,1,11893,Greek Life,Zeta Pi Society,,2004,2006,crm_import
10114,1,18091,Greek Life,Zeta Pi Society,Treasurer,2009,2011,crm_import
10115,1,1775,Greek Life,Zeta Pi Society,Treasurer,2027,,crm_import
10116,1,12594,Greek Life,Zeta Pi Society,,1995,1999,online
10117,1,12637,Greek Life,Zeta Pi Society,,2018,2020,crm_import
10118,1,11180,Greek Life,Zeta Pi Society,,,,crm_import
10119,1,13712,Greek Life,Zeta Pi Society,,,,advancement_entry
10120,1,10046,Greek Life,Zeta Pi Society,,2007,2010,crm_import
10121,1,15041,Greek Life,Zeta Pi Society,Treasurer,,,online
10122,1,1625,Greek Life,Zeta Pi Society,,,,crm_import
10123,1,10071,Greek Life,Zeta Pi Society,,2027,,crm_import
10124,1,16713,Greek Life,Zeta Pi Society,,1967,1971,crm_import
10125,1,3278,Greek Life,Zeta Pi Society,,1996,2000,crm_import
10126,1,15446,Greek Life,Zeta Pi Society,,,,crm_import
10127,1,9883,Greek Life,Zeta Pi Society,,,,crm_import
10128,1,3960,Greek Life,Zeta Pi Society,,2010,2013,online
10129,1,15326,Greek Life,Zeta Pi Society,Treasurer,1965,1969,advancement_entry
10130,1,10786,Greek Life,Zeta Pi Society,Treasurer,,,crm_import
10131,1,4847,Greek Life,Zeta Pi Society,Chapter Officer,,,crm_import
10132,1,11064,Greek Life,Zeta Pi Society,,,,crm_import
10133,1,4876,Greek Life,Zeta Pi Society,,1996,2000,online
10134,1,3903,Greek Life,Zeta Pi Society,,,,online
10135,1,7819,Greek Life,Zeta Pi Society,Treasurer,,,crm_import
10136,1,11024,Greek Life,Zeta Pi Society,,,,crm_import
10137,1,11857,Greek Life,Zeta Pi Society,,,,crm_import
10138,1,16864,Greek Life,Zeta Pi Society,,2000,2003,crm_import
10139,1,13397,Greek Life,Zeta Pi Society,,1992,1994,crm_import
10140,1,7616,Greek Life,Zeta Pi Society,,,,crm_import
10141,1,13044,Greek Life,Zeta Pi Society,,,,crm_import
10142,1,14370,Greek Life,Zeta Pi Society,,,,crm_import
10143,1,14566,Greek Life,Zeta Pi Society,,2008,2010,crm_import
10144,1,11205,Greek Life,Zeta Pi Society,,,,online
10145,1,18528,Greek Life,Zeta Pi Society,,,,crm_import
10146,1,1700,Greek Life,Zeta Pi Society,,2017,2019,online
10147,1,4981,Greek Life,Zeta Pi Society,,,,crm_import
10148,1,1325,Greek Life,Zeta Pi Society,,2013,2016,crm_import
10149,1,1834,Greek Life,Zeta Pi Society,,2026,,crm_import
10150,1,18018,Greek Life,Zeta Pi Society,,,,crm_import
10151,1,7659,Greek Life,Zeta Pi Society,,1981,1983,online
10152,1,17180,Greek Life,Zeta Pi Society,,2022,2026,crm_import
10153,1,8515,Greek Life,Zeta Pi Society,,2000,2004,online
10154,1,10138,Greek Life,Zeta Pi Society,Treasurer,,,crm_import
10155,1,3399,Greek Life,Zeta Pi Society,,,,online
10156,1,13217,Greek Life,Zeta Pi Society,,2000,2004,online
10157,1,18538,Greek Life,Zeta Pi Society,,1988,1990,crm_import
10158,1,13764,Greek Life,Zeta Pi Society,,2003,2006,online
10159,1,11894,Greek Life,Zeta Pi Society,,1988,1991,crm_import
10160,1,14212,Greek Life,Zeta Pi Society,,,,crm_import
10161,1,13023,Greek Life,Zeta Pi Society,President,,,crm_import
10162,1,14610,Greek Life,Zeta Pi Society,,,,crm_import
10163,1,6718,Greek Life,Zeta Pi Society,,,,online
10164,1,13640,Greek Life,Zeta Pi Society,,,,crm_import
10165,1,6925,Greek Life,Zeta Pi Society,President,2025,,crm_import
10166,1,8139,Greek Life,Zeta Pi Society,,2027,,crm_import
10167,1,19786,Greek Life,Zeta Pi Society,,,,advancement_entry
10168,1,13710,Greek Life,Zeta Pi Society,,1962,1966,crm_import
10169,1,11707,Greek Life,Zeta Pi Society,,,,advancement_entry
10170,1,14336,Greek Life,Zeta Pi Society,,1994,1998,online
10171,1,12320,Greek Life,Zeta Pi Society,,,,crm_import
10172,1,8785,Greek Life,Zeta Pi Society,,,,crm_import
10173,1,18163,Greek Life,Zeta Pi Society,,1993,1995,online
10174,1,13658,Greek Life,Zeta Pi Society,,,,crm_import
10175,1,18953,Greek Life,Zeta Pi Society,,2023,,crm_import
10176,1,19521,Greek Life,Zeta Pi Society,,,,crm_import
10177,1,14536,Greek Life,Zeta Pi Society,President,2013,2015,advancement_entry
10178,1,16437,Greek Life,Zeta Pi Society,Treasurer,,,crm_import
10179,1,6506,Greek Life,Zeta Pi Society,,1980,1983,crm_import
10180,1,15477,Greek Life,Zeta Pi Society,,,,crm_import
10181,1,15239,Volunteer,Annual Day of Service,Team Lead,2023,,advancement_entry
10182,1,6705,Volunteer,Annual Day of Service,,,,online
10183,1,6564,Volunteer,Annual Day of Service,,,,online
10184,1,4136,Volunteer,Annual Day of Service,,,,crm_import
10185,1,9964,Volunteer,Annual Day of Service,,2021,2023,crm_import
10186,1,10225,Volunteer,Annual Day of Service,,2011,2015,online
10187,1,3052,Volunteer,Annual Day of Service,,1989,1993,online
10188,1,7958,Volunteer,Annual Day of Service,,,,crm_import
10189,1,7303,Volunteer,Annual Day of Service,Member Leader,2022,2025,online
10190,1,16521,Volunteer,Annual Day of Service,,2025,,crm_import
10191,1,17320,Volunteer,Annual Day of Service,,,,crm_import
10192,1,12256,Volunteer,Annual Day of Service,,,,crm_import
10193,1,5145,Volunteer,Annual Day of Service,,1983,1986,crm_import
10194,1,2914,Volunteer,Annual Day of Service,,,,advancement_entry
10195,1,19142,Volunteer,Annual Day of Service,,,,crm_import
10196,1,11949,Volunteer,Annual Day of Service,,,,advancement_entry
10197,1,11591,Volunteer,Annual Day of Service,,2007,2011,crm_import
10198,1,12684,Volunteer,Annual Day of Service,Member Leader,1979,1983,crm_import
10199,1,6069,Volunteer,Annual Day of Service,,2005,2007,crm_import
10200,1,14629,Volunteer,Annual Day of Service,,1996,2000,crm_import
10201,1,15966,Volunteer,Annual Day of Service,,2025,,crm_import
10202,1,2207,Volunteer,Annual Day of Service,,1985,1987,online
10203,1,1145,Volunteer,Annual Day of Service,,2020,2021,advancement_entry
10204,1,13184,Volunteer,Annual Day of Service,,,,crm_import
10205,1,1617,Volunteer,Annual Day of Service,,2006,2009,online
10206,1,398,Volunteer,Annual Day of Service,,,,online
10207,1,14616,Volunteer,Annual Day of Service,Member Leader,1975,1979,online
10208,1,17761,Volunteer,Annual Day of Service,,2019,2020,crm_import
10209,1,10913,Volunteer,Annual Day of Service,,,,crm_import
10210,1,3949,Volunteer,Annual Day of Service,,2024,,crm_import
10211,1,13498,Volunteer,Annual Day of Service,Member Leader,2025,,online
10212,1,14994,Volunteer,Annual Day of Service,Team Lead,,,crm_import
10213,1,6619,Volunteer,Annual Day of Service,,2028,,online
10214,1,17992,Volunteer,Annual Day of Service,,,,crm_import
10215,1,1495,Volunteer,Annual Day of Service,Member Leader,2019,2023,advancement_entry
10216,1,15795,Volunteer,Annual Day of Service,,2024,,crm_import
10217,1,10865,Volunteer,Annual Day of Service,,2003,2006,crm_import
10218,1,15850,Volunteer,Annual Day of Service,,,,crm_import
10219,1,11164,Volunteer,Annual Day of Service,,2023,2026,advancement_entry
10220,1,12173,Volunteer,Annual Day of Service,,1996,2000,crm_import
10221,1,16372,Volunteer,Annual Day of Service,,,,online
10222,1,14911,Volunteer,Annual Day of Service,Volunteer Coordinator,,,crm_import
10223,1,12847,Volunteer,Annual Day of Service,,,,crm_import
10224,1,14597,Volunteer,Annual Day of Service,,1996,1998,crm_import
10225,1,7834,Volunteer,Annual Day of Service,,1995,1998,crm_import
10226,1,13911,Volunteer,Annual Day of Service,,2012,2014,crm_import
10227,1,12919,Volunteer,Annual Day of Service,Member Leader,2012,2014,crm_import
10228,1,18252,Volunteer,Annual Day of Service,,2027,,crm_import
10229,1,12217,Volunteer,Annual Day of Service,,2019,2020,crm_import
10230,1,15193,Volunteer,Annual Day of Service,,1977,1981,crm_import
10231,1,19682,Volunteer,Annual Day of Service,,,,online
10232,1,19636,Volunteer,Annual Day of Service,,2021,2024,crm_import
10233,1,8891,Volunteer,Annual Day of Service,Volunteer Coordinator,2027,,advancement_entry
10234,1,8860,Volunteer,Annual Day of Service,Volunteer Coordinator,2022,2023,crm_import
10235,1,3120,Volunteer,Annual Day of Service,,2010,2012,crm_import
10236,1,1063,Volunteer,Annual Day of Service,,1968,1972,crm_import
10237,1,7806,Volunteer,Annual Day of Service,,1998,2002,online
10238,1,17936,Volunteer,Annual Day of Service,,1991,1994,crm_import
10239,1,16699,Volunteer,Annual Day of Service,,1989,1991,crm_import
10240,1,4655,Volunteer,Annual Day of Service,,,,crm_import
10241,1,17413,Volunteer,Annual Day of Service,,2003,2005,crm_import
10242,1,5513,Volunteer,Annual Day of Service,,2022,2023,crm_import
10243,1,14964,Volunteer,Annual Day of Service,,,,advancement_entry
10244,1,9827,Volunteer,Annual Day of Service,,,,crm_import
10245,1,3376,Volunteer,Annual Day of Service,,,,crm_import
10246,1,9530,Volunteer,Annual Day of Service,,2019,2020,online
10247,1,4800,Volunteer,Annual Day of Service,,1985,1987,crm_import
10248,1,10136,Volunteer,Annual Day of Service,,,,advancement_entry
10249,1,9007,Volunteer,Annual Day of Service,,1990,1992,crm_import
10250,1,2042,Volunteer,Annual Day of Service,,1998,2001,crm_import
10251,1,62,Volunteer,Annual Day of Service,,2004,2008,crm_import
10252,1,14279,Volunteer,Annual Day of Service,,,,crm_import
10253,1,251,Volunteer,Annual Day of Service,,1976,1978,crm_import
10254,1,4009,Volunteer,Annual Day of Service,,,,crm_import
10255,1,2130,Volunteer,Annual Day of Service,,1960,1962,crm_import
10256,1,5234,Volunteer,Annual Day of Service,,1997,1999,advancement_entry
10257,1,2787,Volunteer,Annual Day of Service,Member Leader,1989,1992,online
10258,1,11865,Volunteer,Annual Day of Service,,1967,1971,crm_import
10259,1,9888,Volunteer,Annual Day of Service,,1968,1971,advancement_entry
10260,1,7495,Volunteer,Annual Day of Service,,,,crm_import
10261,1,3048,Volunteer,Annual Day of Service,Member Leader,1987,1989,crm_import
10262,1,6513,Volunteer,Annual Day of Service,,2023,2025,online
10263,1,4098,Volunteer,Annual Day of Service,,,,advancement_entry
10264,1,1372,Volunteer,Annual Day of Service,,2024,2026,crm_import
10265,1,4581,Volunteer,Annual Day of Service,,,,online
10266,1,9373,Volunteer,Annual Day of Service,,,,crm_import
10267,1,8980,Volunteer,Annual Day of Service,,2012,2015,crm_import
10268,1,9182,Volunteer,Annual Day of Service,,2014,2018,crm_import
10269,1,14927,Volunteer,Annual Day of Service,,2022,2026,crm_import
10270,1,1299,Volunteer,Annual Day of Service,Team Lead,1996,1998,online
10271,1,11168,Volunteer,Annual Day of Service,,2024,2026,online
10272,1,7903,Volunteer,Annual Day of Service,,2023,2025,crm_import
10273,1,18854,Volunteer,Annual Day of Service,,2000,2002,online
10274,1,16243,Volunteer,Annual Day of Service,,2010,2013,crm_import
10275,1,16490,Volunteer,Annual Day of Service,,1987,1989,crm_import
10276,1,19536,Volunteer,Annual Day of Service,,,,crm_import
10277,1,1834,Volunteer,Annual Day of Service,,2026,,crm_import
10278,1,16506,Volunteer,Annual Day of Service,,2004,2008,crm_import
10279,1,3917,Volunteer,Annual Day of Service,,,,crm_import
10280,1,12212,Volunteer,Annual Day of Service,,1999,2001,crm_import
10281,1,13170,Volunteer,Annual Day of Service,,,,crm_import
10282,1,9535,Volunteer,Annual Day of Service,,2021,2025,crm_import
10283,1,17261,Volunteer,Annual Day of Service,,1977,1979,crm_import
10284,1,18472,Volunteer,Annual Day of Service,,2022,2026,crm_import
10285,1,3481,Volunteer,Annual Day of Service,,2024,2025,crm_import
10286,1,4200,Volunteer,Annual Day of Service,,2016,2019,crm_import
10287,1,1745,Volunteer,Annual Day of Service,,2022,2024,crm_import
10288,1,572,Volunteer,Annual Day of Service,,1980,1984,crm_import
10289,1,95,Volunteer,Annual Day of Service,,2024,2026,crm_import
10290,1,12787,Volunteer,Annual Day of Service,,1996,2000,crm_import
10291,1,3210,Volunteer,Annual Day of Service,,2020,2022,crm_import
10292,1,1097,Volunteer,Annual Day of Service,,1999,2003,crm_import
10293,1,6626,Volunteer,Annual Day of Service,,2019,2023,crm_import
10294,1,17942,Volunteer,Annual Day of Service,,2018,2019,crm_import
10295,1,10779,Volunteer,Annual Day of Service,,2005,2009,crm_import
10296,1,742,Volunteer,Annual Day of Service,,2028,,online
10297,1,1396,Volunteer,Annual Day of Service,,,,crm_import
10298,1,5293,Volunteer,Annual Day of Service,,1999,2002,crm_import
10299,1,18720,Volunteer,Annual Day of Service,,2003,2007,crm_import
10300,1,18809,Volunteer,Annual Day of Service,,1982,1984,advancement_entry
10301,1,15283,Volunteer,Annual Day of Service,,2019,2023,crm_import
10302,1,13786,Volunteer,Annual Day of Service,,,,advancement_entry
10303,1,13391,Volunteer,Annual Day of Service,,2021,2025,crm_import
10304,1,11370,Volunteer,Annual Day of Service,,2025,,crm_import
10305,1,10721,Volunteer,Annual Day of Service,,2018,2021,crm_import
10306,1,3300,Volunteer,Annual Day of Service,Volunteer Coordinator,,,crm_import
10307,1,10408,Volunteer,Annual Day of Service,,1982,1986,crm_import
10308,1,5976,Volunteer,Annual Day of Service,,2013,2017,crm_import
10309,1,5267,Volunteer,Annual Day of Service,,1991,1995,crm_import
10310,1,9562,Volunteer,Annual Day of Service,Volunteer Coordinator,,,crm_import
10311,1,14480,Volunteer,Annual Day of Service,,1981,1985,online
10312,1,10993,Volunteer,Annual Day of Service,Member Leader,,,advancement_entry
10313,1,9850,Volunteer,Annual Day of Service,,2022,2026,online
10314,1,7655,Volunteer,Annual Day of Service,,1992,1994,crm_import
10315,1,16485,Volunteer,Annual Day of Service,,2020,2023,online
10316,1,18534,Volunteer,Annual Day of Service,,,,advancement_entry
10317,1,2501,Volunteer,Annual Day of Service,,2025,,crm_import
10318,1,3894,Volunteer,Annual Day of Service,,,,crm_import
10319,1,1631,Volunteer,Annual Day of Service,,2028,,crm_import
10320,1,14324,Volunteer,Annual Day of Service,Team Lead,1978,1982,advancement_entry
10321,1,2217,Volunteer,Annual Day of Service,,2013,2016,crm_import
10322,1,10296,Volunteer,Annual Day of Service,,2001,2005,online
10323,1,3260,Volunteer,Annual Day of Service,,2003,2007,online
10324,1,6041,Volunteer,Annual Day of Service,,2019,2020,crm_import
10325,1,2685,Volunteer,Annual Day of Service,,1948,1952,crm_import
10326,1,2132,Volunteer,Annual Day of Service,,,,crm_import
10327,1,15375,Volunteer,Annual Day of Service,,2003,2007,online
10328,1,11965,Volunteer,Annual Day of Service,,2018,2020,crm_import
10329,1,10338,Volunteer,Annual Day of Service,,2019,2020,crm_import
10330,1,6231,Volunteer,Annual Day of Service,,2000,2004,crm_import
10331,1,16512,Volunteer,Annual Day of Service,Member Leader,2018,2022,crm_import
10332,1,8389,Volunteer,Annual Day of Service,,2018,2019,advancement_entry
10333,1,5529,Volunteer,Annual Day of Service,,1971,1975,advancement_entry
10334,1,14653,Volunteer,Annual Day of Service,,,,crm_import
10335,1,1162,Volunteer,Annual Day of Service,Team Lead,2026,,crm_import
10336,1,12516,Volunteer,Annual Day of Service,,1995,1997,crm_import
10337,1,18849,Volunteer,Annual Day of Service,,2003,2005,online
10338,1,10982,Volunteer,Annual Day of Service,,,,online
10339,1,6205,Volunteer,Annual Day of Service,,,,online
10340,1,16784,Volunteer,Annual Day of Service,,2004,2008,crm_import
10341,1,11298,Volunteer,Annual Day of Service,,,,crm_import
10342,1,4809,Volunteer,Annual Day of Service,,2023,2026,crm_import
10343,1,13097,Volunteer,Annual Day of Service,,2025,,crm_import
10344,1,2104,Volunteer,Annual Day of Service,Team Lead,,,crm_import
10345,1,8345,Volunteer,Annual Day of Service,,2024,2025,crm_import
10346,1,11297,Volunteer,Annual Day of Service,Team Lead,2015,2019,crm_import
10347,1,12132,Volunteer,Annual Day of Service,,2018,2022,crm_import
10348,1,316,Volunteer,Annual Day of Service,,,,online
10349,1,3031,Volunteer,Annual Day of Service,Member Leader,2001,2004,advancement_entry
10350,1,8227,Volunteer,Annual Day of Service,,2024,2026,crm_import
10351,1,8855,Volunteer,Annual Day of Service,,2027,,crm_import
10352,1,16204,Volunteer,Annual Day of Service,,2013,2016,advancement_entry
10353,1,14123,Volunteer,Annual Day of Service,,1970,1974,online
10354,1,10806,Volunteer,Annual Day of Service,,2022,2026,crm_import
10355,1,1999,Volunteer,Annual Day of Service,Team Lead,1982,1986,crm_import
10356,1,7687,Volunteer,Annual Day of Service,,,,crm_import
10357,1,6632,Volunteer,Annual Day of Service,,1995,1999,crm_import
10358,1,12908,Volunteer,Annual Day of Service,,2017,2019,crm_import
10359,1,11469,Volunteer,Annual Day of Service,,,,crm_import
10360,1,10332,Volunteer,Annual Day of Service,,2016,2020,crm_import
10361,1,8149,Volunteer,Annual Day of Service,Volunteer Coordinator,1976,1979,crm_import
10362,1,9942,Volunteer,Annual Day of Service,,,,crm_import
10363,1,9684,Volunteer,Annual Day of Service,,,,crm_import
10364,1,11722,Volunteer,Annual Day of Service,,2028,,crm_import
10365,1,7657,Volunteer,Annual Day of Service,,,,online
10366,1,9120,Volunteer,Annual Day of Service,,2020,2021,crm_import
10367,1,5375,Volunteer,Annual Day of Service,,2012,2015,crm_import
10368,1,1255,Volunteer,Annual Day of Service,,2023,2026,crm_import
10369,1,3558,Volunteer,Annual Day of Service,,,,advancement_entry
10370,1,4284,Volunteer,Annual Day of Service,,2022,2024,online
10371,1,2282,Volunteer,Annual Day of Service,,,,crm_import
10372,1,19218,Volunteer,Annual Day of Service,,2024,,crm_import
10373,1,14133,Volunteer,Annual Day of Service,,2020,2022,crm_import
10374,1,7151,Volunteer,Annual Day of Service,,1968,1970,crm_import
10375,1,5601,Volunteer,Annual Day of Service,,2011,2014,online
10376,1,16743,Volunteer,Annual Day of Service,,2024,2026,crm_import
10377,1,19662,Volunteer,Annual Day of Service,,1993,1995,crm_import
10378,1,18594,Volunteer,Annual Day of Service,,1997,2000,crm_import
10379,1,3195,Volunteer,Annual Day of Service,,1965,1969,online
10380,1,18285,Volunteer,Annual Day of Service,,2000,2004,crm_import
10381,1,15621,Volunteer,Annual Day of Service,,2018,2020,advancement_entry
10382,1,11126,Volunteer,Annual Day of Service,,,,crm_import
10383,1,7074,Volunteer,Annual Day of Service,,,,crm_import
10384,1,17158,Volunteer,Annual Day of Service,,2024,,crm_import
10385,1,18965,Volunteer,Annual Day of Service,,,,crm_import
10386,1,8930,Volunteer,Annual Day of Service,,2014,2017,crm_import
10387,1,14851,Volunteer,Annual Day of Service,,,,crm_import
10388,1,18730,Volunteer,Annual Day of Service,,2021,2023,crm_import
10389,1,11994,Volunteer,Annual Day of Service,Member Leader,2021,2024,crm_import
10390,1,17185,Volunteer,Annual Day of Service,,2006,2009,crm_import
10391,1,10465,Volunteer,Annual Day of Service,,1972,1975,crm_import
10392,1,1224,Volunteer,Annual Day of Service,,1999,2003,online
10393,1,14239,Volunteer,Annual Day of Service,,2021,2022,advancement_entry
10394,1,14697,Volunteer,Annual Day of Service,,2027,,online
10395,1,8897,Volunteer,Annual Day of Service,,,,crm_import
10396,1,18471,Volunteer,Annual Day of Service,,1964,1968,online
10397,1,8531,Volunteer,Annual Day of Service,,2024,2026,crm_import
10398,1,17632,Volunteer,Annual Day of Service,,1983,1985,crm_import
10399,1,256,Volunteer,Annual Day of Service,,2023,2025,crm_import
10400,1,7652,Volunteer,Annual Day of Service,,2004,2006,crm_import
10401,1,1031,Volunteer,Annual Day of Service,,2020,2022,crm_import
10402,1,10654,Volunteer,Annual Day of Service,,,,crm_import
10403,1,18588,Volunteer,Annual Day of Service,,2011,2014,online
10404,1,1974,Volunteer,Annual Day of Service,Volunteer Coordinator,1990,1994,crm_import
10405,1,19153,Volunteer,Annual Day of Service,Team Lead,,,crm_import
10406,1,6844,Volunteer,Annual Day of Service,,2020,2021,crm_import
10407,1,7065,Volunteer,Annual Day of Service,,,,crm_import
10408,1,12556,Volunteer,Annual Day of Service,,1972,1976,crm_import
10409,1,2760,Volunteer,Annual Day of Service,,,,online
10410,1,3397,Volunteer,Annual Day of Service,,2024,2026,crm_import
10411,1,4650,Volunteer,Annual Day of Service,,2019,2023,online
10412,1,18606,Volunteer,Annual Day of Service,,2023,2024,advancement_entry
10413,1,1320,Volunteer,Annual Day of Service,,2026,,crm_import
10414,1,7213,Volunteer,Annual Day of Service,,2007,2009,online
10415,1,16675,Volunteer,Annual Day of Service,,2023,2024,online
10416,1,18480,Volunteer,Annual Day of Service,,1973,1976,crm_import
10417,1,18968,Volunteer,Annual Day of Service,,1989,1992,crm_import
10418,1,12031,Volunteer,Annual Day of Service,,2018,2019,advancement_entry
10419,1,8405,Volunteer,Annual Day of Service,,2021,2022,crm_import
10420,1,15634,Volunteer,Annual Day of Service,,,,crm_import
10421,1,3334,Volunteer,Annual Day of Service,Member Leader,1988,1990,crm_import
10422,1,5895,Volunteer,Annual Day of Service,,1977,1980,crm_import
10423,1,3509,Volunteer,Annual Day of Service,Team Lead,,,crm_import
10424,1,15832,Volunteer,Annual Day of Service,Volunteer Coordinator,2020,2022,crm_import
10425,1,7914,Volunteer,Annual Day of Service,,,,crm_import
10426,1,5794,Volunteer,Annual Day of Service,,1964,1966,advancement_entry
10427,1,3246,Volunteer,Annual Day of Service,,2015,2019,crm_import
10428,1,14991,Volunteer,Annual Day of Service,,,,crm_import
10429,1,3585,Volunteer,Annual Day of Service,,2018,2019,advancement_entry
10430,1,13456,Volunteer,Annual Day of Service,,,,advancement_entry
10431,1,2396,Volunteer,Annual Day of Service,,2010,2012,crm_import
10432,1,9802,Volunteer,Annual Day of Service,,,,online
10433,1,10060,Volunteer,Annual Day of Service,,1993,1996,crm_import
10434,1,4367,Volunteer,Annual Day of Service,Volunteer Coordinator,,,crm_import
10435,1,18510,Volunteer,Annual Day of Service,,1972,1975,crm_import
10436,1,15520,Volunteer,Annual Day of Service,,2023,2024,online
10437,1,6707,Volunteer,Annual Day of Service,,2026,,crm_import
10438,1,16876,Volunteer,Annual Day of Service,,,,crm_import
10439,1,2847,Volunteer,Annual Day of Service,,,,advancement_entry
10440,1,1952,Volunteer,Annual Day of Service,,2018,2022,crm_import
10441,1,12983,Volunteer,Annual Day of Service,,,,crm_import
10442,1,3559,Volunteer,Annual Day of Service,,1999,2003,crm_import
10443,1,16320,Volunteer,Annual Day of Service,,2019,2023,crm_import
10444,1,2443,Volunteer,Annual Day of Service,,2010,2014,online
10445,1,3028,Volunteer,Annual Day of Service,,2028,,online
10446,1,822,Volunteer,Annual Day of Service,,,,advancement_entry
10447,1,17295,Volunteer,Annual Day of Service,,2014,2017,crm_import
10448,1,12618,Volunteer,Annual Day of Service,,2026,,online
10449,1,11036,Volunteer,Annual Day of Service,,2019,2021,crm_import
10450,1,16380,Volunteer,Annual Day of Service,,,,crm_import
10451,1,19224,Volunteer,Annual Day of Service,,,,crm_import
10452,1,1848,Volunteer,Annual Day of Service,,2021,2023,crm_import
10453,1,809,Volunteer,Annual Day of Service,,2022,2023,crm_import
10454,1,10299,Volunteer,Annual Day of Service,,2025,,crm_import
10455,1,10138,Volunteer,Annual Day of Service,,2009,2012,crm_import
10456,1,12589,Volunteer,Annual Day of Service,,2026,,online
10457,1,1050,Volunteer,Annual Day of Service,,2012,2016,online
10458,1,1899,Volunteer,Annual Day of Service,,1991,1993,crm_import
10459,1,10529,Volunteer,Annual Day of Service,,2021,2024,online
10460,1,17635,Volunteer,Annual Day of Service,,2021,2025,crm_import
10461,1,156,Volunteer,Annual Day of Service,,1966,1970,online
10462,1,17638,Volunteer,Annual Day of Service,Volunteer Coordinator,2014,2018,crm_import
10463,1,15933,Volunteer,Annual Day of Service,,1987,1990,crm_import
10464,1,3482,Volunteer,Annual Day of Service,,2026,,crm_import
10465,1,14048,Volunteer,Annual Day of Service,,,,crm_import
10466,1,17651,Volunteer,Annual Day of Service,,2020,2022,crm_import
10467,1,4086,Volunteer,Annual Day of Service,,,,online
10468,1,18541,Volunteer,Annual Day of Service,,2020,2023,crm_import
10469,1,10340,Volunteer,Annual Day of Service,,2014,2017,crm_import
10470,1,13063,Volunteer,Annual Day of Service,,,,crm_import
10471,1,2048,Volunteer,Annual Day of Service,,,,crm_import
10472,1,17791,Volunteer,Annual Day of Service,,2024,2026,crm_import
10473,1,2591,Volunteer,Annual Day of Service,,1997,2000,crm_import
10474,1,19006,Volunteer,Annual Day of Service,,2024,2026,advancement_entry
10475,1,14693,Volunteer,Annual Day of Service,,,,crm_import
10476,1,3307,Volunteer,Annual Day of Service,,2013,2016,crm_import
10477,1,14531,Volunteer,Annual Day of Service,,2026,,online
10478,1,11628,Volunteer,Annual Day of Service,Member Leader,2020,2021,advancement_entry
10479,1,15109,Volunteer,Annual Day of Service,,1972,1975,crm_import
10480,1,12098,Volunteer,Annual Day of Service,,,,crm_import
10481,1,19616,Volunteer,Annual Day of Service,,1995,1999,crm_import
10482,1,19407,Volunteer,Annual Day of Service,,2025,,crm_import
10483,1,9394,Volunteer,Annual Day of Service,,2004,2006,online
10484,1,5097,Volunteer,Annual Day of Service,,2020,2023,online
10485,1,8273,Volunteer,Annual Day of Service,,1963,1965,crm_import
10486,1,15468,Volunteer,Annual Day of Service,,2022,2024,crm_import
10487,1,7921,Volunteer,Annual Day of Service,,2018,2019,crm_import
10488,1,1546,Volunteer,Annual Day of Service,,,,crm_import
10489,1,2505,Volunteer,Annual Day of Service,,2024,,crm_import
10490,1,5165,Volunteer,Annual Day of Service,,2022,2026,crm_import
10491,1,12149,Volunteer,Annual Day of Service,Volunteer Coordinator,,,online
10492,1,19504,Volunteer,Annual Day of Service,,1958,1962,crm_import
10493,1,2766,Volunteer,Annual Day of Service,,1959,1961,advancement_entry
10494,1,1350,Volunteer,Annual Day of Service,,2024,,crm_import
10495,1,7796,Volunteer,Annual Day of Service,,2019,2020,crm_import
10496,1,10037,Volunteer,Annual Day of Service,,1996,2000,crm_import
10497,1,6418,Volunteer,Annual Day of Service,,,,crm_import
10498,1,12399,Volunteer,Annual Day of Service,,,,online
10499,1,63,Volunteer,Annual Day of Service,,2020,2024,crm_import
10500,1,15918,Volunteer,Annual Day of Service,,2023,2024,crm_import
10501,1,5961,Volunteer,Annual Day of Service,,,,advancement_entry
10502,1,6278,Volunteer,Annual Day of Service,,2007,2010,crm_import
10503,1,15287,Volunteer,Annual Day of Service,,1952,1954,crm_import
10504,1,19577,Volunteer,Annual Day of Service,,1997,1999,crm_import
10505,1,18598,Volunteer,Annual Day of Service,,1969,1971,online
10506,1,14194,Volunteer,Annual Day of Service,,2020,2024,crm_import
10507,1,16100,Volunteer,Annual Day of Service,,1999,2003,online
10508,1,11866,Volunteer,Annual Day of Service,Volunteer Coordinator,1965,1969,crm_import
10509,1,17987,Volunteer,Annual Day of Service,,2005,2009,online
10510,1,18908,Volunteer,Annual Day of Service,,2008,2012,crm_import
10511,1,3090,Volunteer,Annual Day of Service,,2025,,crm_import
10512,1,18919,Volunteer,Annual Day of Service,,2022,2025,crm_import
10513,1,2951,Volunteer,Annual Day of Service,,2022,2023,advancement_entry
10514,1,2024,Volunteer,Annual Day of Service,,1983,1985,crm_import
10515,1,9314,Volunteer,Annual Day of Service,,2018,2020,crm_import
10516,1,596,Volunteer,Annual Day of Service,,1987,1991,crm_import
10517,1,17859,Volunteer,Annual Day of Service,,2018,2022,advancement_entry
10518,1,16524,Volunteer,Annual Day of Service,Volunteer Coordinator,2025,,crm_import
10519,1,3061,Volunteer,Annual Day of Service,,,,advancement_entry
10520,1,3191,Volunteer,Annual Day of Service,,,,crm_import
10521,1,2386,Volunteer,Annual Day of Service,,,,crm_import
10522,1,102,Volunteer,Annual Day of Service,Member Leader,1993,1997,crm_import
10523,1,8803,Volunteer,Annual Day of Service,,2005,2007,crm_import
10524,1,12405,Volunteer,Annual Day of Service,,2021,2022,crm_import
10525,1,13386,Volunteer,Annual Day of Service,,,,crm_import
10526,1,12017,Volunteer,Annual Day of Service,,1995,1997,crm_import
10527,1,14710,Volunteer,Annual Day of Service,Team Lead,,,crm_import
10528,1,17417,Volunteer,Annual Day of Service,,1970,1972,crm_import
10529,1,15465,Volunteer,Annual Day of Service,,2013,2016,advancement_entry
10530,1,11969,Volunteer,Annual Day of Service,Team Lead,,,crm_import
10531,1,11387,Volunteer,Annual Day of Service,,2020,2021,crm_import
10532,1,11782,Volunteer,Annual Day of Service,,2024,2026,advancement_entry
10533,1,13730,Volunteer,Annual Day of Service,,,,crm_import
10534,1,17466,Volunteer,Annual Day of Service,,2023,2026,online
10535,1,7428,Volunteer,Annual Day of Service,Volunteer Coordinator,1971,1973,crm_import
10536,1,5728,Volunteer,Annual Day of Service,,1982,1986,crm_import
10537,1,17339,Volunteer,Annual Day of Service,,2001,2003,crm_import
10538,1,2731,Volunteer,Annual Day of Service,,2021,2023,online
10539,1,4914,Volunteer,Annual Day of Service,,,,online
10540,1,11271,Volunteer,Annual Day of Service,,,,crm_import
10541,1,11109,Volunteer,Annual Day of Service,,,,advancement_entry
10542,1,8880,Volunteer,Annual Day of Service,,,,crm_import
10543,1,14396,Volunteer,Annual Day of Service,,2017,2021,online
10544,1,17480,Volunteer,Annual Day of Service,,1986,1988,online
10545,1,15397,Volunteer,Annual Day of Service,,1991,1993,online
10546,1,19286,Volunteer,Annual Day of Service,,2025,,crm_import
10547,1,11914,Volunteer,Annual Day of Service,,1952,1956,crm_import
10548,1,4739,Volunteer,Annual Day of Service,,2021,2025,crm_import
10549,1,7474,Volunteer,Annual Day of Service,,,,crm_import
10550,1,12317,Volunteer,Annual Day of Service,Volunteer Coordinator,2028,,crm_import
10551,1,13015,Volunteer,Annual Day of Service,,2022,2026,crm_import
10552,1,2183,Volunteer,Annual Day of Service,,,,crm_import
10553,1,15162,Volunteer,Annual Day of Service,,,,crm_import
10554,1,6403,Volunteer,Annual Day of Service,,1966,1970,online
10555,1,8342,Volunteer,Annual Day of Service,,2004,2006,crm_import
10556,1,12388,Volunteer,Annual Day of Service,,2009,2013,advancement_entry
10557,1,7715,Volunteer,Annual Day of Service,,2015,2017,online
10558,1,11129,Volunteer,Annual Day of Service,,2023,2026,crm_import
10559,1,19918,Volunteer,Annual Day of Service,,,,advancement_entry
10560,1,11089,Volunteer,Annual Day of Service,,1972,1974,advancement_entry
10561,1,15349,Volunteer,Annual Day of Service,,2018,2019,online
10562,1,12270,Volunteer,Annual Day of Service,,2024,,crm_import
10563,1,10330,Volunteer,Annual Day of Service,,2024,,crm_import
10564,1,12620,Volunteer,Annual Day of Service,,,,online
10565,1,2804,Volunteer,Annual Day of Service,,,,crm_import
10566,1,15749,Volunteer,Annual Day of Service,,,,crm_import
10567,1,8927,Volunteer,Annual Day of Service,,2024,2026,advancement_entry
10568,1,13886,Volunteer,Annual Day of Service,,1992,1995,crm_import
10569,1,12130,Volunteer,Annual Day of Service,,,,online
10570,1,16020,Volunteer,Annual Day of Service,,,,crm_import
10571,1,4012,Volunteer,Annual Day of Service,,2007,2011,online
10572,1,2536,Volunteer,Annual Day of Service,,,,online
10573,1,7479,Volunteer,Annual Day of Service,,2023,2026,crm_import
10574,1,16537,Volunteer,Annual Day of Service,Team Lead,1987,1990,crm_import
10575,1,5911,Volunteer,Annual Day of Service,,1999,2003,crm_import
10576,1,6469,Volunteer,Annual Day of Service,,2023,2026,crm_import
10577,1,13682,Volunteer,Annual Day of Service,,,,online
10578,1,12011,Volunteer,Annual Day of Service,,2005,2009,crm_import
10579,1,12913,Volunteer,Annual Day of Service,,2016,2019,crm_import
10580,1,13262,Volunteer,Annual Day of Service,,2018,2019,crm_import
10581,1,1701,Volunteer,Annual Day of Service,,,,online
10582,1,3291,Volunteer,Annual Day of Service,,2024,2026,crm_import
10583,1,8374,Volunteer,Annual Day of Service,,1995,1998,crm_import
10584,1,15353,Volunteer,Annual Day of Service,,2022,2025,advancement_entry
10585,1,119,Volunteer,Annual Day of Service,,1982,1985,online
10586,1,16759,Volunteer,Annual Day of Service,,2021,2022,crm_import
10587,1,19897,Volunteer,Annual Day of Service,,,,crm_import
10588,1,3455,Volunteer,Annual Day of Service,,,,crm_import
10589,1,17775,Volunteer,Annual Day of Service,Member Leader,2020,2022,crm_import
10590,1,6937,Volunteer,Annual Day of Service,,2020,2021,advancement_entry
10591,1,10200,Volunteer,Annual Day of Service,,1958,1960,crm_import
10592,1,5369,Volunteer,Annual Day of Service,,2018,2022,crm_import
10593,1,9759,Volunteer,Annual Day of Service,Member Leader,1991,1994,crm_import
10594,1,13758,Volunteer,Annual Day of Service,,2023,,crm_import
10595,1,19681,Volunteer,Annual Day of Service,,2006,2009,crm_import
10596,1,16185,Volunteer,Annual Day of Service,,2026,,online
10597,1,12722,Volunteer,Annual Day of Service,,,,crm_import
10598,1,2692,Volunteer,Annual Day of Service,Team Lead,,,crm_import
10599,1,12301,Volunteer,Annual Day of Service,,1988,1992,advancement_entry
10600,1,16220,Volunteer,Annual Day of Service,,1983,1986,crm_import
10601,1,15904,Volunteer,Annual Day of Service,,1988,1991,online
10602,1,17878,Volunteer,Annual Day of Service,,,,crm_import
10603,1,7741,Volunteer,Annual Day of Service,,,,online
10604,1,6136,Volunteer,Annual Day of Service,,2020,2024,advancement_entry
10605,1,6433,Volunteer,Annual Day of Service,,,,crm_import
10606,1,9690,Volunteer,Annual Day of Service,,2023,2025,crm_import
10607,1,19283,Volunteer,Annual Day of Service,,2017,2020,crm_import
10608,1,4190,Volunteer,Annual Day of Service,,2016,2019,crm_import
10609,1,11663,Volunteer,Annual Day of Service,,2020,2021,online
10610,1,7364,Volunteer,Annual Day of Service,,2007,2010,crm_import
10611,1,7259,Volunteer,Annual Day of Service,,2023,2024,advancement_entry
10612,1,14711,Volunteer,Annual Day of Service,Team Lead,1984,1986,crm_import
10613,1,12557,Volunteer,Annual Day of Service,,,,online
10614,1,2226,Volunteer,Annual Day of Service,,,,crm_import
10615,1,447,Volunteer,Annual Day of Service,,,,crm_import
10616,1,4822,Volunteer,Annual Day of Service,,2025,,crm_import
10617,1,17591,Volunteer,Annual Day of Service,,2023,2025,crm_import
10618,1,10736,Volunteer,Annual Day of Service,,2015,2019,crm_import
10619,1,1664,Volunteer,Annual Day of Service,,2023,2026,crm_import
10620,1,12696,Volunteer,Annual Day of Service,,1992,1996,crm_import
10621,1,9273,Volunteer,Annual Day of Service,,2002,2006,crm_import
10622,1,2457,Volunteer,Annual Day of Service,,2018,2019,crm_import
10623,1,3375,Volunteer,Annual Day of Service,,,,crm_import
10624,1,15459,Volunteer,Annual Day of Service,,,,crm_import
10625,1,11368,Volunteer,Annual Day of Service,,1990,1994,crm_import
10626,1,2009,Volunteer,Annual Day of Service,,2027,,crm_import
10627,1,12917,Volunteer,Annual Day of Service,Volunteer Coordinator,2000,2003,crm_import
10628,1,1134,Volunteer,Annual Day of Service,,2019,2023,crm_import
10629,1,8402,Volunteer,Annual Day of Service,Team Lead,2018,2020,crm_import
10630,1,15296,Volunteer,Annual Day of Service,,1997,2000,crm_import
10631,1,17337,Volunteer,Annual Day of Service,,2023,2026,crm_import
10632,1,1265,Volunteer,Annual Day of Service,,2015,2018,advancement_entry
10633,1,10201,Volunteer,Annual Day of Service,Team Lead,2020,2024,online
10634,1,11034,Volunteer,Annual Day of Service,,1977,1979,crm_import
10635,1,4280,Volunteer,Annual Day of Service,,,,online
10636,1,17726,Volunteer,Annual Day of Service,,2018,2019,advancement_entry
10637,1,17931,Volunteer,Annual Day of Service,Member Leader,1970,1972,crm_import
10638,1,11508,Volunteer,Annual Day of Service,,2025,,crm_import
10639,1,6053,Volunteer,Annual Day of Service,,2025,,online
10640,1,18242,Volunteer,Annual Day of Service,,2024,2026,advancement_entry
10641,1,18936,Volunteer,Annual Day of Service,,,,crm_import
10642,1,1151,Volunteer,Annual Day of Service,,2025,,online
10643,1,4502,Volunteer,Annual Day of Service,,,,crm_import
10644,1,5939,Volunteer,Annual Day of Service,,,,crm_import
10645,1,5634,Volunteer,Annual Day of Service,,,,crm_import
10646,1,16476,Volunteer,Annual Day of Service,,,,crm_import
10647,1,19600,Volunteer,Annual Day of Service,,2024,2026,online
10648,1,6868,Volunteer,Annual Day of Service,,2027,,crm_import
10649,1,17458,Volunteer,Annual Day of Service,,1973,1977,online
10650,1,7556,Volunteer,Annual Day of Service,,,,crm_import
10651,1,3065,Volunteer,Annual Day of Service,Member Leader,2008,2011,crm_import
10652,1,4833,Volunteer,Annual Day of Service,,2008,2010,crm_import
10653,1,8957,Volunteer,Annual Day of Service,,2020,2024,crm_import
10654,1,4419,Volunteer,Annual Day of Service,,2019,2023,advancement_entry
10655,1,6495,Volunteer,Annual Day of Service,,1998,2002,online
10656,1,1176,Volunteer,Annual Day of Service,,1979,1982,crm_import
10657,1,4301,Volunteer,Annual Day of Service,,,,online
10658,1,13290,Volunteer,Annual Day of Service,,2010,2013,crm_import
10659,1,16976,Volunteer,Annual Day of Service,,2018,2020,advancement_entry
10660,1,13010,Volunteer,Annual Day of Service,Volunteer Coordinator,2018,2021,crm_import
10661,1,3033,Volunteer,Annual Day of Service,,1988,1990,crm_import
10662,1,8608,Volunteer,Annual Day of Service,,,,crm_import
10663,1,16765,Volunteer,Annual Day of Service,,2000,2002,crm_import
10664,1,14389,Volunteer,Annual Day of Service,Volunteer Coordinator,2000,2003,advancement_entry
10665,1,14647,Volunteer,Annual Day of Service,Volunteer Coordinator,1986,1990,advancement_entry
10666,1,5320,Volunteer,Annual Day of Service,,1971,1975,crm_import
10667,1,4160,Volunteer,Annual Day of Service,,1998,2000,online
10668,1,4467,Volunteer,Annual Day of Service,,,,crm_import
10669,1,12734,Volunteer,Annual Day of Service,,,,online
10670,1,13405,Volunteer,Annual Day of Service,,2024,2026,crm_import
10671,1,5656,Volunteer,Annual Day of Service,,,,crm_import
10672,1,6266,Volunteer,Annual Day of Service,,2023,2025,advancement_entry
10673,1,11081,Volunteer,Annual Day of Service,Team Lead,1973,1975,crm_import
10674,1,18017,Volunteer,Annual Day of Service,,2023,2026,crm_import
10675,1,12804,Volunteer,Annual Day of Service,,1981,1983,online
10676,1,1516,Volunteer,Annual Day of Service,,1988,1990,crm_import
10677,1,843,Volunteer,Annual Day of Service,,2012,2015,crm_import
10678,1,18923,Volunteer,Annual Day of Service,,,,crm_import
10679,1,15537,Volunteer,Annual Day of Service,,1986,1990,crm_import
10680,1,13207,Volunteer,Annual Day of Service,,,,crm_import
10681,1,11512,Volunteer,Annual Day of Service,,,,online
10682,1,13374,Volunteer,Annual Day of Service,,2020,2021,advancement_entry
10683,1,11611,Volunteer,Annual Day of Service,,,,advancement_entry
10684,1,14830,Volunteer,Annual Day of Service,,,,crm_import
10685,1,2974,Volunteer,Annual Day of Service,,,,crm_import
10686,1,12188,Volunteer,Annual Day of Service,,2025,,crm_import
10687,1,15248,Volunteer,Annual Day of Service,,,,crm_import
10688,1,15834,Volunteer,Annual Day of Service,,2010,2013,crm_import
10689,1,935,Volunteer,Annual Day of Service,,,,crm_import
10690,1,8587,Volunteer,Annual Day of Service,,2026,,crm_import
10691,1,18656,Volunteer,Annual Day of Service,,,,crm_import
10692,1,947,Volunteer,Annual Day of Service,Volunteer Coordinator,1994,1997,online
10693,1,5727,Volunteer,Annual Day of Service,,1994,1996,crm_import
10694,1,16890,Volunteer,Annual Day of Service,,,,crm_import
10695,1,17679,Volunteer,Annual Day of Service,,1983,1986,crm_import
10696,1,10893,Volunteer,Annual Day of Service,,,,crm_import
10697,1,1616,Volunteer,Annual Day of Service,,1994,1998,online
10698,1,12041,Volunteer,Annual Day of Service,,,,advancement_entry
10699,1,16894,Volunteer,Annual Day of Service,,,,crm_import
10700,1,7437,Volunteer,Annual Day of Service,,1995,1999,crm_import
10701,1,17213,Volunteer,Annual Day of Service,,2021,2025,online
10702,1,12114,Volunteer,Annual Day of Service,,,,crm_import
10703,1,2872,Volunteer,Annual Day of Service,,2023,,online
10704,1,6662,Volunteer,Annual Day of Service,,2019,2022,crm_import
10705,1,5589,Volunteer,Annual Day of Service,,2019,2023,crm_import
10706,1,3767,Volunteer,Annual Day of Service,,2028,,crm_import
10707,1,8986,Volunteer,Annual Day of Service,,2022,2026,crm_import
10708,1,6015,Volunteer,Annual Day of Service,,2026,,crm_import
10709,1,5857,Volunteer,Annual Day of Service,,2024,,crm_import
10710,1,9923,Volunteer,Annual Day of Service,Team Lead,2021,2024,crm_import
10711,1,19537,Volunteer,Annual Day of Service,,2007,2009,online
10712,1,9416,Volunteer,Annual Day of Service,,,,online
10713,1,19396,Volunteer,Annual Day of Service,,2020,2024,crm_import
10714,1,9704,Volunteer,Annual Day of Service,,,,online
10715,1,19763,Volunteer,Annual Day of Service,,2005,2008,crm_import
10716,1,10748,Volunteer,Annual Day of Service,,2021,2025,crm_import
10717,1,1242,Volunteer,Annual Day of Service,,2011,2014,online
10718,1,18231,Volunteer,Annual Day of Service,Team Lead,,,advancement_entry
10719,1,2316,Volunteer,Annual Day of Service,,,,online
10720,1,4067,Volunteer,Annual Day of Service,,2005,2007,crm_import
10721,1,5456,Volunteer,Annual Day of Service,,2025,,online
10722,1,2858,Volunteer,Annual Day of Service,,1998,2002,crm_import
10723,1,13459,Volunteer,Annual Day of Service,Volunteer Coordinator,1983,1985,advancement_entry
10724,1,9236,Volunteer,Annual Day of Service,,2003,2006,online
10725,1,3450,Volunteer,Annual Day of Service,,2021,2024,online
10726,1,5250,Volunteer,Annual Day of Service,,2021,2022,crm_import
10727,1,9829,Volunteer,Annual Day of Service,,1972,1974,online
10728,1,2874,Volunteer,Annual Day of Service,,2024,2026,crm_import
10729,1,6673,Volunteer,Annual Day of Service,,2018,2020,crm_import
10730,1,3242,Volunteer,Annual Day of Service,,2023,2026,crm_import
10731,1,14094,Volunteer,Annual Day of Service,,2013,2016,online
10732,1,6982,Volunteer,Annual Day of Service,,,,crm_import
10733,1,19915,Volunteer,Annual Day of Service,,1979,1983,crm_import
10734,1,4936,Volunteer,Annual Day of Service,,2021,2025,crm_import
10735,1,4821,Volunteer,Annual Day of Service,,2022,2024,crm_import
10736,1,16915,Volunteer,Annual Day of Service,,,,crm_import
10737,1,232,Volunteer,Annual Day of Service,,,,crm_import
10738,1,11842,Volunteer,Annual Day of Service,,,,crm_import
10739,1,14671,Volunteer,Annual Day of Service,Member Leader,2023,2025,online
10740,1,6479,Volunteer,Annual Day of Service,,1970,1972,crm_import
10741,1,2472,Volunteer,Annual Day of Service,,2006,2009,crm_import
10742,1,16716,Volunteer,Annual Day of Service,,2008,2012,crm_import
10743,1,18525,Volunteer,Annual Day of Service,,1986,1989,crm_import
10744,1,8888,Volunteer,Annual Day of Service,,2024,2026,crm_import
10745,1,3926,Volunteer,Annual Day of Service,,2024,2026,crm_import
10746,1,14449,Volunteer,Annual Day of Service,Member Leader,2024,2026,crm_import
10747,1,12991,Volunteer,Annual Day of Service,,2019,2023,crm_import
10748,1,6888,Volunteer,Annual Day of Service,,2025,,crm_import
10749,1,7084,Volunteer,Annual Day of Service,,1997,2001,advancement_entry
10750,1,11536,Volunteer,Annual Day of Service,,,,crm_import
10751,1,16493,Volunteer,Annual Day of Service,,,,online
10752,1,10540,Volunteer,Annual Day of Service,Team Lead,2024,2025,online
10753,1,16107,Volunteer,Annual Day of Service,,2026,,crm_import
10754,1,2479,Volunteer,Annual Day of Service,,,,crm_import
10755,1,10535,Volunteer,Annual Day of Service,,1990,1992,crm_import
10756,1,2177,Volunteer,Annual Day of Service,,,,crm_import
10757,1,12442,Volunteer,Annual Day of Service,,1997,2001,crm_import
10758,1,2932,Volunteer,Annual Day of Service,,2009,2011,crm_import
10759,1,7187,Volunteer,Annual Day of Service,Volunteer Coordinator,2023,2026,crm_import
10760,1,5421,Volunteer,Annual Day of Service,,2021,2022,advancement_entry
10761,1,9701,Volunteer,Annual Day of Service,,1981,1984,crm_import
10762,1,18915,Volunteer,Annual Day of Service,,2018,2022,online
10763,1,2230,Volunteer,Annual Day of Service,,,,crm_import
10764,1,8943,Volunteer,Annual Day of Service,,,,advancement_entry
10765,1,17166,Volunteer,Annual Day of Service,,2022,2023,crm_import
10766,1,851,Volunteer,Annual Day of Service,,2023,2025,crm_import
10767,1,9858,Volunteer,Annual Day of Service,,2020,2024,crm_import
10768,1,13071,Volunteer,Annual Day of Service,,2002,2006,crm_import
10769,1,13545,Volunteer,Annual Day of Service,Member Leader,1994,1998,crm_import
10770,1,2880,Volunteer,Annual Day of Service,,2009,2012,online
10771,1,10018,Volunteer,Annual Day of Service,,2025,,online
10772,1,14035,Volunteer,Annual Day of Service,,,,crm_import
10773,1,14163,Volunteer,Annual Day of Service,,2020,2023,crm_import
10774,1,2331,Volunteer,Annual Day of Service,,2021,2025,crm_import
10775,1,12642,Volunteer,Annual Day of Service,,,,crm_import
10776,1,17398,Volunteer,Annual Day of Service,,2025,,crm_import
10777,1,2708,Volunteer,Annual Day of Service,Member Leader,2014,2018,crm_import
10778,1,1510,Volunteer,Annual Day of Service,,,,crm_import
10779,1,7970,Volunteer,Annual Day of Service,Member Leader,2024,,crm_import
10780,1,19478,Volunteer,Annual Day of Service,Member Leader,2024,2026,crm_import
10781,1,3532,Volunteer,Annual Day of Service,,,,crm_import
10782,1,14382,Volunteer,Annual Day of Service,,1993,1995,advancement_entry
10783,1,2779,Volunteer,Annual Day of Service,,1959,1962,crm_import
10784,1,1917,Volunteer,Annual Day of Service,,2002,2006,online
10785,1,7360,Volunteer,Annual Day of Service,,2025,,crm_import
10786,1,5947,Volunteer,Annual Day of Service,,2019,2022,crm_import
10787,1,5067,Volunteer,Annual Day of Service,,,,crm_import
10788,1,19769,Volunteer,Annual Day of Service,,1971,1973,crm_import
10789,1,4423,Volunteer,Annual Day of Service,,2022,2025,advancement_entry
10790,1,16346,Volunteer,Annual Day of Service,,,,online
10791,1,141,Volunteer,Annual Day of Service,Member Leader,2028,,crm_import
10792,1,8216,Volunteer,Annual Day of Service,,1995,1999,online
10793,1,19757,Volunteer,Annual Day of Service,,,,crm_import
10794,1,19508,Volunteer,Annual Day of Service,Member Leader,,,crm_import
10795,1,18167,Volunteer,Annual Day of Service,Team Lead,,,advancement_entry
10796,1,11449,Volunteer,Annual Day of Service,Member Leader,2015,2017,crm_import
10797,1,17956,Volunteer,Annual Day of Service,,2018,2019,crm_import
10798,1,11352,Volunteer,Annual Day of Service,,,,crm_import
10799,1,1338,Volunteer,Annual Day of Service,,,,crm_import
10800,1,2416,Volunteer,Annual Day of Service,,2022,2023,online
10801,1,1724,Volunteer,Annual Day of Service,,,,crm_import
10802,1,7992,Volunteer,Annual Day of Service,,2021,2024,online
10803,1,7255,Volunteer,Annual Day of Service,,,,online
10804,1,10488,Volunteer,Annual Day of Service,,2011,2015,crm_import
10805,1,14146,Volunteer,Annual Day of Service,,2012,2016,crm_import
10806,1,12595,Volunteer,Annual Day of Service,,1992,1995,crm_import
10807,1,10562,Volunteer,Annual Day of Service,Team Lead,2024,2026,crm_import
10808,1,4599,Volunteer,Annual Day of Service,,2024,2026,crm_import
10809,1,9276,Volunteer,Annual Day of Service,,2018,2019,crm_import
10810,1,18093,Volunteer,Annual Day of Service,,2020,2021,crm_import
10811,1,8918,Volunteer,Annual Day of Service,,,,crm_import
10812,1,3665,Volunteer,Annual Day of Service,,2023,2024,online
10813,1,11676,Volunteer,Annual Day of Service,,2023,2026,online
10814,1,359,Volunteer,Annual Day of Service,,2022,2023,crm_import
10815,1,14684,Volunteer,Annual Day of Service,,1971,1973,crm_import
10816,1,13670,Volunteer,Annual Day of Service,,,,crm_import
10817,1,18827,Volunteer,Annual Day of Service,Team Lead,,,online
10818,1,4795,Volunteer,Annual Day of Service,,1994,1996,crm_import
10819,1,9561,Volunteer,Annual Day of Service,,2022,2024,crm_import
10820,1,8209,Volunteer,Annual Day of Service,,2019,2021,crm_import
10821,1,14222,Volunteer,Annual Day of Service,Member Leader,2021,2022,crm_import
10822,1,3051,Volunteer,Annual Day of Service,,2022,2023,online
10823,1,7345,Volunteer,Annual Day of Service,,2023,,crm_import
10824,1,16892,Volunteer,Annual Day of Service,,,,online
10825,1,12714,Volunteer,Annual Day of Service,,1976,1980,crm_import
10826,1,9616,Volunteer,Annual Day of Service,,1946,1950,advancement_entry
10827,1,11643,Volunteer,Annual Day of Service,,2025,,crm_import
10828,1,8959,Volunteer,Annual Day of Service,,1968,1970,crm_import
10829,1,15072,Volunteer,Annual Day of Service,,1986,1988,crm_import
10830,1,9027,Volunteer,Annual Day of Service,,2020,2024,crm_import
10831,1,15672,Volunteer,Annual Day of Service,,2024,,crm_import
10832,1,1635,Volunteer,Annual Day of Service,,,,crm_import
10833,1,3860,Volunteer,Annual Day of Service,,2018,2020,crm_import
10834,1,1280,Volunteer,Annual Day of Service,,2019,2021,crm_import
10835,1,18955,Volunteer,Annual Day of Service,,2024,,crm_import
10836,1,5313,Volunteer,Annual Day of Service,,1974,1976,crm_import
10837,1,19390,Volunteer,Annual Day of Service,,,,online
10838,1,9577,Volunteer,Annual Day of Service,Member Leader,1997,2001,crm_import
10839,1,6294,Volunteer,Annual Day of Service,,,,crm_import
10840,1,16023,Volunteer,Annual Day of Service,,1970,1972,crm_import
10841,1,10551,Volunteer,Annual Day of Service,,,,crm_import
10842,1,11366,Volunteer,Annual Day of Service,,2008,2010,crm_import
10843,1,529,Volunteer,Annual Day of Service,,2008,2010,crm_import
10844,1,14298,Volunteer,Annual Day of Service,,2012,2016,crm_import
10845,1,13461,Volunteer,Annual Day of Service,,2000,2004,advancement_entry
10846,1,4743,Volunteer,Annual Day of Service,,2013,2015,crm_import
10847,1,11064,Volunteer,Annual Day of Service,Team Lead,1988,1991,crm_import
10848,1,15228,Volunteer,Annual Day of Service,Volunteer Coordinator,2020,2021,online
10849,1,13795,Volunteer,Annual Day of Service,,1975,1979,crm_import
10850,1,250,Volunteer,Annual Day of Service,,2008,2012,crm_import
10851,1,6833,Volunteer,Annual Day of Service,,1971,1975,crm_import
10852,1,79,Volunteer,Annual Day of Service,,2025,,crm_import
10853,1,15062,Volunteer,Annual Day of Service,,2026,,crm_import
10854,1,15566,Volunteer,Annual Day of Service,,1983,1985,crm_import
10855,1,17103,Volunteer,Annual Day of Service,,2021,2025,online
10856,1,16925,Volunteer,Annual Day of Service,,,,online
10857,1,2251,Volunteer,Annual Day of Service,,1991,1994,crm_import
10858,1,1723,Volunteer,Annual Day of Service,,2018,2020,crm_import
10859,1,5706,Volunteer,Annual Day of Service,,1990,1993,online
10860,1,2215,Volunteer,Annual Day of Service,,1992,1994,crm_import
10861,1,12147,Volunteer,Annual Day of Service,,2021,2023,crm_import
10862,1,14305,Volunteer,Annual Day of Service,,2010,2012,online
10863,1,17113,Volunteer,Annual Day of Service,,,,crm_import
10864,1,3068,Volunteer,Annual Day of Service,,2024,2026,crm_import
10865,1,16233,Volunteer,Annual Day of Service,,1959,1963,advancement_entry
10866,1,348,Volunteer,Annual Day of Service,,,,online
10867,1,6870,Volunteer,Annual Day of Service,,,,online
10868,1,55,Volunteer,Annual Day of Service,,,,crm_import
10869,1,16769,Volunteer,Annual Day of Service,Member Leader,,,crm_import
10870,1,5058,Volunteer,Annual Day of Service,,2021,2023,online
10871,1,17510,Volunteer,Annual Day of Service,,2021,2025,online
10872,1,1529,Volunteer,Annual Day of Service,,2024,2026,crm_import
10873,1,18814,Volunteer,Annual Day of Service,,2020,2024,crm_import
10874,1,17399,Volunteer,Annual Day of Service,,2020,2021,crm_import
10875,1,5207,Volunteer,Annual Day of Service,,2027,,crm_import
10876,1,14478,Volunteer,Annual Day of Service,Member Leader,2020,2024,crm_import
10877,1,19689,Volunteer,Annual Day of Service,,2027,,crm_import
10878,1,4232,Volunteer,Annual Day of Service,,,,crm_import
10879,1,7033,Volunteer,Annual Day of Service,,,,crm_import
10880,1,2070,Volunteer,Annual Day of Service,,2016,2020,advancement_entry
10881,1,12174,Volunteer,Annual Day of Service,,,,crm_import
10882,1,10258,Volunteer,Annual Day of Service,,2015,2017,crm_import
10883,1,2955,Volunteer,Annual Day of Service,,,,advancement_entry
10884,1,5712,Volunteer,Annual Day of Service,Volunteer Coordinator,1970,1974,advancement_entry
10885,1,13717,Volunteer,Annual Day of Service,,,,crm_import
10886,1,4193,Volunteer,Annual Day of Service,,2019,2020,crm_import
10887,1,14672,Volunteer,Annual Day of Service,,2018,2020,crm_import
10888,1,15871,Volunteer,Annual Day of Service,,,,crm_import
10889,1,3063,Volunteer,Annual Day of Service,,1976,1979,online
10890,1,18891,Volunteer,Annual Day of Service,,2021,2023,crm_import
10891,1,8068,Volunteer,Annual Day of Service,Team Lead,1992,1994,advancement_entry
10892,1,1304,Volunteer,Annual Day of Service,,,,crm_import
10893,1,12215,Volunteer,Annual Day of Service,,2023,2025,advancement_entry
10894,1,14649,Volunteer,Annual Day of Service,,2024,2025,crm_import
10895,1,5685,Volunteer,Annual Day of Service,,1993,1997,crm_import
10896,1,9767,Volunteer,Annual Day of Service,,1997,1999,crm_import
10897,1,19641,Volunteer,Annual Day of Service,,,,crm_import
10898,1,15666,Volunteer,Annual Day of Service,,,,online
10899,1,13793,Volunteer,Annual Day of Service,,1995,1998,online
10900,1,7836,Volunteer,Annual Day of Service,,2002,2004,crm_import
10901,1,19778,Volunteer,Annual Day of Service,,2017,2019,crm_import
10902,1,7568,Volunteer,Annual Day of Service,,1970,1972,crm_import
10903,1,2099,Volunteer,Annual Day of Service,,1982,1985,online
10904,1,13022,Volunteer,Annual Day of Service,,2002,2005,online
10905,1,7307,Volunteer,Annual Day of Service,,2014,2016,advancement_entry
10906,1,5183,Volunteer,Annual Day of Service,,1979,1983,crm_import
10907,1,3164,Volunteer,Annual Day of Service,,2023,,online
10908,1,11768,Volunteer,Annual Day of Service,Member Leader,,,crm_import
10909,1,566,Volunteer,Annual Day of Service,,2013,2015,crm_import
10910,1,2368,Volunteer,Annual Day of Service,,2025,,crm_import
10911,1,790,Volunteer,Annual Day of Service,,1994,1997,crm_import
10912,1,10031,Volunteer,Annual Day of Service,,1966,1968,crm_import
10913,1,17160,Volunteer,Annual Day of Service,,,,online
10914,1,11406,Volunteer,Annual Day of Service,,2026,,online
10915,1,2219,Volunteer,Annual Day of Service,,2019,2022,crm_import
10916,1,10826,Volunteer,Annual Day of Service,,2020,2024,crm_import
10917,1,4314,Volunteer,Annual Day of Service,,2021,2024,crm_import
10918,1,19632,Volunteer,Annual Day of Service,,2023,2025,online
10919,1,14840,Volunteer,Annual Day of Service,,1981,1983,online
10920,1,17334,Volunteer,Annual Day of Service,,2005,2007,crm_import
10921,1,300,Volunteer,Annual Day of Service,,2019,2022,crm_import
10922,1,2420,Volunteer,Annual Day of Service,Volunteer Coordinator,2025,,crm_import
10923,1,12574,Volunteer,Annual Day of Service,Team Lead,,,crm_import
10924,1,3749,Volunteer,Annual Day of Service,,,,crm_import
10925,1,1345,Volunteer,Annual Day of Service,,,,crm_import
10926,1,858,Volunteer,Annual Day of Service,,2018,2022,crm_import
10927,1,4477,Volunteer,Annual Day of Service,,1968,1970,crm_import
10928,1,18916,Volunteer,Annual Day of Service,,,,online
10929,1,12327,Volunteer,Annual Day of Service,,2019,2021,crm_import
10930,1,17558,Volunteer,Annual Day of Service,,,,online
10931,1,481,Volunteer,Annual Day of Service,,2022,2025,online
10932,1,14915,Volunteer,Annual Day of Service,,2020,2024,advancement_entry
10933,1,7923,Volunteer,Annual Day of Service,,1977,1981,online
10934,1,14563,Volunteer,Annual Day of Service,,2018,2020,online
10935,1,3043,Volunteer,Annual Day of Service,,2019,2022,crm_import
10936,1,12819,Volunteer,Annual Day of Service,,1997,2001,crm_import
10937,1,1387,Volunteer,Annual Day of Service,,2007,2011,crm_import
10938,1,13438,Volunteer,Annual Day of Service,,2024,,crm_import
10939,1,8081,Volunteer,Annual Day of Service,,1968,1970,online
10940,1,13330,Volunteer,Annual Day of Service,,1949,1953,crm_import
10941,1,7135,Volunteer,Annual Day of Service,,1956,1960,crm_import
10942,1,17021,Volunteer,Annual Day of Service,,,,crm_import
10943,1,2065,Volunteer,Annual Day of Service,,1970,1973,online
10944,1,15848,Volunteer,Annual Day of Service,,2003,2005,crm_import
10945,1,16988,Volunteer,Annual Day of Service,,2024,,crm_import
10946,1,8324,Volunteer,Annual Day of Service,,2018,2019,online
10947,1,10785,Volunteer,Annual Day of Service,Member Leader,,,online
10948,1,14247,Volunteer,Annual Day of Service,,1996,2000,online
10949,1,485,Volunteer,Annual Day of Service,,1972,1976,crm_import
10950,1,16948,Volunteer,Annual Day of Service,,2024,2026,crm_import
10951,1,19733,Volunteer,Annual Day of Service,,1967,1970,online
10952,1,8244,Volunteer,Annual Day of Service,,1993,1995,online
10953,1,12533,Volunteer,Annual Day of Service,,,,crm_import
10954,1,16280,Volunteer,Annual Day of Service,,1965,1969,advancement_entry
10955,1,8157,Volunteer,Annual Day of Service,,2023,2024,advancement_entry
10956,1,2996,Volunteer,Annual Day of Service,,2022,2025,crm_import
10957,1,10186,Volunteer,Annual Day of Service,,2023,2025,crm_import
10958,1,13080,Volunteer,Annual Day of Service,Member Leader,,,crm_import
10959,1,6520,Volunteer,Annual Day of Service,,1965,1969,online
10960,1,11580,Volunteer,Annual Day of Service,,2020,2021,crm_import
10961,1,3343,Volunteer,Annual Day of Service,,,,online
10962,1,16896,Volunteer,Annual Day of Service,,2022,2025,crm_import
10963,1,5467,Volunteer,Annual Day of Service,,2025,,crm_import
10964,1,6426,Volunteer,Annual Day of Service,,2020,2024,online
10965,1,811,Volunteer,Annual Day of Service,,1978,1981,crm_import
10966,1,4961,Volunteer,Annual Day of Service,,2024,2026,advancement_entry
10967,1,16224,Volunteer,Annual Day of Service,,,,crm_import
10968,1,13889,Volunteer,Annual Day of Service,Volunteer Coordinator,,,crm_import
10969,1,17534,Volunteer,Annual Day of Service,,1998,2002,crm_import
10970,1,17121,Volunteer,Annual Day of Service,,,,crm_import
10971,1,17714,Volunteer,Annual Day of Service,,2013,2017,crm_import
10972,1,7972,Volunteer,Annual Day of Service,Member Leader,2020,2021,crm_import
10973,1,17536,Volunteer,Annual Day of Service,,2025,,crm_import
10974,1,14546,Volunteer,Annual Day of Service,,2025,,online
10975,1,1750,Volunteer,Annual Day of Service,,,,crm_import
10976,1,3317,Volunteer,Annual Day of Service,,,,crm_import
10977,1,6250,Volunteer,Annual Day of Service,,1995,1999,crm_import
10978,1,6484,Volunteer,Annual Day of Service,,,,advancement_entry
10979,1,14450,Volunteer,Annual Day of Service,,,,crm_import
10980,1,17168,Volunteer,Annual Day of Service,Member Leader,1962,1965,online
10981,1,5792,Volunteer,Annual Day of Service,,2006,2008,crm_import
10982,1,8595,Volunteer,Annual Day of Service,,,,crm_import
10983,1,14207,Volunteer,Annual Day of Service,,2021,2025,crm_import
10984,1,635,Volunteer,Annual Day of Service,,,,crm_import
10985,1,5410,Volunteer,Annual Day of Service,,1987,1991,crm_import
10986,1,2405,Volunteer,Annual Day of Service,,2000,2004,crm_import
10987,1,7019,Volunteer,Annual Day of Service,,2027,,online
10988,1,6901,Volunteer,Annual Day of Service,,,,crm_import
10989,1,2489,Volunteer,Annual Day of Service,,,,crm_import
10990,1,2822,Volunteer,Annual Day of Service,,2021,2023,crm_import
10991,1,1908,Volunteer,Annual Day of Service,,2024,,crm_import
10992,1,8148,Volunteer,Annual Day of Service,,2020,2024,crm_import
10993,1,18917,Volunteer,Annual Day of Service,,2020,2023,crm_import
10994,1,11166,Volunteer,Annual Day of Service,,2024,2025,crm_import
10995,1,7866,Volunteer,Annual Day of Service,,2022,2026,crm_import
10996,1,3142,Volunteer,Annual Day of Service,,,,crm_import
10997,1,3882,Volunteer,Annual Day of Service,,,,crm_import
10998,1,7058,Volunteer,Annual Day of Service,,,,crm_import
10999,1,3546,Volunteer,Annual Day of Service,,,,crm_import
11000,1,18373,Volunteer,Annual Day of Service,,2019,2022,crm_import
11001,1,12335,Volunteer,Annual Day of Service,Member Leader,2010,2014,crm_import
11002,1,2357,Volunteer,Annual Day of Service,,1982,1986,online
11003,1,3562,Volunteer,Annual Day of Service,Team Lead,2019,2023,crm_import
11004,1,542,Volunteer,Annual Day of Service,,2019,2023,crm_import
11005,1,17270,Volunteer,Annual Day of Service,,2019,2023,online
11006,1,819,Volunteer,Annual Day of Service,,2024,2026,crm_import
11007,1,16648,Volunteer,Annual Day of Service,,2019,2020,advancement_entry
11008,1,9112,Volunteer,Annual Day of Service,,1968,1972,crm_import
11009,1,1234,Volunteer,Annual Day of Service,,1999,2002,online
11010,1,19595,Volunteer,Annual Day of Service,Team Lead,,,crm_import
11011,1,15101,Volunteer,Annual Day of Service,,2026,,crm_import
11012,1,7161,Volunteer,Annual Day of Service,,1992,1996,crm_import
11013,1,5340,Volunteer,Annual Day of Service,,2027,,crm_import
11014,1,14472,Volunteer,Annual Day of Service,,2024,2025,crm_import
11015,1,8500,Volunteer,Annual Day of Service,,2012,2014,crm_import
11016,1,253,Volunteer,Annual Day of Service,,,,crm_import
11017,1,1765,Volunteer,Annual Day of Service,,1998,2000,crm_import
11018,1,14932,Volunteer,Annual Day of Service,,2019,2020,crm_import
11019,1,4391,Volunteer,Annual Day of Service,,2025,,online
11020,1,4079,Volunteer,Annual Day of Service,,2020,2024,crm_import
11021,1,367,Volunteer,Annual Day of Service,,2024,2026,crm_import
11022,1,936,Volunteer,Annual Day of Service,,,,crm_import
11023,1,14641,Volunteer,Annual Day of Service,,,,advancement_entry
11024,1,17543,Volunteer,Annual Day of Service,,1987,1991,online
11025,1,18881,Volunteer,Annual Day of Service,,2024,2026,advancement_entry
11026,1,3380,Volunteer,Annual Day of Service,,,,crm_import
11027,1,1397,Volunteer,Annual Day of Service,Volunteer Coordinator,2023,2026,crm_import
11028,1,11715,Volunteer,Annual Day of Service,,,,crm_import
11029,1,9359,Volunteer,Annual Day of Service,,,,crm_import
11030,1,11231,Volunteer,Annual Day of Service,,1990,1992,online
11031,1,4456,Volunteer,Annual Day of Service,,2020,2023,crm_import
11032,1,10167,Volunteer,Annual Day of Service,,2024,2026,online
11033,1,19620,Volunteer,Annual Day of Service,Team Lead,1985,1989,crm_import
11034,1,15864,Volunteer,Annual Day of Service,,2019,2020,crm_import
11035,1,16101,Volunteer,Annual Day of Service,Volunteer Coordinator,2016,2019,crm_import
11036,1,5102,Volunteer,Annual Day of Service,,2002,2004,crm_import
11037,1,2270,Volunteer,Annual Day of Service,,2026,,crm_import
11038,1,12324,Volunteer,Annual Day of Service,,1997,2000,crm_import
11039,1,8288,Volunteer,Annual Day of Service,,,,online
11040,1,3382,Volunteer,Annual Day of Service,,,,crm_import
11041,1,16615,Volunteer,Annual Day of Service,,1967,1971,crm_import
11042,1,1483,Volunteer,Annual Day of Service,,,,online
11043,1,17429,Volunteer,Annual Day of Service,,2020,2024,crm_import
11044,1,16276,Volunteer,Annual Day of Service,,1978,1980,crm_import
11045,1,10435,Volunteer,Annual Day of Service,Volunteer Coordinator,,,advancement_entry
11046,1,17768,Volunteer,Annual Day of Service,,2001,2004,advancement_entry
11047,1,12053,Volunteer,Annual Day of Service,,2015,2019,crm_import
11048,1,19924,Volunteer,Annual Day of Service,,2022,2024,crm_import
11049,1,8322,Volunteer,Annual Day of Service,,,,crm_import
11050,1,9825,Volunteer,Annual Day of Service,,,,crm_import
11051,1,3589,Volunteer,Annual Day of Service,,,,crm_import
11052,1,6546,Volunteer,Annual Day of Service,,,,advancement_entry
11053,1,6130,Volunteer,Annual Day of Service,Member Leader,2021,2025,crm_import
11054,1,7515,Volunteer,Annual Day of Service,,2012,2014,crm_import
11055,1,16046,Volunteer,Annual Day of Service,,2018,2022,crm_import
11056,1,16985,Volunteer,Annual Day of Service,,2022,2026,crm_import
11057,1,7314,Volunteer,Annual Day of Service,,,,crm_import
11058,1,17433,Volunteer,Annual Day of Service,,,,crm_import
11059,1,2511,Volunteer,Annual Day of Service,,2010,2013,crm_import
11060,1,8973,Volunteer,Annual Day of Service,,,,crm_import
11061,1,9090,Volunteer,Annual Day of Service,,1998,2001,crm_import
11062,1,2780,Volunteer,Annual Day of Service,,1999,2003,crm_import
11063,1,11967,Volunteer,Annual Day of Service,,2020,2023,online
11064,1,15507,Volunteer,Annual Day of Service,Volunteer Coordinator,1977,1979,online
11065,1,13484,Volunteer,Annual Day of Service,Team Lead,2024,2025,crm_import
11066,1,8553,Volunteer,Annual Day of Service,,,,advancement_entry
11067,1,15003,Volunteer,Annual Day of Service,Team Lead,1982,1986,crm_import
11068,1,1811,Volunteer,Annual Day of Service,,2011,2015,online
11069,1,17048,Volunteer,Annual Day of Service,,2013,2015,online
11070,1,8026,Volunteer,Annual Day of Service,,1970,1972,crm_import
11071,1,9329,Volunteer,Annual Day of Service,Member Leader,2006,2008,advancement_entry
11072,1,17006,Volunteer,Annual Day of Service,,2024,2026,crm_import
11073,1,1596,Volunteer,Annual Day of Service,,2024,,crm_import
11074,1,6214,Volunteer,Annual Day of Service,,2021,2023,crm_import
11075,1,2424,Volunteer,Annual Day of Service,,2006,2009,crm_import
11076,1,15650,Volunteer,Annual Day of Service,Member Leader,,,online
11077,1,11560,Volunteer,Annual Day of Service,,2020,2022,online
11078,1,15098,Volunteer,Annual Day of Service,,,,online
11079,1,5344,Volunteer,Annual Day of Service,,1980,1982,crm_import
11080,1,5741,Volunteer,Annual Day of Service,,,,crm_import
11081,1,16419,Volunteer,Community Service Council,,2019,2020,crm_import
11082,1,3155,Volunteer,Community Service Council,,1993,1997,crm_import
11083,1,10358,Volunteer,Community Service Council,,,,online
11084,1,10451,Volunteer,Community Service Council,,2010,2013,crm_import
11085,1,9905,Volunteer,Community Service Council,,2018,2021,online
11086,1,18334,Volunteer,Community Service Council,,1982,1984,online
11087,1,6191,Volunteer,Community Service Council,,,,online
11088,1,13847,Volunteer,Community Service Council,,1994,1997,crm_import
11089,1,13902,Volunteer,Community Service Council,,1972,1976,crm_import
11090,1,8718,Volunteer,Community Service Council,Team Lead,2022,2023,crm_import
11091,1,14393,Volunteer,Community Service Council,,,,online
11092,1,3535,Volunteer,Community Service Council,,1955,1959,crm_import
11093,1,13774,Volunteer,Community Service Council,,,,online
11094,1,9648,Volunteer,Community Service Council,,,,advancement_entry
11095,1,8248,Volunteer,Community Service Council,,2022,2024,crm_import
11096,1,5673,Volunteer,Community Service Council,,,,crm_import
11097,1,1931,Volunteer,Community Service Council,,1998,2000,crm_import
11098,1,12169,Volunteer,Community Service Council,,1970,1974,crm_import
11099,1,3244,Volunteer,Community Service Council,,1994,1996,crm_import
11100,1,812,Volunteer,Community Service Council,Member Leader,2010,2013,crm_import
11101,1,10650,Volunteer,Community Service Council,,2004,2006,crm_import
11102,1,18625,Volunteer,Community Service Council,,2013,2016,crm_import
11103,1,18709,Volunteer,Community Service Council,,,,crm_import
11104,1,10927,Volunteer,Community Service Council,,2003,2006,crm_import
11105,1,15994,Volunteer,Community Service Council,,1977,1980,advancement_entry
11106,1,9230,Volunteer,Community Service Council,,,,crm_import
11107,1,16744,Volunteer,Community Service Council,,2006,2010,crm_import
11108,1,5186,Volunteer,Community Service Council,Volunteer Coordinator,2022,2026,crm_import
11109,1,17012,Volunteer,Community Service Council,,2025,,advancement_entry
11110,1,15981,Volunteer,Community Service Council,,,,crm_import
11111,1,6119,Volunteer,Community Service Council,,1978,1981,advancement_entry
11112,1,8887,Volunteer,Community Service Council,,2006,2009,crm_import
11113,1,15971,Volunteer,Community Service Council,,2024,,crm_import
11114,1,353,Volunteer,Community Service Council,,2012,2016,crm_import
11115,1,11398,Volunteer,Community Service Council,,,,crm_import
11116,1,8913,Volunteer,Community Service Council,,2019,2023,crm_import
11117,1,7377,Volunteer,Community Service Council,,2022,2025,online
11118,1,15231,Volunteer,Community Service Council,,2021,2025,crm_import
11119,1,12134,Volunteer,Community Service Council,,2001,2004,crm_import
11120,1,4042,Volunteer,Community Service Council,,2021,2022,crm_import
11121,1,5927,Volunteer,Community Service Council,,2023,2024,crm_import
11122,1,6872,Volunteer,Community Service Council,,2018,2022,advancement_entry
11123,1,8328,Volunteer,Community Service Council,,2020,2022,crm_import
11124,1,9990,Volunteer,Community Service Council,,1972,1976,advancement_entry
11125,1,15694,Volunteer,Community Service Council,,2020,2023,crm_import
11126,1,13246,Volunteer,Community Service Council,,1990,1994,crm_import
11127,1,17290,Volunteer,Community Service Council,,,,crm_import
11128,1,9882,Volunteer,Community Service Council,,,,online
11129,1,5570,Volunteer,Community Service Council,,,,crm_import
11130,1,19483,Volunteer,Community Service Council,,2024,2026,online
11131,1,12218,Volunteer,Community Service Council,,,,online
11132,1,9070,Volunteer,Community Service Council,,,,crm_import
11133,1,5639,Volunteer,Community Service Council,,1987,1989,crm_import
11134,1,5271,Volunteer,Community Service Council,,2021,2024,advancement_entry
11135,1,1251,Volunteer,Community Service Council,,2013,2015,online
11136,1,19272,Volunteer,Community Service Council,,2025,,crm_import
11137,1,13411,Volunteer,Community Service Council,,2001,2003,crm_import
11138,1,9058,Volunteer,Community Service Council,,1999,2001,online
11139,1,2129,Volunteer,Community Service Council,,1999,2003,advancement_entry
11140,1,18771,Volunteer,Community Service Council,,2018,2020,crm_import
11141,1,6640,Volunteer,Community Service Council,Volunteer Coordinator,2007,2011,crm_import
11142,1,8114,Volunteer,Community Service Council,,,,crm_import
11143,1,14351,Volunteer,Community Service Council,,2022,2026,advancement_entry
11144,1,8074,Volunteer,Community Service Council,,2006,2009,crm_import
11145,1,7145,Volunteer,Community Service Council,,2024,2026,online
11146,1,2497,Volunteer,Community Service Council,,2023,2025,crm_import
11147,1,16319,Volunteer,Community Service Council,,,,crm_import
11148,1,3685,Volunteer,Community Service Council,,2028,,online
11149,1,4157,Volunteer,Community Service Council,,,,online
11150,1,1643,Volunteer,Community Service Council,Volunteer Coordinator,,,crm_import
11151,1,17520,Volunteer,Community Service Council,,,,crm_import
11152,1,14096,Volunteer,Community Service Council,,1964,1967,crm_import
11153,1,13076,Volunteer,Community Service Council,,,,crm_import
11154,1,8993,Volunteer,Community Service Council,,,,advancement_entry
11155,1,6806,Volunteer,Community Service Council,Volunteer Coordinator,1997,2001,crm_import
11156,1,7192,Volunteer,Community Service Council,,2012,2015,online
11157,1,17339,Volunteer,Community Service Council,,2000,2003,crm_import
11158,1,2208,Volunteer,Community Service Council,,,,crm_import
11159,1,8839,Volunteer,Community Service Council,,2022,2026,online
11160,1,6925,Volunteer,Community Service Council,,2024,,crm_import
11161,1,18618,Volunteer,Community Service Council,,2023,2026,crm_import
11162,1,10730,Volunteer,Community Service Council,Volunteer Coordinator,1996,2000,crm_import
11163,1,10446,Volunteer,Community Service Council,Member Leader,2024,2026,online
11164,1,14680,Volunteer,Community Service Council,,2027,,crm_import
11165,1,18490,Volunteer,Community Service Council,,1962,1966,crm_import
11166,1,17173,Volunteer,Community Service Council,,,,crm_import
11167,1,1370,Volunteer,Community Service Council,,2000,2003,online
11168,1,4512,Volunteer,Community Service Council,,2018,2022,crm_import
11169,1,3805,Volunteer,Community Service Council,,2021,2025,crm_import
11170,1,7149,Volunteer,Community Service Council,,,,crm_import
11171,1,17222,Volunteer,Community Service Council,Team Lead,2018,2020,crm_import
11172,1,10965,Volunteer,Community Service Council,,,,crm_import
11173,1,2039,Volunteer,Community Service Council,,2028,,crm_import
11174,1,14436,Volunteer,Community Service Council,,2020,2022,crm_import
11175,1,6325,Volunteer,Community Service Council,,1999,2001,crm_import
11176,1,4884,Volunteer,Community Service Council,,,,advancement_entry
11177,1,13764,Volunteer,Community Service Council,,2002,2006,online
11178,1,12971,Volunteer,Community Service Council,,1969,1972,crm_import
11179,1,5061,Volunteer,Community Service Council,,1982,1984,crm_import
11180,1,9124,Volunteer,Community Service Council,,1981,1984,advancement_entry
11181,1,16175,Volunteer,Community Service Council,,,,crm_import
11182,1,2369,Volunteer,Community Service Council,,,,crm_import
11183,1,18520,Volunteer,Community Service Council,,1986,1990,advancement_entry
11184,1,7491,Volunteer,Community Service Council,,,,crm_import
11185,1,7410,Volunteer,Community Service Council,,,,crm_import
11186,1,12942,Volunteer,Community Service Council,,2005,2007,crm_import
11187,1,14899,Volunteer,Community Service Council,,2023,2026,crm_import
11188,1,5675,Volunteer,Community Service Council,,1991,1993,crm_import
11189,1,9672,Volunteer,Community Service Council,,2012,2015,crm_import
11190,1,12717,Volunteer,Community Service Council,,,,crm_import
11191,1,2336,Volunteer,Community Service Council,,,,online
11192,1,2036,Volunteer,Community Service Council,,,,crm_import
11193,1,2460,Volunteer,Community Service Council,,,,crm_import
11194,1,2365,Volunteer,Community Service Council,,,,advancement_entry
11195,1,5226,Volunteer,Community Service Council,,,,crm_import
11196,1,5506,Volunteer,Community Service Council,Volunteer Coordinator,2021,2024,advancement_entry
11197,1,7212,Volunteer,Community Service Council,,2009,2011,crm_import
11198,1,8996,Volunteer,Community Service Council,Team Lead,2024,2026,crm_import
11199,1,7305,Volunteer,Community Service Council,,2020,2022,crm_import
11200,1,13366,Volunteer,Community Service Council,,2001,2004,advancement_entry
11201,1,12491,Volunteer,Community Service Council,,2023,2026,crm_import
11202,1,9137,Volunteer,Community Service Council,,2009,2011,online
11203,1,19823,Volunteer,Community Service Council,Volunteer Coordinator,1991,1995,crm_import
11204,1,4625,Volunteer,Community Service Council,,2025,,crm_import
11205,1,6846,Volunteer,Community Service Council,,2021,2022,crm_import
11206,1,13222,Volunteer,Community Service Council,,,,crm_import
11207,1,18813,Volunteer,Community Service Council,,2018,2020,online
11208,1,17718,Volunteer,Community Service Council,Team Lead,1984,1988,online
11209,1,3030,Volunteer,Community Service Council,,2021,2022,online
11210,1,10935,Volunteer,Community Service Council,,,,online
11211,1,13218,Volunteer,Community Service Council,,,,crm_import
11212,1,18637,Volunteer,Community Service Council,,1982,1985,crm_import
11213,1,8892,Volunteer,Community Service Council,,2020,2022,online
11214,1,11148,Volunteer,Community Service Council,,2012,2014,advancement_entry
11215,1,9772,Volunteer,Community Service Council,,2013,2015,crm_import
11216,1,8131,Volunteer,Community Service Council,,2026,,crm_import
11217,1,15067,Volunteer,Community Service Council,,1974,1976,crm_import
11218,1,15730,Volunteer,Community Service Council,,2027,,crm_import
11219,1,8441,Volunteer,Community Service Council,,,,crm_import
11220,1,19599,Volunteer,Community Service Council,,,,online
11221,1,8350,Volunteer,Community Service Council,,2018,2021,online
11222,1,1292,Volunteer,Community Service Council,,2005,2009,crm_import
11223,1,19951,Volunteer,Community Service Council,,2001,2004,crm_import
11224,1,17780,Volunteer,Community Service Council,,1991,1994,crm_import
11225,1,13362,Volunteer,Community Service Council,,1986,1988,crm_import
11226,1,2996,Volunteer,Community Service Council,,2022,2024,crm_import
11227,1,5824,Volunteer,Community Service Council,,2008,2012,online
11228,1,6563,Volunteer,Community Service Council,,2026,,advancement_entry
11229,1,13238,Volunteer,Community Service Council,,2010,2012,crm_import
11230,1,4956,Volunteer,Community Service Council,,2023,2026,crm_import
11231,1,906,Volunteer,Community Service Council,,2022,2024,crm_import
11232,1,1870,Volunteer,Community Service Council,,1956,1959,advancement_entry
11233,1,7440,Volunteer,Community Service Council,,,,online
11234,1,12149,Volunteer,Community Service Council,Member Leader,2024,2026,online
11235,1,19827,Volunteer,Community Service Council,,2021,2024,crm_import
11236,1,3579,Volunteer,Community Service Council,,2027,,crm_import
11237,1,6749,Volunteer,Community Service Council,,2027,,online
11238,1,12562,Volunteer,Community Service Council,,,,crm_import
11239,1,11863,Volunteer,Community Service Council,,2019,2022,crm_import
11240,1,4902,Volunteer,Community Service Council,,2013,2016,crm_import
11241,1,1063,Volunteer,Community Service Council,,1968,1972,crm_import
11242,1,7141,Volunteer,Community Service Council,,1976,1980,crm_import
11243,1,2082,Volunteer,Community Service Council,,,,crm_import
11244,1,12936,Volunteer,Community Service Council,,2020,2022,crm_import
11245,1,15178,Volunteer,Community Service Council,,,,crm_import
11246,1,1544,Volunteer,Community Service Council,,1976,1980,crm_import
11247,1,6915,Volunteer,Community Service Council,,,,crm_import
11248,1,6022,Volunteer,Community Service Council,Team Lead,2015,2018,crm_import
11249,1,720,Volunteer,Community Service Council,,,,online
11250,1,18494,Volunteer,Community Service Council,,2019,2022,crm_import
11251,1,8915,Volunteer,Community Service Council,,,,advancement_entry
11252,1,9911,Volunteer,Community Service Council,,2018,2020,crm_import
11253,1,132,Volunteer,Community Service Council,,2009,2011,crm_import
11254,1,19765,Volunteer,Community Service Council,,,,crm_import
11255,1,7274,Volunteer,Community Service Council,,2022,2023,online
11256,1,4817,Volunteer,Community Service Council,,,,crm_import
11257,1,2589,Volunteer,Community Service Council,Member Leader,,,online
11258,1,14083,Volunteer,Community Service Council,,2007,2011,crm_import
11259,1,5747,Volunteer,Community Service Council,,,,online
11260,1,8520,Volunteer,Community Service Council,,,,online
11261,1,8732,Volunteer,Community Service Council,,,,crm_import
11262,1,15018,Volunteer,Community Service Council,,2022,2024,crm_import
11263,1,335,Volunteer,Community Service Council,Team Lead,2014,2018,online
11264,1,17737,Volunteer,Community Service Council,Volunteer Coordinator,1996,2000,crm_import
11265,1,15760,Volunteer,Community Service Council,,2023,2026,crm_import
11266,1,955,Volunteer,Community Service Council,,1965,1969,online
11267,1,16421,Volunteer,Community Service Council,,1990,1992,online
11268,1,7247,Volunteer,Community Service Council,,,,crm_import
11269,1,7437,Volunteer,Community Service Council,,1995,1999,crm_import
11270,1,11757,Volunteer,Community Service Council,,1963,1967,crm_import
11271,1,17702,Volunteer,Community Service Council,,2016,2019,advancement_entry
11272,1,19413,Volunteer,Community Service Council,,2021,2025,online
11273,1,12288,Volunteer,Community Service Council,,2025,,online
11274,1,4268,Volunteer,Community Service Council,,1973,1976,crm_import
11275,1,2546,Volunteer,Community Service Council,Volunteer Coordinator,,,advancement_entry
11276,1,1986,Volunteer,Community Service Council,,2020,2022,crm_import
11277,1,11124,Volunteer,Community Service Council,,,,crm_import
11278,1,9890,Volunteer,Community Service Council,,2022,2025,crm_import
11279,1,1107,Volunteer,Community Service Council,,1974,1976,crm_import
11280,1,13757,Volunteer,Community Service Council,,2026,,online
11281,1,16906,Volunteer,Community Service Council,,1999,2002,crm_import
11282,1,14893,Volunteer,Community Service Council,,,,online
11283,1,15786,Volunteer,Community Service Council,,1971,1973,online
11284,1,5940,Volunteer,Community Service Council,,2022,2026,crm_import
11285,1,9387,Volunteer,Community Service Council,,2020,2022,online
11286,1,7548,Volunteer,Community Service Council,,2024,2026,crm_import
11287,1,12710,Volunteer,Community Service Council,,1993,1997,crm_import
11288,1,1091,Volunteer,Community Service Council,,1998,2000,online
11289,1,7093,Volunteer,Community Service Council,,,,crm_import
11290,1,19535,Volunteer,Community Service Council,,1987,1990,online
11291,1,2424,Volunteer,Community Service Council,,,,crm_import
11292,1,11006,Volunteer,Community Service Council,Team Lead,,,online
11293,1,19148,Volunteer,Community Service Council,,,,crm_import
11294,1,19787,Volunteer,Community Service Council,,2021,2022,crm_import
11295,1,9078,Volunteer,Community Service Council,,2015,2018,crm_import
11296,1,10568,Volunteer,Community Service Council,,2019,2022,online
11297,1,17585,Volunteer,Community Service Council,,,,advancement_entry
11298,1,15903,Volunteer,Community Service Council,,,,crm_import
11299,1,5788,Volunteer,Community Service Council,Volunteer Coordinator,2020,2021,crm_import
11300,1,17861,Volunteer,Community Service Council,,2013,2017,crm_import
11301,1,3775,Volunteer,Community Service Council,,1991,1995,crm_import
11302,1,14966,Volunteer,Community Service Council,,2019,2022,crm_import
11303,1,11941,Volunteer,Community Service Council,,2025,,crm_import
11304,1,2881,Volunteer,Community Service Council,Team Lead,,,crm_import
11305,1,8060,Volunteer,Community Service Council,Member Leader,2007,2011,crm_import
11306,1,14003,Volunteer,Community Service Council,Volunteer Coordinator,2012,2016,crm_import
11307,1,19953,Volunteer,Community Service Council,,2021,2024,crm_import
11308,1,18926,Volunteer,Community Service Council,,2018,2022,crm_import
11309,1,588,Volunteer,Community Service Council,,2004,2006,crm_import
11310,1,16846,Volunteer,Community Service Council,,1996,1999,crm_import
11311,1,14843,Volunteer,Community Service Council,,,,crm_import
11312,1,1863,Volunteer,Community Service Council,,2019,2023,crm_import
11313,1,10612,Volunteer,Community Service Council,,2021,2023,crm_import
11314,1,14806,Volunteer,Community Service Council,,2022,2024,crm_import
11315,1,14626,Volunteer,Community Service Council,,1973,1977,online
11316,1,2108,Volunteer,Community Service Council,,2012,2016,crm_import
11317,1,16862,Volunteer,Community Service Council,,2005,2008,online
11318,1,10986,Volunteer,Community Service Council,,2023,,crm_import
11319,1,4939,Volunteer,Community Service Council,,2018,2021,crm_import
11320,1,8792,Volunteer,Community Service Council,,,,crm_import
11321,1,14341,Volunteer,Community Service Council,,,,advancement_entry
11322,1,17957,Volunteer,Community Service Council,,,,crm_import
11323,1,3194,Volunteer,Community Service Council,,1957,1960,crm_import
11324,1,4822,Volunteer,Community Service Council,,,,crm_import
11325,1,16903,Volunteer,Community Service Council,,2011,2015,crm_import
11326,1,8933,Volunteer,Community Service Council,,2025,,crm_import
11327,1,4399,Volunteer,Community Service Council,,,,advancement_entry
11328,1,5818,Volunteer,Community Service Council,,2025,,crm_import
11329,1,4043,Volunteer,Community Service Council,,1982,1984,online
11330,1,5430,Volunteer,Community Service Council,,,,online
11331,1,17836,Volunteer,Community Service Council,,,,crm_import
11332,1,2046,Volunteer,Community Service Council,,,,crm_import
11333,1,11707,Volunteer,Community Service Council,,2023,,advancement_entry
11334,1,3796,Volunteer,Community Service Council,,,,advancement_entry
11335,1,17447,Volunteer,Community Service Council,,1987,1991,online
11336,1,6030,Volunteer,Community Service Council,Volunteer Coordinator,2024,2026,crm_import
11337,1,19496,Volunteer,Community Service Council,,1974,1978,crm_import
11338,1,16411,Volunteer,Community Service Council,,2024,2026,online
11339,1,8423,Volunteer,Community Service Council,,2024,2026,crm_import
11340,1,12291,Volunteer,Community Service Council,,,,crm_import
11341,1,15183,Volunteer,Community Service Council,,,,crm_import
11342,1,16960,Volunteer,Community Service Council,,,,crm_import
11343,1,13809,Volunteer,Community Service Council,,2018,2020,online
11344,1,15162,Volunteer,Community Service Council,Team Lead,,,crm_import
11345,1,18863,Volunteer,Community Service Council,,,,advancement_entry
11346,1,8851,Volunteer,Community Service Council,,2016,2020,crm_import
11347,1,2527,Volunteer,Community Service Council,,2011,2014,crm_import
11348,1,18375,Volunteer,Community Service Council,Volunteer Coordinator,2018,2021,crm_import
11349,1,1600,Volunteer,Community Service Council,,2023,2026,advancement_entry
11350,1,10168,Volunteer,Community Service Council,,2023,2025,crm_import
11351,1,12351,Volunteer,Community Service Council,,2018,2021,crm_import
11352,1,16615,Volunteer,Community Service Council,,1969,1971,crm_import
11353,1,5419,Volunteer,Community Service Council,,2020,2024,crm_import
11354,1,9593,Volunteer,Community Service Council,,2023,,crm_import
11355,1,17849,Volunteer,Community Service Council,,1998,2001,crm_import
11356,1,10373,Volunteer,Community Service Council,Volunteer Coordinator,2013,2017,crm_import
11357,1,16251,Volunteer,Community Service Council,,2015,2018,crm_import
11358,1,10520,Volunteer,Community Service Council,,,,crm_import
11359,1,889,Volunteer,Community Service Council,Team Lead,2020,2023,crm_import
11360,1,9006,Volunteer,Community Service Council,,1984,1986,crm_import
11361,1,16907,Volunteer,Community Service Council,,,,online
11362,1,8338,Volunteer,Community Service Council,,1966,1970,crm_import
11363,1,14508,Volunteer,Community Service Council,,,,online
11364,1,14706,Volunteer,Community Service Council,,1993,1997,crm_import
11365,1,5305,Volunteer,Community Service Council,,,,crm_import
11366,1,702,Volunteer,Community Service Council,Member Leader,2020,2021,online
11367,1,3267,Volunteer,Community Service Council,,2003,2005,advancement_entry
11368,1,7953,Volunteer,Community Service Council,Member Leader,,,crm_import
11369,1,12619,Volunteer,Community Service Council,,2023,2024,crm_import
11370,1,6023,Volunteer,Community Service Council,,2011,2013,crm_import
11371,1,11585,Volunteer,Community Service Council,,1994,1998,advancement_entry
11372,1,4287,Volunteer,Community Service Council,,2022,2024,advancement_entry
11373,1,13618,Volunteer,Community Service Council,,2027,,crm_import
11374,1,9461,Volunteer,Community Service Council,,1999,2001,crm_import
11375,1,5751,Volunteer,Community Service Council,,2024,2026,crm_import
11376,1,15285,Volunteer,Community Service Council,,2008,2012,crm_import
11377,1,14837,Volunteer,Community Service Council,,2021,2024,crm_import
11378,1,5275,Volunteer,Community Service Council,,2020,2023,crm_import
11379,1,16410,Volunteer,Community Service Council,,2025,,crm_import
11380,1,17253,Volunteer,Community Service Council,,,,crm_import
11381,1,6295,Volunteer,Community Service Council,,2018,2021,crm_import
11382,1,8286,Volunteer,Community Service Council,,2020,2023,online
11383,1,2438,Volunteer,Community Service Council,,1994,1996,online
11384,1,16595,Volunteer,Community Service Council,,2003,2006,advancement_entry
11385,1,19901,Volunteer,Community Service Council,,1977,1980,crm_import
11386,1,19033,Volunteer,Community Service Council,,1983,1987,crm_import
11387,1,18990,Volunteer,Community Service Council,,2023,2026,crm_import
11388,1,2386,Volunteer,Community Service Council,,2019,2020,crm_import
11389,1,7670,Volunteer,Community Service Council,,,,advancement_entry
11390,1,17540,Volunteer,Community Service Council,Volunteer Coordinator,2020,2021,crm_import
11391,1,16248,Volunteer,Community Service Council,,,,crm_import
11392,1,13986,Volunteer,Community Service Council,Member Leader,2021,2023,online
11393,1,4125,Volunteer,Community Service Council,Member Leader,2014,2016,crm_import
11394,1,14710,Volunteer,Community Service Council,,2006,2008,crm_import
11395,1,12538,Volunteer,Community Service Council,Team Lead,2021,2022,advancement_entry
11396,1,9870,Volunteer,Community Service Council,,,,online
11397,1,11032,Volunteer,Community Service Council,,1970,1972,crm_import
11398,1,2640,Volunteer,Community Service Council,,2020,2022,online
11399,1,2840,Volunteer,Community Service Council,,2024,2025,crm_import
11400,1,11822,Volunteer,Community Service Council,,,,crm_import
11401,1,10379,Volunteer,Community Service Council,,,,crm_import
11402,1,19800,Volunteer,Community Service Council,,2022,2024,crm_import
11403,1,18950,Volunteer,Community Service Council,,1974,1977,crm_import
11404,1,12723,Volunteer,Community Service Council,,1989,1992,online
11405,1,7760,Volunteer,Community Service Council,,1999,2002,crm_import
11406,1,6645,Volunteer,Community Service Council,,,,advancement_entry
11407,1,13803,Volunteer,Community Service Council,Member Leader,,,advancement_entry
11408,1,11787,Volunteer,Community Service Council,,1998,2002,crm_import
11409,1,5188,Volunteer,Community Service Council,,1989,1992,crm_import
11410,1,14384,Volunteer,Community Service Council,,,,online
11411,1,14491,Volunteer,Community Service Council,,1967,1971,crm_import
11412,1,11135,Volunteer,Community Service Council,,,,crm_import
11413,1,18460,Volunteer,Community Service Council,,2025,,advancement_entry
11414,1,7681,Volunteer,Community Service Council,,,,online
11415,1,2517,Volunteer,Community Service Council,Team Lead,2009,2011,crm_import
11416,1,12662,Volunteer,Community Service Council,,,,crm_import
11417,1,18381,Volunteer,Community Service Council,,1994,1998,crm_import
11418,1,1603,Volunteer,Community Service Council,,2020,2022,crm_import
11419,1,19834,Volunteer,Community Service Council,,1995,1998,online
11420,1,7078,Volunteer,Community Service Council,,1995,1999,crm_import
11421,1,14362,Volunteer,Community Service Council,,,,online
11422,1,15318,Volunteer,Community Service Council,,2018,2019,crm_import
11423,1,8203,Volunteer,Community Service Council,,2022,2026,crm_import
11424,1,17168,Volunteer,Community Service Council,,,,online
11425,1,5661,Volunteer,Community Service Council,,,,crm_import
11426,1,2462,Volunteer,Community Service Council,,2014,2017,crm_import
11427,1,15963,Volunteer,Community Service Council,,1972,1974,crm_import
11428,1,11489,Volunteer,Community Service Council,,2024,2026,online
11429,1,13027,Volunteer,Community Service Council,Member Leader,2006,2010,crm_import
11430,1,18000,Volunteer,Community Service Council,,1990,1992,online
11431,1,2430,Volunteer,Community Service Council,,2017,2020,crm_import
11432,1,11639,Volunteer,Community Service Council,,1999,2003,crm_import
11433,1,18837,Volunteer,Community Service Council,,,,crm_import
11434,1,12574,Volunteer,Community Service Council,,1985,1989,crm_import
11435,1,12722,Volunteer,Community Service Council,,2028,,crm_import
11436,1,15630,Volunteer,Community Service Council,,,,crm_import
11437,1,9509,Volunteer,Community Service Council,,2006,2010,crm_import
11438,1,19694,Volunteer,Community Service Council,,2022,2026,crm_import
11439,1,17645,Volunteer,Community Service Council,,1994,1998,crm_import
11440,1,866,Volunteer,Community Service Council,,,,advancement_entry
11441,1,15741,Volunteer,Community Service Council,,2024,2026,online
11442,1,10669,Volunteer,Community Service Council,,,,crm_import
11443,1,19875,Volunteer,Community Service Council,,1991,1995,crm_import
11444,1,12566,Volunteer,Community Service Council,,1980,1982,advancement_entry
11445,1,8891,Volunteer,Community Service Council,,2026,,advancement_entry
11446,1,2328,Volunteer,Community Service Council,Volunteer Coordinator,2020,2024,advancement_entry
11447,1,1602,Volunteer,Community Service Council,,,,advancement_entry
11448,1,4114,Volunteer,Community Service Council,,1982,1986,crm_import
11449,1,11020,Volunteer,Community Service Council,,,,advancement_entry
11450,1,8820,Volunteer,Community Service Council,,2026,,crm_import
11451,1,9477,Volunteer,Community Service Council,,,,crm_import
11452,1,8089,Volunteer,Community Service Council,,2002,2004,crm_import
11453,1,706,Volunteer,Community Service Council,,2006,2010,crm_import
11454,1,12805,Volunteer,Community Service Council,,2006,2009,crm_import
11455,1,1553,Volunteer,Community Service Council,,2026,,online
11456,1,9261,Volunteer,Community Service Council,,1984,1986,crm_import
11457,1,8690,Volunteer,Community Service Council,,,,crm_import
11458,1,2979,Volunteer,Community Service Council,,,,crm_import
11459,1,808,Volunteer,Community Service Council,,1994,1997,crm_import
11460,1,9258,Volunteer,Community Service Council,,,,online
11461,1,18106,Volunteer,Community Service Council,Volunteer Coordinator,2018,2020,crm_import
11462,1,5376,Volunteer,Community Service Council,,,,online
11463,1,7577,Volunteer,Community Service Council,,2025,,crm_import
11464,1,18967,Volunteer,Community Service Council,,,,crm_import
11465,1,9295,Volunteer,Community Service Council,,2015,2019,crm_import
11466,1,6284,Volunteer,Community Service Council,,,,advancement_entry
11467,1,13139,Volunteer,Community Service Council,,,,crm_import
11468,1,14284,Volunteer,Community Service Council,,2024,2026,crm_import
11469,1,3285,Volunteer,Community Service Council,,1985,1988,crm_import
11470,1,11763,Volunteer,Community Service Council,,,,crm_import
11471,1,19039,Volunteer,Community Service Council,,2017,2019,crm_import
11472,1,14029,Volunteer,Community Service Council,,2024,2026,online
11473,1,18222,Volunteer,Community Service Council,,1987,1990,advancement_entry
11474,1,18278,Volunteer,Community Service Council,,,,advancement_entry
11475,1,7114,Volunteer,Community Service Council,,2021,2024,online
11476,1,1755,Volunteer,Community Service Council,,,,crm_import
11477,1,2573,Volunteer,Community Service Council,Member Leader,2018,2022,crm_import
11478,1,16963,Volunteer,Community Service Council,,2027,,crm_import
11479,1,495,Volunteer,Community Service Council,,2012,2015,crm_import
11480,1,8154,Volunteer,Community Service Council,,1970,1972,crm_import
11481,1,13940,Volunteer,Community Service Council,,2012,2015,crm_import
11482,1,11620,Volunteer,Community Service Council,,,,crm_import
11483,1,1382,Volunteer,Community Service Council,,1992,1994,crm_import
11484,1,14179,Volunteer,Community Service Council,Team Lead,2023,2026,crm_import
11485,1,11823,Volunteer,Community Service Council,,,,crm_import
11486,1,19521,Volunteer,Community Service Council,,2006,2010,crm_import
11487,1,7425,Volunteer,Community Service Council,,,,online
11488,1,3467,Volunteer,Community Service Council,,2018,2021,crm_import
11489,1,11705,Volunteer,Community Service Council,,2015,2017,online
11490,1,4310,Volunteer,Community Service Council,,,,crm_import
11491,1,15516,Volunteer,Community Service Council,,2020,2023,online
11492,1,16997,Volunteer,Community Service Council,,1971,1973,crm_import
11493,1,4335,Volunteer,Community Service Council,Team Lead,,,crm_import
11494,1,13868,Volunteer,Community Service Council,,2019,2020,crm_import
11495,1,13094,Volunteer,Community Service Council,,2020,2021,crm_import
11496,1,10104,Volunteer,Community Service Council,,2023,2026,crm_import
11497,1,7223,Volunteer,Community Service Council,,,,online
11498,1,19866,Volunteer,Community Service Council,,2018,2019,advancement_entry
11499,1,8521,Volunteer,Community Service Council,,,,online
11500,1,7827,Volunteer,Community Service Council,,2013,2016,crm_import
11501,1,16942,Volunteer,Community Service Council,,2019,2021,crm_import
11502,1,17019,Volunteer,Community Service Council,Member Leader,1998,2002,online
11503,1,11686,Volunteer,Community Service Council,,2018,2020,crm_import
11504,1,6108,Volunteer,Community Service Council,,2016,2018,crm_import
11505,1,10873,Volunteer,Community Service Council,,2007,2009,crm_import
11506,1,10327,Volunteer,Community Service Council,,2019,2023,online
11507,1,19657,Volunteer,Community Service Council,,,,crm_import
11508,1,14529,Volunteer,Community Service Council,Volunteer Coordinator,,,crm_import
11509,1,454,Volunteer,Community Service Council,,1986,1990,crm_import
11510,1,12746,Volunteer,Community Service Council,,,,advancement_entry
11511,1,4717,Volunteer,Community Service Council,Member Leader,,,crm_import
11512,1,11443,Volunteer,Community Service Council,,,,crm_import
11513,1,2256,Volunteer,Community Service Council,,,,crm_import
11514,1,15644,Volunteer,Community Service Council,,2026,,crm_import
11515,1,19358,Volunteer,Community Service Council,,2009,2011,crm_import
11516,1,5698,Volunteer,Community Service Council,,2005,2008,crm_import
11517,1,3183,Volunteer,Community Service Council,,2015,2019,crm_import
11518,1,1728,Volunteer,Community Service Council,,2025,,advancement_entry
11519,1,3424,Volunteer,Community Service Council,Team Lead,2024,2026,advancement_entry
11520,1,10094,Volunteer,Community Service Council,,2018,2020,online
11521,1,12540,Volunteer,Community Service Council,,,,crm_import
11522,1,12533,Volunteer,Community Service Council,,,,crm_import
11523,1,2110,Volunteer,Community Service Council,,1990,1993,online
11524,1,19069,Volunteer,Community Service Council,,2004,2007,crm_import
11525,1,13119,Volunteer,Community Service Council,,,,crm_import
11526,1,3139,Volunteer,Community Service Council,,,,online
11527,1,10375,Volunteer,Community Service Council,,2002,2004,online
11528,1,12673,Volunteer,Community Service Council,,2023,2024,crm_import
11529,1,3923,Volunteer,Community Service Council,,1968,1972,crm_import
11530,1,11918,Volunteer,Community Service Council,,2027,,online
11531,1,6168,Volunteer,Community Service Council,,1996,2000,crm_import
11532,1,16140,Volunteer,Community Service Council,,1989,1992,online
11533,1,9776,Volunteer,Community Service Council,,1999,2001,crm_import
11534,1,17749,Volunteer,Community Service Council,,2020,2024,online
11535,1,10064,Volunteer,Community Service Council,,2023,2026,online
11536,1,13241,Volunteer,Community Service Council,Volunteer Coordinator,2003,2005,advancement_entry
11537,1,9429,Volunteer,Community Service Council,,2020,2021,crm_import
11538,1,9097,Volunteer,Community Service Council,,1987,1990,advancement_entry
11539,1,228,Volunteer,Community Service Council,,,,advancement_entry
11540,1,15367,Volunteer,Community Service Council,,2028,,crm_import
11541,1,6412,Volunteer,Community Service Council,,,,advancement_entry
11542,1,16824,Volunteer,Community Service Council,,2000,2002,crm_import
11543,1,112,Volunteer,Community Service Council,Volunteer Coordinator,1981,1984,online
11544,1,15145,Volunteer,Community Service Council,,2023,2024,crm_import
11545,1,13068,Volunteer,Community Service Council,,,,crm_import
11546,1,11741,Volunteer,Community Service Council,,2020,2021,crm_import
11547,1,3017,Volunteer,Community Service Council,Team Lead,2025,,crm_import
11548,1,6499,Volunteer,Community Service Council,,1957,1959,crm_import
11549,1,4371,Volunteer,Community Service Council,,,,crm_import
11550,1,18725,Volunteer,Community Service Council,,2010,2013,crm_import
11551,1,1290,Volunteer,Community Service Council,Volunteer Coordinator,,,crm_import
11552,1,18097,Volunteer,Community Service Council,,,,crm_import
11553,1,16089,Volunteer,Community Service Council,,,,advancement_entry
11554,1,12022,Volunteer,Community Service Council,,,,online
11555,1,3121,Volunteer,Community Service Council,,2023,2024,crm_import
11556,1,5827,Volunteer,Community Service Council,,2023,2025,online
11557,1,18378,Volunteer,Community Service Council,,2020,2023,online
11558,1,17411,Volunteer,Community Service Council,,2022,2026,crm_import
11559,1,8308,Volunteer,Community Service Council,,2023,2026,crm_import
11560,1,2974,Volunteer,Community Service Council,,2019,2020,crm_import
11561,1,9045,Volunteer,Community Service Council,,2010,2014,crm_import
11562,1,18480,Volunteer,Community Service Council,Team Lead,1973,1976,crm_import
11563,1,6063,Volunteer,Community Service Council,,2020,2023,crm_import
11564,1,1109,Volunteer,Community Service Council,,2024,,crm_import
11565,1,9571,Volunteer,Community Service Council,,,,online
11566,1,2907,Volunteer,Community Service Council,,,,crm_import
11567,1,10408,Volunteer,Community Service Council,,1982,1986,crm_import
11568,1,3632,Volunteer,Community Service Council,,2002,2004,advancement_entry
11569,1,18969,Volunteer,Community Service Council,,,,online
11570,1,4508,Volunteer,Community Service Council,,,,online
11571,1,15276,Volunteer,Community Service Council,,2009,2013,crm_import
11572,1,2080,Volunteer,Community Service Council,,1970,1972,crm_import
11573,1,8947,Volunteer,Community Service Council,,2025,,crm_import
11574,1,4714,Volunteer,Community Service Council,,2022,2023,crm_import
11575,1,1821,Volunteer,Community Service Council,,2021,2023,crm_import
11576,1,9865,Volunteer,Community Service Council,,2005,2007,crm_import
11577,1,2547,Volunteer,Community Service Council,,,,online
11578,1,18518,Volunteer,Community Service Council,,,,advancement_entry
11579,1,11162,Volunteer,Community Service Council,,2023,2026,online
11580,1,7525,Volunteer,Community Service Council,,2023,2026,crm_import
11581,1,14418,Volunteer,Community Service Council,,,,crm_import
11582,1,2431,Volunteer,Community Service Council,,1990,1993,online
11583,1,7879,Volunteer,Community Service Council,,2023,2024,online
11584,1,8193,Volunteer,Community Service Council,,1994,1997,crm_import
11585,1,10194,Volunteer,Community Service Council,,,,online
11586,1,3709,Volunteer,Community Service Council,,2024,2026,crm_import
11587,1,5942,Volunteer,Community Service Council,,1986,1990,online
11588,1,234,Volunteer,Community Service Council,Volunteer Coordinator,,,crm_import
11589,1,18236,Volunteer,Community Service Council,Member Leader,2022,2024,crm_import
11590,1,12123,Volunteer,Community Service Council,,2018,2021,crm_import
11591,1,641,Volunteer,Community Service Council,,1969,1972,advancement_entry
11592,1,1499,Volunteer,Community Service Council,,,,crm_import
11593,1,12469,Volunteer,Community Service Council,,1998,2001,crm_import
11594,1,4551,Volunteer,Community Service Council,,2023,2024,crm_import
11595,1,1567,Volunteer,Community Service Council,,1979,1983,crm_import
11596,1,8819,Volunteer,Community Service Council,,2026,,online
11597,1,4425,Volunteer,Community Service Council,,2027,,online
11598,1,15670,Volunteer,Community Service Council,Member Leader,2022,2025,online
11599,1,8726,Volunteer,Community Service Council,,2015,2018,online
11600,1,8559,Volunteer,Community Service Council,Team Lead,2019,2021,crm_import
11601,1,10971,Volunteer,Community Service Council,Volunteer Coordinator,2026,,online
11602,1,9241,Volunteer,Community Service Council,,2012,2015,crm_import
11603,1,18548,Volunteer,Community Service Council,,1992,1995,crm_import
11604,1,14654,Volunteer,Community Service Council,,2016,2018,crm_import
11605,1,16806,Volunteer,Community Service Council,,2022,2025,online
11606,1,845,Volunteer,Community Service Council,Member Leader,2004,2006,crm_import
11607,1,8092,Volunteer,Community Service Council,,2014,2018,online
11608,1,13031,Volunteer,Community Service Council,,2012,2014,online
11609,1,4712,Volunteer,Community Service Council,,1957,1960,online
11610,1,11820,Volunteer,Community Service Council,,2019,2020,crm_import
11611,1,17842,Volunteer,Community Service Council,,2019,2022,crm_import
11612,1,13530,Volunteer,Community Service Council,,1998,2002,crm_import
11613,1,13535,Volunteer,Community Service Council,,2008,2011,crm_import
11614,1,18477,Volunteer,Community Service Council,,2026,,crm_import
11615,1,11433,Volunteer,Community Service Council,,2021,2022,crm_import
11616,1,9913,Volunteer,Community Service Council,,,,crm_import
11617,1,13344,Volunteer,Community Service Council,,,,crm_import
11618,1,1221,Volunteer,Community Service Council,,1996,1998,online
11619,1,3563,Volunteer,Community Service Council,,2026,,crm_import
11620,1,2302,Volunteer,Community Service Council,,2024,2026,online
11621,1,2195,Volunteer,Community Service Council,,1986,1990,crm_import
11622,1,9161,Volunteer,Community Service Council,Volunteer Coordinator,1948,1952,online
11623,1,10891,Volunteer,Community Service Council,,2014,2017,crm_import
11624,1,13158,Volunteer,Community Service Council,,,,online
11625,1,1010,Volunteer,Community Service Council,,2007,2010,crm_import
11626,1,13547,Volunteer,Community Service Council,,,,crm_import
11627,1,15364,Volunteer,Community Service Council,,,,online
11628,1,4220,Volunteer,Community Service Council,,1990,1992,crm_import
11629,1,2098,Volunteer,Community Service Council,,1999,2002,crm_import
11630,1,15893,Volunteer,Community Service Council,,1964,1967,crm_import
11631,1,19222,Volunteer,Community Service Council,,2003,2007,crm_import
11632,1,1753,Volunteer,Community Service Council,,2027,,online
11633,1,17047,Volunteer,Community Service Council,,1978,1981,crm_import
11634,1,5578,Volunteer,Community Service Council,,,,crm_import
11635,1,18461,Volunteer,Community Service Council,,,,crm_import
11636,1,16124,Volunteer,Community Service Council,,2006,2009,crm_import
11637,1,10300,Volunteer,Community Service Council,,1986,1988,crm_import
11638,1,14729,Volunteer,Community Service Council,,,,online
11639,1,13506,Volunteer,Community Service Council,,1967,1971,crm_import
11640,1,11400,Volunteer,Community Service Council,,2027,,crm_import
11641,1,14079,Volunteer,Community Service Council,,2005,2008,crm_import
11642,1,5976,Volunteer,Community Service Council,,,,crm_import
11643,1,1989,Volunteer,Community Service Council,,1959,1961,crm_import
11644,1,13430,Volunteer,Community Service Council,Team Lead,,,crm_import
11645,1,3482,Volunteer,Community Service Council,,2026,,crm_import
11646,1,2278,Volunteer,Community Service Council,,1992,1994,online
11647,1,17255,Volunteer,Community Service Council,,,,crm_import
11648,1,10461,Volunteer,Community Service Council,,,,crm_import
11649,1,17709,Volunteer,Community Service Council,,1975,1977,crm_import
11650,1,13120,Volunteer,Community Service Council,,2020,2022,crm_import
11651,1,15796,Volunteer,Community Service Council,,2023,2024,crm_import
11652,1,9725,Volunteer,Community Service Council,,2022,2023,online
11653,1,16720,Volunteer,Community Service Council,,,,crm_import
11654,1,8116,Volunteer,Community Service Council,,2019,2023,online
11655,1,13817,Volunteer,Community Service Council,,1998,2001,advancement_entry
11656,1,9675,Volunteer,Community Service Council,,,,crm_import
11657,1,9066,Volunteer,Community Service Council,,,,crm_import
11658,1,13071,Volunteer,Community Service Council,,2002,2006,crm_import
11659,1,7651,Volunteer,Community Service Council,,2018,2021,crm_import
11660,1,10722,Volunteer,Community Service Council,,,,crm_import
11661,1,17379,Volunteer,Community Service Council,,,,crm_import
11662,1,6461,Volunteer,Community Service Council,,1959,1963,advancement_entry
11663,1,5626,Volunteer,Community Service Council,,,,online
11664,1,9479,Volunteer,Community Service Council,,,,online
11665,1,10440,Volunteer,Community Service Council,Team Lead,1996,1999,crm_import
11666,1,11382,Volunteer,Community Service Council,,2013,2017,crm_import
11667,1,19869,Volunteer,Community Service Council,Volunteer Coordinator,2023,2026,crm_import
11668,1,6815,Volunteer,Community Service Council,,,,crm_import
11669,1,9999,Volunteer,Community Service Council,,2023,2026,crm_import
11670,1,16413,Volunteer,Community Service Council,,,,crm_import
11671,1,6009,Volunteer,Community Service Council,,,,crm_import
11672,1,8645,Volunteer,Community Service Council,,,,crm_import
11673,1,3568,Volunteer,Community Service Council,Member Leader,1947,1951,online
11674,1,4422,Volunteer,Community Service Council,,2027,,online
11675,1,7391,Volunteer,Community Service Council,,1985,1988,advancement_entry
11676,1,4296,Volunteer,Community Service Council,,1988,1990,crm_import
11677,1,9994,Volunteer,Community Service Council,,,,crm_import
11678,1,7102,Volunteer,Community Service Council,Member Leader,,,online
11679,1,17116,Volunteer,Community Service Council,,1989,1993,advancement_entry
11680,1,953,Volunteer,Community Service Council,,2023,2024,advancement_entry
11681,1,14032,Volunteer,First-Generation Alumni Network,,2019,2021,crm_import
11682,1,9549,Volunteer,First-Generation Alumni Network,,,,crm_import
11683,1,9895,Volunteer,First-Generation Alumni Network,,2020,2022,crm_import
11684,1,16441,Volunteer,First-Generation Alumni Network,,2008,2012,crm_import
11685,1,1073,Volunteer,First-Generation Alumni Network,,,,crm_import
11686,1,12524,Volunteer,First-Generation Alumni Network,,,,crm_import
11687,1,18913,Volunteer,First-Generation Alumni Network,,2004,2008,crm_import
11688,1,16634,Volunteer,First-Generation Alumni Network,,2014,2017,crm_import
11689,1,6315,Volunteer,First-Generation Alumni Network,,1981,1984,crm_import
11690,1,5541,Volunteer,First-Generation Alumni Network,,2024,2026,advancement_entry
11691,1,15537,Volunteer,First-Generation Alumni Network,Team Lead,,,crm_import
11692,1,7147,Volunteer,First-Generation Alumni Network,,2017,2019,crm_import
11693,1,5633,Volunteer,First-Generation Alumni Network,Team Lead,1989,1991,online
11694,1,1061,Volunteer,First-Generation Alumni Network,,,,crm_import
11695,1,8900,Volunteer,First-Generation Alumni Network,,2002,2006,crm_import
11696,1,5884,Volunteer,First-Generation Alumni Network,,2002,2006,crm_import
11697,1,17943,Volunteer,First-Generation Alumni Network,,1991,1994,crm_import
11698,1,14492,Volunteer,First-Generation Alumni Network,,,,online
11699,1,2474,Volunteer,First-Generation Alumni Network,,,,crm_import
11700,1,15594,Volunteer,First-Generation Alumni Network,,1964,1967,crm_import
11701,1,486,Volunteer,First-Generation Alumni Network,,1979,1983,advancement_entry
11702,1,7899,Volunteer,First-Generation Alumni Network,,1989,1993,crm_import
11703,1,9053,Volunteer,First-Generation Alumni Network,,,,crm_import
11704,1,15141,Volunteer,First-Generation Alumni Network,,,,crm_import
11705,1,7901,Volunteer,First-Generation Alumni Network,Team Lead,2010,2013,online
11706,1,18183,Volunteer,First-Generation Alumni Network,Member Leader,,,crm_import
11707,1,17253,Volunteer,First-Generation Alumni Network,,,,crm_import
11708,1,15563,Volunteer,First-Generation Alumni Network,,1994,1997,crm_import
11709,1,8992,Volunteer,First-Generation Alumni Network,,1975,1979,crm_import
11710,1,5032,Volunteer,First-Generation Alumni Network,Member Leader,1982,1985,crm_import
11711,1,4105,Volunteer,First-Generation Alumni Network,,,,online
11712,1,16189,Volunteer,First-Generation Alumni Network,,2008,2012,crm_import
11713,1,1291,Volunteer,First-Generation Alumni Network,,2009,2012,crm_import
11714,1,3936,Volunteer,First-Generation Alumni Network,,1999,2002,crm_import
11715,1,3733,Volunteer,First-Generation Alumni Network,,1974,1976,online
11716,1,15067,Volunteer,First-Generation Alumni Network,,1973,1976,crm_import
11717,1,12516,Volunteer,First-Generation Alumni Network,,1994,1997,crm_import
11718,1,11332,Volunteer,First-Generation Alumni Network,,2021,2024,crm_import
11719,1,16656,Volunteer,First-Generation Alumni Network,,,,advancement_entry
11720,1,5462,Volunteer,First-Generation Alumni Network,,2015,2018,crm_import
11721,1,14964,Volunteer,First-Generation Alumni Network,,,,advancement_entry
11722,1,2978,Volunteer,First-Generation Alumni Network,,2008,2010,online
11723,1,587,Volunteer,First-Generation Alumni Network,,2015,2018,crm_import
11724,1,3247,Volunteer,First-Generation Alumni Network,,,,crm_import
11725,1,19212,Volunteer,First-Generation Alumni Network,,1995,1997,crm_import
11726,1,507,Volunteer,First-Generation Alumni Network,Member Leader,,,crm_import
11727,1,5057,Volunteer,First-Generation Alumni Network,,2005,2007,crm_import
11728,1,10254,Volunteer,First-Generation Alumni Network,Team Lead,1963,1966,crm_import
11729,1,18660,Volunteer,First-Generation Alumni Network,Volunteer Coordinator,2016,2019,online
11730,1,9331,Volunteer,First-Generation Alumni Network,,2015,2017,advancement_entry
11731,1,17569,Volunteer,First-Generation Alumni Network,,2005,2007,crm_import
11732,1,12534,Volunteer,First-Generation Alumni Network,,1983,1987,crm_import
11733,1,10284,Volunteer,First-Generation Alumni Network,,,,crm_import
11734,1,7858,Volunteer,First-Generation Alumni Network,,2002,2005,crm_import
11735,1,19740,Volunteer,First-Generation Alumni Network,Member Leader,,,crm_import
11736,1,9557,Volunteer,First-Generation Alumni Network,,2017,2019,crm_import
11737,1,19493,Volunteer,First-Generation Alumni Network,,2009,2011,crm_import
11738,1,7793,Volunteer,First-Generation Alumni Network,Volunteer Coordinator,,,online
11739,1,6851,Volunteer,First-Generation Alumni Network,,,,online
11740,1,10585,Volunteer,First-Generation Alumni Network,,,,crm_import
11741,1,17567,Volunteer,First-Generation Alumni Network,,2014,2018,crm_import
11742,1,13027,Volunteer,First-Generation Alumni Network,,,,crm_import
11743,1,16910,Volunteer,First-Generation Alumni Network,,2010,2014,crm_import
11744,1,2585,Volunteer,First-Generation Alumni Network,,1964,1966,crm_import
11745,1,18111,Volunteer,First-Generation Alumni Network,Member Leader,1959,1962,advancement_entry
11746,1,2917,Volunteer,First-Generation Alumni Network,,1985,1989,crm_import
11747,1,19282,Volunteer,First-Generation Alumni Network,,2023,2026,crm_import
11748,1,10532,Volunteer,First-Generation Alumni Network,,2012,2014,crm_import
11749,1,13075,Volunteer,First-Generation Alumni Network,,1963,1966,crm_import
11750,1,19718,Volunteer,First-Generation Alumni Network,,,,crm_import
11751,1,4650,Volunteer,First-Generation Alumni Network,,2019,2023,online
11752,1,6693,Volunteer,First-Generation Alumni Network,,1993,1997,crm_import
11753,1,5711,Volunteer,First-Generation Alumni Network,,2015,2017,advancement_entry
11754,1,14231,Volunteer,First-Generation Alumni Network,,2000,2004,online
11755,1,1155,Volunteer,First-Generation Alumni Network,Team Lead,1998,2002,crm_import
11756,1,2449,Volunteer,First-Generation Alumni Network,,1983,1987,crm_import
11757,1,7240,Volunteer,First-Generation Alumni Network,,1997,1999,crm_import
11758,1,7408,Volunteer,First-Generation Alumni Network,,1959,1963,crm_import
11759,1,19703,Volunteer,First-Generation Alumni Network,,,,crm_import
11760,1,9091,Volunteer,First-Generation Alumni Network,,1966,1969,online
11761,1,19934,Volunteer,First-Generation Alumni Network,Member Leader,,,crm_import
11762,1,5430,Volunteer,First-Generation Alumni Network,,2006,2010,online
11763,1,17720,Volunteer,First-Generation Alumni Network,,2003,2007,crm_import
11764,1,3789,Volunteer,First-Generation Alumni Network,,2008,2010,crm_import
11765,1,14106,Volunteer,First-Generation Alumni Network,,2004,2006,crm_import
11766,1,6745,Volunteer,First-Generation Alumni Network,,,,advancement_entry
11767,1,7574,Volunteer,First-Generation Alumni Network,,,,crm_import
11768,1,5886,Volunteer,First-Generation Alumni Network,Team Lead,1976,1978,crm_import
11769,1,6980,Volunteer,First-Generation Alumni Network,Member Leader,,,crm_import
11770,1,19955,Volunteer,First-Generation Alumni Network,,2010,2013,crm_import
11771,1,513,Volunteer,First-Generation Alumni Network,,,,crm_import
11772,1,16579,Volunteer,First-Generation Alumni Network,,2009,2013,crm_import
11773,1,10367,Volunteer,First-Generation Alumni Network,,,,crm_import
11774,1,8649,Volunteer,First-Generation Alumni Network,,1981,1984,crm_import
11775,1,1707,Volunteer,First-Generation Alumni Network,,2011,2015,crm_import
11776,1,2985,Volunteer,First-Generation Alumni Network,,1996,2000,crm_import
11777,1,17148,Volunteer,First-Generation Alumni Network,,2007,2011,crm_import
11778,1,7671,Volunteer,First-Generation Alumni Network,,1978,1982,advancement_entry
11779,1,6145,Volunteer,First-Generation Alumni Network,,2009,2011,crm_import
11780,1,8253,Volunteer,First-Generation Alumni Network,,1975,1977,online
11781,1,1914,Volunteer,First-Generation Alumni Network,,,,crm_import
11782,1,3147,Volunteer,First-Generation Alumni Network,,1992,1994,crm_import
11783,1,14756,Volunteer,First-Generation Alumni Network,,2009,2012,crm_import
11784,1,10924,Volunteer,First-Generation Alumni Network,,,,crm_import
11785,1,5558,Volunteer,First-Generation Alumni Network,,1986,1990,crm_import
11786,1,7118,Volunteer,First-Generation Alumni Network,,1993,1997,crm_import
11787,1,3746,Volunteer,First-Generation Alumni Network,,,,crm_import
11788,1,16427,Volunteer,First-Generation Alumni Network,,,,online
11789,1,6289,Volunteer,First-Generation Alumni Network,,2003,2005,advancement_entry
11790,1,10848,Volunteer,First-Generation Alumni Network,,,,online
11791,1,10926,Volunteer,First-Generation Alumni Network,,1999,2001,online
11792,1,5351,Volunteer,First-Generation Alumni Network,,2015,2017,crm_import
11793,1,487,Volunteer,First-Generation Alumni Network,,2018,2020,advancement_entry
11794,1,10234,Volunteer,First-Generation Alumni Network,,,,crm_import
11795,1,16775,Volunteer,First-Generation Alumni Network,Member Leader,2010,2014,online
11796,1,13293,Volunteer,First-Generation Alumni Network,,2012,2015,crm_import
11797,1,3593,Volunteer,First-Generation Alumni Network,,1967,1970,crm_import
11798,1,3225,Volunteer,First-Generation Alumni Network,,2002,2005,crm_import
11799,1,7380,Volunteer,First-Generation Alumni Network,,2022,2026,crm_import
11800,1,672,Volunteer,First-Generation Alumni Network,,2021,2025,crm_import
11801,1,9520,Volunteer,First-Generation Alumni Network,,1986,1989,crm_import
11802,1,2445,Volunteer,First-Generation Alumni Network,,,,crm_import
11803,1,6192,Volunteer,First-Generation Alumni Network,,1997,2000,crm_import
11804,1,3490,Volunteer,First-Generation Alumni Network,,1993,1995,online
11805,1,11592,Volunteer,First-Generation Alumni Network,,1981,1983,crm_import
11806,1,8404,Volunteer,First-Generation Alumni Network,Volunteer Coordinator,1984,1987,crm_import
11807,1,13759,Volunteer,First-Generation Alumni Network,,1989,1991,online
11808,1,4626,Volunteer,First-Generation Alumni Network,,,,online
11809,1,5954,Volunteer,First-Generation Alumni Network,,1983,1986,crm_import
11810,1,17858,Volunteer,First-Generation Alumni Network,,1992,1996,crm_import
11811,1,6036,Volunteer,First-Generation Alumni Network,,1987,1991,crm_import
11812,1,10281,Volunteer,First-Generation Alumni Network,,2011,2013,crm_import
11813,1,8529,Volunteer,First-Generation Alumni Network,,2018,2021,online
11814,1,9801,Volunteer,First-Generation Alumni Network,,,,crm_import
11815,1,3606,Volunteer,First-Generation Alumni Network,,,,advancement_entry
11816,1,7720,Volunteer,First-Generation Alumni Network,,,,crm_import
11817,1,5848,Volunteer,First-Generation Alumni Network,,1974,1978,crm_import
11818,1,14648,Volunteer,First-Generation Alumni Network,,2012,2016,crm_import
11819,1,7928,Volunteer,First-Generation Alumni Network,,1993,1997,online
11820,1,6049,Volunteer,First-Generation Alumni Network,,2013,2016,crm_import
11821,1,1499,Volunteer,First-Generation Alumni Network,,,,crm_import
11822,1,18591,Volunteer,First-Generation Alumni Network,,1986,1990,online
11823,1,19158,Volunteer,First-Generation Alumni Network,,2023,2026,crm_import
11824,1,5696,Volunteer,First-Generation Alumni Network,,2005,2009,crm_import
11825,1,5733,Volunteer,First-Generation Alumni Network,,2009,2013,crm_import
11826,1,19788,Volunteer,First-Generation Alumni Network,,1956,1958,crm_import
11827,1,14338,Volunteer,First-Generation Alumni Network,Team Lead,2017,2019,crm_import
11828,1,7072,Volunteer,First-Generation Alumni Network,,1978,1980,crm_import
11829,1,12087,Volunteer,First-Generation Alumni Network,,2008,2010,online
11830,1,13663,Volunteer,First-Generation Alumni Network,,,,crm_import
11831,1,4992,Volunteer,First-Generation Alumni Network,,1999,2001,online
11832,1,11909,Volunteer,First-Generation Alumni Network,,2003,2007,crm_import
11833,1,17106,Volunteer,First-Generation Alumni Network,,,,crm_import
11834,1,2945,Volunteer,First-Generation Alumni Network,,,,advancement_entry
11835,1,11616,Volunteer,First-Generation Alumni Network,,1951,1953,advancement_entry
11836,1,9075,Volunteer,First-Generation Alumni Network,,1998,2000,crm_import
11837,1,11811,Volunteer,First-Generation Alumni Network,,2000,2003,online
11838,1,6275,Volunteer,First-Generation Alumni Network,,,,crm_import
11839,1,3640,Volunteer,First-Generation Alumni Network,,1976,1980,crm_import
11840,1,16281,Volunteer,First-Generation Alumni Network,,,,crm_import
11841,1,13511,Volunteer,First-Generation Alumni Network,,1994,1997,crm_import
11842,1,5804,Volunteer,First-Generation Alumni Network,,2001,2005,crm_import
11843,1,1185,Volunteer,First-Generation Alumni Network,Volunteer Coordinator,1999,2002,crm_import
11844,1,14736,Volunteer,First-Generation Alumni Network,,2009,2012,crm_import
11845,1,13449,Volunteer,First-Generation Alumni Network,Team Lead,1997,1999,crm_import
11846,1,17318,Volunteer,First-Generation Alumni Network,,2006,2009,crm_import
11847,1,625,Volunteer,First-Generation Alumni Network,Volunteer Coordinator,1989,1992,crm_import
11848,1,18798,Volunteer,First-Generation Alumni Network,,1989,1992,online
11849,1,16381,Volunteer,First-Generation Alumni Network,,1994,1997,crm_import
11850,1,16039,Volunteer,First-Generation Alumni Network,,,,crm_import
11851,1,5186,Volunteer,First-Generation Alumni Network,,,,crm_import
11852,1,5433,Volunteer,First-Generation Alumni Network,,1989,1993,crm_import
11853,1,11126,Volunteer,First-Generation Alumni Network,,1988,1992,crm_import
11854,1,16663,Volunteer,First-Generation Alumni Network,,,,crm_import
11855,1,5034,Volunteer,First-Generation Alumni Network,,1968,1971,crm_import
11856,1,1602,Volunteer,First-Generation Alumni Network,Team Lead,,,advancement_entry
11857,1,7194,Volunteer,First-Generation Alumni Network,,2005,2007,crm_import
11858,1,10420,Volunteer,First-Generation Alumni Network,,1978,1981,crm_import
11859,1,4332,Volunteer,First-Generation Alumni Network,,,,crm_import
11860,1,16686,Volunteer,First-Generation Alumni Network,,1953,1956,online
11861,1,9754,Volunteer,First-Generation Alumni Network,,1998,2002,advancement_entry
11862,1,3179,Volunteer,First-Generation Alumni Network,,2007,2010,crm_import
11863,1,9678,Volunteer,First-Generation Alumni Network,,1997,2000,crm_import
11864,1,6060,Volunteer,First-Generation Alumni Network,,1972,1975,online
11865,1,10153,Volunteer,First-Generation Alumni Network,Volunteer Coordinator,1968,1972,crm_import
11866,1,1718,Volunteer,First-Generation Alumni Network,Volunteer Coordinator,,,online
11867,1,427,Volunteer,First-Generation Alumni Network,Team Lead,,,online
11868,1,7325,Volunteer,First-Generation Alumni Network,Volunteer Coordinator,,,crm_import
11869,1,8848,Volunteer,First-Generation Alumni Network,Member Leader,2011,2015,crm_import
11870,1,19887,Volunteer,First-Generation Alumni Network,Member Leader,,,crm_import
11871,1,14011,Volunteer,First-Generation Alumni Network,,2017,2021,crm_import
11872,1,1889,Volunteer,First-Generation Alumni Network,,2015,2018,online
11873,1,15724,Volunteer,First-Generation Alumni Network,,,,advancement_entry
11874,1,1939,Volunteer,First-Generation Alumni Network,,,,crm_import
11875,1,1331,Volunteer,First-Generation Alumni Network,Volunteer Coordinator,,,crm_import
11876,1,9872,Volunteer,First-Generation Alumni Network,,1998,2000,crm_import
11877,1,307,Volunteer,First-Generation Alumni Network,,2000,2004,crm_import
11878,1,7731,Volunteer,First-Generation Alumni Network,,,,crm_import
11879,1,19859,Volunteer,First-Generation Alumni Network,,,,crm_import
11880,1,17359,Volunteer,First-Generation Alumni Network,,1970,1973,crm_import
11881,1,17183,Volunteer,First-Generation Alumni Network,,1980,1983,online
11882,1,2345,Volunteer,First-Generation Alumni Network,,2021,2024,crm_import
11883,1,8591,Volunteer,First-Generation Alumni Network,,2013,2015,crm_import
11884,1,8878,Volunteer,First-Generation Alumni Network,,1985,1989,crm_import
11885,1,13361,Volunteer,First-Generation Alumni Network,,,,online
11886,1,11159,Volunteer,First-Generation Alumni Network,,1989,1991,online
11887,1,19292,Volunteer,First-Generation Alumni Network,,,,crm_import
11888,1,1218,Volunteer,First-Generation Alumni Network,Member Leader,1991,1993,crm_import
11889,1,5501,Volunteer,First-Generation Alumni Network,,2020,2024,crm_import
11890,1,7824,Volunteer,First-Generation Alumni Network,,1997,2000,online
11891,1,4093,Volunteer,First-Generation Alumni Network,,1988,1992,crm_import
11892,1,14504,Volunteer,First-Generation Alumni Network,,1964,1967,crm_import
11893,1,3346,Volunteer,First-Generation Alumni Network,,2016,2019,crm_import
11894,1,393,Volunteer,First-Generation Alumni Network,,2007,2011,crm_import
11895,1,18655,Volunteer,First-Generation Alumni Network,,,,online
11896,1,14053,Volunteer,First-Generation Alumni Network,,1985,1988,crm_import
11897,1,14033,Volunteer,First-Generation Alumni Network,,1979,1981,online
11898,1,10666,Volunteer,First-Generation Alumni Network,Member Leader,,,online
11899,1,16746,Volunteer,First-Generation Alumni Network,,2008,2012,online
11900,1,335,Volunteer,First-Generation Alumni Network,,2014,2018,online
11901,1,15523,Volunteer,First-Generation Alumni Network,,2015,2017,online
11902,1,17614,Volunteer,First-Generation Alumni Network,,,,crm_import
11903,1,12498,Volunteer,First-Generation Alumni Network,,1998,2001,advancement_entry
11904,1,11702,Volunteer,First-Generation Alumni Network,,,,online
11905,1,17117,Volunteer,First-Generation Alumni Network,,2003,2006,crm_import
11906,1,16969,Volunteer,First-Generation Alumni Network,,,,crm_import
11907,1,6612,Volunteer,First-Generation Alumni Network,,1986,1988,crm_import
11908,1,12182,Volunteer,First-Generation Alumni Network,,,,crm_import
11909,1,424,Volunteer,First-Generation Alumni Network,,,,crm_import
11910,1,6614,Volunteer,First-Generation Alumni Network,,1985,1988,crm_import
11911,1,7474,Volunteer,First-Generation Alumni Network,Team Lead,1994,1996,crm_import
11912,1,19786,Volunteer,First-Generation Alumni Network,,2016,2020,advancement_entry
11913,1,7368,Volunteer,First-Generation Alumni Network,Volunteer Coordinator,,,crm_import
11914,1,8229,Volunteer,First-Generation Alumni Network,,,,advancement_entry
11915,1,14308,Volunteer,First-Generation Alumni Network,,2006,2009,crm_import
11916,1,9229,Volunteer,First-Generation Alumni Network,,2022,2026,crm_import
11917,1,8011,Volunteer,First-Generation Alumni Network,,1976,1980,crm_import
11918,1,1105,Volunteer,First-Generation Alumni Network,,1992,1994,crm_import
11919,1,10206,Volunteer,First-Generation Alumni Network,,2017,2019,crm_import
11920,1,16563,Volunteer,First-Generation Alumni Network,,2014,2018,advancement_entry
11921,1,9577,Volunteer,First-Generation Alumni Network,,1997,2001,crm_import
11922,1,3243,Volunteer,First-Generation Alumni Network,,2009,2012,crm_import
11923,1,14636,Volunteer,First-Generation Alumni Network,,2012,2015,advancement_entry
11924,1,13282,Volunteer,First-Generation Alumni Network,,,,crm_import
11925,1,1539,Volunteer,First-Generation Alumni Network,,1993,1995,online
11926,1,16138,Volunteer,First-Generation Alumni Network,,1991,1994,crm_import
11927,1,650,Volunteer,First-Generation Alumni Network,,2004,2008,advancement_entry
11928,1,2343,Volunteer,First-Generation Alumni Network,,,,online
11929,1,1815,Volunteer,First-Generation Alumni Network,,2010,2014,online
11930,1,6587,Volunteer,First-Generation Alumni Network,,1999,2003,crm_import
11931,1,14299,Volunteer,First-Generation Alumni Network,,,,online
11932,1,1786,Volunteer,First-Generation Alumni Network,,1991,1995,crm_import
11933,1,6393,Volunteer,First-Generation Alumni Network,Member Leader,2001,2003,online
11934,1,8536,Volunteer,First-Generation Alumni Network,,2013,2017,crm_import
11935,1,9393,Volunteer,First-Generation Alumni Network,,,,crm_import
11936,1,19177,Volunteer,First-Generation Alumni Network,,2024,2026,online
11937,1,3399,Volunteer,First-Generation Alumni Network,,2001,2005,online
11938,1,4525,Volunteer,First-Generation Alumni Network,,1973,1976,crm_import
11939,1,9654,Volunteer,First-Generation Alumni Network,,1985,1988,online
11940,1,3876,Volunteer,First-Generation Alumni Network,Team Lead,,,advancement_entry
11941,1,9692,Volunteer,First-Generation Alumni Network,,2007,2010,crm_import
11942,1,18726,Volunteer,First-Generation Alumni Network,,,,advancement_entry
11943,1,12338,Volunteer,First-Generation Alumni Network,,1983,1985,crm_import
11944,1,8100,Volunteer,First-Generation Alumni Network,Volunteer Coordinator,1988,1990,advancement_entry
11945,1,12161,Volunteer,First-Generation Alumni Network,,,,online
11946,1,11000,Volunteer,First-Generation Alumni Network,Volunteer Coordinator,1990,1994,crm_import
11947,1,17933,Volunteer,First-Generation Alumni Network,,2021,2025,crm_import
11948,1,3889,Volunteer,First-Generation Alumni Network,,,,crm_import
11949,1,3682,Volunteer,First-Generation Alumni Network,,1999,2001,crm_import
11950,1,9237,Volunteer,First-Generation Alumni Network,,2012,2016,crm_import
11951,1,4877,Volunteer,First-Generation Alumni Network,,,,crm_import
11952,1,8632,Volunteer,First-Generation Alumni Network,Team Lead,1976,1979,advancement_entry
11953,1,12354,Volunteer,First-Generation Alumni Network,Volunteer Coordinator,,,online
11954,1,4866,Volunteer,First-Generation Alumni Network,,2014,2016,online
11955,1,4128,Volunteer,First-Generation Alumni Network,,2014,2018,crm_import
11956,1,15740,Volunteer,First-Generation Alumni Network,,1988,1990,crm_import
11957,1,19736,Volunteer,First-Generation Alumni Network,,,,advancement_entry
11958,1,3194,Volunteer,First-Generation Alumni Network,,1957,1960,crm_import
11959,1,7129,Volunteer,First-Generation Alumni Network,,,,online
11960,1,9335,Volunteer,First-Generation Alumni Network,,1966,1968,crm_import
11961,1,10757,Volunteer,First-Generation Alumni Network,,2005,2007,advancement_entry
11962,1,18298,Volunteer,First-Generation Alumni Network,,1999,2001,advancement_entry
11963,1,12340,Volunteer,First-Generation Alumni Network,,,,crm_import
11964,1,18879,Volunteer,First-Generation Alumni Network,Team Lead,1979,1981,crm_import
11965,1,4160,Volunteer,First-Generation Alumni Network,,1997,2000,online
11966,1,5083,Volunteer,First-Generation Alumni Network,,2015,2019,crm_import
11967,1,12185,Volunteer,First-Generation Alumni Network,,1980,1982,crm_import
11968,1,1711,Volunteer,First-Generation Alumni Network,,,,crm_import
11969,1,16403,Volunteer,First-Generation Alumni Network,,1990,1992,online
11970,1,9934,Volunteer,First-Generation Alumni Network,,,,crm_import
11971,1,13492,Volunteer,First-Generation Alumni Network,,2010,2013,crm_import
11972,1,2876,Volunteer,First-Generation Alumni Network,,,,crm_import
11973,1,10512,Volunteer,First-Generation Alumni Network,,2013,2017,crm_import
11974,1,3866,Volunteer,First-Generation Alumni Network,Member Leader,1990,1992,crm_import
11975,1,19259,Volunteer,First-Generation Alumni Network,Member Leader,2017,2019,advancement_entry
11976,1,17949,Volunteer,First-Generation Alumni Network,,,,online
11977,1,17356,Volunteer,First-Generation Alumni Network,,2014,2017,crm_import
11978,1,10452,Volunteer,First-Generation Alumni Network,Volunteer Coordinator,1988,1992,crm_import
11979,1,5688,Volunteer,First-Generation Alumni Network,,,,crm_import
11980,1,18844,Volunteer,First-Generation Alumni Network,,1993,1995,crm_import
11981,1,2177,Volunteer,First-Generation Alumni Network,,1975,1979,crm_import
11982,1,19041,Volunteer,First-Generation Alumni Network,Team Lead,2013,2016,crm_import
11983,1,6787,Volunteer,First-Generation Alumni Network,,,,crm_import
11984,1,15790,Volunteer,First-Generation Alumni Network,,2015,2018,online
11985,1,9048,Volunteer,First-Generation Alumni Network,,2002,2004,crm_import
11986,1,11207,Volunteer,First-Generation Alumni Network,,1991,1993,crm_import
11987,1,8183,Volunteer,First-Generation Alumni Network,,,,crm_import
11988,1,18755,Volunteer,First-Generation Alumni Network,,1956,1960,crm_import
11989,1,3275,Volunteer,First-Generation Alumni Network,,1982,1985,crm_import
11990,1,11881,Volunteer,First-Generation Alumni Network,,2000,2002,crm_import
11991,1,13751,Volunteer,First-Generation Alumni Network,Team Lead,,,online
11992,1,9350,Volunteer,First-Generation Alumni Network,,1996,2000,crm_import
11993,1,18972,Volunteer,First-Generation Alumni Network,,,,crm_import
11994,1,9073,Volunteer,First-Generation Alumni Network,,1998,2001,crm_import
11995,1,17765,Volunteer,First-Generation Alumni Network,,,,crm_import
11996,1,4886,Volunteer,First-Generation Alumni Network,Member Leader,1992,1995,online
11997,1,6342,Volunteer,First-Generation Alumni Network,,1997,2000,crm_import
11998,1,1205,Volunteer,First-Generation Alumni Network,Team Lead,,,crm_import
11999,1,18108,Volunteer,First-Generation Alumni Network,,1996,2000,crm_import
12000,1,2869,Volunteer,First-Generation Alumni Network,,1996,1999,advancement_entry
12001,1,9343,Volunteer,First-Generation Alumni Network,,1995,1997,crm_import
12002,1,11798,Volunteer,First-Generation Alumni Network,,1995,1998,crm_import
12003,1,9119,Volunteer,First-Generation Alumni Network,,,,advancement_entry
12004,1,11950,Volunteer,First-Generation Alumni Network,,,,crm_import
12005,1,11577,Volunteer,First-Generation Alumni Network,,1983,1985,crm_import
12006,1,2203,Volunteer,First-Generation Alumni Network,,2005,2008,crm_import
12007,1,10694,Volunteer,First-Generation Alumni Network,Volunteer Coordinator,1999,2001,crm_import
12008,1,13998,Volunteer,First-Generation Alumni Network,,1975,1978,online
12009,1,15842,Volunteer,First-Generation Alumni Network,,1960,1962,crm_import
12010,1,19616,Volunteer,First-Generation Alumni Network,,,,crm_import
12011,1,10729,Volunteer,First-Generation Alumni Network,,2009,2011,online
12012,1,9504,Volunteer,First-Generation Alumni Network,,2007,2011,online
12013,1,18284,Volunteer,First-Generation Alumni Network,,,,crm_import
12014,1,8944,Volunteer,First-Generation Alumni Network,,1959,1962,advancement_entry
12015,1,9254,Volunteer,First-Generation Alumni Network,,2015,2018,crm_import
12016,1,18527,Volunteer,First-Generation Alumni Network,Volunteer Coordinator,2015,2019,crm_import
12017,1,8874,Volunteer,First-Generation Alumni Network,,1967,1969,crm_import
12018,1,14013,Volunteer,First-Generation Alumni Network,,2008,2012,crm_import
12019,1,13030,Volunteer,First-Generation Alumni Network,,,,online
12020,1,7331,Volunteer,First-Generation Alumni Network,,2009,2011,crm_import
12021,1,17155,Volunteer,First-Generation Alumni Network,,2007,2010,crm_import
12022,1,8199,Volunteer,First-Generation Alumni Network,,1982,1986,crm_import
12023,1,3414,Volunteer,First-Generation Alumni Network,,2017,2019,advancement_entry
12024,1,16645,Volunteer,First-Generation Alumni Network,Member Leader,,,online
12025,1,3697,Volunteer,First-Generation Alumni Network,Volunteer Coordinator,1989,1992,crm_import
12026,1,5866,Volunteer,First-Generation Alumni Network,,2005,2008,online
12027,1,11866,Volunteer,First-Generation Alumni Network,,1966,1969,crm_import
12028,1,13710,Volunteer,First-Generation Alumni Network,,1963,1966,crm_import
12029,1,3317,Volunteer,First-Generation Alumni Network,Team Lead,1951,1955,crm_import
12030,1,16052,Volunteer,First-Generation Alumni Network,,1993,1996,online
12031,1,473,Volunteer,First-Generation Alumni Network,Member Leader,,,crm_import
12032,1,13949,Volunteer,First-Generation Alumni Network,,2010,2014,crm_import
12033,1,8979,Volunteer,First-Generation Alumni Network,,2001,2005,online
12034,1,2880,Volunteer,First-Generation Alumni Network,,2009,2012,online
12035,1,9855,Volunteer,First-Generation Alumni Network,,2015,2017,crm_import
12036,1,2526,Volunteer,First-Generation Alumni Network,,,,crm_import
12037,1,6307,Volunteer,First-Generation Alumni Network,,1953,1957,crm_import
12038,1,15572,Volunteer,First-Generation Alumni Network,,,,online
12039,1,2023,Volunteer,First-Generation Alumni Network,,2011,2015,crm_import
12040,1,7823,Volunteer,First-Generation Alumni Network,,2000,2003,crm_import
12041,1,7658,Volunteer,First-Generation Alumni Network,Member Leader,1997,1999,crm_import
12042,1,6895,Volunteer,First-Generation Alumni Network,Volunteer Coordinator,2015,2019,crm_import
12043,1,11638,Volunteer,First-Generation Alumni Network,Member Leader,,,online
12044,1,4782,Volunteer,First-Generation Alumni Network,,1993,1996,crm_import
12045,1,10828,Volunteer,First-Generation Alumni Network,,1967,1969,crm_import
12046,1,17261,Volunteer,First-Generation Alumni Network,,1977,1979,crm_import
12047,1,795,Volunteer,First-Generation Alumni Network,,2008,2011,crm_import
12048,1,14001,Volunteer,First-Generation Alumni Network,,1969,1973,crm_import
12049,1,2056,Volunteer,First-Generation Alumni Network,,2003,2007,crm_import
12050,1,1573,Volunteer,First-Generation Alumni Network,Team Lead,1949,1953,online
12051,1,8734,Volunteer,First-Generation Alumni Network,,1963,1966,online
12052,1,11769,Volunteer,First-Generation Alumni Network,,,,crm_import
12053,1,13292,Volunteer,First-Generation Alumni Network,,2007,2010,crm_import
12054,1,17152,Volunteer,First-Generation Alumni Network,,1968,1970,crm_import
12055,1,14097,Volunteer,First-Generation Alumni Network,,1952,1954,crm_import
12056,1,16887,Volunteer,First-Generation Alumni Network,,1987,1991,crm_import
12057,1,13658,Volunteer,First-Generation Alumni Network,,,,crm_import
12058,1,10465,Volunteer,First-Generation Alumni Network,,1973,1975,crm_import
12059,1,1785,Volunteer,First-Generation Alumni Network,,1964,1966,crm_import
12060,1,1665,Volunteer,First-Generation Alumni Network,,,,online
12061,1,10862,Volunteer,First-Generation Alumni Network,,,,crm_import
12062,1,2846,Volunteer,First-Generation Alumni Network,,2002,2004,crm_import
12063,1,8307,Volunteer,First-Generation Alumni Network,Member Leader,,,online
12064,1,19884,Volunteer,First-Generation Alumni Network,,,,online
12065,1,8107,Volunteer,First-Generation Alumni Network,,2011,2015,online
12066,1,8553,Volunteer,First-Generation Alumni Network,,2014,2017,advancement_entry
12067,1,17201,Volunteer,First-Generation Alumni Network,,1960,1962,online
12068,1,16981,Volunteer,First-Generation Alumni Network,,2016,2019,crm_import
12069,1,19445,Volunteer,First-Generation Alumni Network,,,,crm_import
12070,1,19606,Volunteer,First-Generation Alumni Network,,,,crm_import
12071,1,11229,Volunteer,First-Generation Alumni Network,,1998,2000,crm_import
12072,1,18500,Volunteer,First-Generation Alumni Network,,,,online
12073,1,17704,Volunteer,First-Generation Alumni Network,,1988,1990,crm_import
12074,1,12146,Volunteer,First-Generation Alumni Network,Volunteer Coordinator,2011,2013,online
12075,1,17156,Volunteer,First-Generation Alumni Network,,,,online
12076,1,19602,Volunteer,First-Generation Alumni Network,,1998,2000,online
12077,1,6535,Volunteer,First-Generation Alumni Network,Team Lead,1994,1997,advancement_entry
12078,1,2921,Volunteer,First-Generation Alumni Network,,1988,1991,crm_import
12079,1,19841,Volunteer,First-Generation Alumni Network,,2017,2020,online
12080,1,4576,Volunteer,First-Generation Alumni Network,,,,online
12081,1,10265,Volunteer,First-Generation Alumni Network,,2013,2016,online
12082,1,15080,Volunteer,First-Generation Alumni Network,,1987,1990,advancement_entry
12083,1,18758,Volunteer,First-Generation Alumni Network,,2006,2009,advancement_entry
12084,1,3941,Volunteer,First-Generation Alumni Network,,,,crm_import
12085,1,19279,Volunteer,First-Generation Alumni Network,,2012,2014,crm_import
12086,1,10138,Volunteer,First-Generation Alumni Network,,2008,2012,crm_import
12087,1,10355,Volunteer,First-Generation Alumni Network,,2003,2006,online
12088,1,18024,Volunteer,First-Generation Alumni Network,,,,crm_import
12089,1,846,Volunteer,First-Generation Alumni Network,,1986,1990,crm_import
12090,1,2926,Volunteer,First-Generation Alumni Network,Volunteer Coordinator,,,crm_import
12091,1,7706,Volunteer,First-Generation Alumni Network,,2018,2022,crm_import
12092,1,17333,Volunteer,First-Generation Alumni Network,,1989,1991,crm_import
12093,1,16423,Volunteer,First-Generation Alumni Network,,2023,2025,online
12094,1,13853,Volunteer,First-Generation Alumni Network,,,,online
12095,1,47,Volunteer,First-Generation Alumni Network,Team Lead,,,crm_import
12096,1,14808,Volunteer,First-Generation Alumni Network,,2021,2023,crm_import
12097,1,12779,Volunteer,First-Generation Alumni Network,,,,crm_import
12098,1,4261,Volunteer,First-Generation Alumni Network,,1989,1993,advancement_entry
12099,1,16215,Volunteer,First-Generation Alumni Network,,1983,1987,crm_import
12100,1,12301,Volunteer,First-Generation Alumni Network,,1989,1992,advancement_entry
12101,1,1860,Volunteer,Food Security Initiative,,,,online
12102,1,9690,Volunteer,Food Security Initiative,,2023,2025,crm_import
12103,1,7814,Volunteer,Food Security Initiative,,2020,2024,crm_import
12104,1,11471,Volunteer,Food Security Initiative,,2004,2007,crm_import
12105,1,6296,Volunteer,Food Security Initiative,,1994,1996,crm_import
12106,1,14546,Volunteer,Food Security Initiative,,,,online
12107,1,11434,Volunteer,Food Security Initiative,,1993,1997,crm_import
12108,1,1171,Volunteer,Food Security Initiative,,,,crm_import
12109,1,18284,Volunteer,Food Security Initiative,,2022,2026,crm_import
12110,1,5024,Volunteer,Food Security Initiative,,,,crm_import
12111,1,13456,Volunteer,Food Security Initiative,,2022,2024,advancement_entry
12112,1,7733,Volunteer,Food Security Initiative,,2022,2025,crm_import
12113,1,3723,Volunteer,Food Security Initiative,,2026,,online
12114,1,19807,Volunteer,Food Security Initiative,,1963,1965,crm_import
12115,1,18404,Volunteer,Food Security Initiative,,2001,2004,crm_import
12116,1,15723,Volunteer,Food Security Initiative,,2019,2021,advancement_entry
12117,1,2293,Volunteer,Food Security Initiative,Team Lead,2000,2002,crm_import
12118,1,10350,Volunteer,Food Security Initiative,,2024,2026,crm_import
12119,1,6111,Volunteer,Food Security Initiative,,2001,2005,crm_import
12120,1,4214,Volunteer,Food Security Initiative,,,,advancement_entry
12121,1,7841,Volunteer,Food Security Initiative,,2022,2023,crm_import
12122,1,18326,Volunteer,Food Security Initiative,Member Leader,,,crm_import
12123,1,13825,Volunteer,Food Security Initiative,,,,crm_import
12124,1,6861,Volunteer,Food Security Initiative,Team Lead,1998,2000,crm_import
12125,1,6233,Volunteer,Food Security Initiative,,2005,2008,online
12126,1,12319,Volunteer,Food Security Initiative,,,,crm_import
12127,1,803,Volunteer,Food Security Initiative,Team Lead,2023,,crm_import
12128,1,8252,Volunteer,Food Security Initiative,,2014,2017,crm_import
12129,1,16352,Volunteer,Food Security Initiative,,,,crm_import
12130,1,5784,Volunteer,Food Security Initiative,,,,crm_import
12131,1,6469,Volunteer,Food Security Initiative,,,,crm_import
12132,1,5927,Volunteer,Food Security Initiative,,,,crm_import
12133,1,679,Volunteer,Food Security Initiative,,2022,2026,online
12134,1,2183,Volunteer,Food Security Initiative,,2023,2025,crm_import
12135,1,12729,Volunteer,Food Security Initiative,,1998,2002,online
12136,1,16528,Volunteer,Food Security Initiative,,2015,2018,crm_import
12137,1,16615,Volunteer,Food Security Initiative,,1968,1971,crm_import
12138,1,17047,Volunteer,Food Security Initiative,,1979,1981,crm_import
12139,1,6483,Volunteer,Food Security Initiative,Volunteer Coordinator,2001,2005,crm_import
12140,1,6680,Volunteer,Food Security Initiative,Member Leader,,,online
12141,1,1211,Volunteer,Food Security Initiative,,2000,2002,crm_import
12142,1,120,Volunteer,Food Security Initiative,,,,crm_import
12143,1,12141,Volunteer,Food Security Initiative,,1995,1997,crm_import
12144,1,7873,Volunteer,Food Security Initiative,,1998,2000,online
12145,1,602,Volunteer,Food Security Initiative,,2018,2022,crm_import
12146,1,7024,Volunteer,Food Security Initiative,,,,online
12147,1,387,Volunteer,Food Security Initiative,Team Lead,,,online
12148,1,13569,Volunteer,Food Security Initiative,,2028,,online
12149,1,9312,Volunteer,Food Security Initiative,,2024,2026,crm_import
12150,1,6073,Volunteer,Food Security Initiative,,2014,2018,crm_import
12151,1,16045,Volunteer,Food Security Initiative,,1994,1996,crm_import
12152,1,19112,Volunteer,Food Security Initiative,,,,crm_import
12153,1,9775,Volunteer,Food Security Initiative,,2022,2026,crm_import
12154,1,5952,Volunteer,Food Security Initiative,,2027,,crm_import
12155,1,8495,Volunteer,Food Security Initiative,,,,crm_import
12156,1,7009,Volunteer,Food Security Initiative,,2022,2026,crm_import
12157,1,591,Volunteer,Food Security Initiative,,2005,2007,crm_import
12158,1,15648,Volunteer,Food Security Initiative,,2019,2020,crm_import
12159,1,16951,Volunteer,Food Security Initiative,,,,crm_import
12160,1,17261,Volunteer,Food Security Initiative,,1975,1979,crm_import
12161,1,3925,Volunteer,Food Security Initiative,Team Lead,2020,2024,crm_import
12162,1,3068,Volunteer,Food Security Initiative,,2024,2026,crm_import
12163,1,9966,Volunteer,Food Security Initiative,,2019,2023,crm_import
12164,1,11530,Volunteer,Food Security Initiative,,2024,2026,crm_import
12165,1,10921,Volunteer,Food Security Initiative,,1956,1959,crm_import
12166,1,13064,Volunteer,Food Security Initiative,,2012,2016,online
12167,1,6355,Volunteer,Food Security Initiative,,2024,2026,crm_import
12168,1,1355,Volunteer,Food Security Initiative,,,,crm_import
12169,1,12062,Volunteer,Food Security Initiative,,,,crm_import
12170,1,8608,Volunteer,Food Security Initiative,,2023,2026,crm_import
12171,1,10726,Volunteer,Food Security Initiative,,,,crm_import
12172,1,14347,Volunteer,Food Security Initiative,,2015,2019,online
12173,1,19311,Volunteer,Food Security Initiative,,,,crm_import
12174,1,9574,Volunteer,Food Security Initiative,,2008,2011,crm_import
12175,1,14293,Volunteer,Food Security Initiative,,2023,2025,crm_import
12176,1,7691,Volunteer,Food Security Initiative,,,,crm_import
12177,1,11171,Volunteer,Food Security Initiative,,2021,2023,online
12178,1,10736,Volunteer,Food Security Initiative,Team Lead,,,crm_import
12179,1,6207,Volunteer,Food Security Initiative,,1994,1998,crm_import
12180,1,19010,Volunteer,Food Security Initiative,,2028,,online
12181,1,10626,Volunteer,Food Security Initiative,,2020,2022,online
12182,1,537,Volunteer,Food Security Initiative,,,,online
12183,1,760,Volunteer,Food Security Initiative,,,,crm_import
12184,1,1463,Volunteer,Food Security Initiative,,2022,2025,crm_import
12185,1,3984,Volunteer,Food Security Initiative,,1993,1996,crm_import
12186,1,1843,Volunteer,Food Security Initiative,,2025,,online
12187,1,9745,Volunteer,Food Security Initiative,,,,crm_import
12188,1,18329,Volunteer,Food Security Initiative,,,,online
12189,1,13207,Volunteer,Food Security Initiative,,,,crm_import
12190,1,2625,Volunteer,Food Security Initiative,,2026,,crm_import
12191,1,5679,Volunteer,Food Security Initiative,,,,crm_import
12192,1,8184,Volunteer,Food Security Initiative,,2021,2023,online
12193,1,17473,Volunteer,Food Security Initiative,,2019,2020,crm_import
12194,1,424,Volunteer,Food Security Initiative,Team Lead,,,crm_import
12195,1,2592,Volunteer,Food Security Initiative,,2018,2022,advancement_entry
12196,1,14052,Volunteer,Food Security Initiative,,,,advancement_entry
12197,1,18056,Volunteer,Food Security Initiative,Member Leader,2019,2020,crm_import
12198,1,16172,Volunteer,Food Security Initiative,,1992,1996,online
12199,1,4822,Volunteer,Food Security Initiative,,,,crm_import
12200,1,9586,Volunteer,Food Security Initiative,,2022,2024,online
12201,1,7200,Volunteer,Food Security Initiative,,1987,1991,crm_import
12202,1,4876,Volunteer,Food Security Initiative,,1997,2000,online
12203,1,5282,Volunteer,Food Security Initiative,,,,online
12204,1,2942,Volunteer,Food Security Initiative,,1965,1968,crm_import
12205,1,2002,Volunteer,Food Security Initiative,Volunteer Coordinator,2026,,crm_import
12206,1,3382,Volunteer,Food Security Initiative,,1988,1991,crm_import
12207,1,10581,Volunteer,Food Security Initiative,,2022,2026,crm_import
12208,1,11314,Volunteer,Food Security Initiative,,2026,,online
12209,1,19792,Volunteer,Food Security Initiative,,2019,2023,online
12210,1,19793,Volunteer,Food Security Initiative,,2011,2015,crm_import
12211,1,3472,Volunteer,Food Security Initiative,,1988,1990,crm_import
12212,1,2571,Volunteer,Food Security Initiative,,2019,2023,advancement_entry
12213,1,15883,Volunteer,Food Security Initiative,Member Leader,2006,2008,crm_import
12214,1,18761,Volunteer,Food Security Initiative,,,,online
12215,1,15672,Volunteer,Food Security Initiative,,2025,,crm_import
12216,1,18443,Volunteer,Food Security Initiative,,1958,1962,crm_import
12217,1,14604,Volunteer,Food Security Initiative,,1974,1977,crm_import
12218,1,10814,Volunteer,Food Security Initiative,,2019,2021,crm_import
12219,1,15810,Volunteer,Food Security Initiative,,1987,1991,crm_import
12220,1,1869,Volunteer,Food Security Initiative,,,,online
12221,1,15429,Volunteer,Food Security Initiative,,1994,1996,crm_import
12222,1,7423,Volunteer,Food Security Initiative,,2023,2026,crm_import
12223,1,19019,Volunteer,Food Security Initiative,,2018,2021,crm_import
12224,1,9927,Volunteer,Food Security Initiative,,1993,1995,crm_import
12225,1,11840,Volunteer,Food Security Initiative,,,,crm_import
12226,1,7184,Volunteer,Food Security Initiative,,2022,2025,crm_import
12227,1,10920,Volunteer,Food Security Initiative,,1995,1999,online
12228,1,15912,Volunteer,Food Security Initiative,,,,crm_import
12229,1,16344,Volunteer,Food Security Initiative,Team Lead,2019,2022,crm_import
12230,1,12314,Volunteer,Food Security Initiative,,,,advancement_entry
12231,1,19257,Volunteer,Food Security Initiative,,2004,2006,crm_import
12232,1,677,Volunteer,Food Security Initiative,,,,advancement_entry
12233,1,12444,Volunteer,Food Security Initiative,,2024,,crm_import
12234,1,660,Volunteer,Food Security Initiative,,,,crm_import
12235,1,8036,Volunteer,Food Security Initiative,,,,online
12236,1,18891,Volunteer,Food Security Initiative,,2020,2023,crm_import
12237,1,15543,Volunteer,Food Security Initiative,Volunteer Coordinator,2019,2022,online
12238,1,9443,Volunteer,Food Security Initiative,,2012,2014,crm_import
12239,1,5955,Volunteer,Food Security Initiative,,2006,2009,advancement_entry
12240,1,4099,Volunteer,Food Security Initiative,,,,crm_import
12241,1,17347,Volunteer,Food Security Initiative,,2024,,crm_import
12242,1,10071,Volunteer,Food Security Initiative,,2026,,crm_import
12243,1,18586,Volunteer,Food Security Initiative,,2010,2013,crm_import
12244,1,7763,Volunteer,Food Security Initiative,,2009,2013,crm_import
12245,1,3907,Volunteer,Food Security Initiative,,1998,2002,online
12246,1,17726,Volunteer,Food Security Initiative,,2018,2019,advancement_entry
12247,1,9077,Volunteer,Food Security Initiative,,,,crm_import
12248,1,15301,Volunteer,Food Security Initiative,,1967,1971,crm_import
12249,1,18492,Volunteer,Food Security Initiative,,,,crm_import
12250,1,5880,Volunteer,Food Security Initiative,,2018,2022,online
12251,1,2258,Volunteer,Food Security Initiative,,,,advancement_entry
12252,1,9934,Volunteer,Food Security Initiative,,1966,1970,crm_import
12253,1,638,Volunteer,Food Security Initiative,,,,crm_import
12254,1,7044,Volunteer,Food Security Initiative,,1986,1988,crm_import
12255,1,816,Volunteer,Food Security Initiative,,1988,1990,crm_import
12256,1,265,Volunteer,Food Security Initiative,,1995,1999,advancement_entry
12257,1,7481,Volunteer,Food Security Initiative,,2026,,crm_import
12258,1,6645,Volunteer,Food Security Initiative,Volunteer Coordinator,2023,,advancement_entry
12259,1,9658,Volunteer,Food Security Initiative,,2007,2009,crm_import
12260,1,3011,Volunteer,Food Security Initiative,,,,online
12261,1,3347,Volunteer,Food Security Initiative,,,,advancement_entry
12262,1,2864,Volunteer,Food Security Initiative,,2018,2022,crm_import
12263,1,19459,Volunteer,Food Security Initiative,,,,crm_import
12264,1,7677,Volunteer,Food Security Initiative,,1976,1980,crm_import
12265,1,3590,Volunteer,Food Security Initiative,,1973,1975,crm_import
12266,1,13578,Volunteer,Food Security Initiative,,2016,2019,online
12267,1,15923,Volunteer,Food Security Initiative,Team Lead,,,advancement_entry
12268,1,12074,Volunteer,Food Security Initiative,,1980,1982,online
12269,1,8382,Volunteer,Food Security Initiative,Member Leader,,,online
12270,1,3981,Volunteer,Food Security Initiative,,,,crm_import
12271,1,9322,Volunteer,Food Security Initiative,,2021,2024,crm_import
12272,1,18619,Volunteer,Food Security Initiative,,2000,2002,crm_import
12273,1,344,Volunteer,Food Security Initiative,,2023,2026,crm_import
12274,1,8741,Volunteer,Food Security Initiative,,,,online
12275,1,15147,Volunteer,Food Security Initiative,,,,online
12276,1,10588,Volunteer,Food Security Initiative,,,,crm_import
12277,1,5124,Volunteer,Food Security Initiative,,1973,1975,crm_import
12278,1,9956,Volunteer,Food Security Initiative,,,,online
12279,1,10312,Volunteer,Food Security Initiative,,,,crm_import
12280,1,4071,Volunteer,Food Security Initiative,,2023,2026,crm_import
12281,1,5923,Volunteer,Food Security Initiative,,,,online
12282,1,18774,Volunteer,Food Security Initiative,Team Lead,,,crm_import
12283,1,10500,Volunteer,Food Security Initiative,Volunteer Coordinator,2024,2026,crm_import
12284,1,1330,Volunteer,Food Security Initiative,,2005,2009,crm_import
12285,1,15773,Volunteer,Food Security Initiative,,2021,2024,online
12286,1,310,Volunteer,Food Security Initiative,,2024,,crm_import
12287,1,6433,Volunteer,Food Security Initiative,,1998,2000,crm_import
12288,1,2209,Volunteer,Food Security Initiative,,2021,2022,crm_import
12289,1,12936,Volunteer,Food Security Initiative,,2020,2024,crm_import
12290,1,202,Volunteer,Food Security Initiative,,,,crm_import
12291,1,1023,Volunteer,Food Security Initiative,,2004,2006,crm_import
12292,1,14056,Volunteer,Food Security Initiative,,2028,,crm_import
12293,1,8869,Volunteer,Food Security Initiative,,,,crm_import
12294,1,11556,Volunteer,Food Security Initiative,,2021,2025,crm_import
12295,1,16764,Volunteer,Food Security Initiative,,2018,2019,crm_import
12296,1,5432,Volunteer,Food Security Initiative,,2002,2005,online
12297,1,17290,Volunteer,Food Security Initiative,,1988,1992,crm_import
12298,1,17251,Volunteer,Food Security Initiative,,2022,2026,crm_import
12299,1,14989,Volunteer,Food Security Initiative,,2024,2025,crm_import
12300,1,17841,Volunteer,Food Security Initiative,,,,online
12301,1,18025,Volunteer,Food Security Initiative,,2008,2011,crm_import
12302,1,2331,Volunteer,Food Security Initiative,,2021,2024,crm_import
12303,1,10348,Volunteer,Food Security Initiative,,2014,2016,crm_import
12304,1,882,Volunteer,Food Security Initiative,,,,advancement_entry
12305,1,18910,Volunteer,Food Security Initiative,,,,crm_import
12306,1,956,Volunteer,Food Security Initiative,,2019,2022,crm_import
12307,1,19736,Volunteer,Food Security Initiative,,1959,1963,advancement_entry
12308,1,8074,Volunteer,Food Security Initiative,,,,crm_import
12309,1,143,Volunteer,Food Security Initiative,,1980,1982,crm_import
12310,1,7590,Volunteer,Food Security Initiative,,2004,2008,crm_import
12311,1,15937,Volunteer,Food Security Initiative,,2019,2021,advancement_entry
12312,1,12724,Volunteer,Food Security Initiative,,,,online
12313,1,1984,Volunteer,Food Security Initiative,Team Lead,2025,,crm_import
12314,1,2237,Volunteer,Food Security Initiative,,2021,2024,crm_import
12315,1,170,Volunteer,Food Security Initiative,,2024,2026,online
12316,1,6971,Volunteer,Food Security Initiative,,1994,1996,crm_import
12317,1,5485,Volunteer,Food Security Initiative,Team Lead,2022,2024,crm_import
12318,1,18701,Volunteer,Food Security Initiative,,2026,,crm_import
12319,1,18469,Volunteer,Food Security Initiative,,,,crm_import
12320,1,2196,Volunteer,Food Security Initiative,,1994,1996,crm_import
12321,1,10068,Volunteer,Food Security Initiative,Team Lead,1997,2001,crm_import
12322,1,3657,Volunteer,Food Security Initiative,,2018,2020,crm_import
12323,1,9456,Volunteer,Food Security Initiative,,,,crm_import
12324,1,4340,Volunteer,Food Security Initiative,,2013,2017,crm_import
12325,1,19152,Volunteer,Food Security Initiative,,2015,2019,crm_import
12326,1,12863,Volunteer,Food Security Initiative,,,,crm_import
12327,1,17076,Volunteer,Food Security Initiative,Volunteer Coordinator,2025,,crm_import
12328,1,3313,Volunteer,Food Security Initiative,,2020,2022,crm_import
12329,1,7508,Volunteer,Food Security Initiative,,,,online
12330,1,4968,Volunteer,Food Security Initiative,,2018,2021,crm_import
12331,1,3866,Volunteer,Food Security Initiative,,1990,1992,crm_import
12332,1,1521,Volunteer,Food Security Initiative,,2011,2015,crm_import
12333,1,5911,Volunteer,Food Security Initiative,,1999,2003,crm_import
12334,1,4987,Volunteer,Food Security Initiative,,2016,2018,advancement_entry
12335,1,16107,Volunteer,Food Security Initiative,,2025,,crm_import
12336,1,10640,Volunteer,Food Security Initiative,,,,crm_import
12337,1,15647,Volunteer,Food Security Initiative,,1998,2001,crm_import
12338,1,17615,Volunteer,Food Security Initiative,,2000,2003,advancement_entry
12339,1,13241,Volunteer,Food Security Initiative,,2002,2005,advancement_entry
12340,1,19252,Volunteer,Food Security Initiative,,2023,2025,crm_import
12341,1,15322,Volunteer,Food Security Initiative,,,,crm_import
12342,1,10645,Volunteer,Food Security Initiative,,1981,1983,crm_import
12343,1,8830,Volunteer,Food Security Initiative,Member Leader,2001,2004,crm_import
12344,1,19388,Volunteer,Food Security Initiative,Member Leader,1996,1998,crm_import
12345,1,3357,Volunteer,Food Security Initiative,,2025,,crm_import
12346,1,3649,Volunteer,Food Security Initiative,,2018,2021,online
12347,1,13783,Volunteer,Food Security Initiative,,1990,1992,crm_import
12348,1,3719,Volunteer,Food Security Initiative,,2024,2025,advancement_entry
12349,1,17541,Volunteer,Food Security Initiative,,,,online
12350,1,12596,Volunteer,Food Security Initiative,,2020,2021,crm_import
12351,1,14782,Volunteer,Food Security Initiative,,2004,2006,advancement_entry
12352,1,1298,Volunteer,Food Security Initiative,,2024,2026,advancement_entry
12353,1,1824,Volunteer,Food Security Initiative,,2019,2023,crm_import
12354,1,19412,Volunteer,Food Security Initiative,,2003,2007,online
12355,1,7540,Volunteer,Food Security Initiative,,1978,1981,online
12356,1,16796,Volunteer,Food Security Initiative,,2015,2019,online
12357,1,3375,Volunteer,Food Security Initiative,,1988,1991,crm_import
12358,1,10926,Volunteer,Food Security Initiative,,1998,2001,online
12359,1,1831,Volunteer,Food Security Initiative,,2022,2023,crm_import
12360,1,4132,Volunteer,Food Security Initiative,,2026,,crm_import
12361,1,11896,Volunteer,Food Security Initiative,,,,crm_import
12362,1,15670,Volunteer,Food Security Initiative,,2022,2023,online
12363,1,18093,Volunteer,Food Security Initiative,,2020,2021,crm_import
12364,1,19051,Volunteer,Food Security Initiative,,2004,2007,crm_import
12365,1,2873,Volunteer,Food Security Initiative,,2006,2008,online
12366,1,11264,Volunteer,Food Security Initiative,,2027,,online
12367,1,16835,Volunteer,Food Security Initiative,,2021,2024,crm_import
12368,1,1217,Volunteer,Food Security Initiative,,,,online
12369,1,18548,Volunteer,Food Security Initiative,,1992,1995,crm_import
12370,1,18591,Volunteer,Food Security Initiative,,1988,1990,online
12371,1,13588,Volunteer,Food Security Initiative,,2015,2018,crm_import
12372,1,18698,Volunteer,Food Security Initiative,,,,crm_import
12373,1,12810,Volunteer,Food Security Initiative,,1997,2001,online
12374,1,5116,Volunteer,Food Security Initiative,,2004,2008,crm_import
12375,1,12869,Volunteer,Food Security Initiative,,2021,2025,online
12376,1,13105,Volunteer,Food Security Initiative,,2009,2012,online
12377,1,1058,Volunteer,Food Security Initiative,,,,advancement_entry
12378,1,2951,Volunteer,Food Security Initiative,,2022,2024,advancement_entry
12379,1,19018,Volunteer,Food Security Initiative,,2010,2014,crm_import
12380,1,4936,Volunteer,Food Security Initiative,,2023,2025,crm_import
12381,1,5421,Volunteer,Food Security Initiative,,2021,2023,advancement_entry
12382,1,15794,Volunteer,Food Security Initiative,,1978,1980,crm_import
12383,1,2037,Volunteer,Food Security Initiative,,2019,2021,crm_import
12384,1,3631,Volunteer,Food Security Initiative,,2019,2022,online
12385,1,11976,Volunteer,Food Security Initiative,,2026,,crm_import
12386,1,5598,Volunteer,Food Security Initiative,,2023,2025,online
12387,1,18625,Volunteer,Food Security Initiative,,2012,2016,crm_import
12388,1,6989,Volunteer,Food Security Initiative,,2013,2015,crm_import
12389,1,1467,Volunteer,Food Security Initiative,,2018,2019,crm_import
12390,1,3082,Volunteer,Food Security Initiative,,,,crm_import
12391,1,9066,Volunteer,Food Security Initiative,,,,crm_import
12392,1,6482,Volunteer,Food Security Initiative,,2018,2021,crm_import
12393,1,17377,Volunteer,Food Security Initiative,,2019,2023,crm_import
12394,1,11562,Volunteer,Food Security Initiative,,2024,2025,crm_import
12395,1,3019,Volunteer,Food Security Initiative,,,,crm_import
12396,1,6640,Volunteer,Food Security Initiative,,2009,2011,crm_import
12397,1,2192,Volunteer,Food Security Initiative,,2004,2008,crm_import
12398,1,16396,Volunteer,Food Security Initiative,,2024,2026,crm_import
12399,1,13134,Volunteer,Food Security Initiative,,2020,2021,crm_import
12400,1,13538,Volunteer,Food Security Initiative,Volunteer Coordinator,2023,2026,crm_import
12401,1,15963,Volunteer,Food Security Initiative,,1972,1974,crm_import
12402,1,3803,Volunteer,Food Security Initiative,,,,crm_import
12403,1,16799,Volunteer,Food Security Initiative,Volunteer Coordinator,1994,1997,crm_import
12404,1,10147,Volunteer,Food Security Initiative,,1986,1989,advancement_entry
12405,1,17427,Volunteer,Food Security Initiative,,1970,1973,crm_import
12406,1,9137,Volunteer,Food Security Initiative,,2009,2011,online
12407,1,17521,Volunteer,Food Security Initiative,,,,crm_import
12408,1,18875,Volunteer,Food Security Initiative,,2023,,online
12409,1,14681,Volunteer,Food Security Initiative,,1976,1978,online
12410,1,9330,Volunteer,Food Security Initiative,Team Lead,,,crm_import
12411,1,6198,Volunteer,Food Security Initiative,Team Lead,,,online
12412,1,28,Volunteer,Food Security Initiative,,2022,2023,online
12413,1,9760,Volunteer,Food Security Initiative,,2021,2022,crm_import
12414,1,11779,Volunteer,Food Security Initiative,,2022,2023,online
12415,1,13517,Volunteer,Food Security Initiative,,1984,1987,online
12416,1,5278,Volunteer,Food Security Initiative,,1999,2002,crm_import
12417,1,3901,Volunteer,Food Security Initiative,,2007,2009,crm_import
12418,1,5515,Volunteer,Food Security Initiative,Volunteer Coordinator,2003,2005,advancement_entry
12419,1,5982,Volunteer,Food Security Initiative,,,,crm_import
12420,1,19471,Volunteer,Food Security Initiative,,2021,2022,advancement_entry
12421,1,4857,Volunteer,Food Security Initiative,,1993,1995,crm_import
12422,1,11374,Volunteer,Food Security Initiative,,,,crm_import
12423,1,2532,Volunteer,Food Security Initiative,Volunteer Coordinator,2002,2005,crm_import
12424,1,3611,Volunteer,Food Security Initiative,,2027,,crm_import
12425,1,17998,Volunteer,Food Security Initiative,,2007,2009,crm_import
12426,1,2,Volunteer,Food Security Initiative,,2002,2006,crm_import
12427,1,2296,Volunteer,Food Security Initiative,,,,crm_import
12428,1,2981,Volunteer,Food Security Initiative,,2003,2005,crm_import
12429,1,12495,Volunteer,Food Security Initiative,,2021,2023,online
12430,1,9531,Volunteer,Food Security Initiative,,2020,2022,crm_import
12431,1,6491,Volunteer,Food Security Initiative,,2023,2026,crm_import
12432,1,13745,Volunteer,Food Security Initiative,,2022,2025,crm_import
12433,1,445,Volunteer,Food Security Initiative,,1989,1991,crm_import
12434,1,5823,Volunteer,Food Security Initiative,,2009,2013,online
12435,1,14922,Volunteer,Food Security Initiative,,2023,2025,advancement_entry
12436,1,7026,Volunteer,Food Security Initiative,,,,crm_import
12437,1,4965,Volunteer,Food Security Initiative,,2008,2011,crm_import
12438,1,17169,Volunteer,Food Security Initiative,,2027,,crm_import
12439,1,10943,Volunteer,Food Security Initiative,,2003,2007,crm_import
12440,1,8868,Volunteer,Food Security Initiative,,,,crm_import
12441,1,17335,Volunteer,Youth Mentoring Network,,2018,2021,crm_import
12442,1,9543,Volunteer,Youth Mentoring Network,,,,crm_import
12443,1,18712,Volunteer,Youth Mentoring Network,,2027,,online
12444,1,6747,Volunteer,Youth Mentoring Network,,2002,2006,crm_import
12445,1,4380,Volunteer,Youth Mentoring Network,,1997,2000,crm_import
12446,1,3687,Volunteer,Youth Mentoring Network,,1996,1998,crm_import
12447,1,2790,Volunteer,Youth Mentoring Network,,2004,2008,crm_import
12448,1,19609,Volunteer,Youth Mentoring Network,Volunteer Coordinator,1962,1965,advancement_entry
12449,1,12942,Volunteer,Youth Mentoring Network,,2005,2007,crm_import
12450,1,7964,Volunteer,Youth Mentoring Network,,,,crm_import
12451,1,13672,Volunteer,Youth Mentoring Network,,2021,2025,crm_import
12452,1,9166,Volunteer,Youth Mentoring Network,,2019,2023,crm_import
12453,1,18947,Volunteer,Youth Mentoring Network,,,,crm_import
12454,1,1098,Volunteer,Youth Mentoring Network,,1962,1964,online
12455,1,8375,Volunteer,Youth Mentoring Network,,,,online
12456,1,2126,Volunteer,Youth Mentoring Network,,1975,1977,online
12457,1,14614,Volunteer,Youth Mentoring Network,,2026,,crm_import
12458,1,13424,Volunteer,Youth Mentoring Network,,2019,2023,crm_import
12459,1,4849,Volunteer,Youth Mentoring Network,,2024,2026,crm_import
12460,1,18531,Volunteer,Youth Mentoring Network,,2003,2007,crm_import
12461,1,6267,Volunteer,Youth Mentoring Network,,,,crm_import
12462,1,17754,Volunteer,Youth Mentoring Network,Team Lead,,,advancement_entry
12463,1,16912,Volunteer,Youth Mentoring Network,Volunteer Coordinator,1998,2000,crm_import
12464,1,7486,Volunteer,Youth Mentoring Network,,2020,2022,online
12465,1,15724,Volunteer,Youth Mentoring Network,,2023,2026,advancement_entry
12466,1,14471,Volunteer,Youth Mentoring Network,,1983,1987,crm_import
12467,1,10546,Volunteer,Youth Mentoring Network,,,,advancement_entry
12468,1,7381,Volunteer,Youth Mentoring Network,,2011,2013,crm_import
12469,1,7295,Volunteer,Youth Mentoring Network,,1971,1974,online
12470,1,13653,Volunteer,Youth Mentoring Network,,2021,2025,crm_import
12471,1,3894,Volunteer,Youth Mentoring Network,Volunteer Coordinator,2026,,crm_import
12472,1,10829,Volunteer,Youth Mentoring Network,,,,online
12473,1,17657,Volunteer,Youth Mentoring Network,,1996,1999,crm_import
12474,1,3418,Volunteer,Youth Mentoring Network,,1987,1991,online
12475,1,9069,Volunteer,Youth Mentoring Network,,,,online
12476,1,2254,Volunteer,Youth Mentoring Network,,2015,2018,crm_import
12477,1,12258,Volunteer,Youth Mentoring Network,,,,advancement_entry
12478,1,1673,Volunteer,Youth Mentoring Network,,,,online
12479,1,13308,Volunteer,Youth Mentoring Network,,,,crm_import
12480,1,14115,Volunteer,Youth Mentoring Network,,2020,2023,crm_import
12481,1,6565,Volunteer,Youth Mentoring Network,,,,crm_import
12482,1,627,Volunteer,Youth Mentoring Network,,2005,2007,online
12483,1,8637,Volunteer,Youth Mentoring Network,,2014,2018,crm_import
12484,1,15890,Volunteer,Youth Mentoring Network,,2024,2026,crm_import
12485,1,5586,Volunteer,Youth Mentoring Network,,2024,,crm_import
12486,1,11520,Volunteer,Youth Mentoring Network,Member Leader,,,crm_import
12487,1,18835,Volunteer,Youth Mentoring Network,Team Lead,,,crm_import
12488,1,12620,Volunteer,Youth Mentoring Network,,2024,,online
12489,1,2882,Volunteer,Youth Mentoring Network,,2025,,crm_import
12490,1,15265,Volunteer,Youth Mentoring Network,,,,crm_import
12491,1,15463,Volunteer,Youth Mentoring Network,,2027,,crm_import
12492,1,2154,Volunteer,Youth Mentoring Network,,2023,2026,crm_import
12493,1,14508,Volunteer,Youth Mentoring Network,Member Leader,2020,2022,online
12494,1,18975,Volunteer,Youth Mentoring Network,,1987,1990,online
12495,1,7780,Volunteer,Youth Mentoring Network,,,,crm_import
12496,1,798,Volunteer,Youth Mentoring Network,,2004,2006,online
12497,1,19179,Volunteer,Youth Mentoring Network,Member Leader,,,online
12498,1,3243,Volunteer,Youth Mentoring Network,,2009,2012,crm_import
12499,1,10062,Volunteer,Youth Mentoring Network,,2009,2012,crm_import
12500,1,17530,Volunteer,Youth Mentoring Network,,1976,1979,crm_import
12501,1,13609,Volunteer,Youth Mentoring Network,,1993,1997,online
12502,1,9693,Volunteer,Youth Mentoring Network,,,,crm_import
12503,1,14105,Volunteer,Youth Mentoring Network,,,,crm_import
12504,1,12109,Volunteer,Youth Mentoring Network,Team Lead,2013,2015,crm_import
12505,1,12648,Volunteer,Youth Mentoring Network,,2010,2014,crm_import
12506,1,19121,Volunteer,Youth Mentoring Network,,1975,1979,crm_import
12507,1,3899,Volunteer,Youth Mentoring Network,,,,crm_import
12508,1,11483,Volunteer,Youth Mentoring Network,,2005,2007,crm_import
12509,1,8463,Volunteer,Youth Mentoring Network,Member Leader,1999,2003,crm_import
12510,1,9661,Volunteer,Youth Mentoring Network,,1968,1970,online
12511,1,12229,Volunteer,Youth Mentoring Network,,2023,2024,online
12512,1,1275,Volunteer,Youth Mentoring Network,,,,crm_import
12513,1,13287,Volunteer,Youth Mentoring Network,,2026,,crm_import
12514,1,16031,Volunteer,Youth Mentoring Network,,1999,2001,crm_import
12515,1,75,Volunteer,Youth Mentoring Network,,2022,2025,advancement_entry
12516,1,4174,Volunteer,Youth Mentoring Network,,,,online
12517,1,1446,Volunteer,Youth Mentoring Network,,2005,2009,crm_import
12518,1,13352,Volunteer,Youth Mentoring Network,,1966,1968,crm_import
12519,1,13039,Volunteer,Youth Mentoring Network,,2002,2004,advancement_entry
12520,1,11606,Volunteer,Youth Mentoring Network,,,,online
12521,1,14368,Volunteer,Youth Mentoring Network,,,,crm_import
12522,1,11229,Volunteer,Youth Mentoring Network,,1997,2000,crm_import
12523,1,6022,Volunteer,Youth Mentoring Network,,2015,2018,crm_import
12524,1,6361,Volunteer,Youth Mentoring Network,,2000,2002,crm_import
12525,1,3580,Volunteer,Youth Mentoring Network,,1999,2002,crm_import
12526,1,17700,Volunteer,Youth Mentoring Network,,2027,,crm_import
12527,1,6576,Volunteer,Youth Mentoring Network,,,,crm_import
12528,1,11730,Volunteer,Youth Mentoring Network,,2018,2019,crm_import
12529,1,266,Volunteer,Youth Mentoring Network,,1989,1992,crm_import
12530,1,326,Volunteer,Youth Mentoring Network,,,,crm_import
12531,1,17645,Volunteer,Youth Mentoring Network,,1995,1998,crm_import
12532,1,7420,Volunteer,Youth Mentoring Network,,2015,2017,crm_import
12533,1,16353,Volunteer,Youth Mentoring Network,,1951,1954,crm_import
12534,1,2681,Volunteer,Youth Mentoring Network,,,,online
12535,1,9405,Volunteer,Youth Mentoring Network,,1997,1999,crm_import
12536,1,8802,Volunteer,Youth Mentoring Network,,1960,1963,crm_import
12537,1,6530,Volunteer,Youth Mentoring Network,,2019,2022,crm_import
12538,1,13933,Volunteer,Youth Mentoring Network,,2026,,crm_import
12539,1,16685,Volunteer,Youth Mentoring Network,,,,crm_import
12540,1,5914,Volunteer,Youth Mentoring Network,,2007,2010,crm_import
12541,1,14910,Volunteer,Youth Mentoring Network,,,,online
12542,1,6077,Volunteer,Youth Mentoring Network,,,,crm_import
12543,1,16729,Volunteer,Youth Mentoring Network,Volunteer Coordinator,2000,2004,advancement_entry
12544,1,13958,Volunteer,Youth Mentoring Network,,2016,2018,online
12545,1,344,Volunteer,Youth Mentoring Network,,2024,2026,crm_import
12546,1,19216,Volunteer,Youth Mentoring Network,,2002,2006,crm_import
12547,1,16906,Volunteer,Youth Mentoring Network,,1998,2002,crm_import
12548,1,5734,Volunteer,Youth Mentoring Network,,1968,1971,crm_import
12549,1,14562,Volunteer,Youth Mentoring Network,,2002,2005,online
12550,1,7670,Volunteer,Youth Mentoring Network,,,,advancement_entry
12551,1,6799,Volunteer,Youth Mentoring Network,,1972,1976,crm_import
12552,1,13932,Volunteer,Youth Mentoring Network,,2024,,crm_import
12553,1,14881,Volunteer,Youth Mentoring Network,,2024,2025,crm_import
12554,1,4994,Volunteer,Youth Mentoring Network,,1997,2001,crm_import
12555,1,9235,Volunteer,Youth Mentoring Network,,,,crm_import
12556,1,19840,Volunteer,Youth Mentoring Network,,1975,1978,online
12557,1,4132,Volunteer,Youth Mentoring Network,,,,crm_import
12558,1,2668,Volunteer,Youth Mentoring Network,,1974,1978,advancement_entry
12559,1,17100,Volunteer,Youth Mentoring Network,,2019,2021,crm_import
12560,1,7648,Volunteer,Youth Mentoring Network,,2016,2019,online
12561,1,11625,Volunteer,Youth Mentoring Network,,2013,2016,crm_import
12562,1,11550,Volunteer,Youth Mentoring Network,,2009,2012,online
12563,1,3353,Volunteer,Youth Mentoring Network,,2026,,crm_import
12564,1,17033,Volunteer,Youth Mentoring Network,,2015,2017,crm_import
12565,1,8413,Volunteer,Youth Mentoring Network,,1995,1997,crm_import
12566,1,19339,Volunteer,Youth Mentoring Network,,1990,1993,advancement_entry
12567,1,687,Volunteer,Youth Mentoring Network,,1954,1956,online
12568,1,14257,Volunteer,Youth Mentoring Network,,,,crm_import
12569,1,14182,Volunteer,Youth Mentoring Network,,1997,2000,crm_import
12570,1,6727,Volunteer,Youth Mentoring Network,Member Leader,,,crm_import
12571,1,5840,Volunteer,Youth Mentoring Network,,1975,1978,crm_import
12572,1,9868,Volunteer,Youth Mentoring Network,,1968,1970,crm_import
12573,1,7502,Volunteer,Youth Mentoring Network,,2005,2008,crm_import
12574,1,19184,Volunteer,Youth Mentoring Network,,2010,2012,crm_import
12575,1,4237,Volunteer,Youth Mentoring Network,,1971,1973,crm_import
12576,1,19948,Volunteer,Youth Mentoring Network,,1994,1996,crm_import
12577,1,7540,Volunteer,Youth Mentoring Network,,1977,1981,online
12578,1,3017,Volunteer,Youth Mentoring Network,,2024,,crm_import
12579,1,5711,Volunteer,Youth Mentoring Network,,2015,2017,advancement_entry
12580,1,17137,Volunteer,Youth Mentoring Network,,1990,1993,advancement_entry
12581,1,9449,Volunteer,Youth Mentoring Network,Volunteer Coordinator,1991,1993,online
12582,1,14542,Volunteer,Youth Mentoring Network,,,,crm_import
12583,1,13750,Volunteer,Youth Mentoring Network,,,,online
12584,1,12789,Volunteer,Youth Mentoring Network,,2021,2025,crm_import
12585,1,17183,Volunteer,Youth Mentoring Network,,1981,1983,online
12586,1,15043,Volunteer,Youth Mentoring Network,Team Lead,1994,1998,crm_import
12587,1,19340,Volunteer,Youth Mentoring Network,,,,crm_import
12588,1,11019,Volunteer,Youth Mentoring Network,,1970,1973,online
12589,1,11409,Volunteer,Youth Mentoring Network,,1982,1986,crm_import
12590,1,16166,Volunteer,Youth Mentoring Network,,,,crm_import
12591,1,7759,Volunteer,Youth Mentoring Network,,2013,2016,online
12592,1,2860,Volunteer,Youth Mentoring Network,Team Lead,2009,2011,advancement_entry
12593,1,12244,Volunteer,Youth Mentoring Network,Team Lead,2005,2009,crm_import
12594,1,473,Volunteer,Youth Mentoring Network,Member Leader,2007,2011,crm_import
12595,1,7074,Volunteer,Youth Mentoring Network,,1990,1994,crm_import
12596,1,9331,Volunteer,Youth Mentoring Network,,,,advancement_entry
12597,1,10888,Volunteer,Youth Mentoring Network,,1978,1981,crm_import
12598,1,10172,Volunteer,Youth Mentoring Network,,1956,1959,crm_import
12599,1,11335,Volunteer,Youth Mentoring Network,,2004,2006,crm_import
12600,1,15920,Volunteer,Youth Mentoring Network,,1977,1979,crm_import
12601,1,10925,Volunteer,Youth Mentoring Network,,1992,1996,crm_import
12602,1,6179,Volunteer,Youth Mentoring Network,,1990,1992,crm_import
12603,1,10634,Volunteer,Youth Mentoring Network,,2008,2011,crm_import
12604,1,2269,Volunteer,Youth Mentoring Network,,2025,,crm_import
12605,1,551,Volunteer,Youth Mentoring Network,,2010,2012,advancement_entry
12606,1,1587,Volunteer,Youth Mentoring Network,,1968,1970,advancement_entry
12607,1,3846,Volunteer,Youth Mentoring Network,,,,crm_import
12608,1,16024,Volunteer,Youth Mentoring Network,Member Leader,1999,2002,crm_import
12609,1,4218,Volunteer,Youth Mentoring Network,,2025,,crm_import
12610,1,11462,Volunteer,Youth Mentoring Network,,2022,2023,online
12611,1,18805,Volunteer,Youth Mentoring Network,,2001,2003,crm_import
12612,1,9474,Volunteer,Youth Mentoring Network,,2023,2026,crm_import
12613,1,4762,Volunteer,Youth Mentoring Network,,1981,1984,online
12614,1,2180,Volunteer,Youth Mentoring Network,,1974,1978,crm_import
12615,1,17881,Volunteer,Youth Mentoring Network,,,,crm_import
12616,1,18556,Volunteer,Youth Mentoring Network,,2003,2007,crm_import
12617,1,4221,Volunteer,Youth Mentoring Network,,1993,1995,crm_import
12618,1,865,Volunteer,Youth Mentoring Network,,1993,1995,crm_import
12619,1,10556,Volunteer,Youth Mentoring Network,,,,online
12620,1,2958,Volunteer,Youth Mentoring Network,Member Leader,2004,2008,crm_import
12621,1,3182,Volunteer,Youth Mentoring Network,,,,crm_import
12622,1,13603,Volunteer,Youth Mentoring Network,Member Leader,2008,2011,crm_import
12623,1,10227,Volunteer,Youth Mentoring Network,,,,crm_import
12624,1,3237,Volunteer,Youth Mentoring Network,,,,crm_import
12625,1,1634,Volunteer,Youth Mentoring Network,,2016,2019,crm_import
12626,1,16473,Volunteer,Youth Mentoring Network,,1996,2000,crm_import
12627,1,16607,Volunteer,Youth Mentoring Network,,2026,,crm_import
12628,1,19968,Volunteer,Youth Mentoring Network,,1980,1984,advancement_entry
12629,1,1544,Volunteer,Youth Mentoring Network,,1978,1980,crm_import
12630,1,13674,Volunteer,Youth Mentoring Network,,2019,2021,crm_import
12631,1,9321,Volunteer,Youth Mentoring Network,,2018,2022,advancement_entry
12632,1,8719,Volunteer,Youth Mentoring Network,,1975,1979,crm_import
12633,1,17457,Volunteer,Youth Mentoring Network,,2023,,crm_import
12634,1,12592,Volunteer,Youth Mentoring Network,,2020,2024,online
12635,1,7036,Volunteer,Youth Mentoring Network,,,,crm_import
12636,1,17542,Volunteer,Youth Mentoring Network,,2023,,crm_import
12637,1,8415,Volunteer,Youth Mentoring Network,,1985,1987,online
12638,1,2354,Volunteer,Youth Mentoring Network,,2017,2019,online
12639,1,19266,Volunteer,Youth Mentoring Network,,2017,2020,crm_import
12640,1,11302,Volunteer,Youth Mentoring Network,,,,crm_import
12641,1,3654,Volunteer,Youth Mentoring Network,,1986,1989,crm_import
12642,1,8918,Volunteer,Youth Mentoring Network,Member Leader,,,crm_import
12643,1,9967,Volunteer,Youth Mentoring Network,,2020,2022,crm_import
12644,1,182,Volunteer,Youth Mentoring Network,Volunteer Coordinator,,,crm_import
12645,1,12603,Volunteer,Youth Mentoring Network,,1964,1967,crm_import
12646,1,898,Volunteer,Youth Mentoring Network,,2004,2007,crm_import
12647,1,14049,Volunteer,Youth Mentoring Network,,,,online
12648,1,8855,Volunteer,Youth Mentoring Network,,2026,,crm_import
12649,1,18604,Volunteer,Youth Mentoring Network,,2011,2013,crm_import
12650,1,16961,Volunteer,Youth Mentoring Network,Volunteer Coordinator,2004,2008,advancement_entry
12651,1,18359,Volunteer,Youth Mentoring Network,,1990,1992,online
12652,1,3844,Volunteer,Youth Mentoring Network,,2019,2023,online
12653,1,3356,Volunteer,Youth Mentoring Network,,1985,1987,advancement_entry
12654,1,16152,Volunteer,Youth Mentoring Network,,2022,2025,advancement_entry
12655,1,11586,Volunteer,Youth Mentoring Network,,,,crm_import
12656,1,8612,Volunteer,Youth Mentoring Network,,2006,2010,online
12657,1,18681,Volunteer,Youth Mentoring Network,,1962,1965,crm_import
12658,1,9691,Volunteer,Youth Mentoring Network,,,,crm_import
12659,1,19249,Volunteer,Youth Mentoring Network,,2019,2023,online
12660,1,8768,Volunteer,Youth Mentoring Network,,1963,1967,online
12661,1,15059,Volunteer,Youth Mentoring Network,,1983,1987,crm_import
12662,1,10346,Volunteer,Youth Mentoring Network,,,,crm_import
12663,1,15069,Volunteer,Youth Mentoring Network,,,,crm_import
12664,1,11057,Volunteer,Youth Mentoring Network,,,,crm_import
12665,1,19679,Volunteer,Youth Mentoring Network,,2025,,advancement_entry
12666,1,4005,Volunteer,Youth Mentoring Network,,1992,1996,crm_import
12667,1,9712,Volunteer,Youth Mentoring Network,,,,crm_import
12668,1,13331,Volunteer,Youth Mentoring Network,,,,advancement_entry
12669,1,13783,Volunteer,Youth Mentoring Network,,1989,1992,crm_import
12670,1,14320,Volunteer,Youth Mentoring Network,,2028,,crm_import
12671,1,3891,Volunteer,Youth Mentoring Network,,2023,2026,advancement_entry
12672,1,6656,Volunteer,Youth Mentoring Network,,2013,2016,crm_import
12673,1,4725,Volunteer,Youth Mentoring Network,,1956,1959,crm_import
12674,1,6581,Volunteer,Youth Mentoring Network,,,,crm_import
12675,1,11542,Volunteer,Youth Mentoring Network,,,,crm_import
12676,1,19584,Volunteer,Youth Mentoring Network,,2023,2025,crm_import
12677,1,7084,Volunteer,Youth Mentoring Network,Volunteer Coordinator,1999,2001,advancement_entry
12678,1,10373,Volunteer,Youth Mentoring Network,,2013,2017,crm_import
12679,1,2930,Volunteer,Youth Mentoring Network,,2012,2016,crm_import
12680,1,17072,Volunteer,Youth Mentoring Network,,1979,1981,crm_import
12681,1,11801,Volunteer,Youth Mentoring Network,Team Lead,1993,1996,crm_import
12682,1,9530,Volunteer,Youth Mentoring Network,,2019,2023,online
12683,1,5932,Volunteer,Youth Mentoring Network,,,,advancement_entry
12684,1,12247,Volunteer,Youth Mentoring Network,,,,crm_import
12685,1,2466,Volunteer,Youth Mentoring Network,,,,online
12686,1,1215,Volunteer,Youth Mentoring Network,,,,crm_import
12687,1,18156,Volunteer,Youth Mentoring Network,,,,crm_import
12688,1,8902,Volunteer,Youth Mentoring Network,,2024,2026,crm_import
12689,1,11755,Volunteer,Youth Mentoring Network,,2011,2015,crm_import
12690,1,4629,Volunteer,Youth Mentoring Network,,2020,2021,crm_import
12691,1,15922,Volunteer,Youth Mentoring Network,,,,crm_import
12692,1,9839,Volunteer,Youth Mentoring Network,Volunteer Coordinator,1967,1971,advancement_entry
12693,1,841,Volunteer,Youth Mentoring Network,,1973,1975,advancement_entry
12694,1,4895,Volunteer,Youth Mentoring Network,,2013,2017,crm_import
12695,1,13047,Volunteer,Youth Mentoring Network,,2013,2015,crm_import
12696,1,14551,Volunteer,Youth Mentoring Network,,1988,1992,advancement_entry
12697,1,10793,Volunteer,Youth Mentoring Network,,2019,2020,online
12698,1,4339,Volunteer,Youth Mentoring Network,Team Lead,2023,2026,crm_import
12699,1,7009,Volunteer,Youth Mentoring Network,,,,crm_import
12700,1,18182,Volunteer,Youth Mentoring Network,,1988,1990,crm_import
12701,1,6892,Volunteer,Youth Mentoring Network,Member Leader,2024,2026,crm_import
12702,1,4299,Volunteer,Youth Mentoring Network,,2011,2015,crm_import
12703,1,10940,Volunteer,Youth Mentoring Network,,1993,1997,crm_import
12704,1,8254,Volunteer,Youth Mentoring Network,,1961,1965,crm_import
12705,1,10900,Volunteer,Youth Mentoring Network,,2023,2026,crm_import
12706,1,8173,Volunteer,Youth Mentoring Network,,2009,2013,advancement_entry
12707,1,16663,Volunteer,Youth Mentoring Network,,,,crm_import
12708,1,9407,Volunteer,Youth Mentoring Network,,,,advancement_entry
12709,1,8672,Volunteer,Youth Mentoring Network,,2023,2026,crm_import
12710,1,8429,Volunteer,Youth Mentoring Network,,2003,2006,crm_import
12711,1,19856,Volunteer,Youth Mentoring Network,,,,crm_import
12712,1,6164,Volunteer,Youth Mentoring Network,,2011,2015,crm_import
12713,1,18750,Volunteer,Youth Mentoring Network,,,,advancement_entry
12714,1,3387,Volunteer,Youth Mentoring Network,Team Lead,1971,1975,online
12715,1,9858,Volunteer,Youth Mentoring Network,,,,crm_import
12716,1,18432,Volunteer,Youth Mentoring Network,,1996,1998,online
12717,1,16169,Volunteer,Youth Mentoring Network,,2023,2024,crm_import
12718,1,14044,Volunteer,Youth Mentoring Network,,,,crm_import
12719,1,13246,Volunteer,Youth Mentoring Network,,1992,1994,crm_import
12720,1,15737,Volunteer,Youth Mentoring Network,,2023,,crm_import
12721,1,8863,Volunteer,Alumni Career Mentors,Volunteer Coordinator,,,crm_import
12722,1,1302,Volunteer,Alumni Career Mentors,,,,crm_import
12723,1,13635,Volunteer,Alumni Career Mentors,,,,crm_import
12724,1,17733,Volunteer,Alumni Career Mentors,,,,online
12725,1,15414,Volunteer,Alumni Career Mentors,,,,crm_import
12726,1,2238,Volunteer,Alumni Career Mentors,,,,crm_import
12727,1,4813,Volunteer,Alumni Career Mentors,Member Leader,,,crm_import
12728,1,5197,Volunteer,Alumni Career Mentors,,2013,2017,crm_import
12729,1,14495,Volunteer,Alumni Career Mentors,,2005,2009,crm_import
12730,1,11991,Volunteer,Alumni Career Mentors,,,,crm_import
12731,1,15342,Volunteer,Alumni Career Mentors,,,,crm_import
12732,1,19574,Volunteer,Alumni Career Mentors,,1968,1971,crm_import
12733,1,10310,Volunteer,Alumni Career Mentors,,1998,2001,crm_import
12734,1,7368,Volunteer,Alumni Career Mentors,Volunteer Coordinator,1999,2003,crm_import
12735,1,3141,Volunteer,Alumni Career Mentors,,2008,2011,online
12736,1,2078,Volunteer,Alumni Career Mentors,,2009,2012,crm_import
12737,1,14619,Volunteer,Alumni Career Mentors,,1970,1972,crm_import
12738,1,16019,Volunteer,Alumni Career Mentors,,1961,1963,crm_import
12739,1,8181,Volunteer,Alumni Career Mentors,,2010,2013,crm_import
12740,1,12937,Volunteer,Alumni Career Mentors,,1980,1983,online
12741,1,9483,Volunteer,Alumni Career Mentors,,,,advancement_entry
12742,1,1988,Volunteer,Alumni Career Mentors,,1995,1998,crm_import
12743,1,11412,Volunteer,Alumni Career Mentors,,2017,2021,crm_import
12744,1,18398,Volunteer,Alumni Career Mentors,,2007,2010,crm_import
12745,1,14393,Volunteer,Alumni Career Mentors,,2008,2012,online
12746,1,17467,Volunteer,Alumni Career Mentors,,1994,1998,crm_import
12747,1,13092,Volunteer,Alumni Career Mentors,,,,crm_import
12748,1,8089,Volunteer,Alumni Career Mentors,,,,crm_import
12749,1,5383,Volunteer,Alumni Career Mentors,Team Lead,1992,1994,crm_import
12750,1,4958,Volunteer,Alumni Career Mentors,,1985,1989,crm_import
12751,1,15908,Volunteer,Alumni Career Mentors,Member Leader,1997,2001,online
12752,1,11459,Volunteer,Alumni Career Mentors,,,,crm_import
12753,1,9338,Volunteer,Alumni Career Mentors,,2002,2006,crm_import
12754,1,15340,Volunteer,Alumni Career Mentors,,,,crm_import
12755,1,11627,Volunteer,Alumni Career Mentors,,1981,1983,crm_import
12756,1,13699,Volunteer,Alumni Career Mentors,,1982,1986,crm_import
12757,1,8952,Volunteer,Alumni Career Mentors,,,,crm_import
12758,1,4923,Volunteer,Alumni Career Mentors,,2008,2010,crm_import
12759,1,3878,Volunteer,Alumni Career Mentors,,1988,1990,advancement_entry
12760,1,7884,Volunteer,Alumni Career Mentors,,,,crm_import
12761,1,9096,Volunteer,Alumni Career Mentors,Volunteer Coordinator,1968,1972,advancement_entry
12762,1,7302,Volunteer,Alumni Career Mentors,,2005,2007,crm_import
12763,1,16774,Volunteer,Alumni Career Mentors,Team Lead,1978,1982,online
12764,1,1114,Volunteer,Alumni Career Mentors,Team Lead,2005,2007,online
12765,1,12294,Volunteer,Alumni Career Mentors,,1966,1969,online
12766,1,4380,Volunteer,Alumni Career Mentors,,,,crm_import
12767,1,6346,Volunteer,Alumni Career Mentors,,1989,1993,crm_import
12768,1,5087,Volunteer,Alumni Career Mentors,,1993,1995,crm_import
12769,1,19645,Volunteer,Alumni Career Mentors,,1992,1994,advancement_entry
12770,1,10642,Volunteer,Alumni Career Mentors,,1994,1998,crm_import
12771,1,14291,Volunteer,Alumni Career Mentors,,2004,2006,online
12772,1,18971,Volunteer,Alumni Career Mentors,,2002,2005,advancement_entry
12773,1,1954,Volunteer,Alumni Career Mentors,,,,crm_import
12774,1,9638,Volunteer,Alumni Career Mentors,,1997,2000,crm_import
12775,1,14172,Volunteer,Alumni Career Mentors,,,,advancement_entry
12776,1,7391,Volunteer,Alumni Career Mentors,,1984,1988,advancement_entry
12777,1,14818,Volunteer,Alumni Career Mentors,,2008,2012,online
12778,1,1292,Volunteer,Alumni Career Mentors,Member Leader,2005,2009,crm_import
12779,1,7299,Volunteer,Alumni Career Mentors,,1979,1983,online
12780,1,11728,Volunteer,Alumni Career Mentors,,2023,2026,crm_import
12781,1,7512,Volunteer,Alumni Career Mentors,,,,crm_import
12782,1,7815,Volunteer,Alumni Career Mentors,,1976,1980,crm_import
12783,1,17408,Volunteer,Alumni Career Mentors,,2019,2022,crm_import
12784,1,598,Volunteer,Alumni Career Mentors,,,,crm_import
12785,1,9295,Volunteer,Alumni Career Mentors,,2016,2019,crm_import
12786,1,1339,Volunteer,Alumni Career Mentors,,2019,2021,crm_import
12787,1,15009,Volunteer,Alumni Career Mentors,,1974,1978,crm_import
12788,1,11735,Volunteer,Alumni Career Mentors,,2011,2015,advancement_entry
12789,1,13662,Volunteer,Alumni Career Mentors,Volunteer Coordinator,2023,2026,crm_import
12790,1,8070,Volunteer,Alumni Career Mentors,,,,crm_import
12791,1,679,Volunteer,Alumni Career Mentors,,2024,2026,online
12792,1,12292,Volunteer,Alumni Career Mentors,,2017,2020,online
12793,1,6303,Volunteer,Alumni Career Mentors,,1990,1994,crm_import
12794,1,13995,Volunteer,Alumni Career Mentors,Team Lead,2001,2003,crm_import
12795,1,18626,Volunteer,Alumni Career Mentors,,1969,1971,advancement_entry
12796,1,1852,Volunteer,Alumni Career Mentors,,,,crm_import
12797,1,18046,Volunteer,Alumni Career Mentors,,1960,1963,crm_import
12798,1,15573,Volunteer,Alumni Career Mentors,,2000,2003,crm_import
12799,1,18379,Volunteer,Alumni Career Mentors,,1962,1965,advancement_entry
12800,1,15415,Volunteer,Alumni Career Mentors,,1989,1992,crm_import
12801,1,19545,Volunteer,Alumni Career Mentors,,2009,2013,crm_import
12802,1,4195,Volunteer,Alumni Career Mentors,,2009,2012,online
12803,1,4515,Volunteer,Alumni Career Mentors,,2014,2018,crm_import
12804,1,10383,Volunteer,Alumni Career Mentors,,,,crm_import
12805,1,1538,Volunteer,Alumni Career Mentors,,2008,2010,crm_import
12806,1,12919,Volunteer,Alumni Career Mentors,Team Lead,2012,2014,crm_import
12807,1,19820,Volunteer,Alumni Career Mentors,,,,crm_import
12808,1,5072,Volunteer,Alumni Career Mentors,,2023,2025,crm_import
12809,1,17766,Volunteer,Alumni Career Mentors,,,,crm_import
12810,1,11629,Volunteer,Alumni Career Mentors,,1963,1967,online
12811,1,13624,Volunteer,Alumni Career Mentors,Volunteer Coordinator,2017,2021,crm_import
12812,1,2836,Volunteer,Alumni Career Mentors,,2001,2003,crm_import
12813,1,8628,Volunteer,Alumni Career Mentors,,1968,1970,crm_import
12814,1,14219,Volunteer,Alumni Career Mentors,Volunteer Coordinator,2015,2018,online
12815,1,9906,Volunteer,Alumni Career Mentors,,1984,1988,crm_import
12816,1,12104,Volunteer,Alumni Career Mentors,,,,crm_import
12817,1,8886,Volunteer,Alumni Career Mentors,Volunteer Coordinator,,,online
12818,1,6241,Volunteer,Alumni Career Mentors,,1998,2001,crm_import
12819,1,16741,Volunteer,Alumni Career Mentors,Member Leader,,,crm_import
12820,1,8076,Volunteer,Alumni Career Mentors,,,,crm_import
12821,1,17152,Volunteer,Alumni Career Mentors,,1968,1970,crm_import
12822,1,12399,Volunteer,Alumni Career Mentors,Team Lead,2007,2010,online
12823,1,18527,Volunteer,Alumni Career Mentors,,2017,2019,crm_import
12824,1,4056,Volunteer,Alumni Career Mentors,Volunteer Coordinator,2023,2026,crm_import
12825,1,18570,Volunteer,Alumni Career Mentors,,2015,2017,crm_import
12826,1,264,Volunteer,Alumni Career Mentors,,2005,2009,crm_import
12827,1,18583,Volunteer,Alumni Career Mentors,,2010,2012,advancement_entry
12828,1,8853,Volunteer,Alumni Career Mentors,,,,online
12829,1,10345,Volunteer,Alumni Career Mentors,,1958,1961,online
12830,1,6801,Volunteer,Alumni Career Mentors,,2012,2014,crm_import
12831,1,12825,Volunteer,Alumni Career Mentors,,1962,1965,crm_import
12832,1,1700,Volunteer,Alumni Career Mentors,,2016,2019,online
12833,1,6322,Volunteer,Alumni Career Mentors,,2011,2015,crm_import
12834,1,4046,Volunteer,Alumni Career Mentors,Team Lead,1971,1974,crm_import
12835,1,153,Volunteer,Alumni Career Mentors,Member Leader,1993,1996,crm_import
12836,1,12427,Volunteer,Alumni Career Mentors,,1992,1996,online
12837,1,13574,Volunteer,Alumni Career Mentors,,2013,2016,crm_import
12838,1,15110,Volunteer,Alumni Career Mentors,Volunteer Coordinator,2016,2019,online
12839,1,8530,Volunteer,Alumni Career Mentors,,2009,2012,crm_import
12840,1,12645,Volunteer,Alumni Career Mentors,,1966,1970,crm_import
12841,1,9026,Volunteer,Alumni Career Mentors,,,,crm_import
12842,1,12991,Volunteer,Alumni Career Mentors,,,,crm_import
12843,1,19321,Volunteer,Alumni Career Mentors,,2022,2024,crm_import
12844,1,2818,Volunteer,Alumni Career Mentors,,1994,1996,advancement_entry
12845,1,14316,Volunteer,Alumni Career Mentors,Volunteer Coordinator,2015,2019,crm_import
12846,1,9134,Volunteer,Alumni Career Mentors,,1998,2000,crm_import
12847,1,344,Volunteer,Alumni Career Mentors,,,,crm_import
12848,1,1837,Volunteer,Alumni Career Mentors,,2016,2019,advancement_entry
12849,1,7240,Volunteer,Alumni Career Mentors,,1996,1999,crm_import
12850,1,7298,Volunteer,Alumni Career Mentors,Volunteer Coordinator,1953,1957,crm_import
12851,1,5764,Volunteer,Alumni Career Mentors,,2022,2026,crm_import
12852,1,5728,Volunteer,Alumni Career Mentors,Volunteer Coordinator,1983,1986,crm_import
12853,1,7200,Volunteer,Alumni Career Mentors,,,,crm_import
12854,1,4722,Volunteer,Alumni Career Mentors,Volunteer Coordinator,2011,2015,crm_import
12855,1,3897,Volunteer,Alumni Career Mentors,,2015,2019,crm_import
12856,1,9410,Volunteer,Alumni Career Mentors,,1982,1985,online
12857,1,1634,Volunteer,Alumni Career Mentors,Volunteer Coordinator,,,crm_import
12858,1,8744,Volunteer,Alumni Career Mentors,,,,crm_import
12859,1,9042,Volunteer,Alumni Career Mentors,,2004,2006,online
12860,1,15690,Volunteer,Alumni Career Mentors,,1997,2000,crm_import
12861,1,16217,Volunteer,Alumni Career Mentors,,1995,1999,crm_import
12862,1,12070,Volunteer,Alumni Career Mentors,Team Lead,1959,1962,crm_import
12863,1,3303,Volunteer,Alumni Career Mentors,,,,online
12864,1,16036,Volunteer,Alumni Career Mentors,Volunteer Coordinator,,,online
12865,1,1188,Volunteer,Alumni Career Mentors,,1997,1999,advancement_entry
12866,1,6572,Volunteer,Alumni Career Mentors,,2012,2015,online
12867,1,2707,Volunteer,Alumni Career Mentors,,2012,2014,online
12868,1,12988,Volunteer,Alumni Career Mentors,,2014,2017,crm_import
12869,1,17799,Volunteer,Alumni Career Mentors,,,,online
12870,1,8691,Volunteer,Alumni Career Mentors,,1953,1957,crm_import
12871,1,12330,Volunteer,Alumni Career Mentors,,,,crm_import
12872,1,19196,Volunteer,Alumni Career Mentors,Volunteer Coordinator,1978,1980,online
12873,1,4213,Volunteer,Alumni Career Mentors,,2000,2003,crm_import
12874,1,959,Volunteer,Alumni Career Mentors,Member Leader,1982,1984,online
12875,1,7121,Volunteer,Alumni Career Mentors,,2010,2014,crm_import
12876,1,14292,Volunteer,Alumni Career Mentors,Member Leader,,,crm_import
12877,1,4759,Volunteer,Alumni Career Mentors,,2000,2004,crm_import
12878,1,3735,Volunteer,Alumni Career Mentors,,1982,1985,crm_import
12879,1,14135,Volunteer,Alumni Career Mentors,,2004,2006,online
12880,1,19467,Volunteer,Alumni Career Mentors,,,,crm_import
12881,1,15192,Volunteer,Alumni Career Mentors,,,,crm_import
12882,1,13871,Volunteer,Alumni Career Mentors,,,,crm_import
12883,1,18260,Volunteer,Alumni Career Mentors,,2024,2026,crm_import
12884,1,253,Volunteer,Alumni Career Mentors,,1990,1994,crm_import
12885,1,15885,Volunteer,Alumni Career Mentors,Team Lead,2007,2009,online
12886,1,323,Volunteer,Alumni Career Mentors,,2011,2013,advancement_entry
12887,1,12248,Volunteer,Alumni Career Mentors,,,,crm_import
12888,1,18605,Volunteer,Alumni Career Mentors,,1992,1994,advancement_entry
12889,1,12076,Volunteer,Alumni Career Mentors,,1997,2000,online
12890,1,14440,Volunteer,Alumni Career Mentors,Volunteer Coordinator,,,crm_import
12891,1,17459,Volunteer,Alumni Career Mentors,,,,crm_import
12892,1,17268,Volunteer,Alumni Career Mentors,Volunteer Coordinator,1989,1993,crm_import
12893,1,299,Volunteer,Alumni Career Mentors,,2002,2006,crm_import
12894,1,564,Volunteer,Alumni Career Mentors,,2004,2006,crm_import
12895,1,1175,Volunteer,Alumni Career Mentors,,2020,2024,crm_import
12896,1,4210,Volunteer,Alumni Career Mentors,,2001,2003,crm_import
12897,1,19966,Volunteer,Alumni Career Mentors,,,,crm_import
12898,1,13688,Volunteer,Alumni Career Mentors,Member Leader,1973,1977,online
12899,1,6702,Volunteer,Alumni Career Mentors,,1996,2000,crm_import
12900,1,593,Volunteer,Alumni Career Mentors,,2004,2007,crm_import
12901,1,15326,Volunteer,Alumni Career Mentors,,1967,1969,advancement_entry
12902,1,19604,Volunteer,Alumni Career Mentors,,1996,1998,crm_import
12903,1,2466,Volunteer,Alumni Career Mentors,Volunteer Coordinator,1980,1983,online
12904,1,15844,Volunteer,Alumni Career Mentors,,2008,2011,crm_import
12905,1,4175,Volunteer,Alumni Career Mentors,,2023,2026,crm_import
12906,1,5685,Volunteer,Alumni Career Mentors,,,,crm_import
12907,1,9413,Volunteer,Alumni Career Mentors,,2006,2010,crm_import
12908,1,10477,Volunteer,Alumni Career Mentors,,2007,2009,crm_import
12909,1,8664,Volunteer,Alumni Career Mentors,,1975,1979,crm_import
12910,1,13867,Volunteer,Alumni Career Mentors,,,,crm_import
12911,1,2966,Volunteer,Alumni Career Mentors,Member Leader,1979,1983,crm_import
12912,1,13772,Volunteer,Alumni Career Mentors,,,,crm_import
12913,1,3640,Volunteer,Alumni Career Mentors,,1976,1980,crm_import
12914,1,8851,Volunteer,Alumni Career Mentors,,,,crm_import
12915,1,8541,Volunteer,Alumni Career Mentors,,1971,1975,crm_import
12916,1,12816,Volunteer,Alumni Career Mentors,Team Lead,,,crm_import
12917,1,14063,Volunteer,Alumni Career Mentors,,1999,2003,crm_import
12918,1,5230,Volunteer,Alumni Career Mentors,Member Leader,,,crm_import
12919,1,17779,Volunteer,Alumni Career Mentors,,1977,1979,crm_import
12920,1,5993,Volunteer,Alumni Career Mentors,,1971,1973,crm_import
12921,1,11133,Volunteer,Alumni Career Mentors,,2001,2005,online
12922,1,9262,Volunteer,Alumni Career Mentors,,,,advancement_entry
12923,1,3311,Volunteer,Alumni Career Mentors,,,,online
12924,1,16332,Volunteer,Alumni Career Mentors,,,,crm_import
12925,1,16356,Volunteer,Alumni Career Mentors,Team Lead,,,crm_import
12926,1,18268,Volunteer,Alumni Career Mentors,,1994,1998,advancement_entry
12927,1,14267,Volunteer,Alumni Career Mentors,,,,crm_import
12928,1,8342,Volunteer,Alumni Career Mentors,,2003,2006,crm_import
12929,1,17360,Volunteer,Alumni Career Mentors,,,,crm_import
12930,1,15345,Volunteer,Alumni Career Mentors,,1979,1982,crm_import
12931,1,1779,Volunteer,Alumni Career Mentors,,2024,2026,crm_import
12932,1,17788,Volunteer,Alumni Career Mentors,,1985,1987,crm_import
12933,1,17177,Volunteer,Alumni Career Mentors,,,,crm_import
12934,1,19560,Volunteer,Alumni Career Mentors,,,,crm_import
12935,1,18807,Volunteer,Alumni Career Mentors,,1978,1980,crm_import
12936,1,17247,Volunteer,Alumni Career Mentors,,1981,1985,crm_import
12937,1,747,Volunteer,Alumni Career Mentors,,,,online
12938,1,16631,Volunteer,Alumni Career Mentors,,1954,1958,crm_import
12939,1,13408,Volunteer,Alumni Career Mentors,,,,advancement_entry
12940,1,13525,Volunteer,Alumni Career Mentors,,1993,1995,crm_import
12941,1,223,Volunteer,Alumni Career Mentors,,1973,1975,online
12942,1,11116,Volunteer,Alumni Career Mentors,,2012,2014,crm_import
12943,1,11674,Volunteer,Alumni Career Mentors,,1962,1965,crm_import
12944,1,15782,Volunteer,Alumni Career Mentors,,,,crm_import
12945,1,7964,Volunteer,Alumni Career Mentors,,,,crm_import
12946,1,12096,Volunteer,Alumni Career Mentors,,2004,2006,online
12947,1,11883,Volunteer,Alumni Career Mentors,,,,crm_import
12948,1,16501,Volunteer,Alumni Career Mentors,,,,crm_import
12949,1,1535,Volunteer,Alumni Career Mentors,Member Leader,2005,2009,crm_import
12950,1,13929,Volunteer,Alumni Career Mentors,,2005,2007,crm_import
12951,1,15209,Volunteer,Alumni Career Mentors,,,,crm_import
12952,1,12802,Volunteer,Alumni Career Mentors,,2004,2006,online
12953,1,10824,Volunteer,Alumni Career Mentors,,1973,1975,crm_import
12954,1,8603,Volunteer,Alumni Career Mentors,,2014,2017,crm_import
12955,1,17849,Volunteer,Alumni Career Mentors,,1999,2001,crm_import
12956,1,3177,Volunteer,Alumni Career Mentors,,,,crm_import
12957,1,1562,Volunteer,Alumni Career Mentors,,,,crm_import
12958,1,6607,Volunteer,Alumni Career Mentors,,2002,2004,crm_import
12959,1,12156,Volunteer,Alumni Career Mentors,,,,crm_import
12960,1,14681,Volunteer,Alumni Career Mentors,,1975,1978,online
12961,1,17008,Volunteer,Alumni Career Mentors,,1961,1964,crm_import
12962,1,10040,Volunteer,Alumni Career Mentors,,2009,2012,crm_import
12963,1,4738,Volunteer,Alumni Career Mentors,,1974,1977,crm_import
12964,1,6779,Volunteer,Alumni Career Mentors,,2006,2009,online
12965,1,7317,Volunteer,Alumni Career Mentors,Member Leader,,,crm_import
12966,1,14551,Volunteer,Alumni Career Mentors,Member Leader,1988,1992,advancement_entry
12967,1,10588,Volunteer,Alumni Career Mentors,,1976,1979,crm_import
12968,1,654,Volunteer,Alumni Career Mentors,Member Leader,1989,1992,advancement_entry
12969,1,14854,Volunteer,Alumni Career Mentors,,,,crm_import
12970,1,7224,Volunteer,Alumni Career Mentors,,1975,1977,crm_import
12971,1,1567,Volunteer,Alumni Career Mentors,,,,crm_import
12972,1,9802,Volunteer,Alumni Career Mentors,,1978,1981,online
12973,1,14324,Volunteer,Alumni Career Mentors,,,,advancement_entry
12974,1,7858,Volunteer,Alumni Career Mentors,,2003,2005,crm_import
12975,1,6293,Volunteer,Alumni Career Mentors,,1999,2003,crm_import
12976,1,6246,Volunteer,Alumni Career Mentors,,1991,1993,crm_import
12977,1,5203,Volunteer,Alumni Career Mentors,,2009,2013,crm_import
12978,1,19856,Volunteer,Alumni Career Mentors,,1983,1985,crm_import
12979,1,9058,Volunteer,Alumni Career Mentors,Team Lead,,,online
12980,1,15279,Volunteer,Alumni Career Mentors,,2000,2004,crm_import
12981,1,1154,Volunteer,Alumni Career Mentors,,1993,1996,crm_import
12982,1,14145,Volunteer,Alumni Career Mentors,,2001,2003,crm_import
12983,1,3085,Volunteer,Alumni Career Mentors,,1975,1979,crm_import
12984,1,6754,Volunteer,Alumni Career Mentors,,,,online
12985,1,9008,Volunteer,Alumni Career Mentors,,1991,1994,crm_import
12986,1,4848,Volunteer,Alumni Career Mentors,,1971,1974,crm_import
12987,1,9028,Volunteer,Alumni Career Mentors,,2002,2005,crm_import
12988,1,3908,Volunteer,Alumni Career Mentors,,2019,2023,advancement_entry
12989,1,5095,Volunteer,Alumni Career Mentors,,1987,1989,crm_import
12990,1,993,Volunteer,Alumni Career Mentors,,1979,1983,crm_import
12991,1,19830,Volunteer,Alumni Career Mentors,Member Leader,2024,2026,crm_import
12992,1,7129,Volunteer,Alumni Career Mentors,,2016,2019,online
12993,1,1972,Volunteer,Alumni Career Mentors,Volunteer Coordinator,2015,2017,crm_import
12994,1,4205,Volunteer,Alumni Career Mentors,,2011,2015,crm_import
12995,1,18491,Volunteer,Alumni Career Mentors,,,,crm_import
12996,1,5869,Volunteer,Alumni Career Mentors,,2000,2002,crm_import
12997,1,19611,Volunteer,Alumni Career Mentors,,1973,1975,crm_import
12998,1,9704,Volunteer,Alumni Career Mentors,,2010,2014,online
12999,1,6620,Volunteer,Alumni Career Mentors,,2009,2011,crm_import
13000,1,4858,Volunteer,Alumni Career Mentors,Team Lead,2004,2007,crm_import
13001,1,37,Volunteer,Alumni Career Mentors,,1984,1988,crm_import
13002,1,15409,Volunteer,Alumni Career Mentors,,2014,2018,online
13003,1,5899,Volunteer,Alumni Career Mentors,,,,crm_import
13004,1,12268,Volunteer,Alumni Career Mentors,,2000,2004,crm_import
13005,1,5437,Volunteer,Alumni Career Mentors,,2001,2005,crm_import
13006,1,6770,Volunteer,Alumni Career Mentors,,1983,1985,online
13007,1,8944,Volunteer,Alumni Career Mentors,,1958,1962,advancement_entry
13008,1,18836,Volunteer,Alumni Career Mentors,,2014,2016,crm_import
13009,1,17679,Volunteer,Alumni Career Mentors,Volunteer Coordinator,1982,1986,crm_import
13010,1,18347,Volunteer,Alumni Career Mentors,,,,crm_import
13011,1,3415,Volunteer,Alumni Career Mentors,,2022,2026,advancement_entry
13012,1,9566,Volunteer,Alumni Career Mentors,,2005,2008,online
13013,1,19085,Volunteer,Alumni Career Mentors,,,,crm_import
13014,1,8160,Volunteer,Alumni Career Mentors,,2011,2014,online
13015,1,14259,Volunteer,Alumni Career Mentors,,,,crm_import
13016,1,18870,Volunteer,Alumni Career Mentors,,2019,2023,crm_import
13017,1,14336,Volunteer,Alumni Career Mentors,,1996,1998,online
13018,1,7705,Volunteer,Alumni Career Mentors,,1980,1982,crm_import
13019,1,6450,Volunteer,Alumni Career Mentors,,1999,2003,online
13020,1,5850,Volunteer,Alumni Career Mentors,,1989,1991,crm_import
13021,1,8430,Volunteer,Alumni Career Mentors,,1957,1960,crm_import
13022,1,1811,Volunteer,Alumni Career Mentors,,,,online
13023,1,775,Volunteer,Alumni Career Mentors,Member Leader,1972,1975,crm_import
13024,1,2908,Volunteer,Alumni Career Mentors,,,,crm_import
13025,1,11032,Volunteer,Alumni Career Mentors,,1968,1972,crm_import
13026,1,18250,Volunteer,Alumni Career Mentors,,2003,2006,advancement_entry
13027,1,19491,Volunteer,Alumni Career Mentors,,1996,1999,crm_import
13028,1,17983,Volunteer,Alumni Career Mentors,,,,crm_import
13029,1,812,Volunteer,Alumni Career Mentors,Member Leader,2009,2013,crm_import
13030,1,2456,Volunteer,Alumni Career Mentors,,,,crm_import
13031,1,16516,Volunteer,Alumni Career Mentors,,2013,2017,crm_import
13032,1,13441,Volunteer,Alumni Career Mentors,,,,online
13033,1,15263,Volunteer,Alumni Career Mentors,,,,crm_import
13034,1,8138,Volunteer,Alumni Career Mentors,,1979,1981,online
13035,1,11203,Volunteer,Alumni Career Mentors,,1999,2003,crm_import
13036,1,19322,Volunteer,Alumni Career Mentors,,2006,2009,advancement_entry
13037,1,3377,Volunteer,Alumni Career Mentors,,1959,1963,crm_import
13038,1,1355,Volunteer,Alumni Career Mentors,,2003,2005,crm_import
13039,1,10817,Volunteer,Alumni Career Mentors,,1981,1983,crm_import
13040,1,19496,Volunteer,Alumni Career Mentors,,1975,1978,crm_import
13041,1,19863,Volunteer,Alumni Career Mentors,,,,crm_import
13042,1,9161,Volunteer,Alumni Career Mentors,,1949,1952,online
13043,1,16451,Volunteer,Alumni Career Mentors,,1984,1988,crm_import
13044,1,17495,Volunteer,Alumni Career Mentors,Volunteer Coordinator,2014,2018,crm_import
13045,1,11581,Volunteer,Alumni Career Mentors,,1999,2003,crm_import
13046,1,8612,Volunteer,Alumni Career Mentors,,2008,2010,online
13047,1,9097,Volunteer,Alumni Career Mentors,,1986,1990,advancement_entry
13048,1,2158,Volunteer,Alumni Career Mentors,Team Lead,,,crm_import
13049,1,15471,Volunteer,Alumni Career Mentors,Member Leader,,,crm_import
13050,1,19335,Volunteer,Alumni Career Mentors,,,,crm_import
13051,1,15523,Volunteer,Alumni Career Mentors,,2014,2017,online
13052,1,15650,Volunteer,Alumni Career Mentors,,1985,1988,online
13053,1,5741,Volunteer,Alumni Career Mentors,Volunteer Coordinator,2004,2008,crm_import
13054,1,16298,Volunteer,Alumni Career Mentors,,,,crm_import
13055,1,16251,Volunteer,Alumni Career Mentors,Volunteer Coordinator,,,crm_import
13056,1,9231,Volunteer,Alumni Career Mentors,,,,crm_import
13057,1,18828,Volunteer,Alumni Career Mentors,,,,crm_import
13058,1,8528,Volunteer,Alumni Career Mentors,,1957,1959,crm_import
13059,1,557,Volunteer,Alumni Career Mentors,,2010,2012,crm_import
13060,1,6003,Volunteer,Alumni Career Mentors,,2005,2008,crm_import
13061,1,2664,Volunteer,Alumni Career Mentors,,2009,2012,crm_import
13062,1,1303,Volunteer,Alumni Career Mentors,Member Leader,1966,1968,crm_import
13063,1,18192,Volunteer,Alumni Career Mentors,,2011,2013,online
13064,1,19861,Volunteer,Alumni Career Mentors,,2004,2006,crm_import
13065,1,2808,Volunteer,Alumni Career Mentors,,2009,2013,crm_import
13066,1,18203,Volunteer,Alumni Career Mentors,,,,crm_import
13067,1,10586,Volunteer,Alumni Career Mentors,,1998,2002,crm_import
13068,1,12810,Volunteer,Alumni Career Mentors,,1999,2001,online
13069,1,7379,Volunteer,Alumni Career Mentors,,1999,2002,crm_import
13070,1,13696,Volunteer,Alumni Career Mentors,,2004,2008,online
13071,1,8637,Volunteer,Alumni Career Mentors,Team Lead,2014,2018,crm_import
13072,1,1758,Volunteer,Alumni Career Mentors,Volunteer Coordinator,2019,2023,crm_import
13073,1,13935,Volunteer,Alumni Career Mentors,,1994,1998,crm_import
13074,1,4268,Volunteer,Alumni Career Mentors,,,,crm_import
13075,1,16441,Volunteer,Alumni Career Mentors,,2010,2012,crm_import
13076,1,7655,Volunteer,Alumni Career Mentors,,1992,1994,crm_import
13077,1,14573,Volunteer,Alumni Career Mentors,,,,crm_import
13078,1,18957,Volunteer,Alumni Career Mentors,,1994,1998,crm_import
13079,1,12342,Volunteer,Alumni Career Mentors,,1986,1990,online
13080,1,11590,Volunteer,Alumni Career Mentors,,2004,2006,crm_import
13081,1,13445,Volunteer,Community Health Outreach,,2021,2022,crm_import
13082,1,13632,Volunteer,Community Health Outreach,,2003,2006,crm_import
13083,1,7243,Volunteer,Community Health Outreach,,2024,2026,crm_import
13084,1,15448,Volunteer,Community Health Outreach,,,,advancement_entry
13085,1,4586,Volunteer,Community Health Outreach,,,,crm_import
13086,1,2252,Volunteer,Community Health Outreach,,2000,2004,crm_import
13087,1,14964,Volunteer,Community Health Outreach,,,,advancement_entry
13088,1,2694,Volunteer,Community Health Outreach,,,,crm_import
13089,1,19021,Volunteer,Community Health Outreach,,,,online
13090,1,17304,Volunteer,Community Health Outreach,Volunteer Coordinator,2015,2019,crm_import
13091,1,8815,Volunteer,Community Health Outreach,,,,online
13092,1,19156,Volunteer,Community Health Outreach,,2023,2026,crm_import
13093,1,7512,Volunteer,Community Health Outreach,,,,crm_import
13094,1,778,Volunteer,Community Health Outreach,,,,online
13095,1,13523,Volunteer,Community Health Outreach,,,,crm_import
13096,1,9329,Volunteer,Community Health Outreach,,2006,2008,advancement_entry
13097,1,19862,Volunteer,Community Health Outreach,,2011,2013,crm_import
13098,1,18258,Volunteer,Community Health Outreach,,2023,2026,crm_import
13099,1,17992,Volunteer,Community Health Outreach,Volunteer Coordinator,,,crm_import
13100,1,7603,Volunteer,Community Health Outreach,,1983,1985,crm_import
13101,1,15227,Volunteer,Community Health Outreach,,2028,,crm_import
13102,1,6550,Volunteer,Community Health Outreach,,2021,2023,crm_import
13103,1,265,Volunteer,Community Health Outreach,,1996,1999,advancement_entry
13104,1,14983,Volunteer,Community Health Outreach,,2023,2026,advancement_entry
13105,1,9047,Volunteer,Community Health Outreach,,2021,2024,online
13106,1,12861,Volunteer,Community Health Outreach,,,,online
13107,1,10665,Volunteer,Community Health Outreach,,1960,1964,crm_import
13108,1,15644,Volunteer,Community Health Outreach,,2026,,crm_import
13109,1,6940,Volunteer,Community Health Outreach,,2018,2021,crm_import
13110,1,8143,Volunteer,Community Health Outreach,,,,crm_import
13111,1,18244,Volunteer,Community Health Outreach,,1947,1951,online
13112,1,3537,Volunteer,Community Health Outreach,,2020,2022,crm_import
13113,1,7836,Volunteer,Community Health Outreach,,,,crm_import
13114,1,14783,Volunteer,Community Health Outreach,,,,online
13115,1,11289,Volunteer,Community Health Outreach,,2023,,crm_import
13116,1,13910,Volunteer,Community Health Outreach,,1985,1989,advancement_entry
13117,1,15686,Volunteer,Community Health Outreach,,,,crm_import
13118,1,16372,Volunteer,Community Health Outreach,Volunteer Coordinator,2020,2022,online
13119,1,4565,Volunteer,Community Health Outreach,,2028,,crm_import
13120,1,11112,Volunteer,Community Health Outreach,,1988,1991,crm_import
13121,1,18139,Volunteer,Community Health Outreach,,2024,2026,crm_import
13122,1,18825,Volunteer,Community Health Outreach,,,,crm_import
13123,1,9783,Volunteer,Community Health Outreach,,,,crm_import
13124,1,3816,Volunteer,Community Health Outreach,,2020,2022,crm_import
13125,1,7997,Volunteer,Community Health Outreach,,1994,1996,crm_import
13126,1,8565,Volunteer,Community Health Outreach,,2023,2026,crm_import
13127,1,9612,Volunteer,Community Health Outreach,,1968,1970,crm_import
13128,1,17584,Volunteer,Community Health Outreach,,1981,1983,crm_import
13129,1,18855,Volunteer,Community Health Outreach,,,,online
13130,1,15712,Volunteer,Community Health Outreach,,,,crm_import
13131,1,19395,Volunteer,Community Health Outreach,,2012,2016,crm_import
13132,1,3107,Volunteer,Community Health Outreach,,2023,2026,crm_import
13133,1,14779,Volunteer,Community Health Outreach,,2020,2024,crm_import
13134,1,10943,Volunteer,Community Health Outreach,,2005,2007,crm_import
13135,1,5113,Volunteer,Community Health Outreach,Member Leader,2020,2024,crm_import
13136,1,18342,Volunteer,Community Health Outreach,,2000,2004,crm_import
13137,1,11045,Volunteer,Community Health Outreach,,,,crm_import
13138,1,18755,Volunteer,Community Health Outreach,Member Leader,,,crm_import
13139,1,13893,Volunteer,Community Health Outreach,,,,online
13140,1,956,Volunteer,Community Health Outreach,,,,crm_import
13141,1,5545,Volunteer,Community Health Outreach,,2019,2021,crm_import
13142,1,14387,Volunteer,Community Health Outreach,,2028,,crm_import
13143,1,10558,Volunteer,Community Health Outreach,Member Leader,2009,2012,advancement_entry
13144,1,8209,Volunteer,Community Health Outreach,,2019,2021,crm_import
13145,1,19146,Volunteer,Community Health Outreach,,1989,1992,crm_import
13146,1,3042,Volunteer,Community Health Outreach,,1976,1978,crm_import
13147,1,327,Volunteer,Community Health Outreach,,,,advancement_entry
13148,1,15541,Volunteer,Community Health Outreach,,1958,1960,online
13149,1,11145,Volunteer,Community Health Outreach,,2002,2004,crm_import
13150,1,19487,Volunteer,Community Health Outreach,,2009,2012,crm_import
13151,1,11506,Volunteer,Community Health Outreach,,2024,2026,crm_import
13152,1,19644,Volunteer,Community Health Outreach,Volunteer Coordinator,,,crm_import
13153,1,8592,Volunteer,Community Health Outreach,,,,online
13154,1,19756,Volunteer,Community Health Outreach,,,,crm_import
13155,1,10003,Volunteer,Community Health Outreach,,,,crm_import
13156,1,6737,Volunteer,Community Health Outreach,,2024,2026,crm_import
13157,1,16196,Volunteer,Community Health Outreach,Member Leader,1995,1997,crm_import
13158,1,18862,Volunteer,Community Health Outreach,,1981,1983,crm_import
13159,1,12084,Volunteer,Community Health Outreach,,2024,2026,crm_import
13160,1,10722,Volunteer,Community Health Outreach,,2010,2012,crm_import
13161,1,2776,Volunteer,Community Health Outreach,,2024,2025,crm_import
13162,1,16604,Volunteer,Community Health Outreach,,,,crm_import
13163,1,12002,Volunteer,Community Health Outreach,,,,crm_import
13164,1,6914,Volunteer,Community Health Outreach,,2003,2006,crm_import
13165,1,6307,Volunteer,Community Health Outreach,,1954,1957,crm_import
13166,1,3118,Volunteer,Community Health Outreach,,,,advancement_entry
13167,1,3647,Volunteer,Community Health Outreach,,2021,2022,online
13168,1,6509,Volunteer,Community Health Outreach,,2011,2013,crm_import
13169,1,17740,Volunteer,Community Health Outreach,Volunteer Coordinator,2021,2023,crm_import
13170,1,12815,Volunteer,Community Health Outreach,,,,crm_import
13171,1,13397,Volunteer,Community Health Outreach,,,,crm_import
13172,1,2371,Volunteer,Community Health Outreach,,2021,2025,online
13173,1,19108,Volunteer,Community Health Outreach,,,,crm_import
13174,1,4873,Volunteer,Community Health Outreach,,2023,2025,crm_import
13175,1,6222,Volunteer,Community Health Outreach,Member Leader,2022,2024,crm_import
13176,1,2472,Volunteer,Community Health Outreach,,2006,2009,crm_import
13177,1,11150,Volunteer,Community Health Outreach,,2023,,crm_import
13178,1,7904,Volunteer,Community Health Outreach,,1982,1985,crm_import
13179,1,15703,Volunteer,Community Health Outreach,,2023,2026,online
13180,1,15966,Volunteer,Community Health Outreach,,2025,,crm_import
13181,1,2751,Volunteer,Community Health Outreach,,2023,,crm_import
13182,1,8583,Volunteer,Community Health Outreach,,,,advancement_entry
13183,1,6398,Volunteer,Community Health Outreach,,2026,,crm_import
13184,1,3663,Volunteer,Community Health Outreach,,2021,2025,crm_import
13185,1,8128,Volunteer,Community Health Outreach,,2021,2024,crm_import
13186,1,3146,Volunteer,Community Health Outreach,,2007,2011,crm_import
13187,1,6434,Volunteer,Community Health Outreach,,2007,2010,crm_import
13188,1,4854,Volunteer,Community Health Outreach,,,,crm_import
13189,1,14054,Volunteer,Community Health Outreach,,1987,1990,crm_import
13190,1,4145,Volunteer,Community Health Outreach,,,,crm_import
13191,1,8279,Volunteer,Community Health Outreach,,2013,2017,crm_import
13192,1,19751,Volunteer,Community Health Outreach,,,,crm_import
13193,1,9430,Volunteer,Community Health Outreach,,2019,2022,advancement_entry
13194,1,6724,Volunteer,Community Health Outreach,,2026,,crm_import
13195,1,7023,Volunteer,Community Health Outreach,,,,crm_import
13196,1,3075,Volunteer,Community Health Outreach,,2015,2017,crm_import
13197,1,8916,Volunteer,Community Health Outreach,,2010,2014,online
13198,1,14318,Volunteer,Community Health Outreach,,2006,2010,crm_import
13199,1,10026,Volunteer,Community Health Outreach,,1998,2002,advancement_entry
13200,1,15594,Volunteer,Community Health Outreach,,1965,1967,crm_import
13201,1,6127,Volunteer,Community Health Outreach,,,,crm_import
13202,1,1296,Volunteer,Community Health Outreach,,,,crm_import
13203,1,5909,Volunteer,Community Health Outreach,,,,crm_import
13204,1,9055,Volunteer,Community Health Outreach,,2006,2008,online
13205,1,14129,Volunteer,Community Health Outreach,Volunteer Coordinator,2025,,online
13206,1,15439,Volunteer,Community Health Outreach,,2021,2022,crm_import
13207,1,11982,Volunteer,Community Health Outreach,,,,crm_import
13208,1,1584,Volunteer,Community Health Outreach,,2024,2026,online
13209,1,19848,Volunteer,Community Health Outreach,,,,online
13210,1,8402,Volunteer,Community Health Outreach,,2018,2022,crm_import
13211,1,4599,Volunteer,Community Health Outreach,,2024,2026,crm_import
13212,1,11501,Volunteer,Community Health Outreach,,,,online
13213,1,4190,Volunteer,Community Health Outreach,Team Lead,2015,2019,crm_import
13214,1,15185,Volunteer,Community Health Outreach,,1997,2000,crm_import
13215,1,10699,Volunteer,Community Health Outreach,,2023,2024,advancement_entry
13216,1,4207,Volunteer,Community Health Outreach,,,,crm_import
13217,1,2929,Volunteer,Community Health Outreach,,,,crm_import
13218,1,14863,Volunteer,Community Health Outreach,Member Leader,,,crm_import
13219,1,3762,Volunteer,Community Health Outreach,Volunteer Coordinator,2021,2024,advancement_entry
13220,1,1748,Volunteer,Community Health Outreach,,2025,,crm_import
13221,1,988,Volunteer,Community Health Outreach,,,,crm_import
13222,1,7136,Volunteer,Community Health Outreach,,2021,2025,advancement_entry
13223,1,6954,Volunteer,Community Health Outreach,,2016,2020,online
13224,1,12643,Volunteer,Community Health Outreach,,,,crm_import
13225,1,4420,Volunteer,Community Health Outreach,,1976,1980,crm_import
13226,1,11622,Volunteer,Community Health Outreach,,2019,2022,crm_import
13227,1,1447,Volunteer,Community Health Outreach,,1991,1994,crm_import
13228,1,18482,Volunteer,Community Health Outreach,,2022,2023,crm_import
13229,1,8067,Volunteer,Community Health Outreach,,,,crm_import
13230,1,12259,Volunteer,Community Health Outreach,Volunteer Coordinator,2021,2024,crm_import
13231,1,3115,Volunteer,Community Health Outreach,,2022,2026,crm_import
13232,1,1463,Volunteer,Community Health Outreach,,2022,2025,crm_import
13233,1,19917,Volunteer,Community Health Outreach,Volunteer Coordinator,1957,1959,advancement_entry
13234,1,15977,Volunteer,Community Health Outreach,,,,crm_import
13235,1,18502,Volunteer,Community Health Outreach,,2022,2026,online
13236,1,15324,Volunteer,Community Health Outreach,Volunteer Coordinator,,,crm_import
13237,1,8985,Volunteer,Community Health Outreach,Volunteer Coordinator,1998,2002,crm_import
13238,1,12559,Volunteer,Community Health Outreach,,,,crm_import
13239,1,14808,Volunteer,Community Health Outreach,,,,crm_import
13240,1,18865,Volunteer,Community Health Outreach,Member Leader,2006,2008,crm_import
13241,1,8723,Volunteer,Community Health Outreach,,2022,2026,crm_import
13242,1,14118,Volunteer,Community Health Outreach,,,,crm_import
13243,1,9284,Volunteer,Community Health Outreach,,2008,2011,crm_import
13244,1,18235,Volunteer,Community Health Outreach,Team Lead,,,crm_import
13245,1,16421,Volunteer,Community Health Outreach,,,,online
13246,1,19359,Volunteer,Community Health Outreach,,1999,2001,crm_import
13247,1,4985,Volunteer,Community Health Outreach,,2018,2019,crm_import
13248,1,8925,Volunteer,Community Health Outreach,Member Leader,1998,2000,crm_import
13249,1,16822,Volunteer,Community Health Outreach,,2023,2026,advancement_entry
13250,1,17114,Volunteer,Community Health Outreach,,2015,2019,online
13251,1,1369,Volunteer,Community Health Outreach,,2003,2005,crm_import
13252,1,14899,Volunteer,Community Health Outreach,,2023,2026,crm_import
13253,1,3277,Volunteer,Community Health Outreach,,,,crm_import
13254,1,14042,Volunteer,Community Health Outreach,,2021,2024,crm_import
13255,1,17419,Volunteer,Community Health Outreach,,,,online
13256,1,17683,Volunteer,Community Health Outreach,Member Leader,1967,1970,crm_import
13257,1,13105,Volunteer,Community Health Outreach,Team Lead,,,online
13258,1,16478,Volunteer,Community Health Outreach,,2019,2022,crm_import
13259,1,2782,Volunteer,Community Health Outreach,Team Lead,1990,1992,crm_import
13260,1,18110,Volunteer,Community Health Outreach,,1950,1954,online
13261,1,16804,Volunteer,Community Health Outreach,,2022,2025,crm_import
13262,1,6956,Volunteer,Community Health Outreach,,,,advancement_entry
13263,1,1904,Volunteer,Community Health Outreach,Member Leader,2024,2025,crm_import
13264,1,19938,Volunteer,Community Health Outreach,,2015,2018,crm_import
13265,1,11290,Volunteer,Community Health Outreach,,2018,2020,online
13266,1,15499,Volunteer,Community Health Outreach,,2009,2011,crm_import
13267,1,14114,Volunteer,Community Health Outreach,,,,crm_import
13268,1,7238,Volunteer,Community Health Outreach,,1984,1986,crm_import
13269,1,3406,Volunteer,Community Health Outreach,,,,crm_import
13270,1,2094,Volunteer,Community Health Outreach,,2025,,crm_import
13271,1,4690,Volunteer,Community Health Outreach,Team Lead,,,advancement_entry
13272,1,14595,Volunteer,Community Health Outreach,,,,crm_import
13273,1,2079,Volunteer,Community Health Outreach,,1989,1991,crm_import
13274,1,18041,Volunteer,Community Health Outreach,,,,crm_import
13275,1,14760,Volunteer,Community Health Outreach,,,,crm_import
13276,1,13755,Volunteer,Community Health Outreach,Volunteer Coordinator,2008,2011,crm_import
13277,1,10291,Volunteer,Community Health Outreach,,2010,2014,crm_import
13278,1,8610,Volunteer,Community Health Outreach,,2016,2018,crm_import
13279,1,10419,Volunteer,Community Health Outreach,,1971,1975,crm_import
13280,1,12942,Volunteer,Community Health Outreach,,2005,2007,crm_import
13281,1,12148,Volunteer,Community Health Outreach,,1998,2000,crm_import
13282,1,114,Volunteer,Community Health Outreach,,2023,2026,crm_import
13283,1,804,Volunteer,Community Health Outreach,,2002,2006,crm_import
13284,1,5012,Volunteer,Community Health Outreach,,2009,2012,crm_import
13285,1,9332,Volunteer,Community Health Outreach,,2010,2014,crm_import
13286,1,1362,Volunteer,Community Health Outreach,,2001,2003,crm_import
13287,1,3594,Volunteer,Community Health Outreach,,,,crm_import
13288,1,9166,Volunteer,Community Health Outreach,Member Leader,2019,2021,crm_import
13289,1,17238,Volunteer,Community Health Outreach,Team Lead,2021,2025,crm_import
13290,1,13602,Volunteer,Community Health Outreach,,,,crm_import
13291,1,1615,Volunteer,Community Health Outreach,,2024,2026,advancement_entry
13292,1,7052,Volunteer,Community Health Outreach,,2020,2024,crm_import
13293,1,200,Volunteer,Community Health Outreach,,,,crm_import
13294,1,2033,Volunteer,Community Health Outreach,,,,crm_import
13295,1,15447,Volunteer,Community Health Outreach,,2015,2019,online
13296,1,10813,Volunteer,Community Health Outreach,,2024,2026,crm_import
13297,1,18728,Volunteer,Community Health Outreach,,2026,,crm_import
13298,1,18527,Volunteer,Community Health Outreach,,2016,2019,crm_import
13299,1,4138,Volunteer,Community Health Outreach,,1983,1985,crm_import
13300,1,298,Volunteer,Community Health Outreach,,1983,1987,crm_import
13301,1,4649,Volunteer,Community Health Outreach,,1992,1995,crm_import
13302,1,17120,Volunteer,Community Health Outreach,,2019,2023,crm_import
13303,1,2725,Volunteer,Community Health Outreach,,,,crm_import
13304,1,10682,Volunteer,Community Health Outreach,,1993,1996,online
13305,1,3536,Volunteer,Community Health Outreach,,1959,1963,crm_import
13306,1,8624,Volunteer,Community Health Outreach,,1958,1961,crm_import
13307,1,9509,Volunteer,Community Health Outreach,,2006,2010,crm_import
13308,1,4927,Volunteer,Community Health Outreach,,2021,2025,advancement_entry
13309,1,10702,Volunteer,Community Health Outreach,,,,online
13310,1,11307,Volunteer,Community Health Outreach,,2024,2026,crm_import
13311,1,7368,Volunteer,Community Health Outreach,Volunteer Coordinator,2001,2003,crm_import
13312,1,14360,Volunteer,Community Health Outreach,,2023,2024,crm_import
13313,1,15231,Volunteer,Community Health Outreach,Team Lead,2022,2025,crm_import
13314,1,1310,Volunteer,Community Health Outreach,Team Lead,,,online
13315,1,7508,Volunteer,Community Health Outreach,,2024,2026,online
13316,1,18478,Volunteer,Community Health Outreach,,1974,1976,crm_import
13317,1,16509,Volunteer,Community Health Outreach,,2000,2002,crm_import
13318,1,5016,Volunteer,Community Health Outreach,,2024,,crm_import
13319,1,7012,Volunteer,Community Health Outreach,,,,online
13320,1,1435,Volunteer,Community Health Outreach,,2021,2023,crm_import
13321,1,4898,Volunteer,Community Health Outreach,Team Lead,,,crm_import
13322,1,3465,Volunteer,Community Health Outreach,Member Leader,1992,1995,crm_import
13323,1,1377,Volunteer,Community Health Outreach,,,,crm_import
13324,1,14753,Volunteer,Community Health Outreach,,2020,2022,crm_import
13325,1,12220,Volunteer,Community Health Outreach,,2027,,crm_import
13326,1,10435,Volunteer,Community Health Outreach,,2009,2011,advancement_entry
13327,1,3812,Volunteer,Community Health Outreach,,1962,1964,crm_import
13328,1,7894,Volunteer,Community Health Outreach,,1951,1953,online
13329,1,13394,Volunteer,Community Health Outreach,Volunteer Coordinator,2012,2014,crm_import
13330,1,2332,Volunteer,Community Health Outreach,,1992,1995,crm_import
13331,1,5426,Volunteer,Sustainability Volunteer Corps,,,,advancement_entry
13332,1,6521,Volunteer,Sustainability Volunteer Corps,,1998,2001,crm_import
13333,1,9338,Volunteer,Sustainability Volunteer Corps,,2004,2006,crm_import
13334,1,13541,Volunteer,Sustainability Volunteer Corps,,2011,2014,crm_import
13335,1,14567,Volunteer,Sustainability Volunteer Corps,,,,crm_import
13336,1,18247,Volunteer,Sustainability Volunteer Corps,,,,crm_import
13337,1,1427,Volunteer,Sustainability Volunteer Corps,,2023,2026,online
13338,1,1624,Volunteer,Sustainability Volunteer Corps,,2026,,crm_import
13339,1,9281,Volunteer,Sustainability Volunteer Corps,,1976,1980,crm_import
13340,1,3853,Volunteer,Sustainability Volunteer Corps,Volunteer Coordinator,2005,2008,crm_import
13341,1,9593,Volunteer,Sustainability Volunteer Corps,Team Lead,,,crm_import
13342,1,16332,Volunteer,Sustainability Volunteer Corps,,1976,1978,crm_import
13343,1,1050,Volunteer,Sustainability Volunteer Corps,,2012,2016,online
13344,1,104,Volunteer,Sustainability Volunteer Corps,,2022,2023,crm_import
13345,1,9676,Volunteer,Sustainability Volunteer Corps,,2025,,crm_import
13346,1,2824,Volunteer,Sustainability Volunteer Corps,Team Lead,2024,2025,crm_import
13347,1,10589,Volunteer,Sustainability Volunteer Corps,Volunteer Coordinator,2014,2017,crm_import
13348,1,2100,Volunteer,Sustainability Volunteer Corps,,2022,2024,online
13349,1,12605,Volunteer,Sustainability Volunteer Corps,,2008,2011,crm_import
13350,1,8640,Volunteer,Sustainability Volunteer Corps,,1983,1985,crm_import
13351,1,13933,Volunteer,Sustainability Volunteer Corps,,,,crm_import
13352,1,5698,Volunteer,Sustainability Volunteer Corps,,2004,2008,crm_import
13353,1,18408,Volunteer,Sustainability Volunteer Corps,Team Lead,,,crm_import
13354,1,3097,Volunteer,Sustainability Volunteer Corps,,2024,,crm_import
13355,1,2908,Volunteer,Sustainability Volunteer Corps,Team Lead,1993,1997,crm_import
13356,1,8200,Volunteer,Sustainability Volunteer Corps,,1973,1976,online
13357,1,11059,Volunteer,Sustainability Volunteer Corps,,2023,2026,crm_import
13358,1,2228,Volunteer,Sustainability Volunteer Corps,,1987,1990,crm_import
13359,1,8470,Volunteer,Sustainability Volunteer Corps,,1982,1986,crm_import
13360,1,10117,Volunteer,Sustainability Volunteer Corps,,2025,,crm_import
13361,1,4560,Volunteer,Sustainability Volunteer Corps,Volunteer Coordinator,2014,2016,crm_import
13362,1,5343,Volunteer,Sustainability Volunteer Corps,,,,online
13363,1,4917,Volunteer,Sustainability Volunteer Corps,,1959,1963,online
13364,1,3408,Volunteer,Sustainability Volunteer Corps,Team Lead,,,crm_import
13365,1,15354,Volunteer,Sustainability Volunteer Corps,,1958,1962,crm_import
13366,1,14836,Volunteer,Sustainability Volunteer Corps,,,,crm_import
13367,1,14936,Volunteer,Sustainability Volunteer Corps,,1979,1982,crm_import
13368,1,18785,Volunteer,Sustainability Volunteer Corps,,2021,2023,advancement_entry
13369,1,1886,Volunteer,Sustainability Volunteer Corps,,2020,2024,online
13370,1,5292,Volunteer,Sustainability Volunteer Corps,,,,advancement_entry
13371,1,14736,Volunteer,Sustainability Volunteer Corps,,2009,2012,crm_import
13372,1,1583,Volunteer,Sustainability Volunteer Corps,,2025,,crm_import
13373,1,15977,Volunteer,Sustainability Volunteer Corps,,,,crm_import
13374,1,1379,Volunteer,Sustainability Volunteer Corps,,,,crm_import
13375,1,5300,Volunteer,Sustainability Volunteer Corps,,2026,,online
13376,1,9784,Volunteer,Sustainability Volunteer Corps,,1965,1967,crm_import
13377,1,15806,Volunteer,Sustainability Volunteer Corps,,,,crm_import
13378,1,9828,Volunteer,Sustainability Volunteer Corps,,2019,2023,crm_import
13379,1,3871,Volunteer,Sustainability Volunteer Corps,,,,advancement_entry
13380,1,15319,Volunteer,Sustainability Volunteer Corps,Volunteer Coordinator,2003,2007,crm_import
13381,1,15853,Volunteer,Sustainability Volunteer Corps,,1976,1980,crm_import
13382,1,2287,Volunteer,Sustainability Volunteer Corps,,,,online
13383,1,15973,Volunteer,Sustainability Volunteer Corps,,2024,,advancement_entry
13384,1,8688,Volunteer,Sustainability Volunteer Corps,,1973,1977,crm_import
13385,1,17551,Volunteer,Sustainability Volunteer Corps,,2024,2026,crm_import
13386,1,7503,Volunteer,Sustainability Volunteer Corps,,,,online
13387,1,12596,Volunteer,Sustainability Volunteer Corps,Member Leader,2020,2021,crm_import
13388,1,8077,Volunteer,Sustainability Volunteer Corps,Member Leader,,,crm_import
13389,1,625,Volunteer,Sustainability Volunteer Corps,,1990,1992,crm_import
13390,1,5415,Volunteer,Sustainability Volunteer Corps,,,,crm_import
13391,1,6825,Volunteer,Sustainability Volunteer Corps,,2019,2023,crm_import
13392,1,6551,Volunteer,Sustainability Volunteer Corps,,,,crm_import
13393,1,9069,Volunteer,Sustainability Volunteer Corps,,2023,2026,online
13394,1,16323,Volunteer,Sustainability Volunteer Corps,,1998,2000,crm_import
13395,1,1637,Volunteer,Sustainability Volunteer Corps,,2027,,advancement_entry
13396,1,1761,Volunteer,Sustainability Volunteer Corps,,2024,,advancement_entry
13397,1,9983,Volunteer,Sustainability Volunteer Corps,,1983,1987,crm_import
13398,1,18397,Volunteer,Sustainability Volunteer Corps,,,,crm_import
13399,1,15603,Volunteer,Sustainability Volunteer Corps,,1968,1971,advancement_entry
13400,1,9402,Volunteer,Sustainability Volunteer Corps,,2021,2022,online
13401,1,381,Volunteer,Sustainability Volunteer Corps,,,,advancement_entry
13402,1,16141,Volunteer,Sustainability Volunteer Corps,Volunteer Coordinator,,,crm_import
13403,1,18950,Volunteer,Sustainability Volunteer Corps,,,,crm_import
13404,1,13965,Volunteer,Sustainability Volunteer Corps,,2000,2002,crm_import
13405,1,3606,Volunteer,Sustainability Volunteer Corps,,2002,2005,advancement_entry
13406,1,14782,Volunteer,Sustainability Volunteer Corps,,2004,2006,advancement_entry
13407,1,804,Volunteer,Sustainability Volunteer Corps,,2002,2006,crm_import
13408,1,18177,Volunteer,Sustainability Volunteer Corps,,2025,,advancement_entry
13409,1,14001,Volunteer,Sustainability Volunteer Corps,,1969,1973,crm_import
13410,1,7898,Volunteer,Sustainability Volunteer Corps,,1968,1972,crm_import
13411,1,11141,Volunteer,Sustainability Volunteer Corps,,2021,2025,crm_import
13412,1,8580,Volunteer,Sustainability Volunteer Corps,,2024,,crm_import
13413,1,1972,Volunteer,Sustainability Volunteer Corps,,,,crm_import
13414,1,980,Volunteer,Sustainability Volunteer Corps,Volunteer Coordinator,2024,,crm_import
13415,1,7354,Volunteer,Sustainability Volunteer Corps,,,,crm_import
13416,1,13867,Volunteer,Sustainability Volunteer Corps,Team Lead,2006,2008,crm_import
13417,1,18170,Volunteer,Sustainability Volunteer Corps,,,,online
13418,1,17131,Volunteer,Sustainability Volunteer Corps,,2024,,crm_import
13419,1,13430,Volunteer,Sustainability Volunteer Corps,,1999,2003,crm_import
13420,1,10456,Volunteer,Sustainability Volunteer Corps,,2018,2021,crm_import
13421,1,18835,Volunteer,Sustainability Volunteer Corps,,,,crm_import
13422,1,6679,Volunteer,Sustainability Volunteer Corps,,,,online
13423,1,393,Volunteer,Sustainability Volunteer Corps,,2007,2011,crm_import
13424,1,2450,Volunteer,Sustainability Volunteer Corps,,,,crm_import
13425,1,6819,Volunteer,Sustainability Volunteer Corps,Team Lead,2023,2024,crm_import
13426,1,8894,Volunteer,Sustainability Volunteer Corps,,,,crm_import
13427,1,14841,Volunteer,Sustainability Volunteer Corps,,2022,2026,advancement_entry
13428,1,823,Volunteer,Sustainability Volunteer Corps,,,,advancement_entry
13429,1,7310,Volunteer,Sustainability Volunteer Corps,Member Leader,1971,1973,crm_import
13430,1,8413,Volunteer,Sustainability Volunteer Corps,,,,crm_import
13431,1,9700,Volunteer,Sustainability Volunteer Corps,,2004,2008,online
13432,1,6000,Volunteer,Sustainability Volunteer Corps,Volunteer Coordinator,,,online
13433,1,17939,Volunteer,Sustainability Volunteer Corps,,1966,1968,online
13434,1,11020,Volunteer,Sustainability Volunteer Corps,,2019,2021,advancement_entry
13435,1,18478,Volunteer,Sustainability Volunteer Corps,Team Lead,1974,1976,crm_import
13436,1,9584,Volunteer,Sustainability Volunteer Corps,,,,crm_import
13437,1,16161,Volunteer,Sustainability Volunteer Corps,,,,crm_import
13438,1,5281,Volunteer,Sustainability Volunteer Corps,,1987,1989,crm_import
13439,1,8156,Volunteer,Sustainability Volunteer Corps,,1962,1964,crm_import
13440,1,4830,Volunteer,Sustainability Volunteer Corps,Volunteer Coordinator,2024,,crm_import
13441,1,17038,Volunteer,Sustainability Volunteer Corps,,1955,1958,crm_import
13442,1,14492,Volunteer,Sustainability Volunteer Corps,,1977,1980,online
13443,1,11069,Volunteer,Sustainability Volunteer Corps,,2024,,crm_import
13444,1,7135,Volunteer,Sustainability Volunteer Corps,,1957,1960,crm_import
13445,1,12924,Volunteer,Sustainability Volunteer Corps,Member Leader,2013,2015,online
13446,1,4386,Volunteer,Sustainability Volunteer Corps,,1973,1977,online
13447,1,13658,Volunteer,Sustainability Volunteer Corps,,2010,2012,crm_import
13448,1,1445,Volunteer,Sustainability Volunteer Corps,,2023,,crm_import
13449,1,10062,Volunteer,Sustainability Volunteer Corps,,2009,2012,crm_import
13450,1,808,Volunteer,Sustainability Volunteer Corps,,,,crm_import
13451,1,5179,Volunteer,Sustainability Volunteer Corps,,,,crm_import
13452,1,13717,Volunteer,Sustainability Volunteer Corps,,1983,1987,crm_import
13453,1,2320,Volunteer,Sustainability Volunteer Corps,,,,online
13454,1,5911,Volunteer,Sustainability Volunteer Corps,,,,crm_import
13455,1,14035,Volunteer,Sustainability Volunteer Corps,,2023,2024,crm_import
13456,1,966,Volunteer,Sustainability Volunteer Corps,,2019,2021,crm_import
13457,1,19832,Volunteer,Sustainability Volunteer Corps,,1989,1991,advancement_entry
13458,1,12004,Volunteer,Sustainability Volunteer Corps,,,,crm_import
13459,1,15325,Volunteer,Sustainability Volunteer Corps,,2018,2019,crm_import
13460,1,1908,Volunteer,Sustainability Volunteer Corps,,2025,,crm_import
13461,1,4051,Volunteer,Sustainability Volunteer Corps,,,,crm_import
13462,1,14967,Volunteer,Sustainability Volunteer Corps,,2000,2004,online
13463,1,3868,Volunteer,Sustainability Volunteer Corps,Member Leader,1985,1988,crm_import
13464,1,14671,Volunteer,Sustainability Volunteer Corps,,2021,2025,online
13465,1,16004,Volunteer,Sustainability Volunteer Corps,,2021,2022,crm_import
13466,1,11914,Volunteer,Sustainability Volunteer Corps,,1952,1956,crm_import
13467,1,1958,Volunteer,Sustainability Volunteer Corps,,,,crm_import
13468,1,19313,Volunteer,Sustainability Volunteer Corps,,1968,1970,advancement_entry
13469,1,10440,Volunteer,Sustainability Volunteer Corps,,1997,1999,crm_import
13470,1,9320,Volunteer,Sustainability Volunteer Corps,,1992,1994,online
13471,1,12113,Volunteer,Sustainability Volunteer Corps,,2026,,crm_import
13472,1,7584,Volunteer,Sustainability Volunteer Corps,,,,online
13473,1,14025,Volunteer,Sustainability Volunteer Corps,Team Lead,1992,1996,crm_import
13474,1,12820,Volunteer,Sustainability Volunteer Corps,,,,crm_import
13475,1,15244,Volunteer,Sustainability Volunteer Corps,,,,advancement_entry
13476,1,15831,Volunteer,Sustainability Volunteer Corps,,,,crm_import
13477,1,5836,Volunteer,Sustainability Volunteer Corps,,1991,1993,crm_import
13478,1,18147,Volunteer,Sustainability Volunteer Corps,,,,crm_import
13479,1,4061,Volunteer,Sustainability Volunteer Corps,,1983,1987,crm_import
13480,1,13956,Volunteer,Sustainability Volunteer Corps,Team Lead,2026,,crm_import
13481,1,5234,Volunteer,Sustainability Volunteer Corps,Team Lead,1997,1999,advancement_entry
13482,1,1757,Volunteer,Sustainability Volunteer Corps,,,,crm_import
13483,1,10046,Volunteer,Sustainability Volunteer Corps,,2008,2010,crm_import
13484,1,746,Volunteer,Sustainability Volunteer Corps,,,,advancement_entry
13485,1,17688,Volunteer,Sustainability Volunteer Corps,,2028,,crm_import
13486,1,130,Volunteer,Sustainability Volunteer Corps,,1996,2000,advancement_entry
13487,1,10493,Volunteer,Sustainability Volunteer Corps,,,,crm_import
13488,1,16437,Volunteer,Sustainability Volunteer Corps,,,,crm_import
13489,1,17838,Volunteer,Sustainability Volunteer Corps,,,,crm_import
13490,1,11820,Volunteer,Sustainability Volunteer Corps,,2019,2022,crm_import
13491,1,13403,Volunteer,Sustainability Volunteer Corps,,,,crm_import
13492,1,818,Volunteer,Sustainability Volunteer Corps,,,,crm_import
13493,1,9122,Volunteer,Sustainability Volunteer Corps,,2000,2002,advancement_entry
13494,1,15218,Volunteer,Sustainability Volunteer Corps,,,,crm_import
13495,1,7684,Volunteer,Sustainability Volunteer Corps,,2024,2026,crm_import
13496,1,13213,Volunteer,Sustainability Volunteer Corps,,2005,2009,online
13497,1,5115,Volunteer,Sustainability Volunteer Corps,,,,crm_import
13498,1,3341,Volunteer,Sustainability Volunteer Corps,,2006,2008,crm_import
13499,1,16168,Volunteer,Sustainability Volunteer Corps,,1997,2001,crm_import
13500,1,11257,Volunteer,Sustainability Volunteer Corps,,1977,1981,crm_import
13501,1,9389,Volunteer,Sustainability Volunteer Corps,,2027,,crm_import
13502,1,7863,Volunteer,Sustainability Volunteer Corps,Team Lead,2016,2018,crm_import
13503,1,18031,Volunteer,Sustainability Volunteer Corps,,1980,1984,crm_import
13504,1,13828,Volunteer,Sustainability Volunteer Corps,,2024,2026,crm_import
13505,1,19349,Volunteer,Sustainability Volunteer Corps,,2024,2026,crm_import
13506,1,16653,Volunteer,Sustainability Volunteer Corps,,2024,,crm_import
13507,1,6831,Volunteer,Sustainability Volunteer Corps,,2007,2009,crm_import
13508,1,12169,Volunteer,Sustainability Volunteer Corps,,1970,1974,crm_import
13509,1,19369,Volunteer,Sustainability Volunteer Corps,,2012,2015,crm_import
13510,1,10720,Volunteer,Sustainability Volunteer Corps,,2020,2023,crm_import
13511,1,8464,Volunteer,Sustainability Volunteer Corps,Volunteer Coordinator,2024,2026,crm_import
13512,1,15497,Volunteer,Sustainability Volunteer Corps,,,,crm_import
13513,1,14640,Volunteer,Sustainability Volunteer Corps,,2014,2018,crm_import
13514,1,6505,Volunteer,Sustainability Volunteer Corps,,,,crm_import
13515,1,13176,Volunteer,Sustainability Volunteer Corps,,2020,2021,crm_import
13516,1,9870,Volunteer,Sustainability Volunteer Corps,,2022,2025,online
13517,1,3921,Volunteer,Sustainability Volunteer Corps,,1988,1991,advancement_entry
13518,1,14661,Volunteer,Sustainability Volunteer Corps,,2024,2026,online
13519,1,18427,Volunteer,Sustainability Volunteer Corps,,,,crm_import
13520,1,19756,Volunteer,Sustainability Volunteer Corps,,2026,,crm_import
13521,1,4762,Volunteer,Sustainability Volunteer Corps,,1981,1984,online
13522,1,18758,Volunteer,Sustainability Volunteer Corps,Team Lead,2006,2009,advancement_entry
13523,1,10049,Volunteer,Sustainability Volunteer Corps,,,,crm_import
13524,1,1532,Volunteer,Sustainability Volunteer Corps,,,,crm_import
13525,1,12499,Volunteer,Sustainability Volunteer Corps,,2004,2007,crm_import
13526,1,7222,Volunteer,Sustainability Volunteer Corps,Member Leader,2024,2026,crm_import
13527,1,12290,Volunteer,Sustainability Volunteer Corps,,2001,2004,crm_import
13528,1,17418,Volunteer,Sustainability Volunteer Corps,,2020,2023,online
13529,1,6377,Volunteer,Sustainability Volunteer Corps,,2020,2024,crm_import
13530,1,15154,Volunteer,Sustainability Volunteer Corps,,2009,2011,crm_import
13531,1,6328,Volunteer,Sustainability Volunteer Corps,Volunteer Coordinator,1998,2001,crm_import
13532,1,11881,Volunteer,Sustainability Volunteer Corps,,2000,2002,crm_import
13533,1,1986,Volunteer,Sustainability Volunteer Corps,,2020,2022,crm_import
13534,1,2343,Volunteer,Sustainability Volunteer Corps,Member Leader,,,online
13535,1,14534,Volunteer,Sustainability Volunteer Corps,,2009,2012,crm_import
13536,1,14470,Volunteer,Sustainability Volunteer Corps,,,,online
13537,1,4870,Volunteer,Sustainability Volunteer Corps,,1974,1977,advancement_entry
13538,1,5418,Volunteer,Sustainability Volunteer Corps,,,,crm_import
13539,1,2306,Volunteer,Sustainability Volunteer Corps,,2019,2021,crm_import
13540,1,10219,Volunteer,Sustainability Volunteer Corps,,2007,2009,crm_import
13541,1,5167,Volunteer,Sustainability Volunteer Corps,,2024,,online
13542,1,7793,Volunteer,Sustainability Volunteer Corps,,1953,1957,online
13543,1,14298,Volunteer,Sustainability Volunteer Corps,,2014,2016,crm_import
13544,1,12435,Volunteer,Sustainability Volunteer Corps,,,,advancement_entry
13545,1,15318,Volunteer,Sustainability Volunteer Corps,,2018,2021,crm_import
13546,1,8862,Volunteer,Sustainability Volunteer Corps,,,,crm_import
13547,1,8714,Volunteer,Sustainability Volunteer Corps,,1990,1992,crm_import
13548,1,17765,Volunteer,Sustainability Volunteer Corps,Member Leader,2007,2010,crm_import
13549,1,7147,Volunteer,Sustainability Volunteer Corps,,2016,2019,crm_import
13550,1,2629,Volunteer,Sustainability Volunteer Corps,,,,crm_import
13551,1,14402,Volunteer,Sustainability Volunteer Corps,,,,advancement_entry
13552,1,7533,Volunteer,Sustainability Volunteer Corps,,2019,2020,crm_import
13553,1,9377,Volunteer,Sustainability Volunteer Corps,,,,crm_import
13554,1,2886,Volunteer,Sustainability Volunteer Corps,,2006,2008,crm_import
13555,1,7108,Volunteer,Sustainability Volunteer Corps,,2021,2023,crm_import
13556,1,3812,Volunteer,Sustainability Volunteer Corps,,,,crm_import
13557,1,15027,Volunteer,Sustainability Volunteer Corps,,2022,2026,crm_import
13558,1,2110,Volunteer,Sustainability Volunteer Corps,,1989,1993,online
13559,1,10007,Volunteer,Sustainability Volunteer Corps,,1988,1990,crm_import
13560,1,3294,Volunteer,Sustainability Volunteer Corps,,,,online
13561,1,1404,Committee,Alumni Board,,,,crm_import
13562,1,10752,Committee,Alumni Board,,,,online
13563,1,11121,Committee,Alumni Board,,,,crm_import
13564,1,8741,Committee,Alumni Board,Member Leader,2007,2011,online
13565,1,2310,Committee,Alumni Board,,1972,1974,crm_import
13566,1,7622,Committee,Alumni Board,Secretary,,,advancement_entry
13567,1,2743,Committee,Alumni Board,Member Leader,2000,2002,crm_import
13568,1,3858,Committee,Alumni Board,,,,crm_import
13569,1,13853,Committee,Alumni Board,,,,online
13570,1,16448,Committee,Alumni Board,,,,crm_import
13571,1,5254,Committee,Alumni Board,,2009,2011,crm_import
13572,1,3580,Committee,Alumni Board,,1998,2002,crm_import
13573,1,18463,Committee,Alumni Board,Member Leader,2013,2017,crm_import
13574,1,119,Committee,Alumni Board,,1981,1985,online
13575,1,3126,Committee,Alumni Board,,,,online
13576,1,6574,Committee,Alumni Board,,,,crm_import
13577,1,7706,Committee,Alumni Board,,2019,2022,crm_import
13578,1,14982,Committee,Alumni Board,Member Leader,1975,1977,online
13579,1,19950,Committee,Alumni Board,,2013,2015,advancement_entry
13580,1,8000,Committee,Alumni Board,,1974,1978,crm_import
13581,1,3254,Committee,Alumni Board,,1979,1981,advancement_entry
13582,1,6543,Committee,Alumni Board,,1987,1991,crm_import
13583,1,455,Committee,Alumni Board,,,,online
13584,1,8629,Committee,Alumni Board,,1992,1996,advancement_entry
13585,1,19733,Committee,Alumni Board,,,,online
13586,1,7587,Committee,Alumni Board,,2010,2014,crm_import
13587,1,19586,Committee,Alumni Board,,,,crm_import
13588,1,16588,Committee,Alumni Board,,1996,1999,crm_import
13589,1,16909,Committee,Alumni Board,,1978,1982,crm_import
13590,1,5603,Committee,Alumni Board,,1986,1989,crm_import
13591,1,3067,Committee,Alumni Board,,2002,2005,crm_import
13592,1,15141,Committee,Alumni Board,,1998,2002,crm_import
13593,1,16787,Committee,Alumni Board,,2010,2014,online
13594,1,7211,Committee,Alumni Board,,1986,1990,crm_import
13595,1,1365,Committee,Alumni Board,,,,advancement_entry
13596,1,924,Committee,Alumni Board,Committee Chair,2006,2010,crm_import
13597,1,3279,Committee,Alumni Board,,,,crm_import
13598,1,10319,Committee,Alumni Board,,1984,1986,advancement_entry
13599,1,10743,Committee,Alumni Board,,,,advancement_entry
13600,1,12981,Committee,Alumni Board,,1990,1993,crm_import
13601,1,15592,Committee,Alumni Board,Secretary,1973,1977,online
13602,1,18025,Committee,Alumni Board,,,,crm_import
13603,1,11914,Committee,Alumni Board,Member Leader,1953,1956,crm_import
13604,1,9009,Committee,Alumni Board,,,,crm_import
13605,1,14104,Committee,Alumni Board,,2002,2006,advancement_entry
13606,1,8336,Committee,Alumni Board,,1993,1995,crm_import
13607,1,1248,Committee,Alumni Board,,2004,2006,advancement_entry
13608,1,19818,Committee,Alumni Board,,2005,2009,crm_import
13609,1,846,Committee,Alumni Board,,,,crm_import
13610,1,1910,Committee,Alumni Board,,1992,1996,crm_import
13611,1,9712,Committee,Alumni Board,,1969,1972,crm_import
13612,1,19033,Committee,Alumni Board,,,,crm_import
13613,1,4844,Committee,Alumni Board,,,,crm_import
13614,1,3207,Committee,Alumni Board,,,,crm_import
13615,1,7518,Committee,Alumni Board,,,,crm_import
13616,1,12696,Committee,Alumni Board,,1992,1996,crm_import
13617,1,7142,Committee,Alumni Board,,2006,2009,crm_import
13618,1,18139,Committee,Alumni Board,Member Leader,2023,2026,crm_import
13619,1,5601,Committee,Alumni Board,,2011,2014,online
13620,1,8361,Committee,Alumni Board,,,,crm_import
13621,1,18579,Committee,Alumni Board,,2002,2006,crm_import
13622,1,11998,Committee,Alumni Board,,2001,2005,online
13623,1,16236,Committee,Alumni Board,,2003,2007,advancement_entry
13624,1,13961,Committee,Alumni Board,,,,crm_import
13625,1,4937,Committee,Alumni Board,,2020,2024,crm_import
13626,1,4481,Committee,Alumni Board,,2006,2009,online
13627,1,1091,Committee,Alumni Board,,,,online
13628,1,19467,Committee,Alumni Board,,,,crm_import
13629,1,18481,Committee,Alumni Board,,1968,1971,crm_import
13630,1,17789,Committee,Alumni Board,,2009,2012,crm_import
13631,1,8505,Committee,Alumni Board,,1997,2001,online
13632,1,17413,Committee,Alumni Board,,,,crm_import
13633,1,18891,Committee,Alumni Board,,,,crm_import
13634,1,19899,Committee,Alumni Board,,1991,1993,crm_import
13635,1,9721,Committee,Alumni Board,,,,advancement_entry
13636,1,16182,Committee,Alumni Board,,,,crm_import
13637,1,16625,Committee,Alumni Board,,2001,2005,crm_import
13638,1,3737,Committee,Alumni Board,,1990,1993,advancement_entry
13639,1,116,Committee,Alumni Board,,1991,1994,crm_import
13640,1,17947,Committee,Alumni Board,,1997,2000,online
13641,1,17367,Committee,Alumni Board,,1967,1969,crm_import
13642,1,18583,Committee,Alumni Board,Secretary,,,advancement_entry
13643,1,2224,Committee,Alumni Board,Committee Chair,1969,1972,crm_import
13644,1,4784,Committee,Alumni Board,,,,crm_import
13645,1,8441,Committee,Alumni Board,,,,crm_import
13646,1,10545,Committee,Alumni Board,,1977,1980,crm_import
13647,1,4517,Committee,Alumni Board,,2013,2017,crm_import
13648,1,18564,Committee,Alumni Board,,1973,1975,advancement_entry
13649,1,4983,Committee,Alumni Board,,,,crm_import
13650,1,13034,Committee,Alumni Board,,,,crm_import
13651,1,442,Committee,Alumni Board,Secretary,1971,1973,online
13652,1,4326,Committee,Alumni Board,Secretary,,,crm_import
13653,1,8907,Committee,Alumni Board,,,,online
13654,1,11719,Committee,Alumni Board,,,,online
13655,1,9410,Committee,Alumni Board,,1981,1985,online
13656,1,9543,Committee,Alumni Board,,2004,2006,crm_import
13657,1,6690,Committee,Alumni Board,,1959,1961,crm_import
13658,1,1191,Committee,Alumni Board,,,,online
13659,1,5287,Committee,Alumni Board,,,,online
13660,1,3523,Committee,Alumni Board,,2013,2015,online
13661,1,15440,Committee,Alumni Board,Committee Chair,,,online
13662,1,5591,Committee,Alumni Board,,1992,1994,crm_import
13663,1,19880,Committee,Alumni Board,,2011,2014,crm_import
13664,1,13495,Committee,Alumni Board,,2002,2006,crm_import
13665,1,6917,Committee,Alumni Board,,,,crm_import
13666,1,2959,Committee,Alumni Board,,,,crm_import
13667,1,3877,Committee,Alumni Board,,1999,2001,crm_import
13668,1,3556,Committee,Alumni Board,,1976,1978,online
13669,1,5742,Committee,Alumni Board,,,,crm_import
13670,1,10703,Committee,Alumni Board,,,,online
13671,1,7416,Committee,Alumni Board,,2013,2015,crm_import
13672,1,12010,Committee,Alumni Board,,,,crm_import
13673,1,14247,Committee,Alumni Board,,,,online
13674,1,19137,Committee,Alumni Board,,2008,2011,crm_import
13675,1,16292,Committee,Alumni Board,,,,crm_import
13676,1,15414,Committee,Alumni Board,,,,crm_import
13677,1,5669,Committee,Alumni Board,,,,online
13678,1,17049,Committee,Alumni Board,,2000,2002,crm_import
13679,1,3208,Committee,Alumni Board,,1978,1982,crm_import
13680,1,5222,Committee,Alumni Board,Secretary,2013,2015,crm_import
13681,1,2092,Committee,Alumni Board,,,,crm_import
13682,1,656,Committee,Alumni Board,,1993,1995,crm_import
13683,1,2424,Committee,Alumni Board,Secretary,,,crm_import
13684,1,6289,Committee,Alumni Board,,,,advancement_entry
13685,1,7947,Committee,Alumni Board,Secretary,2015,2018,online
13686,1,14846,Committee,Alumni Board,,2019,2021,crm_import
13687,1,8162,Committee,Alumni Board,,1997,1999,crm_import
13688,1,3668,Committee,Alumni Board,,1958,1962,crm_import
13689,1,5126,Committee,Alumni Board,,2005,2009,crm_import
13690,1,19877,Committee,Alumni Board,,2002,2005,advancement_entry
13691,1,13747,Committee,Alumni Board,,2011,2013,crm_import
13692,1,16881,Committee,Alumni Board,,,,crm_import
13693,1,7213,Committee,Alumni Board,,,,online
13694,1,14746,Committee,Alumni Board,Secretary,,,online
13695,1,7385,Committee,Alumni Board,,1996,1999,online
13696,1,10867,Committee,Alumni Board,,2001,2005,crm_import
13697,1,5649,Committee,Alumni Board,,2012,2014,crm_import
13698,1,4252,Committee,Alumni Board,,,,crm_import
13699,1,7272,Committee,Alumni Board,,1976,1978,crm_import
13700,1,3387,Committee,Alumni Board,Member Leader,1973,1975,online
13701,1,10026,Committee,Alumni Board,,,,advancement_entry
13702,1,11013,Committee,Alumni Board,,1989,1993,crm_import
13703,1,18798,Committee,Alumni Board,,1990,1992,online
13704,1,2114,Committee,Alumni Board,,2011,2013,online
13705,1,1244,Committee,Alumni Board,,,,advancement_entry
13706,1,16595,Committee,Alumni Board,,2004,2006,advancement_entry
13707,1,12172,Committee,Alumni Board,,2010,2012,crm_import
13708,1,6860,Committee,Alumni Board,,2003,2007,crm_import
13709,1,17781,Committee,Alumni Board,,,,advancement_entry
13710,1,12965,Committee,Alumni Board,,2001,2005,online
13711,1,5437,Committee,Alumni Board,,2003,2005,crm_import
13712,1,3465,Committee,Alumni Board,,1992,1995,crm_import
13713,1,6254,Committee,Alumni Board,,,,crm_import
13714,1,1924,Committee,Alumni Board,,1982,1986,crm_import
13715,1,2456,Committee,Alumni Board,,1999,2001,crm_import
13716,1,10507,Committee,Alumni Board,,2010,2012,online
13717,1,19415,Committee,Alumni Board,,1971,1973,crm_import
13718,1,3933,Committee,Alumni Board,,2015,2017,advancement_entry
13719,1,5378,Committee,Alumni Board,Member Leader,1993,1995,online
13720,1,8040,Committee,Alumni Board,,1980,1983,advancement_entry
13721,1,9989,Committee,Alumni Board,,,,crm_import
13722,1,9630,Committee,Alumni Board,Member Leader,,,crm_import
13723,1,17141,Committee,Alumni Board,,,,advancement_entry
13724,1,4927,Committee,Alumni Board,,2023,2025,advancement_entry
13725,1,10312,Committee,Alumni Board,,,,crm_import
13726,1,1750,Committee,Alumni Board,,1985,1988,crm_import
13727,1,19965,Committee,Alumni Board,Secretary,,,crm_import
13728,1,6790,Committee,Alumni Board,,,,crm_import
13729,1,12406,Committee,Alumni Board,,1973,1977,crm_import
13730,1,4847,Committee,Alumni Board,,2018,2021,crm_import
13731,1,15186,Committee,Alumni Board,,2006,2010,crm_import
13732,1,6671,Committee,Alumni Board,,2007,2011,crm_import
13733,1,17997,Committee,Alumni Board,,,,crm_import
13734,1,10318,Committee,Alumni Board,,2000,2003,crm_import
13735,1,7301,Committee,Alumni Board,,,,crm_import
13736,1,3304,Committee,Alumni Board,,,,crm_import
13737,1,14288,Committee,Alumni Board,Committee Chair,1991,1993,crm_import
13738,1,9124,Committee,Alumni Board,,,,advancement_entry
13739,1,2514,Committee,Alumni Board,,,,crm_import
13740,1,15843,Committee,Alumni Board,,,,crm_import
13741,1,12399,Committee,Student Government,Secretary,,,online
13742,1,4780,Committee,Student Government,Secretary,2010,2013,online
13743,1,18943,Committee,Student Government,Secretary,1994,1997,crm_import
13744,1,12924,Committee,Student Government,,,,online
13745,1,10756,Committee,Student Government,,,,crm_import
13746,1,9930,Committee,Student Government,,,,online
13747,1,7192,Committee,Student Government,,2012,2015,online
13748,1,7090,Committee,Student Government,,2026,,crm_import
13749,1,16698,Committee,Student Government,,,,online
13750,1,18347,Committee,Student Government,,2022,2024,crm_import
13751,1,12953,Committee,Student Government,Committee Chair,,,crm_import
13752,1,7777,Committee,Student Government,,,,crm_import
13753,1,12985,Committee,Student Government,,1979,1983,crm_import
13754,1,14186,Committee,Student Government,,1993,1995,crm_import
13755,1,11631,Committee,Student Government,,,,crm_import
13756,1,14044,Committee,Student Government,,2010,2012,crm_import
13757,1,7207,Committee,Student Government,,2009,2013,advancement_entry
13758,1,15583,Committee,Student Government,,2024,,crm_import
13759,1,8422,Committee,Student Government,,2012,2016,crm_import
13760,1,5119,Committee,Student Government,Committee Chair,,,online
13761,1,19323,Committee,Student Government,,,,crm_import
13762,1,11598,Committee,Student Government,,2027,,online
13763,1,18217,Committee,Student Government,,,,crm_import
13764,1,10789,Committee,Student Government,,2026,,crm_import
13765,1,5249,Committee,Student Government,,2016,2018,online
13766,1,10870,Committee,Student Government,,1996,2000,crm_import
13767,1,1494,Committee,Student Government,,2024,,crm_import
13768,1,2708,Committee,Student Government,,2014,2018,crm_import
13769,1,9591,Committee,Student Government,,1982,1984,crm_import
13770,1,17945,Committee,Student Government,,,,crm_import
13771,1,6138,Committee,Student Government,,2015,2019,advancement_entry
13772,1,12553,Committee,Student Government,,2000,2003,crm_import
13773,1,5828,Committee,Student Government,Committee Chair,1988,1992,crm_import
13774,1,18944,Committee,Student Government,,2000,2004,online
13775,1,13312,Committee,Student Government,,2026,,crm_import
13776,1,18024,Committee,Student Government,,2012,2016,crm_import
13777,1,9090,Committee,Student Government,,1997,2001,crm_import
13778,1,4921,Committee,Student Government,,2008,2011,crm_import
13779,1,6092,Committee,Student Government,Committee Chair,1989,1991,crm_import
13780,1,8989,Committee,Student Government,,2003,2007,crm_import
13781,1,10548,Committee,Student Government,,2009,2011,crm_import
13782,1,10549,Committee,Student Government,,2024,2026,crm_import
13783,1,3409,Committee,Student Government,,,,crm_import
13784,1,3714,Committee,Student Government,,,,online
13785,1,8948,Committee,Student Government,,2018,2021,crm_import
13786,1,7555,Committee,Student Government,,2007,2009,online
13787,1,843,Committee,Student Government,,2011,2015,crm_import
13788,1,816,Committee,Student Government,,1986,1990,crm_import
13789,1,8914,Committee,Student Government,Member Leader,2005,2007,crm_import
13790,1,18247,Committee,Student Government,,,,crm_import
13791,1,11653,Committee,Student Government,,1986,1990,online
13792,1,3918,Committee,Student Government,,,,crm_import
13793,1,6008,Committee,Student Government,,1981,1984,advancement_entry
13794,1,15372,Committee,Student Government,,2025,,crm_import
13795,1,10113,Committee,Student Government,,,,crm_import
13796,1,10073,Committee,Student Government,,1984,1988,online
13797,1,13408,Committee,Student Government,,2003,2006,advancement_entry
13798,1,16909,Committee,Student Government,,1979,1982,crm_import
13799,1,13452,Committee,Student Government,,1996,2000,crm_import
13800,1,17558,Committee,Student Government,,,,online
13801,1,801,Committee,Student Government,,1976,1979,crm_import
13802,1,13492,Committee,Student Government,,2010,2013,crm_import
13803,1,13236,Committee,Student Government,,2002,2004,online
13804,1,1721,Committee,Student Government,,1983,1987,crm_import
13805,1,3237,Committee,Student Government,,,,crm_import
13806,1,2977,Committee,Student Government,,2024,,advancement_entry
13807,1,4301,Committee,Student Government,,,,online
13808,1,3863,Committee,Student Government,,2024,,online
13809,1,16101,Committee,Student Government,,,,crm_import
13810,1,15005,Committee,Student Government,,,,online
13811,1,12816,Committee,Student Government,,2011,2015,crm_import
13812,1,18831,Committee,Student Government,,1985,1988,online
13813,1,7412,Committee,Student Government,,2009,2012,online
13814,1,10281,Committee,Student Government,,,,crm_import
13815,1,4820,Committee,Student Government,,2013,2016,crm_import
13816,1,8664,Committee,Student Government,Committee Chair,1977,1979,crm_import
13817,1,10109,Committee,Student Government,,2008,2012,crm_import
13818,1,4040,Committee,Student Government,,1997,2000,crm_import
13819,1,19640,Committee,Student Government,Committee Chair,1991,1995,crm_import
13820,1,73,Committee,Student Government,,,,online
13821,1,8732,Committee,Student Government,,1977,1981,crm_import
13822,1,10638,Committee,Student Government,Committee Chair,1973,1975,crm_import
13823,1,7988,Committee,Student Government,,2025,,crm_import
13824,1,19635,Committee,Student Government,,2023,2026,crm_import
13825,1,19999,Committee,Student Government,,2006,2009,crm_import
13826,1,17999,Committee,Student Government,,,,crm_import
13827,1,17409,Committee,Student Government,Member Leader,2000,2002,crm_import
13828,1,6281,Committee,Student Government,,1992,1995,crm_import
13829,1,981,Committee,Student Government,Member Leader,,,crm_import
13830,1,17290,Committee,Student Government,,,,crm_import
13831,1,18403,Committee,Student Government,,,,online
13832,1,2467,Committee,Student Government,,,,crm_import
13833,1,13030,Committee,Student Government,,,,online
13834,1,5202,Committee,Student Government,,1971,1974,crm_import
13835,1,4077,Committee,Student Government,,2017,2019,crm_import
13836,1,14267,Committee,Student Government,,1957,1959,crm_import
13837,1,15671,Committee,Student Government,,,,online
13838,1,990,Committee,Student Government,,2002,2006,crm_import
13839,1,16190,Committee,Student Government,,1994,1998,online
13840,1,2199,Committee,Student Government,,1989,1993,online
13841,1,13760,Committee,Student Government,,1981,1984,online
13842,1,13696,Committee,Student Government,,2004,2008,online
13843,1,9454,Committee,Student Government,,1996,2000,crm_import
13844,1,18967,Committee,Student Government,Member Leader,2027,,crm_import
13845,1,15245,Committee,Student Government,,1993,1995,crm_import
13846,1,16465,Committee,Student Government,,2025,,crm_import
13847,1,12324,Committee,Student Government,,1998,2000,crm_import
13848,1,8434,Committee,Student Government,,,,crm_import
13849,1,804,Committee,Student Government,,2003,2006,crm_import
13850,1,654,Committee,Student Government,,1988,1992,advancement_entry
13851,1,10052,Committee,Student Government,,,,crm_import
13852,1,5541,Committee,Student Government,,2022,2026,advancement_entry
13853,1,6640,Committee,Student Government,,,,crm_import
13854,1,8360,Committee,Student Government,,1992,1995,crm_import
13855,1,14495,Committee,Student Government,,2007,2009,crm_import
13856,1,19818,Committee,Student Government,,2006,2009,crm_import
13857,1,1191,Committee,Student Government,,1996,1999,online
13858,1,19543,Committee,Student Government,,,,online
13859,1,1085,Committee,Student Government,,2011,2015,advancement_entry
13860,1,9495,Committee,Student Government,,,,online
13861,1,19409,Committee,Student Government,,,,crm_import
13862,1,19383,Committee,Student Government,,2012,2016,online
13863,1,12501,Committee,Student Government,,2016,2020,crm_import
13864,1,9920,Committee,Student Government,,,,online
13865,1,75,Committee,Student Government,,2022,2025,advancement_entry
13866,1,3909,Committee,Student Government,,,,crm_import
13867,1,3135,Committee,Student Government,,,,online
13868,1,17653,Committee,Student Government,Secretary,1990,1992,crm_import
13869,1,18529,Committee,Student Government,,,,crm_import
13870,1,15685,Committee,Student Government,,2025,,online
13871,1,3713,Committee,Student Government,,,,crm_import
13872,1,2347,Committee,Student Government,,,,crm_import
13873,1,4391,Committee,Student Government,,2025,,online
13874,1,11085,Committee,Student Government,,,,online
13875,1,14343,Committee,Student Government,,2003,2007,crm_import
13876,1,5495,Committee,Student Government,,2028,,online
13877,1,1921,Committee,Student Government,,,,crm_import
13878,1,11206,Committee,Student Government,,2002,2005,crm_import
13879,1,11142,Committee,Student Government,,,,crm_import
13880,1,11444,Committee,Student Government,,2015,2017,crm_import
13881,1,2251,Committee,Student Government,Committee Chair,,,crm_import
13882,1,15858,Committee,Student Government,,2023,,advancement_entry
13883,1,6644,Committee,Student Government,,,,crm_import
13884,1,16335,Committee,Student Government,,2024,,crm_import
13885,1,18925,Committee,Student Government,,1986,1990,advancement_entry
13886,1,3466,Committee,Student Government,,2023,2026,crm_import
13887,1,7310,Committee,Student Government,,1969,1973,crm_import
13888,1,18820,Committee,Student Government,,1972,1975,crm_import
13889,1,9917,Committee,Student Government,,,,crm_import
13890,1,6293,Committee,Student Government,,2000,2003,crm_import
13891,1,13398,Committee,Student Government,,,,advancement_entry
13892,1,8879,Committee,Student Government,,,,crm_import
13893,1,257,Committee,Student Government,,2026,,crm_import
13894,1,13673,Committee,Student Government,,2013,2015,crm_import
13895,1,5096,Committee,Student Government,,,,crm_import
13896,1,1176,Committee,Student Government,,1979,1982,crm_import
13897,1,15593,Committee,Student Government,,2025,,online
13898,1,8813,Committee,Student Government,,2001,2005,crm_import
13899,1,760,Committee,Student Government,,1989,1993,crm_import
13900,1,13429,Committee,Student Government,,2015,2019,crm_import
13901,1,1359,Committee,Student Government,,,,crm_import
13902,1,14058,Committee,Student Government,,2003,2006,crm_import
13903,1,13011,Committee,Student Government,,1996,2000,online
13904,1,5190,Committee,Student Government,Member Leader,1977,1981,advancement_entry
13905,1,17378,Committee,Student Government,,2002,2006,online
13906,1,6722,Committee,Student Government,,,,crm_import
13907,1,8355,Committee,Student Government,,,,crm_import
13908,1,12919,Committee,Student Government,,2012,2014,crm_import
13909,1,12884,Committee,Student Government,Committee Chair,,,advancement_entry
13910,1,16729,Committee,Student Government,,2000,2004,advancement_entry
13911,1,6914,Committee,Student Government,,,,crm_import
13912,1,9259,Committee,Student Government,,2008,2010,crm_import
13913,1,10821,Committee,Student Government,,,,online
13914,1,16220,Committee,Student Government,,1982,1986,crm_import
13915,1,6012,Committee,Student Government,Member Leader,2016,2019,advancement_entry
13916,1,1454,Committee,Student Government,,1994,1996,crm_import
13917,1,1834,Committee,Student Government,,2024,,crm_import
13918,1,4774,Committee,Student Government,,2025,,crm_import
13919,1,7033,Committee,Student Government,Committee Chair,1993,1996,crm_import
13920,1,8074,Committee,Student Government,Committee Chair,2007,2009,crm_import
13921,1,3172,Committee,Student Government,,,,crm_import
13922,1,13403,Committee,Student Government,,2019,2021,crm_import
13923,1,7469,Committee,Student Government,,2022,2026,crm_import
13924,1,3381,Committee,Student Government,,2020,2023,advancement_entry
13925,1,17431,Committee,Student Government,,2010,2012,online
13926,1,6815,Committee,Student Government,,2010,2012,crm_import
13927,1,7056,Committee,Student Government,,,,online
13928,1,11961,Committee,Student Government,,,,crm_import
13929,1,7442,Committee,Student Government,,2028,,crm_import
13930,1,18414,Committee,Student Government,,,,crm_import
13931,1,14057,Committee,Student Government,,2026,,crm_import
13932,1,1399,Committee,Student Government,,2026,,crm_import
13933,1,16052,Committee,Student Government,,,,online
13934,1,1323,Committee,Student Government,,,,crm_import
13935,1,4642,Committee,Student Government,Secretary,1959,1961,crm_import
13936,1,19051,Committee,Student Government,,2003,2007,crm_import
13937,1,12240,Committee,Student Government,,,,online
13938,1,7834,Committee,Student Government,,1994,1998,crm_import
13939,1,9174,Committee,Student Government,,2006,2009,advancement_entry
13940,1,1910,Committee,Student Government,,,,crm_import
13941,1,387,Committee,Student Government,,1996,1999,online
13942,1,19718,Committee,Student Government,,,,crm_import
13943,1,588,Committee,Student Government,,,,crm_import
13944,1,4451,Committee,Student Government,,,,online
13945,1,19967,Committee,Student Government,,,,crm_import
13946,1,2165,Committee,Student Government,,2006,2008,crm_import
13947,1,19493,Committee,Student Government,,,,crm_import
13948,1,3890,Committee,Student Government,,,,crm_import
13949,1,16085,Committee,Student Government,Member Leader,1960,1962,crm_import
13950,1,8108,Committee,Student Government,,2006,2009,crm_import
13951,1,1898,Committee,Student Government,,2025,,crm_import
13952,1,6967,Committee,Student Government,,,,crm_import
13953,1,11936,Committee,Student Government,,2022,2024,crm_import
13954,1,19829,Committee,Student Government,,1982,1984,crm_import
13955,1,9377,Committee,Student Government,,2023,,crm_import
13956,1,5968,Committee,Student Government,,2023,,advancement_entry
13957,1,9750,Committee,Student Government,,1980,1982,crm_import
13958,1,17554,Committee,Student Government,,1992,1994,online
13959,1,9883,Committee,Student Government,,,,crm_import
13960,1,3818,Committee,Student Government,,2000,2004,online
13961,1,15621,Committee,Student Government,,,,advancement_entry
13962,1,13716,Committee,Student Government,,2020,2024,crm_import
13963,1,5569,Committee,Student Government,Member Leader,1996,1999,online
13964,1,15672,Committee,Student Government,,2026,,crm_import
13965,1,19642,Committee,Student Government,,1973,1975,online
13966,1,13247,Committee,Student Government,,2015,2018,crm_import
13967,1,5066,Committee,Student Government,,1977,1979,online
13968,1,19690,Committee,Student Government,,,,crm_import
13969,1,12496,Committee,Student Government,,,,crm_import
13970,1,10460,Committee,Student Government,,2007,2010,crm_import
13971,1,11545,Committee,Student Government,,,,online
13972,1,2546,Committee,Student Government,,1961,1964,advancement_entry
13973,1,13699,Committee,Student Government,,1982,1986,crm_import
13974,1,2379,Committee,Student Government,,,,online
13975,1,374,Committee,Student Government,Member Leader,1989,1991,online
13976,1,1690,Committee,Student Government,,,,crm_import
13977,1,7935,Committee,Student Government,,,,crm_import
13978,1,6670,Committee,Student Government,,2026,,crm_import
13979,1,6587,Committee,Student Government,,2001,2003,crm_import
13980,1,10406,Committee,Student Government,Committee Chair,2023,2026,crm_import
13981,1,7613,Committee,Parent Leadership Council,,1977,1979,crm_import
13982,1,7769,Committee,Parent Leadership Council,,1980,1984,advancement_entry
13983,1,11823,Committee,Parent Leadership Council,,2021,2022,crm_import
13984,1,8815,Committee,Parent Leadership Council,,2009,2011,online
13985,1,12457,Committee,Parent Leadership Council,Committee Chair,,,crm_import
13986,1,11822,Committee,Parent Leadership Council,,2021,2024,crm_import
13987,1,3712,Committee,Parent Leadership Council,,2009,2013,crm_import
13988,1,18124,Committee,Parent Leadership Council,,2021,2024,advancement_entry
13989,1,14637,Committee,Parent Leadership Council,,,,crm_import
13990,1,12130,Committee,Parent Leadership Council,Secretary,,,online
13991,1,15056,Committee,Parent Leadership Council,,,,crm_import
13992,1,5766,Committee,Parent Leadership Council,,,,crm_import
13993,1,16277,Committee,Parent Leadership Council,,2009,2012,online
13994,1,17033,Committee,Parent Leadership Council,,2013,2017,crm_import
13995,1,4795,Committee,Parent Leadership Council,,1993,1996,crm_import
13996,1,3461,Committee,Parent Leadership Council,,2021,2025,crm_import
13997,1,16077,Committee,Parent Leadership Council,,1973,1977,crm_import
13998,1,4378,Committee,Parent Leadership Council,,2018,2021,crm_import
13999,1,10626,Committee,Parent Leadership Council,,2018,2022,online
14000,1,16449,Committee,Parent Leadership Council,,2019,2021,crm_import
14001,1,16490,Committee,Parent Leadership Council,,1986,1989,crm_import
14002,1,16415,Committee,Parent Leadership Council,,,,crm_import
14003,1,153,Committee,Parent Leadership Council,,,,crm_import
14004,1,18148,Committee,Parent Leadership Council,,,,online
14005,1,3513,Committee,Parent Leadership Council,,,,crm_import
14006,1,15400,Committee,Parent Leadership Council,,1997,2000,online
14007,1,15918,Committee,Parent Leadership Council,,2023,2026,crm_import
14008,1,12425,Committee,Parent Leadership Council,,,,crm_import
14009,1,6146,Committee,Parent Leadership Council,,2021,2025,crm_import
14010,1,16560,Committee,Parent Leadership Council,,1968,1970,crm_import
14011,1,8762,Committee,Parent Leadership Council,,,,crm_import
14012,1,12255,Committee,Parent Leadership Council,,1977,1979,crm_import
14013,1,11045,Committee,Parent Leadership Council,,,,crm_import
14014,1,1873,Committee,Parent Leadership Council,,,,crm_import
14015,1,2645,Committee,Parent Leadership Council,,,,crm_import
14016,1,2841,Committee,Parent Leadership Council,,,,crm_import
14017,1,445,Committee,Parent Leadership Council,,1988,1991,crm_import
14018,1,16879,Committee,Parent Leadership Council,,2018,2021,advancement_entry
14019,1,6423,Committee,Parent Leadership Council,Committee Chair,2020,2023,crm_import
14020,1,17676,Committee,Parent Leadership Council,,1999,2002,crm_import
14021,1,18853,Committee,Parent Leadership Council,,,,crm_import
14022,1,16396,Committee,Parent Leadership Council,,,,crm_import
14023,1,7895,Committee,Parent Leadership Council,,2022,2026,crm_import
14024,1,13363,Committee,Parent Leadership Council,,1983,1987,crm_import
14025,1,11808,Committee,Parent Leadership Council,,,,crm_import
14026,1,18069,Committee,Parent Leadership Council,,,,crm_import
14027,1,10178,Committee,Parent Leadership Council,,,,online
14028,1,12109,Committee,Parent Leadership Council,,2011,2015,crm_import
14029,1,424,Committee,Parent Leadership Council,,2022,2025,crm_import
14030,1,8071,Committee,Parent Leadership Council,,,,advancement_entry
14031,1,14259,Committee,Parent Leadership Council,Secretary,2022,2026,crm_import
14032,1,12758,Committee,Parent Leadership Council,,,,crm_import
14033,1,19116,Committee,Parent Leadership Council,,2024,2026,advancement_entry
14034,1,13854,Committee,Parent Leadership Council,,2019,2021,crm_import
14035,1,1697,Committee,Parent Leadership Council,,2020,2024,crm_import
14036,1,243,Committee,Parent Leadership Council,Member Leader,,,crm_import
14037,1,4143,Committee,Parent Leadership Council,,,,crm_import
14038,1,2096,Committee,Parent Leadership Council,,,,crm_import
14039,1,385,Committee,Parent Leadership Council,,,,crm_import
14040,1,6375,Committee,Parent Leadership Council,,2023,2026,crm_import
14041,1,9949,Committee,Parent Leadership Council,Committee Chair,2022,2025,crm_import
14042,1,17682,Committee,Parent Leadership Council,Member Leader,2020,2024,crm_import
14043,1,14901,Committee,Parent Leadership Council,,2024,2026,online
14044,1,7439,Committee,Parent Leadership Council,,2024,2025,crm_import
14045,1,1127,Committee,Parent Leadership Council,,2024,2026,crm_import
14046,1,16652,Committee,Parent Leadership Council,,2018,2022,crm_import
14047,1,10407,Committee,Parent Leadership Council,,,,crm_import
14048,1,9935,Committee,Parent Leadership Council,,1989,1993,crm_import
14049,1,3043,Committee,Parent Leadership Council,,,,crm_import
14050,1,1521,Committee,Parent Leadership Council,,,,crm_import
14051,1,5400,Committee,Parent Leadership Council,,,,online
14052,1,10523,Committee,Parent Leadership Council,,2024,2025,crm_import
14053,1,15701,Committee,Parent Leadership Council,Secretary,1964,1968,crm_import
14054,1,570,Committee,Parent Leadership Council,,2023,2026,crm_import
14055,1,5837,Committee,Parent Leadership Council,,,,crm_import
14056,1,15607,Committee,Parent Leadership Council,,1979,1981,crm_import
14057,1,13238,Committee,Parent Leadership Council,Committee Chair,2009,2012,crm_import
14058,1,8620,Committee,Parent Leadership Council,,2022,2025,crm_import
14059,1,18692,Committee,Parent Leadership Council,,,,crm_import
14060,1,2813,Committee,Parent Leadership Council,,2018,2022,crm_import
14061,1,4918,Committee,Parent Leadership Council,Member Leader,1991,1993,crm_import
14062,1,11565,Committee,Parent Leadership Council,,,,advancement_entry
14063,1,4031,Committee,Parent Leadership Council,,2023,2025,online
14064,1,19636,Committee,Parent Leadership Council,,2021,2023,crm_import
14065,1,10884,Committee,Parent Leadership Council,,,,online
14066,1,17330,Committee,Parent Leadership Council,,2021,2022,online
14067,1,5821,Committee,Parent Leadership Council,,2016,2020,online
14068,1,16687,Committee,Parent Leadership Council,,2024,2025,crm_import
14069,1,12147,Committee,Parent Leadership Council,,2021,2025,crm_import
14070,1,16353,Committee,Parent Leadership Council,,1952,1954,crm_import
14071,1,15153,Committee,Parent Leadership Council,,1975,1978,crm_import
14072,1,4869,Committee,Parent Leadership Council,,1999,2002,crm_import
14073,1,17795,Committee,Parent Leadership Council,,,,crm_import
14074,1,3468,Committee,Parent Leadership Council,,,,crm_import
14075,1,6673,Committee,Parent Leadership Council,,,,crm_import
14076,1,15953,Committee,Parent Leadership Council,,,,advancement_entry
14077,1,3932,Committee,Parent Leadership Council,,,,crm_import
14078,1,16700,Committee,Parent Leadership Council,,1969,1973,crm_import
14079,1,12803,Committee,Parent Leadership Council,Secretary,2018,2021,crm_import
14080,1,14371,Committee,Parent Leadership Council,,,,crm_import
14081,1,11483,Committee,Parent Leadership Council,,2005,2007,crm_import
14082,1,9436,Committee,Parent Leadership Council,,2018,2020,crm_import
14083,1,3334,Committee,Parent Leadership Council,,1987,1990,crm_import
14084,1,8472,Committee,Parent Leadership Council,,,,crm_import
14085,1,4520,Committee,Parent Leadership Council,,1988,1991,crm_import
14086,1,16383,Committee,Parent Leadership Council,,2021,2022,crm_import
14087,1,2328,Committee,Parent Leadership Council,,2020,2024,advancement_entry
14088,1,16176,Committee,Parent Leadership Council,,1979,1983,online
14089,1,18038,Committee,Parent Leadership Council,Member Leader,2023,2025,crm_import
14090,1,13627,Committee,Parent Leadership Council,,1962,1965,crm_import
14091,1,17780,Committee,Parent Leadership Council,,1990,1994,crm_import
14092,1,17602,Committee,Parent Leadership Council,,,,crm_import
14093,1,1480,Committee,Parent Leadership Council,,2021,2025,online
14094,1,7889,Committee,Parent Leadership Council,,2022,2023,crm_import
14095,1,10541,Committee,Parent Leadership Council,Secretary,,,crm_import
14096,1,17810,Committee,Parent Leadership Council,,,,advancement_entry
14097,1,9040,Committee,Parent Leadership Council,,2021,2023,crm_import
14098,1,12707,Committee,Parent Leadership Council,,1975,1977,crm_import
14099,1,16091,Committee,Parent Leadership Council,,2010,2014,online
14100,1,17632,Committee,Parent Leadership Council,,,,crm_import
14101,1,19119,Committee,Parent Leadership Council,,,,crm_import
14102,1,2455,Committee,Parent Leadership Council,,,,crm_import
14103,1,9969,Committee,Parent Leadership Council,,,,advancement_entry
14104,1,6131,Committee,Parent Leadership Council,,2021,2025,crm_import
14105,1,12743,Committee,Parent Leadership Council,,2021,2022,crm_import
14106,1,4784,Committee,Parent Leadership Council,,2015,2019,crm_import
14107,1,1787,Committee,Parent Leadership Council,,,,crm_import
14108,1,6293,Committee,Parent Leadership Council,,,,crm_import
14109,1,13108,Committee,Parent Leadership Council,,,,crm_import
14110,1,5365,Committee,Parent Leadership Council,,2023,2026,crm_import
14111,1,14988,Committee,Parent Leadership Council,,,,online
14112,1,19758,Committee,Parent Leadership Council,Member Leader,,,crm_import
14113,1,9538,Committee,Parent Leadership Council,,1966,1970,online
14114,1,9552,Committee,Parent Leadership Council,Secretary,,,crm_import
14115,1,5023,Committee,Parent Leadership Council,,2021,2022,online
14116,1,5428,Committee,Parent Leadership Council,,2004,2007,online
14117,1,13427,Committee,Parent Leadership Council,,,,advancement_entry
14118,1,15022,Committee,Parent Leadership Council,,2023,2024,crm_import
14119,1,4940,Committee,Parent Leadership Council,,,,crm_import
14120,1,18481,Committee,Parent Leadership Council,,,,crm_import
14121,1,16222,Committee,Parent Leadership Council,,1999,2002,crm_import
14122,1,7542,Committee,Parent Leadership Council,Secretary,2022,2024,online
14123,1,6776,Committee,Parent Leadership Council,,1998,2001,crm_import
14124,1,6638,Committee,Parent Leadership Council,,2004,2008,crm_import
14125,1,5332,Committee,Parent Leadership Council,Member Leader,2023,2024,crm_import
14126,1,18107,Committee,Parent Leadership Council,,,,crm_import
14127,1,12168,Committee,Parent Leadership Council,,2020,2021,crm_import
14128,1,15105,Committee,Parent Leadership Council,,2020,2022,crm_import
14129,1,4540,Committee,Parent Leadership Council,,1984,1986,crm_import
14130,1,17900,Committee,Parent Leadership Council,,,,crm_import
14131,1,12783,Committee,Parent Leadership Council,,2019,2020,online
14132,1,17531,Committee,Parent Leadership Council,,1999,2002,crm_import
14133,1,5524,Committee,Parent Leadership Council,Member Leader,,,crm_import
14134,1,19714,Committee,Parent Leadership Council,,2012,2014,crm_import
14135,1,5903,Committee,Parent Leadership Council,Committee Chair,2013,2016,advancement_entry
14136,1,892,Committee,Parent Leadership Council,,2021,2024,advancement_entry
14137,1,15576,Committee,Parent Leadership Council,,,,crm_import
14138,1,9354,Committee,Parent Leadership Council,,1988,1992,online
14139,1,425,Committee,Parent Leadership Council,,2019,2020,online
14140,1,7161,Committee,Parent Leadership Council,,,,crm_import
14141,1,5882,Committee,Parent Leadership Council,,2021,2025,crm_import
14142,1,17291,Committee,Parent Leadership Council,,,,crm_import
14143,1,19247,Committee,Parent Leadership Council,,,,online
14144,1,18130,Committee,Parent Leadership Council,,,,online
14145,1,702,Committee,Parent Leadership Council,,,,online
14146,1,4329,Committee,Parent Leadership Council,,2021,2022,crm_import
14147,1,432,Committee,Parent Leadership Council,,,,crm_import
14148,1,4072,Committee,Parent Leadership Council,,2018,2021,advancement_entry
14149,1,9359,Committee,Parent Leadership Council,,2024,2026,crm_import
14150,1,6884,Committee,Parent Leadership Council,,,,crm_import
14151,1,1221,Committee,Parent Leadership Council,,1994,1998,online
14152,1,14477,Committee,Parent Leadership Council,,2003,2006,crm_import
14153,1,19438,Committee,Parent Leadership Council,,2002,2006,advancement_entry
14154,1,15131,Committee,Parent Leadership Council,,2020,2024,crm_import
14155,1,13532,Committee,Parent Leadership Council,,2021,2025,crm_import
14156,1,15461,Committee,Parent Leadership Council,,,,crm_import
14157,1,17144,Committee,Parent Leadership Council,Member Leader,2023,2025,crm_import
14158,1,10231,Committee,Parent Leadership Council,,2019,2021,crm_import
14159,1,5915,Committee,Parent Leadership Council,,2002,2005,online
14160,1,13952,Committee,Parent Leadership Council,,1993,1996,crm_import
14161,1,13950,Committee,Parent Leadership Council,,2018,2020,online
14162,1,12979,Committee,Parent Leadership Council,,,,online
14163,1,6039,Committee,Parent Leadership Council,,2018,2021,crm_import
14164,1,8614,Committee,Parent Leadership Council,,,,crm_import
14165,1,8469,Committee,Parent Leadership Council,,,,online
14166,1,2052,Committee,Parent Leadership Council,Secretary,2019,2023,crm_import
14167,1,2900,Committee,Parent Leadership Council,,,,crm_import
14168,1,19253,Committee,Parent Leadership Council,,2021,2024,crm_import
14169,1,14099,Committee,Parent Leadership Council,,2021,2024,online
14170,1,19781,Committee,Parent Leadership Council,,1989,1993,crm_import
14171,1,3523,Committee,Parent Leadership Council,,2011,2015,online
14172,1,9279,Committee,Parent Leadership Council,,2018,2019,crm_import
14173,1,194,Committee,Parent Leadership Council,,2022,2023,advancement_entry
14174,1,3271,Committee,Parent Leadership Council,,2024,2026,online
14175,1,799,Committee,Parent Leadership Council,,,,crm_import
14176,1,14251,Committee,Parent Leadership Council,Committee Chair,1987,1991,online
14177,1,14493,Committee,Parent Leadership Council,,,,crm_import
14178,1,12952,Committee,Parent Leadership Council,,2001,2004,crm_import
14179,1,16581,Committee,Parent Leadership Council,,1996,1998,crm_import
14180,1,623,Committee,Parent Leadership Council,,2021,2024,online
14181,1,15316,Committee,Parent Leadership Council,,2022,2026,crm_import
14182,1,8506,Committee,Parent Leadership Council,,,,online
14183,1,17071,Committee,Parent Leadership Council,,,,online
14184,1,2695,Committee,Parent Leadership Council,,2020,2022,crm_import
14185,1,17142,Committee,Parent Leadership Council,,2022,2026,advancement_entry
14186,1,11646,Committee,Parent Leadership Council,,,,online
14187,1,15719,Committee,Parent Leadership Council,,,,crm_import
14188,1,11135,Committee,Parent Leadership Council,,2020,2024,crm_import
14189,1,13375,Committee,Parent Leadership Council,,2019,2021,crm_import
14190,1,16094,Committee,Parent Leadership Council,,2024,2026,crm_import
14191,1,6198,Committee,Parent Leadership Council,,,,online
14192,1,3147,Committee,Parent Leadership Council,,1991,1994,crm_import
14193,1,15704,Committee,Parent Leadership Council,,,,crm_import
14194,1,17753,Committee,Parent Leadership Council,,,,crm_import
14195,1,7105,Committee,Parent Leadership Council,,2019,2023,crm_import
14196,1,11749,Committee,Parent Leadership Council,,1998,2002,online
14197,1,1559,Committee,Parent Leadership Council,,2019,2020,crm_import
14198,1,7832,Committee,Parent Leadership Council,,2018,2022,crm_import
14199,1,15098,Committee,Parent Leadership Council,,2021,2024,online
14200,1,5077,Committee,Parent Leadership Council,,2019,2020,online
14201,1,3114,Committee,Parent Leadership Council,,,,crm_import
14202,1,13072,Committee,Parent Leadership Council,,2008,2010,crm_import
14203,1,11040,Committee,Parent Leadership Council,,2023,2024,crm_import
14204,1,4235,Committee,Parent Leadership Council,,2017,2019,online
14205,1,7011,Committee,Parent Leadership Council,,,,crm_import
14206,1,1091,Committee,Parent Leadership Council,,1998,2000,online
14207,1,9249,Committee,Parent Leadership Council,,2022,2023,online
14208,1,10070,Committee,Parent Leadership Council,,,,crm_import
14209,1,9555,Committee,Parent Leadership Council,,2023,2026,crm_import
14210,1,5992,Committee,Parent Leadership Council,,2007,2010,crm_import
14211,1,3225,Committee,Parent Leadership Council,,2003,2005,crm_import
14212,1,14975,Committee,Parent Leadership Council,,2021,2023,advancement_entry
14213,1,353,Committee,Parent Leadership Council,,2012,2016,crm_import
14214,1,319,Committee,Parent Leadership Council,,2021,2023,crm_import
14215,1,16744,Committee,Parent Leadership Council,,,,crm_import
14216,1,11055,Committee,Parent Leadership Council,,2018,2021,online
14217,1,18989,Committee,Parent Leadership Council,,1999,2001,advancement_entry
14218,1,12173,Committee,Parent Leadership Council,,1997,2000,crm_import
14219,1,12449,Committee,Parent Leadership Council,,2019,2021,crm_import
14220,1,9718,Committee,Parent Leadership Council,,1956,1959,crm_import
14221,1,6612,Committee,Parent Leadership Council,,1986,1988,crm_import
14222,1,2922,Committee,Parent Leadership Council,,,,crm_import
14223,1,9310,Committee,Parent Leadership Council,,,,crm_import
14224,1,405,Committee,Parent Leadership Council,,2021,2024,crm_import
14225,1,15274,Committee,Parent Leadership Council,,2018,2019,crm_import
14226,1,14332,Committee,Parent Leadership Council,,,,crm_import
14227,1,3923,Committee,Parent Leadership Council,,1970,1972,crm_import
14228,1,10171,Committee,Parent Leadership Council,,,,advancement_entry
14229,1,6328,Committee,Parent Leadership Council,Member Leader,,,crm_import
14230,1,14408,Committee,Parent Leadership Council,,,,online
14231,1,17167,Committee,Parent Leadership Council,,2017,2019,crm_import
14232,1,7846,Committee,Parent Leadership Council,,2010,2014,crm_import
14233,1,6828,Committee,Parent Leadership Council,,2005,2009,online
14234,1,17402,Committee,Parent Leadership Council,,,,advancement_entry
14235,1,13817,Committee,Parent Leadership Council,,,,advancement_entry
14236,1,9866,Committee,Parent Leadership Council,,1981,1983,online
14237,1,5822,Committee,Parent Leadership Council,,1999,2001,crm_import
14238,1,18920,Committee,Parent Leadership Council,Committee Chair,,,crm_import
14239,1,8619,Committee,Parent Leadership Council,,,,online
14240,1,13935,Committee,Parent Leadership Council,,1995,1998,crm_import
14241,1,18989,Committee,Class of 2001 Reunion Committee,,1997,2001,advancement_entry
14242,1,6236,Committee,Class of 2001 Reunion Committee,,1999,2001,advancement_entry
14243,1,16567,Committee,Class of 2001 Reunion Committee,,1999,2001,crm_import
14244,1,6241,Committee,Class of 2001 Reunion Committee,Member Leader,1998,2001,crm_import
14245,1,10694,Committee,Class of 2001 Reunion Committee,,1997,2001,crm_import
14246,1,2001,Committee,Class of 2001 Reunion Committee,,1998,2001,advancement_entry
14247,1,2702,Committee,Class of 2001 Reunion Committee,,1998,2001,crm_import
14248,1,2054,Committee,Class of 2001 Reunion Committee,Member Leader,,,crm_import
14249,1,8941,Committee,Class of 2001 Reunion Committee,,1999,2001,crm_import
14250,1,7084,Committee,Class of 2001 Reunion Committee,,1997,2001,advancement_entry
14251,1,18987,Committee,Class of 2001 Reunion Committee,,1998,2001,crm_import
14252,1,9058,Committee,Class of 2001 Reunion Committee,,,,online
14253,1,8667,Committee,Class of 2001 Reunion Committee,,1997,2001,crm_import
14254,1,13327,Committee,Class of 2001 Reunion Committee,,1997,2001,crm_import
14255,1,4543,Committee,Class of 2001 Reunion Committee,,1997,2001,advancement_entry
14256,1,18787,Committee,Class of 2001 Reunion Committee,,1999,2001,crm_import
14257,1,9776,Committee,Class of 2001 Reunion Committee,,1997,2001,crm_import
14258,1,1135,Committee,Class of 2001 Reunion Committee,,1998,2001,crm_import
14259,1,12498,Committee,Class of 2001 Reunion Committee,,1999,2001,advancement_entry
14260,1,1932,Committee,Class of 2001 Reunion Committee,,,,crm_import
14261,1,10894,Committee,Class of 2001 Reunion Committee,,,,crm_import
14262,1,10926,Committee,Class of 2001 Reunion Committee,,,,online
14263,1,6325,Committee,Class of 2001 Reunion Committee,,1998,2001,crm_import
14264,1,2749,Committee,Class of 2001 Reunion Committee,,,,crm_import
14265,1,3601,Committee,Class of 2001 Reunion Committee,,,,online
14266,1,4397,Committee,Class of 2001 Reunion Committee,,1999,2001,crm_import
14267,1,6883,Committee,Class of 2001 Reunion Committee,,,,crm_import
14268,1,12060,Committee,Class of 2001 Reunion Committee,,,,online
14269,1,19359,Committee,Class of 2001 Reunion Committee,,,,crm_import
14270,1,519,Committee,Class of 2001 Reunion Committee,,1998,2001,crm_import
14271,1,7790,Committee,Class of 2001 Reunion Committee,,,,crm_import
14272,1,14805,Committee,Class of 2001 Reunion Committee,,1998,2001,crm_import
14273,1,303,Committee,Class of 2001 Reunion Committee,,1997,2001,advancement_entry
14274,1,13470,Committee,Class of 2001 Reunion Committee,,,,crm_import
14275,1,5306,Committee,Class of 2001 Reunion Committee,,1998,2001,advancement_entry
14276,1,9662,Committee,Class of 2001 Reunion Committee,,1998,2001,online
14277,1,4511,Committee,Class of 2001 Reunion Committee,,1997,2001,crm_import
14278,1,2456,Committee,Class of 2001 Reunion Committee,,,,crm_import
14279,1,18032,Committee,Class of 2001 Reunion Committee,Secretary,1998,2001,crm_import
14280,1,3877,Committee,Class of 2001 Reunion Committee,,1999,2001,crm_import
14281,1,15450,Committee,Class of 2001 Reunion Committee,,1999,2001,crm_import
14282,1,6432,Committee,Class of 2001 Reunion Committee,,1998,2001,crm_import
14283,1,4519,Committee,Class of 2001 Reunion Committee,,,,advancement_entry
14284,1,10466,Committee,Class of 2001 Reunion Committee,Member Leader,,,advancement_entry
14285,1,18228,Committee,Class of 2001 Reunion Committee,,1997,2001,crm_import
14286,1,1671,Committee,Class of 2001 Reunion Committee,,,,crm_import
14287,1,15262,Committee,Class of 2001 Reunion Committee,,1998,2001,crm_import
14288,1,13286,Committee,Class of 2001 Reunion Committee,,,,crm_import
14289,1,9679,Committee,Class of 2001 Reunion Committee,,1997,2001,crm_import
14290,1,16428,Committee,Class of 2001 Reunion Committee,,1998,2001,crm_import
14291,1,9461,Committee,Class of 2001 Reunion Committee,Committee Chair,,,crm_import
14292,1,18298,Committee,Class of 2001 Reunion Committee,Committee Chair,1997,2001,advancement_entry
14293,1,612,Committee,Class of 2001 Reunion Committee,,1998,2001,crm_import
14294,1,19477,Committee,Class of 2001 Reunion Committee,Committee Chair,1999,2001,advancement_entry
14295,1,15999,Committee,Class of 2001 Reunion Committee,,1998,2001,online
14296,1,3806,Committee,Class of 2001 Reunion Committee,,,,crm_import
14297,1,13943,Committee,Class of 2001 Reunion Committee,,1997,2001,crm_import
14298,1,15146,Committee,Class of 2001 Reunion Committee,,1998,2001,crm_import
14299,1,16168,Committee,Class of 2001 Reunion Committee,,1997,2001,crm_import
14300,1,10484,Committee,Class of 2001 Reunion Committee,,1998,2001,crm_import
14301,1,6907,Committee,Class of 2001 Reunion Committee,,,,crm_import
14302,1,15611,Committee,Class of 2001 Reunion Committee,,1998,2001,advancement_entry
14303,1,16438,Committee,Class of 2001 Reunion Committee,,1999,2001,crm_import
14304,1,15908,Committee,Class of 2001 Reunion Committee,,,,online
14305,1,12858,Committee,Class of 2001 Reunion Committee,,1997,2001,advancement_entry
14306,1,14048,Committee,Class of 2001 Reunion Committee,,1998,2001,crm_import
14307,1,4110,Committee,Class of 2001 Reunion Committee,,,,crm_import
14308,1,10310,Committee,Class of 2001 Reunion Committee,,1998,2001,crm_import
14309,1,14655,Committee,Class of 2001 Reunion Committee,,1998,2001,crm_import
14310,1,1269,Committee,Class of 2001 Reunion Committee,,,,online
14311,1,12819,Committee,Class of 2001 Reunion Committee,,1999,2001,crm_import
14312,1,11437,Committee,Class of 2001 Reunion Committee,,,,crm_import
14313,1,11821,Committee,Class of 2001 Reunion Committee,,1997,2001,crm_import
14314,1,14052,Committee,Class of 2001 Reunion Committee,,,,advancement_entry
14315,1,9577,Committee,Class of 2001 Reunion Committee,,1998,2001,crm_import
14316,1,16645,Committee,Young Alumni Council,,,,online
14317,1,8617,Committee,Young Alumni Council,,,,crm_import
14318,1,1756,Committee,Young Alumni Council,,1988,1990,advancement_entry
14319,1,9538,Committee,Young Alumni Council,Secretary,,,online
14320,1,19359,Committee,Young Alumni Council,,1998,2001,crm_import
14321,1,17476,Committee,Young Alumni Council,,,,advancement_entry
14322,1,11381,Committee,Young Alumni Council,,1974,1977,crm_import
14323,1,9553,Committee,Young Alumni Council,,1991,1993,crm_import
14324,1,3000,Committee,Young Alumni Council,,2011,2013,advancement_entry
14325,1,1735,Committee,Young Alumni Council,,,,crm_import
14326,1,11483,Committee,Young Alumni Council,,2003,2007,crm_import
14327,1,17815,Committee,Young Alumni Council,Committee Chair,,,crm_import
14328,1,11442,Committee,Young Alumni Council,,,,crm_import
14329,1,9336,Committee,Young Alumni Council,,2009,2013,crm_import
14330,1,9089,Committee,Young Alumni Council,,,,advancement_entry
14331,1,19763,Committee,Young Alumni Council,,2006,2008,crm_import
14332,1,6509,Committee,Young Alumni Council,,2010,2013,crm_import
14333,1,5157,Committee,Young Alumni Council,,2013,2015,crm_import
14334,1,16659,Committee,Young Alumni Council,,1989,1992,online
14335,1,10209,Committee,Young Alumni Council,,2016,2019,online
14336,1,5223,Committee,Young Alumni Council,,2001,2003,crm_import
14337,1,16041,Committee,Young Alumni Council,,,,crm_import
14338,1,15115,Committee,Young Alumni Council,,2003,2005,crm_import
14339,1,4891,Committee,Young Alumni Council,,1979,1983,crm_import
14340,1,8626,Committee,Young Alumni Council,,2004,2007,crm_import
14341,1,15248,Committee,Young Alumni Council,,1947,1951,crm_import
14342,1,5510,Committee,Young Alumni Council,,,,crm_import
14343,1,10440,Committee,Young Alumni Council,,1995,1999,crm_import
14344,1,1644,Committee,Young Alumni Council,,1954,1958,crm_import
14345,1,18626,Committee,Young Alumni Council,,,,advancement_entry
14346,1,19279,Committee,Young Alumni Council,,,,crm_import
14347,1,10284,Committee,Young Alumni Council,Member Leader,2012,2015,crm_import
14348,1,19039,Committee,Young Alumni Council,,2015,2019,crm_import
14349,1,14316,Committee,Young Alumni Council,,,,crm_import
14350,1,19956,Committee,Young Alumni Council,,2020,2022,crm_import
14351,1,6367,Committee,Young Alumni Council,,1995,1999,online
14352,1,13632,Committee,Young Alumni Council,,,,crm_import
14353,1,5438,Committee,Young Alumni Council,,2016,2019,crm_import
14354,1,15270,Committee,Young Alumni Council,,1994,1997,crm_import
14355,1,6210,Committee,Young Alumni Council,,,,crm_import
14356,1,2176,Committee,Young Alumni Council,,2013,2016,crm_import
14357,1,11593,Committee,Young Alumni Council,,2003,2007,crm_import
14358,1,8042,Committee,Young Alumni Council,,1986,1990,crm_import
14359,1,169,Committee,Young Alumni Council,,,,advancement_entry
14360,1,13264,Committee,Young Alumni Council,,1967,1970,crm_import
14361,1,10260,Committee,Young Alumni Council,,1994,1997,crm_import
14362,1,17302,Committee,Young Alumni Council,,,,online
14363,1,15784,Committee,Young Alumni Council,,2000,2002,crm_import
14364,1,12767,Committee,Young Alumni Council,,2007,2009,online
14365,1,18127,Committee,Young Alumni Council,,1974,1978,crm_import
14366,1,15590,Committee,Young Alumni Council,,1979,1982,online
14367,1,4595,Committee,Young Alumni Council,,,,online
14368,1,6776,Committee,Young Alumni Council,,1998,2001,crm_import
14369,1,7969,Committee,Young Alumni Council,,1999,2001,crm_import
14370,1,13965,Committee,Young Alumni Council,,1998,2002,crm_import
14371,1,16034,Committee,Young Alumni Council,,,,crm_import
14372,1,18936,Committee,Young Alumni Council,,1965,1968,crm_import
14373,1,2392,Committee,Young Alumni Council,,2014,2018,crm_import
14374,1,18600,Committee,Young Alumni Council,,1989,1992,crm_import
14375,1,3367,Committee,Young Alumni Council,,2012,2016,crm_import
14376,1,7805,Committee,Young Alumni Council,,1983,1985,crm_import
14377,1,3078,Committee,Young Alumni Council,,,,crm_import
14378,1,5579,Committee,Young Alumni Council,,,,crm_import
14379,1,11788,Committee,Young Alumni Council,,1986,1990,crm_import
14380,1,10401,Committee,Young Alumni Council,,1972,1975,crm_import
14381,1,18758,Committee,Young Alumni Council,,2006,2009,advancement_entry
14382,1,9759,Committee,Young Alumni Council,Secretary,1991,1994,crm_import
14383,1,5987,Committee,Young Alumni Council,,,,crm_import
14384,1,4917,Committee,Young Alumni Council,,,,online
14385,1,4870,Committee,Young Alumni Council,,1975,1977,advancement_entry
14386,1,13674,Committee,Young Alumni Council,,2017,2021,crm_import
14387,1,14227,Committee,Young Alumni Council,Secretary,2018,2020,crm_import
14388,1,15934,Committee,Young Alumni Council,,1998,2000,crm_import
14389,1,15755,Committee,Young Alumni Council,,2009,2013,crm_import
14390,1,16821,Committee,Young Alumni Council,,,,crm_import
14391,1,2222,Committee,Young Alumni Council,,1988,1990,crm_import
14392,1,2758,Committee,Young Alumni Council,,,,crm_import
14393,1,18475,Committee,Young Alumni Council,,,,crm_import
14394,1,13383,Committee,Young Alumni Council,Secretary,,,crm_import
14395,1,11490,Committee,Young Alumni Council,,2007,2010,advancement_entry
14396,1,15157,Committee,Young Alumni Council,Member Leader,2014,2016,crm_import
14397,1,2950,Committee,Young Alumni Council,,2011,2015,online
14398,1,8177,Committee,Young Alumni Council,,2005,2009,crm_import
14399,1,10312,Committee,Young Alumni Council,,2007,2009,crm_import
14400,1,15807,Committee,Young Alumni Council,,2009,2012,crm_import
14401,1,1988,Committee,Young Alumni Council,,1995,1998,crm_import
14402,1,11009,Committee,Young Alumni Council,,1967,1970,crm_import
14403,1,5299,Committee,Young Alumni Council,,1999,2001,advancement_entry
14404,1,15042,Committee,Young Alumni Council,,,,online
14405,1,14291,Committee,Young Alumni Council,,,,online
14406,1,11719,Committee,Young Alumni Council,,1956,1958,online
14407,1,2624,Committee,Young Alumni Council,,1991,1995,crm_import
14408,1,16279,Committee,Young Alumni Council,,,,crm_import
14409,1,14417,Committee,Young Alumni Council,,2021,2025,crm_import
14410,1,9173,Committee,Young Alumni Council,,2004,2006,crm_import
14411,1,11665,Committee,Young Alumni Council,,1995,1999,crm_import
14412,1,18831,Committee,Young Alumni Council,,,,online
14413,1,9691,Committee,Young Alumni Council,,,,crm_import
14414,1,12010,Committee,Young Alumni Council,,,,crm_import
14415,1,9887,Committee,Young Alumni Council,Committee Chair,1998,2000,online
14416,1,18451,Committee,Young Alumni Council,,1965,1969,crm_import
14417,1,15230,Committee,Young Alumni Council,,2004,2006,crm_import
14418,1,12464,Committee,Young Alumni Council,,2006,2010,crm_import
14419,1,1819,Committee,Young Alumni Council,,,,advancement_entry
14420,1,10766,Committee,Young Alumni Council,,2003,2006,crm_import
14421,1,3667,Committee,Young Alumni Council,Member Leader,1983,1985,crm_import
14422,1,4978,Committee,Young Alumni Council,,2013,2016,crm_import
14423,1,8610,Committee,Young Alumni Council,,,,crm_import
14424,1,17889,Committee,Young Alumni Council,,,,crm_import
14425,1,11203,Committee,Young Alumni Council,,,,crm_import
14426,1,12496,Committee,Young Alumni Council,,2011,2014,crm_import
14427,1,7908,Committee,Young Alumni Council,,,,crm_import
14428,1,14119,Committee,Young Alumni Council,,1990,1994,online
14429,1,14393,Committee,Young Alumni Council,,,,online
14430,1,18114,Committee,Young Alumni Council,,2021,2024,online
14431,1,9989,Committee,Young Alumni Council,,,,crm_import
14432,1,17141,Committee,Young Alumni Council,,2024,2026,advancement_entry
14433,1,14211,Committee,Young Alumni Council,,2000,2003,advancement_entry
14434,1,11934,Committee,Young Alumni Council,,,,crm_import
14435,1,16027,Committee,Young Alumni Council,,,,crm_import
14436,1,13669,Committee,Young Alumni Council,,,,crm_import
14437,1,10933,Committee,Young Alumni Council,,,,crm_import
14438,1,12006,Committee,Young Alumni Council,,1981,1985,crm_import
14439,1,4754,Committee,Young Alumni Council,,,,crm_import
14440,1,2830,Committee,Young Alumni Council,,1960,1964,crm_import
14441,1,16910,Committee,Young Alumni Council,Committee Chair,,,crm_import
14442,1,625,Committee,Young Alumni Council,,,,crm_import
14443,1,18660,Committee,Young Alumni Council,,,,online
14444,1,15965,Committee,Young Alumni Council,,,,crm_import
14445,1,16596,Committee,Young Alumni Council,,1989,1991,online
14446,1,12634,Committee,Young Alumni Council,,2015,2018,crm_import
14447,1,10538,Committee,Young Alumni Council,,2013,2016,online
14448,1,5771,Committee,Young Alumni Council,,,,online
14449,1,6388,Committee,Young Alumni Council,,2013,2016,online
14450,1,17908,Committee,Young Alumni Council,,2001,2003,crm_import
14451,1,4157,Committee,Young Alumni Council,,,,online
14452,1,18525,Committee,Young Alumni Council,Member Leader,,,crm_import
14453,1,11134,Committee,Young Alumni Council,,2009,2012,crm_import
14454,1,722,Committee,Young Alumni Council,,2011,2014,advancement_entry
14455,1,6835,Committee,Young Alumni Council,,,,crm_import
14456,1,16484,Committee,Young Alumni Council,Secretary,1995,1997,crm_import
14457,1,8569,Committee,Young Alumni Council,,,,crm_import
14458,1,13559,Committee,Young Alumni Council,,,,crm_import
14459,1,11937,Committee,Young Alumni Council,,,,crm_import
14460,1,8095,Committee,Young Alumni Council,,2022,2026,online
14461,1,3900,Committee,Young Alumni Council,,1988,1990,online
14462,1,16207,Committee,Young Alumni Council,,1969,1973,crm_import
14463,1,5281,Committee,Young Alumni Council,,1986,1989,crm_import
14464,1,13590,Committee,Young Alumni Council,,,,crm_import
14465,1,7880,Committee,Young Alumni Council,,1999,2003,crm_import
14466,1,1654,Committee,Young Alumni Council,,,,crm_import
14467,1,13366,Committee,Young Alumni Council,,2002,2004,advancement_entry
14468,1,12109,Committee,Young Alumni Council,,,,crm_import
14469,1,2960,Committee,Young Alumni Council,,2000,2002,online
14470,1,642,Committee,Young Alumni Council,,2006,2010,crm_import
14471,1,7821,Committee,Young Alumni Council,Member Leader,2016,2019,advancement_entry
14472,1,13679,Committee,Young Alumni Council,,2003,2007,crm_import
14473,1,7659,Committee,Young Alumni Council,,1980,1983,online
14474,1,6292,Committee,Young Alumni Council,,,,crm_import
14475,1,10003,Committee,Young Alumni Council,,,,crm_import
14476,1,3316,Committee,Young Alumni Council,,,,advancement_entry
14477,1,6514,Committee,Young Alumni Council,Member Leader,2012,2015,crm_import
14478,1,11505,Committee,Young Alumni Council,,,,crm_import
14479,1,10692,Committee,Young Alumni Council,,1994,1996,advancement_entry
14480,1,4746,Committee,Young Alumni Council,Secretary,2024,2026,advancement_entry
14481,1,4267,Committee,Young Alumni Council,,2005,2007,online
14482,1,13069,Committee,Young Alumni Council,Secretary,,,crm_import
14483,1,8109,Committee,Young Alumni Council,,2014,2016,crm_import
14484,1,6164,Committee,Young Alumni Council,,,,crm_import
14485,1,15643,Committee,Young Alumni Council,Member Leader,1984,1987,crm_import
14486,1,11956,Committee,Young Alumni Council,,,,online
14487,1,3929,Committee,Young Alumni Council,,1996,1999,crm_import
14488,1,15771,Committee,Young Alumni Council,,1971,1974,crm_import
14489,1,16282,Committee,Young Alumni Council,,2015,2018,crm_import
14490,1,320,Committee,Young Alumni Council,,2010,2014,online
14491,1,14116,Committee,Young Alumni Council,,1994,1996,crm_import
14492,1,19985,Committee,Young Alumni Council,,1982,1984,advancement_entry
14493,1,3327,Committee,Young Alumni Council,,2011,2015,advancement_entry
14494,1,7118,Committee,Young Alumni Council,,1995,1997,crm_import
14495,1,10388,Committee,Young Alumni Council,,2012,2014,crm_import
14496,1,19770,Committee,Young Alumni Council,,1953,1956,online
14497,1,8651,Committee,Young Alumni Council,,1977,1979,crm_import
14498,1,11083,Committee,Young Alumni Council,,,,crm_import
14499,1,2693,Committee,Young Alumni Council,,1982,1985,crm_import
14500,1,15192,Committee,Young Alumni Council,,,,crm_import
14501,1,13106,Committee,Young Alumni Council,,2010,2014,online
14502,1,7887,Committee,Young Alumni Council,,1991,1994,advancement_entry
14503,1,9050,Committee,Young Alumni Council,,2003,2005,online
14504,1,12425,Committee,Young Alumni Council,,2005,2008,crm_import
14505,1,18631,Committee,Young Alumni Council,,1996,1999,crm_import
14506,1,7964,Committee,Regional Alumni Council,,1973,1975,crm_import
14507,1,2400,Committee,Regional Alumni Council,,,,crm_import
14508,1,5051,Committee,Regional Alumni Council,,2013,2017,crm_import
14509,1,15556,Committee,Regional Alumni Council,,,,crm_import
14510,1,13995,Committee,Regional Alumni Council,,2000,2003,crm_import
14511,1,17800,Committee,Regional Alumni Council,,1997,1999,crm_import
14512,1,8334,Committee,Regional Alumni Council,,2023,2026,crm_import
14513,1,1924,Committee,Regional Alumni Council,,,,crm_import
14514,1,17232,Committee,Regional Alumni Council,,2008,2011,crm_import
14515,1,7139,Committee,Regional Alumni Council,Secretary,2019,2020,advancement_entry
14516,1,4717,Committee,Regional Alumni Council,,2006,2008,crm_import
14517,1,17737,Committee,Regional Alumni Council,,1997,2000,crm_import
14518,1,18398,Committee,Regional Alumni Council,Member Leader,,,crm_import
14519,1,13018,Committee,Regional Alumni Council,,2022,2026,crm_import
14520,1,14522,Committee,Regional Alumni Council,,,,online
14521,1,7315,Committee,Regional Alumni Council,,,,advancement_entry
14522,1,8869,Committee,Regional Alumni Council,,,,crm_import
14523,1,15516,Committee,Regional Alumni Council,,,,online
14524,1,12011,Committee,Regional Alumni Council,Committee Chair,2007,2009,crm_import
14525,1,13693,Committee,Regional Alumni Council,,,,crm_import
14526,1,5275,Committee,Regional Alumni Council,,2020,2023,crm_import
14527,1,6128,Committee,Regional Alumni Council,,2019,2020,crm_import
14528,1,17822,Committee,Regional Alumni Council,,,,crm_import
14529,1,15843,Committee,Regional Alumni Council,,2012,2014,crm_import
14530,1,11933,Committee,Regional Alumni Council,,1994,1996,online
14531,1,6357,Committee,Regional Alumni Council,,1998,2001,advancement_entry
14532,1,17018,Committee,Regional Alumni Council,,1989,1991,advancement_entry
14533,1,2309,Committee,Regional Alumni Council,,2021,2023,advancement_entry
14534,1,12535,Committee,Regional Alumni Council,,,,crm_import
14535,1,14027,Committee,Regional Alumni Council,,2014,2017,crm_import
14536,1,6690,Committee,Regional Alumni Council,,1959,1961,crm_import
14537,1,1889,Committee,Regional Alumni Council,,,,online
14538,1,17180,Committee,Regional Alumni Council,,,,crm_import
14539,1,13747,Committee,Regional Alumni Council,,,,crm_import
14540,1,11324,Committee,Regional Alumni Council,,1983,1986,crm_import
14541,1,625,Committee,Regional Alumni Council,,,,crm_import
14542,1,15294,Committee,Regional Alumni Council,Member Leader,1968,1971,crm_import
14543,1,10601,Committee,Regional Alumni Council,,1991,1995,crm_import
14544,1,6654,Committee,Regional Alumni Council,,,,crm_import
14545,1,7649,Committee,Regional Alumni Council,,1968,1972,crm_import
14546,1,3791,Committee,Regional Alumni Council,,2020,2023,crm_import
14547,1,6959,Committee,Regional Alumni Council,,2000,2004,crm_import
14548,1,9191,Committee,Regional Alumni Council,,2008,2010,crm_import
14549,1,15111,Committee,Regional Alumni Council,Member Leader,2001,2004,crm_import
14550,1,16683,Committee,Regional Alumni Council,,,,online
14551,1,18743,Committee,Regional Alumni Council,,2024,2026,online
14552,1,5243,Committee,Regional Alumni Council,,2022,2025,crm_import
14553,1,7818,Committee,Regional Alumni Council,,,,crm_import
14554,1,5235,Committee,Regional Alumni Council,,,,online
14555,1,14784,Committee,Regional Alumni Council,,,,online
14556,1,16256,Committee,Regional Alumni Council,,,,crm_import
14557,1,15967,Committee,Regional Alumni Council,,,,online
14558,1,15440,Committee,Regional Alumni Council,,1998,2002,online
14559,1,17438,Committee,Regional Alumni Council,,2000,2003,online
14560,1,12646,Committee,Regional Alumni Council,,1965,1969,crm_import
14561,1,6024,Committee,Regional Alumni Council,,,,advancement_entry
14562,1,2643,Committee,Regional Alumni Council,,2022,2023,crm_import
14563,1,262,Committee,Regional Alumni Council,,1986,1989,crm_import
14564,1,13321,Committee,Regional Alumni Council,,2019,2021,crm_import
14565,1,281,Committee,Regional Alumni Council,,2008,2012,online
14566,1,5294,Committee,Regional Alumni Council,Secretary,2020,2022,crm_import
14567,1,14431,Committee,Regional Alumni Council,,1947,1951,crm_import
14568,1,10400,Committee,Regional Alumni Council,,1955,1958,crm_import
14569,1,12550,Committee,Regional Alumni Council,,1978,1981,crm_import
14570,1,8258,Committee,Regional Alumni Council,,,,crm_import
14571,1,10965,Committee,Regional Alumni Council,,2018,2022,crm_import
14572,1,6967,Committee,Regional Alumni Council,,,,crm_import
14573,1,6392,Committee,Regional Alumni Council,Member Leader,2022,2025,online
14574,1,3672,Committee,Regional Alumni Council,,2021,2024,crm_import
14575,1,14845,Committee,Regional Alumni Council,,,,crm_import
14576,1,12009,Committee,Regional Alumni Council,,2002,2005,online
14577,1,16296,Committee,Regional Alumni Council,,2020,2023,crm_import
14578,1,3628,Committee,Regional Alumni Council,,1985,1989,crm_import
14579,1,13792,Committee,Regional Alumni Council,,2010,2013,crm_import
14580,1,19734,Committee,Regional Alumni Council,,1985,1987,crm_import
14581,1,17049,Committee,Regional Alumni Council,,,,crm_import
14582,1,4582,Committee,Regional Alumni Council,,2022,2026,crm_import
14583,1,17236,Committee,Regional Alumni Council,,,,crm_import
14584,1,18138,Committee,Regional Alumni Council,,,,crm_import
14585,1,12508,Committee,Regional Alumni Council,,2017,2020,crm_import
14586,1,11912,Committee,Regional Alumni Council,,1995,1998,online
14587,1,4444,Committee,Regional Alumni Council,,1971,1974,crm_import
14588,1,19779,Committee,Regional Alumni Council,,1988,1992,crm_import
14589,1,13274,Committee,Regional Alumni Council,,2023,2024,crm_import
14590,1,19988,Committee,Regional Alumni Council,,,,crm_import
14591,1,4108,Committee,Regional Alumni Council,,2012,2016,crm_import
14592,1,16486,Committee,Regional Alumni Council,,2021,2023,crm_import
14593,1,15796,Committee,Regional Alumni Council,Member Leader,2023,2026,crm_import
14594,1,15446,Committee,Regional Alumni Council,,2013,2016,crm_import
14595,1,15541,Committee,Regional Alumni Council,,,,online
14596,1,49,Committee,Regional Alumni Council,,,,crm_import
14597,1,8513,Committee,Regional Alumni Council,,,,crm_import
14598,1,12148,Committee,Regional Alumni Council,,1996,2000,crm_import
14599,1,8672,Committee,Regional Alumni Council,,2023,2024,crm_import
14600,1,1105,Committee,Regional Alumni Council,,,,crm_import
14601,1,7323,Committee,Regional Alumni Council,,,,crm_import
14602,1,1960,Committee,Regional Alumni Council,,,,crm_import
14603,1,11233,Committee,Regional Alumni Council,,2022,2026,advancement_entry
14604,1,3586,Committee,Regional Alumni Council,,2009,2012,online
14605,1,691,Committee,Regional Alumni Council,,1970,1972,online
14606,1,14759,Committee,Regional Alumni Council,,,,crm_import
14607,1,8652,Committee,Regional Alumni Council,,2008,2010,crm_import
14608,1,3721,Committee,Regional Alumni Council,,1968,1970,crm_import
14609,1,9853,Committee,Regional Alumni Council,,2003,2005,online
14610,1,13166,Committee,Regional Alumni Council,Secretary,2013,2016,online
14611,1,11283,Committee,Regional Alumni Council,Secretary,2024,2026,advancement_entry
14612,1,16802,Committee,Regional Alumni Council,,1994,1996,crm_import
14613,1,5827,Committee,Regional Alumni Council,,,,online
14614,1,4482,Committee,Regional Alumni Council,,2015,2018,crm_import
14615,1,13935,Committee,Regional Alumni Council,,1995,1998,crm_import
14616,1,14582,Committee,Regional Alumni Council,,2001,2005,crm_import
14617,1,242,Committee,Regional Alumni Council,,,,crm_import
14618,1,17867,Committee,Regional Alumni Council,,,,crm_import
14619,1,16236,Committee,Regional Alumni Council,,2005,2007,advancement_entry
14620,1,18299,Committee,Regional Alumni Council,,,,crm_import
14621,1,1253,Committee,Regional Alumni Council,,2022,2026,crm_import
14622,1,8625,Committee,Regional Alumni Council,,,,online
14623,1,5558,Committee,Regional Alumni Council,,1988,1990,crm_import
14624,1,9067,Committee,Regional Alumni Council,Committee Chair,2020,2021,crm_import
14625,1,16475,Committee,Regional Alumni Council,,,,online
14626,1,6485,Committee,Regional Alumni Council,,,,crm_import
14627,1,901,Committee,Regional Alumni Council,,1999,2002,crm_import
14628,1,14573,Committee,Regional Alumni Council,,,,crm_import
14629,1,16684,Committee,Regional Alumni Council,,2015,2019,crm_import
14630,1,8939,Committee,Regional Alumni Council,,2024,2026,crm_import
14631,1,9490,Committee,Regional Alumni Council,Committee Chair,,,crm_import
14632,1,6037,Committee,Regional Alumni Council,,2006,2009,crm_import
14633,1,19213,Committee,Regional Alumni Council,,,,advancement_entry
14634,1,2847,Committee,Regional Alumni Council,,,,advancement_entry
14635,1,19522,Committee,Regional Alumni Council,,,,crm_import
14636,1,13012,Committee,Regional Alumni Council,,2018,2020,crm_import
14637,1,10715,Committee,Regional Alumni Council,,1994,1997,online
14638,1,17842,Committee,Regional Alumni Council,,,,crm_import
14639,1,2430,Committee,Regional Alumni Council,Secretary,,,crm_import
14640,1,17720,Committee,Regional Alumni Council,,2003,2007,crm_import
14641,1,19721,Committee,Regional Alumni Council,,1997,2000,crm_import
14642,1,9629,Committee,Regional Alumni Council,,2021,2025,online
14643,1,17827,Committee,Regional Alumni Council,,1998,2002,crm_import
14644,1,19895,Committee,Regional Alumni Council,,2010,2013,advancement_entry
14645,1,1239,Committee,Regional Alumni Council,,,,online
14646,1,343,Committee,Regional Alumni Council,,2016,2018,crm_import
14647,1,17,Committee,Regional Alumni Council,,2022,2023,advancement_entry
14648,1,19262,Committee,Regional Alumni Council,,1995,1997,crm_import
14649,1,229,Committee,Regional Alumni Council,Member Leader,2019,2022,crm_import
14650,1,3507,Committee,Regional Alumni Council,,1996,1998,crm_import
14651,1,7095,Committee,Regional Alumni Council,Secretary,,,crm_import
14652,1,16004,Committee,Regional Alumni Council,,2021,2022,crm_import
14653,1,11963,Committee,Regional Alumni Council,,2007,2009,crm_import
14654,1,12420,Committee,Regional Alumni Council,,2018,2021,crm_import
14655,1,908,Committee,Regional Alumni Council,,1948,1951,crm_import
14656,1,13300,Committee,Regional Alumni Council,,2018,2020,online
14657,1,11888,Committee,Regional Alumni Council,,,,crm_import
14658,1,17904,Committee,Regional Alumni Council,,1978,1982,online
14659,1,5198,Committee,Regional Alumni Council,,2008,2011,crm_import
14660,1,19297,Committee,Regional Alumni Council,,2018,2021,crm_import
14661,1,12932,Committee,Regional Alumni Council,Secretary,,,crm_import
14662,1,8910,Committee,Regional Alumni Council,,,,crm_import
14663,1,13971,Committee,Regional Alumni Council,Secretary,2019,2023,crm_import
14664,1,2165,Committee,Regional Alumni Council,Member Leader,2005,2008,crm_import
14665,1,18818,Committee,Regional Alumni Council,,1981,1985,crm_import
14666,1,3494,Committee,Regional Alumni Council,,,,crm_import
14667,1,6620,Committee,Regional Alumni Council,,,,crm_import
14668,1,19759,Committee,Regional Alumni Council,,2018,2020,crm_import
14669,1,19486,Committee,Regional Alumni Council,,,,crm_import
14670,1,3792,Committee,Regional Alumni Council,,,,crm_import
14671,1,12004,Committee,Regional Alumni Council,,,,crm_import
14672,1,8562,Committee,Regional Alumni Council,,,,crm_import
14673,1,17113,Committee,Regional Alumni Council,,1973,1976,crm_import
14674,1,1820,Committee,Regional Alumni Council,,1992,1996,advancement_entry
14675,1,2981,Committee,Regional Alumni Council,,,,crm_import
14676,1,16359,Committee,Regional Alumni Council,,,,online
14677,1,1172,Committee,Regional Alumni Council,,2005,2007,online
14678,1,1457,Committee,Regional Alumni Council,,2022,2023,online
14679,1,17140,Committee,Regional Alumni Council,,1997,2000,crm_import
14680,1,9477,Committee,Regional Alumni Council,Member Leader,2009,2011,crm_import
14681,1,5704,Committee,Regional Alumni Council,,1996,1998,online
14682,1,13583,Committee,Regional Alumni Council,,,,crm_import
14683,1,2611,Committee,Regional Alumni Council,,2021,2023,crm_import
14684,1,5614,Committee,Regional Alumni Council,,,,crm_import
14685,1,11047,Committee,Regional Alumni Council,,2018,2022,crm_import
14686,1,14636,Committee,Regional Alumni Council,,,,advancement_entry
14687,1,7524,Committee,Regional Alumni Council,,2005,2009,crm_import
14688,1,1724,Committee,Regional Alumni Council,,1974,1978,crm_import
14689,1,5804,Committee,Regional Alumni Council,,,,crm_import
14690,1,7469,Committee,Regional Alumni Council,,2023,2026,crm_import
14691,1,19662,Committee,Regional Alumni Council,,1992,1995,crm_import
14692,1,6134,Committee,Regional Alumni Council,,,,online
14693,1,19240,Committee,Regional Alumni Council,,,,online
14694,1,13170,Committee,Regional Alumni Council,,2015,2018,crm_import
14695,1,3399,Committee,Regional Alumni Council,,2002,2005,online
14696,1,8733,Committee,Regional Alumni Council,,1991,1993,online
14697,1,4621,Committee,Regional Alumni Council,,,,crm_import
14698,1,10970,Committee,Regional Alumni Council,,1994,1997,crm_import
14699,1,10323,Committee,Regional Alumni Council,,1987,1990,online
14700,1,9066,Committee,Regional Alumni Council,,1963,1965,crm_import
14701,1,16406,Committee,Regional Alumni Council,,,,crm_import
14702,1,2065,Committee,Regional Alumni Council,Member Leader,1971,1973,online
14703,1,5090,Committee,Regional Alumni Council,,,,crm_import
14704,1,18914,Committee,Regional Alumni Council,,2019,2022,online
14705,1,19764,Committee,Regional Alumni Council,,1958,1960,online
14706,1,422,Committee,Regional Alumni Council,,,,online
14707,1,841,Committee,Regional Alumni Council,,1971,1975,advancement_entry
14708,1,5945,Committee,Regional Alumni Council,,,,crm_import
14709,1,19788,Committee,Regional Alumni Council,,,,crm_import
14710,1,9140,Committee,Regional Alumni Council,,,,crm_import
14711,1,18984,Committee,Regional Alumni Council,,,,online
14712,1,9098,Committee,Regional Alumni Council,,2022,2023,online
14713,1,1033,Committee,Regional Alumni Council,,2021,2023,crm_import
14714,1,244,Committee,Regional Alumni Council,,,,advancement_entry
14715,1,11927,Committee,Regional Alumni Council,,,,crm_import
14716,1,382,Committee,Regional Alumni Council,,1996,2000,crm_import
14717,1,19648,Committee,Regional Alumni Council,,2020,2024,crm_import
14718,1,11751,Committee,Regional Alumni Council,,,,advancement_entry
14719,1,16497,Committee,Regional Alumni Council,,,,online
14720,1,2590,Committee,Regional Alumni Council,,,,crm_import
14721,1,9560,Committee,Regional Alumni Council,,1980,1983,online
14722,1,3052,Committee,Regional Alumni Council,,,,online
14723,1,7417,Committee,Regional Alumni Council,,2024,2026,online
14724,1,4932,Committee,Regional Alumni Council,Secretary,,,crm_import
14725,1,15756,Committee,Regional Alumni Council,,2021,2022,crm_import
14726,1,9607,Committee,Regional Alumni Council,Committee Chair,,,crm_import
14727,1,7467,Committee,Regional Alumni Council,,,,crm_import
14728,1,2762,Committee,Regional Alumni Council,,2010,2014,crm_import
14729,1,5124,Committee,Regional Alumni Council,Secretary,1973,1975,crm_import
14730,1,7259,Committee,Regional Alumni Council,,2023,2024,advancement_entry
14731,1,12229,Committee,Regional Alumni Council,,,,online
14732,1,6672,Committee,Regional Alumni Council,Secretary,2024,2026,crm_import
14733,1,4181,Committee,Regional Alumni Council,Committee Chair,,,crm_import
14734,1,15901,Committee,Regional Alumni Council,,,,crm_import
14735,1,1725,Committee,Regional Alumni Council,,1986,1988,online
14736,1,416,Committee,Arts Advisory Council,Committee Chair,,,crm_import
14737,1,18416,Committee,Arts Advisory Council,,2022,2025,crm_import
14738,1,19660,Committee,Arts Advisory Council,,2011,2015,crm_import
14739,1,902,Committee,Arts Advisory Council,,2024,2025,crm_import
14740,1,19107,Committee,Arts Advisory Council,,,,crm_import
14741,1,19082,Committee,Arts Advisory Council,,2021,2024,crm_import
14742,1,10426,Committee,Arts Advisory Council,,2001,2003,crm_import
14743,1,13034,Committee,Arts Advisory Council,,,,crm_import
14744,1,9138,Committee,Arts Advisory Council,,1969,1971,crm_import
14745,1,15156,Committee,Arts Advisory Council,,2021,2023,crm_import
14746,1,18968,Committee,Arts Advisory Council,,1988,1992,crm_import
14747,1,14324,Committee,Arts Advisory Council,,,,advancement_entry
14748,1,17574,Committee,Arts Advisory Council,,2022,2024,online
14749,1,17378,Committee,Arts Advisory Council,,,,online
14750,1,4748,Committee,Arts Advisory Council,,2020,2022,crm_import
14751,1,18581,Committee,Arts Advisory Council,Member Leader,,,crm_import
14752,1,18517,Committee,Arts Advisory Council,,2005,2008,crm_import
14753,1,14408,Committee,Arts Advisory Council,,,,online
14754,1,4117,Committee,Arts Advisory Council,,2018,2021,crm_import
14755,1,11667,Committee,Arts Advisory Council,,,,online
14756,1,4806,Committee,Arts Advisory Council,,,,crm_import
14757,1,19052,Committee,Arts Advisory Council,,2013,2016,crm_import
14758,1,13320,Committee,Arts Advisory Council,,2008,2012,online
14759,1,8066,Committee,Arts Advisory Council,,,,crm_import
14760,1,18881,Committee,Arts Advisory Council,,2024,2026,advancement_entry
14761,1,7585,Committee,Arts Advisory Council,,,,advancement_entry
14762,1,11729,Committee,Arts Advisory Council,,2022,2026,online
14763,1,3161,Committee,Arts Advisory Council,,2021,2024,crm_import
14764,1,15540,Committee,Arts Advisory Council,,,,online
14765,1,11509,Committee,Arts Advisory Council,,2018,2022,online
14766,1,13669,Committee,Arts Advisory Council,,1956,1960,crm_import
14767,1,14981,Committee,Arts Advisory Council,,,,crm_import
14768,1,18203,Committee,Arts Advisory Council,Committee Chair,2024,2026,crm_import
14769,1,5682,Committee,Arts Advisory Council,,,,crm_import
14770,1,8953,Committee,Arts Advisory Council,,,,crm_import
14771,1,1490,Committee,Arts Advisory Council,,1959,1962,crm_import
14772,1,16990,Committee,Arts Advisory Council,,,,advancement_entry
14773,1,13257,Committee,Arts Advisory Council,,,,advancement_entry
14774,1,12427,Committee,Arts Advisory Council,Secretary,1992,1996,online
14775,1,5919,Committee,Arts Advisory Council,,2010,2014,crm_import
14776,1,4921,Committee,Arts Advisory Council,,2007,2011,crm_import
14777,1,16534,Committee,Arts Advisory Council,,2000,2004,crm_import
14778,1,7367,Committee,Arts Advisory Council,,,,crm_import
14779,1,4502,Committee,Arts Advisory Council,Secretary,2004,2006,crm_import
14780,1,2783,Committee,Arts Advisory Council,,2024,2025,crm_import
14781,1,9231,Committee,Arts Advisory Council,Committee Chair,,,crm_import
14782,1,14152,Committee,Arts Advisory Council,,2020,2021,crm_import
14783,1,16069,Committee,Arts Advisory Council,,2024,2026,crm_import
14784,1,18876,Committee,Arts Advisory Council,,,,crm_import
14785,1,6113,Committee,Arts Advisory Council,,1993,1996,advancement_entry
14786,1,15383,Committee,Arts Advisory Council,,1992,1994,crm_import
14787,1,14385,Committee,Arts Advisory Council,,,,crm_import
14788,1,13720,Committee,Arts Advisory Council,,,,crm_import
14789,1,5655,Committee,Arts Advisory Council,,2020,2021,crm_import
14790,1,8097,Committee,Arts Advisory Council,,2003,2007,crm_import
14791,1,9522,Committee,Arts Advisory Council,,2023,2024,crm_import
14792,1,3925,Committee,Arts Advisory Council,Secretary,2020,2024,crm_import
14793,1,6063,Committee,Arts Advisory Council,,2020,2024,crm_import
14794,1,17468,Committee,Arts Advisory Council,,2023,2025,crm_import
14795,1,18099,Committee,Arts Advisory Council,,1987,1990,crm_import
14796,1,152,Committee,Arts Advisory Council,Secretary,2023,2024,crm_import
14797,1,16679,Committee,Arts Advisory Council,,2020,2021,crm_import
14798,1,17623,Committee,Arts Advisory Council,,2020,2023,crm_import
14799,1,5708,Committee,Arts Advisory Council,Secretary,1995,1999,crm_import
14800,1,1937,Committee,Arts Advisory Council,,,,crm_import
14801,1,4124,Committee,Arts Advisory Council,,2004,2007,crm_import
14802,1,13741,Committee,Arts Advisory Council,,1981,1984,crm_import
14803,1,2469,Committee,Arts Advisory Council,,,,crm_import
14804,1,8633,Committee,Arts Advisory Council,,2019,2023,crm_import
14805,1,19713,Committee,Arts Advisory Council,,,,crm_import
14806,1,14309,Committee,Arts Advisory Council,,,,crm_import
14807,1,3183,Committee,Arts Advisory Council,,2015,2019,crm_import
14808,1,3102,Committee,Arts Advisory Council,,,,crm_import
14809,1,13501,Committee,Arts Advisory Council,,2021,2023,crm_import
14810,1,6683,Committee,Arts Advisory Council,,2024,2025,crm_import
14811,1,4552,Committee,Arts Advisory Council,,,,crm_import
14812,1,19454,Committee,Arts Advisory Council,,2015,2018,crm_import
14813,1,15978,Committee,Arts Advisory Council,,2009,2013,advancement_entry
14814,1,16506,Committee,Arts Advisory Council,,2006,2008,crm_import
14815,1,19688,Committee,Arts Advisory Council,,,,online
14816,1,18168,Committee,Arts Advisory Council,,2023,2024,crm_import
14817,1,3606,Committee,Arts Advisory Council,,,,advancement_entry
14818,1,16874,Committee,Arts Advisory Council,,2023,2026,crm_import
14819,1,16490,Committee,Arts Advisory Council,,1987,1989,crm_import
14820,1,6026,Committee,Arts Advisory Council,,,,online
14821,1,8757,Committee,Arts Advisory Council,,,,crm_import
14822,1,9220,Committee,Arts Advisory Council,Member Leader,2018,2019,crm_import
14823,1,14863,Committee,Arts Advisory Council,,2024,2026,crm_import
14824,1,6922,Committee,Arts Advisory Council,,1995,1997,crm_import
14825,1,6773,Committee,Arts Advisory Council,,2002,2006,advancement_entry
14826,1,3725,Committee,Arts Advisory Council,,,,crm_import
14827,1,10939,Committee,Arts Advisory Council,,1985,1989,crm_import
14828,1,16829,Committee,Arts Advisory Council,,,,crm_import
14829,1,12565,Committee,Arts Advisory Council,,2021,2025,crm_import
14830,1,11146,Committee,Arts Advisory Council,,,,crm_import
14831,1,140,Committee,Arts Advisory Council,,,,online
14832,1,2993,Committee,Arts Advisory Council,,1979,1981,crm_import
14833,1,733,Committee,Arts Advisory Council,,,,crm_import
14834,1,18478,Committee,Arts Advisory Council,,1974,1976,crm_import
14835,1,14359,Committee,Arts Advisory Council,,2022,2025,crm_import
14836,1,16588,Committee,Arts Advisory Council,,1997,1999,crm_import
14837,1,7261,Committee,Arts Advisory Council,,2022,2026,crm_import
14838,1,12645,Committee,Arts Advisory Council,,1966,1970,crm_import
14839,1,16117,Committee,Arts Advisory Council,Committee Chair,2005,2009,crm_import
14840,1,650,Committee,Arts Advisory Council,,,,advancement_entry
14841,1,15006,Committee,Arts Advisory Council,,1991,1995,crm_import
14842,1,6652,Committee,Arts Advisory Council,,2000,2004,crm_import
14843,1,11679,Committee,Arts Advisory Council,,1996,2000,crm_import
14844,1,18046,Committee,Arts Advisory Council,,1961,1963,crm_import
14845,1,13324,Committee,Arts Advisory Council,,2011,2015,crm_import
14846,1,18528,Committee,Athletics Advisory Council,,1993,1995,crm_import
14847,1,13337,Committee,Athletics Advisory Council,,1976,1980,crm_import
14848,1,11916,Committee,Athletics Advisory Council,,1972,1975,crm_import
14849,1,13209,Committee,Athletics Advisory Council,,2018,2022,online
14850,1,658,Committee,Athletics Advisory Council,,2018,2019,crm_import
14851,1,14775,Committee,Athletics Advisory Council,,,,crm_import
14852,1,8314,Committee,Athletics Advisory Council,,2021,2022,crm_import
14853,1,5914,Committee,Athletics Advisory Council,,,,crm_import
14854,1,15560,Committee,Athletics Advisory Council,,,,online
14855,1,16310,Committee,Athletics Advisory Council,,2018,2019,crm_import
14856,1,15181,Committee,Athletics Advisory Council,,2008,2011,crm_import
14857,1,13764,Committee,Athletics Advisory Council,,2003,2006,online
14858,1,3254,Committee,Athletics Advisory Council,,1978,1981,advancement_entry
14859,1,18447,Committee,Athletics Advisory Council,,1959,1963,crm_import
14860,1,4986,Committee,Athletics Advisory Council,,2019,2020,crm_import
14861,1,4929,Committee,Athletics Advisory Council,,,,crm_import
14862,1,13317,Committee,Athletics Advisory Council,,1992,1996,crm_import
14863,1,17020,Committee,Athletics Advisory Council,,1981,1985,online
14864,1,16206,Committee,Athletics Advisory Council,,2018,2020,crm_import
14865,1,3701,Committee,Athletics Advisory Council,,2010,2013,crm_import
14866,1,15006,Committee,Athletics Advisory Council,,1992,1995,crm_import
14867,1,11907,Committee,Athletics Advisory Council,,2018,2021,crm_import
14868,1,1548,Committee,Athletics Advisory Council,,,,crm_import
14869,1,19585,Committee,Athletics Advisory Council,,1996,2000,advancement_entry
14870,1,15198,Committee,Athletics Advisory Council,,,,crm_import
14871,1,2276,Committee,Athletics Advisory Council,,2007,2010,online
14872,1,18084,Committee,Athletics Advisory Council,,2022,2024,crm_import
14873,1,6427,Committee,Athletics Advisory Council,,,,crm_import
14874,1,15318,Committee,Athletics Advisory Council,Member Leader,2018,2021,crm_import
14875,1,18117,Committee,Athletics Advisory Council,,,,crm_import
14876,1,10394,Committee,Athletics Advisory Council,,1980,1982,crm_import
14877,1,18601,Committee,Athletics Advisory Council,,1962,1965,crm_import
14878,1,12519,Committee,Athletics Advisory Council,,1970,1973,online
14879,1,10900,Committee,Athletics Advisory Council,,2023,2026,crm_import
14880,1,3887,Committee,Athletics Advisory Council,,,,crm_import
14881,1,7978,Committee,Athletics Advisory Council,,2020,2023,online
14882,1,748,Committee,Athletics Advisory Council,Secretary,2014,2018,online
14883,1,13012,Committee,Athletics Advisory Council,,,,crm_import
14884,1,236,Committee,Athletics Advisory Council,,2024,2026,online
14885,1,18844,Committee,Athletics Advisory Council,,,,crm_import
14886,1,13567,Committee,Athletics Advisory Council,,2018,2019,crm_import
14887,1,9001,Committee,Athletics Advisory Council,Committee Chair,2016,2019,online
14888,1,5120,Committee,Athletics Advisory Council,,2024,2025,online
14889,1,6915,Committee,Athletics Advisory Council,,,,crm_import
14890,1,2552,Committee,Athletics Advisory Council,,,,advancement_entry
14891,1,18151,Committee,Athletics Advisory Council,,1975,1978,online
14892,1,6505,Committee,Athletics Advisory Council,,1999,2003,crm_import
14893,1,2189,Committee,Athletics Advisory Council,,2024,2026,crm_import
14894,1,19691,Committee,Athletics Advisory Council,,2011,2013,crm_import
14895,1,14982,Committee,Athletics Advisory Council,,1973,1977,online
14896,1,12846,Committee,Athletics Advisory Council,,2021,2022,online
14897,1,5053,Committee,Athletics Advisory Council,,2021,2022,advancement_entry
14898,1,690,Committee,Athletics Advisory Council,,2018,2022,online
14899,1,18278,Committee,Athletics Advisory Council,,2001,2005,advancement_entry
14900,1,17651,Committee,Athletics Advisory Council,,,,crm_import
14901,1,15743,Committee,Athletics Advisory Council,,,,crm_import
14902,1,12613,Committee,Athletics Advisory Council,,2019,2020,online
14903,1,19795,Committee,Athletics Advisory Council,,2009,2011,online
14904,1,7638,Committee,Athletics Advisory Council,,2018,2022,online
14905,1,19532,Committee,Athletics Advisory Council,Committee Chair,2002,2006,crm_import
14906,1,475,Committee,Athletics Advisory Council,,,,advancement_entry
14907,1,17954,Committee,Athletics Advisory Council,Member Leader,,,crm_import
14908,1,1371,Committee,Athletics Advisory Council,,,,crm_import
14909,1,10705,Committee,Athletics Advisory Council,,,,crm_import
14910,1,6470,Committee,Athletics Advisory Council,,,,crm_import
14911,1,15779,Committee,Athletics Advisory Council,,2020,2023,crm_import
14912,1,12431,Committee,Athletics Advisory Council,,1977,1980,advancement_entry
14913,1,9055,Committee,Athletics Advisory Council,,2004,2008,online
14914,1,8869,Committee,Athletics Advisory Council,,1996,1998,crm_import
14915,1,2930,Committee,Athletics Advisory Council,,2013,2016,crm_import
14916,1,7465,Committee,Athletics Advisory Council,,,,crm_import
14917,1,5616,Committee,Athletics Advisory Council,,1982,1985,crm_import
14918,1,7710,Committee,Athletics Advisory Council,Member Leader,2024,2025,crm_import
14919,1,4096,Committee,Athletics Advisory Council,,,,crm_import
14920,1,2294,Committee,Athletics Advisory Council,,,,crm_import
14921,1,7772,Committee,Athletics Advisory Council,,1988,1990,crm_import
14922,1,17535,Committee,Athletics Advisory Council,,2007,2011,crm_import
14923,1,18900,Committee,Athletics Advisory Council,,,,online
14924,1,9576,Committee,Athletics Advisory Council,,2007,2010,crm_import
14925,1,16752,Committee,Athletics Advisory Council,Member Leader,2020,2023,crm_import
14926,1,16936,Committee,Athletics Advisory Council,,,,crm_import
14927,1,2285,Committee,Athletics Advisory Council,,,,crm_import
14928,1,5688,Committee,Athletics Advisory Council,,1994,1996,crm_import
14929,1,12079,Committee,Athletics Advisory Council,,,,crm_import
14930,1,9716,Committee,Athletics Advisory Council,,1994,1998,crm_import
14931,1,1224,Committee,Athletics Advisory Council,,2000,2003,online
14932,1,18905,Committee,Athletics Advisory Council,,,,crm_import
14933,1,4777,Committee,Athletics Advisory Council,,,,crm_import
14934,1,18242,Committee,Athletics Advisory Council,,,,advancement_entry
14935,1,6405,Committee,Athletics Advisory Council,,2023,2026,crm_import
14936,1,5074,Committee,Athletics Advisory Council,,2019,2022,crm_import
14937,1,18986,Committee,Athletics Advisory Council,,2022,2023,online
14938,1,12415,Committee,Athletics Advisory Council,Committee Chair,,,crm_import
14939,1,16827,Committee,Athletics Advisory Council,,2019,2020,crm_import
14940,1,6790,Committee,Athletics Advisory Council,,1978,1980,crm_import
14941,1,12973,Committee,Athletics Advisory Council,,1972,1974,crm_import
14942,1,6675,Committee,Athletics Advisory Council,,1948,1951,crm_import
14943,1,12070,Committee,Athletics Advisory Council,,,,crm_import
14944,1,13950,Committee,Athletics Advisory Council,,2018,2022,online
14945,1,11246,Committee,Athletics Advisory Council,,1977,1981,crm_import
14946,1,1233,Committee,Athletics Advisory Council,,2024,2026,crm_import
14947,1,19069,Committee,Athletics Advisory Council,,2003,2007,crm_import
14948,1,14786,Committee,Athletics Advisory Council,,1978,1982,crm_import
14949,1,3740,Committee,Athletics Advisory Council,,,,online
14950,1,15598,Committee,Athletics Advisory Council,,,,online
14951,1,11527,Committee,Athletics Advisory Council,,1993,1995,crm_import
14952,1,7752,Committee,Athletics Advisory Council,,2019,2022,crm_import
14953,1,7544,Committee,Athletics Advisory Council,,,,crm_import
14954,1,11776,Committee,Athletics Advisory Council,,,,advancement_entry
14955,1,14521,Committee,Athletics Advisory Council,,,,advancement_entry
14956,1,9446,Committee,Athletics Advisory Council,,2022,2024,online
14957,1,7231,Committee,Athletics Advisory Council,,1969,1972,crm_import
14958,1,19924,Committee,Athletics Advisory Council,,2022,2024,crm_import
14959,1,15642,Committee,Athletics Advisory Council,,1993,1995,online
14960,1,10957,Committee,Athletics Advisory Council,,2018,2019,advancement_entry
14961,1,5032,Committee,Athletics Advisory Council,,1982,1985,crm_import
14962,1,9268,Committee,Athletics Advisory Council,,,,crm_import
14963,1,11679,Committee,Athletics Advisory Council,,,,crm_import
14964,1,4820,Committee,Athletics Advisory Council,,,,crm_import
14965,1,2824,Committee,Athletics Advisory Council,,2024,2026,crm_import
14966,1,12306,Committee,Library Advisory Committee,,2001,2004,crm_import
14967,1,14215,Committee,Library Advisory Committee,,,,online
14968,1,14671,Committee,Library Advisory Committee,Committee Chair,,,online
14969,1,3546,Committee,Library Advisory Committee,,2019,2023,crm_import
14970,1,9629,Committee,Library Advisory Committee,Member Leader,,,online
14971,1,15128,Committee,Library Advisory Committee,Member Leader,1999,2001,crm_import
14972,1,12387,Committee,Library Advisory Committee,,2004,2008,crm_import
14973,1,18279,Committee,Library Advisory Committee,,2000,2002,online
14974,1,3045,Committee,Library Advisory Committee,,,,crm_import
14975,1,10241,Committee,Library Advisory Committee,Member Leader,2023,2024,crm_import
14976,1,19972,Committee,Library Advisory Committee,,2024,2025,crm_import
14977,1,1663,Committee,Library Advisory Committee,,,,crm_import
14978,1,1749,Committee,Library Advisory Committee,,2024,2026,crm_import
14979,1,2367,Committee,Library Advisory Committee,,2023,2025,crm_import
14980,1,743,Committee,Library Advisory Committee,,1998,2001,crm_import
14981,1,6665,Committee,Library Advisory Committee,,,,advancement_entry
14982,1,18298,Committee,Library Advisory Committee,,,,advancement_entry
14983,1,18227,Committee,Library Advisory Committee,,2009,2013,crm_import
14984,1,17980,Committee,Library Advisory Committee,,,,crm_import
14985,1,14886,Committee,Library Advisory Committee,,,,crm_import
14986,1,11048,Committee,Library Advisory Committee,,2020,2024,crm_import
14987,1,11408,Committee,Library Advisory Committee,,,,online
14988,1,6916,Committee,Library Advisory Committee,Secretary,2000,2003,crm_import
14989,1,9539,Committee,Library Advisory Committee,,2022,2023,online
14990,1,5,Committee,Library Advisory Committee,,,,online
14991,1,19759,Committee,Library Advisory Committee,Committee Chair,,,crm_import
14992,1,6654,Committee,Library Advisory Committee,,,,crm_import
14993,1,77,Committee,Library Advisory Committee,,,,crm_import
14994,1,16540,Committee,Library Advisory Committee,,2021,2023,crm_import
14995,1,5292,Committee,Library Advisory Committee,Member Leader,1993,1996,advancement_entry
14996,1,3146,Committee,Library Advisory Committee,Secretary,,,crm_import
14997,1,1463,Committee,Library Advisory Committee,,2023,2025,crm_import
14998,1,3125,Committee,Library Advisory Committee,,2004,2006,crm_import
14999,1,4064,Committee,Library Advisory Committee,,,,crm_import
15000,1,8105,Committee,Library Advisory Committee,,,,advancement_entry
15001,1,3560,Committee,Library Advisory Committee,,2002,2004,crm_import
15002,1,11719,Committee,Library Advisory Committee,,1956,1958,online
15003,1,12130,Committee,Library Advisory Committee,,2024,2026,online
15004,1,14692,Committee,Library Advisory Committee,,,,crm_import
15005,1,15235,Committee,Library Advisory Committee,,,,crm_import
15006,1,7684,Committee,Library Advisory Committee,,,,crm_import
15007,1,1207,Committee,Library Advisory Committee,,,,crm_import
15008,1,2555,Committee,Library Advisory Committee,,2013,2017,online
15009,1,19682,Committee,Library Advisory Committee,,2012,2016,online
15010,1,2700,Committee,Library Advisory Committee,,2009,2012,crm_import
15011,1,10179,Committee,Library Advisory Committee,,2019,2022,crm_import
15012,1,19978,Committee,Library Advisory Committee,,,,crm_import
15013,1,16652,Committee,Library Advisory Committee,Committee Chair,,,crm_import
15014,1,11398,Committee,Library Advisory Committee,,2022,2023,crm_import
15015,1,6298,Committee,Library Advisory Committee,,1983,1987,crm_import
15016,1,11781,Committee,Library Advisory Committee,,,,crm_import
15017,1,8880,Committee,Library Advisory Committee,,,,crm_import
15018,1,15287,Committee,Library Advisory Committee,Member Leader,1950,1954,crm_import
15019,1,16204,Committee,Library Advisory Committee,Committee Chair,2014,2016,advancement_entry
15020,1,3445,Committee,Library Advisory Committee,,,,crm_import
15021,1,12190,Committee,Library Advisory Committee,,2020,2023,online
15022,1,146,Committee,Library Advisory Committee,,2009,2013,advancement_entry
15023,1,19184,Committee,Library Advisory Committee,,2009,2012,crm_import
15024,1,5311,Committee,Library Advisory Committee,,1999,2002,crm_import
15025,1,11503,Committee,Library Advisory Committee,,,,online
15026,1,3849,Committee,Library Advisory Committee,,,,crm_import
15027,1,14494,Committee,Library Advisory Committee,,,,crm_import
15028,1,9988,Committee,Library Advisory Committee,,2021,2022,crm_import
15029,1,14060,Committee,Library Advisory Committee,,,,online
15030,1,13124,Committee,Library Advisory Committee,,,,crm_import
15031,1,18588,Committee,Library Advisory Committee,,2012,2014,online
15032,1,17521,Committee,Library Advisory Committee,,,,crm_import
15033,1,19401,Committee,Library Advisory Committee,,2020,2023,online
15034,1,8149,Committee,Library Advisory Committee,,,,crm_import
15035,1,15555,Committee,Library Advisory Committee,,1997,2000,crm_import
15036,1,162,Committee,Library Advisory Committee,,,,advancement_entry
15037,1,17803,Committee,Library Advisory Committee,,2023,2026,crm_import
15038,1,13296,Committee,Library Advisory Committee,,1995,1999,crm_import
15039,1,10290,Committee,Library Advisory Committee,,1998,2002,crm_import
15040,1,9902,Committee,Library Advisory Committee,,2000,2003,crm_import
15041,1,1924,Committee,Library Advisory Committee,Committee Chair,1984,1986,crm_import
15042,1,12000,Committee,Library Advisory Committee,,1970,1974,crm_import
15043,1,16906,Committee,Library Advisory Committee,,,,crm_import
15044,1,6827,Committee,Library Advisory Committee,,,,crm_import
15045,1,14840,Committee,Library Advisory Committee,,1979,1983,online
15046,1,11766,Committee,Library Advisory Committee,,2012,2015,crm_import
15047,1,1985,Committee,Library Advisory Committee,Committee Chair,,,advancement_entry
15048,1,10184,Committee,Library Advisory Committee,,1965,1969,online
15049,1,13504,Committee,Library Advisory Committee,Committee Chair,,,online
15050,1,1792,Committee,Library Advisory Committee,,2024,2025,crm_import
15051,1,2281,Committee,Library Advisory Committee,,2024,2026,advancement_entry
15052,1,3877,Committee,Library Advisory Committee,,1997,2001,crm_import
15053,1,12396,Committee,Library Advisory Committee,Secretary,2020,2022,online
15054,1,13469,Committee,Library Advisory Committee,,1966,1969,crm_import
15055,1,8072,Committee,Library Advisory Committee,Secretary,1963,1966,crm_import
15056,1,8980,Committee,Library Advisory Committee,,2012,2015,crm_import
15057,1,5603,Committee,Library Advisory Committee,,,,crm_import
15058,1,5982,Committee,Library Advisory Committee,,2021,2023,crm_import
15059,1,7299,Committee,Library Advisory Committee,,1980,1983,online
15060,1,13712,Committee,Library Advisory Committee,,,,advancement_entry
15061,1,14063,Committee,Scholarship Selection Committee,,,,crm_import
15062,1,1518,Committee,Scholarship Selection Committee,,2013,2016,online
15063,1,19553,Committee,Scholarship Selection Committee,,,,crm_import
15064,1,282,Committee,Scholarship Selection Committee,Committee Chair,2019,2023,online
15065,1,15695,Committee,Scholarship Selection Committee,,2004,2007,crm_import
15066,1,19333,Committee,Scholarship Selection Committee,,2006,2009,crm_import
15067,1,10740,Committee,Scholarship Selection Committee,Secretary,,,crm_import
15068,1,17860,Committee,Scholarship Selection Committee,,2022,2025,online
15069,1,19752,Committee,Scholarship Selection Committee,,,,crm_import
15070,1,16802,Committee,Scholarship Selection Committee,,,,crm_import
15071,1,17472,Committee,Scholarship Selection Committee,,1971,1973,online
15072,1,13461,Committee,Scholarship Selection Committee,,2000,2004,advancement_entry
15073,1,12176,Committee,Scholarship Selection Committee,,,,online
15074,1,7281,Committee,Scholarship Selection Committee,Secretary,2010,2014,crm_import
15075,1,5270,Committee,Scholarship Selection Committee,,2015,2017,crm_import
15076,1,10058,Committee,Scholarship Selection Committee,,2024,2026,crm_import
15077,1,4749,Committee,Scholarship Selection Committee,,2017,2021,online
15078,1,7712,Committee,Scholarship Selection Committee,,2019,2020,crm_import
15079,1,8651,Committee,Scholarship Selection Committee,,,,crm_import
15080,1,6514,Committee,Scholarship Selection Committee,,2013,2015,crm_import
15081,1,5544,Committee,Scholarship Selection Committee,,1996,1999,crm_import
15082,1,5656,Committee,Scholarship Selection Committee,,2018,2020,crm_import
15083,1,7197,Committee,Scholarship Selection Committee,,1970,1974,crm_import
15084,1,19566,Committee,Scholarship Selection Committee,,2015,2019,crm_import
15085,1,19554,Committee,Scholarship Selection Committee,,2002,2006,crm_import
15086,1,10310,Committee,Scholarship Selection Committee,,,,crm_import
15087,1,2752,Committee,Scholarship Selection Committee,,2022,2026,crm_import
15088,1,7837,Committee,Scholarship Selection Committee,Committee Chair,2007,2011,crm_import
15089,1,7295,Committee,Scholarship Selection Committee,,1970,1974,online
15090,1,6598,Committee,Scholarship Selection Committee,,1963,1966,crm_import
15091,1,14969,Committee,Scholarship Selection Committee,,2024,2026,crm_import
15092,1,13962,Committee,Scholarship Selection Committee,,,,online
15093,1,17842,Committee,Scholarship Selection Committee,,2019,2023,crm_import
15094,1,16539,Committee,Scholarship Selection Committee,,2003,2006,crm_import
15095,1,10909,Committee,Scholarship Selection Committee,,1977,1979,online
15096,1,14533,Committee,Scholarship Selection Committee,Committee Chair,1995,1999,crm_import
15097,1,3183,Committee,Scholarship Selection Committee,,2015,2019,crm_import
15098,1,5905,Committee,Scholarship Selection Committee,,2023,2024,crm_import
15099,1,16372,Committee,Scholarship Selection Committee,,2020,2024,online
15100,1,17366,Committee,Scholarship Selection Committee,,2004,2006,crm_import
15101,1,11003,Committee,Scholarship Selection Committee,,,,crm_import
15102,1,5910,Committee,Scholarship Selection Committee,,2013,2017,online
15103,1,3748,Committee,Scholarship Selection Committee,,2000,2003,online
15104,1,5265,Committee,Scholarship Selection Committee,,,,crm_import
15105,1,1385,Committee,Scholarship Selection Committee,,,,crm_import
15106,1,9423,Committee,Scholarship Selection Committee,,,,crm_import
15107,1,2121,Committee,Scholarship Selection Committee,,,,crm_import
15108,1,7603,Committee,Scholarship Selection Committee,,,,crm_import
15109,1,3722,Committee,Scholarship Selection Committee,,2022,2024,crm_import
15110,1,7700,Committee,Scholarship Selection Committee,,,,crm_import
15111,1,807,Committee,Scholarship Selection Committee,Secretary,,,online
15112,1,9510,Committee,Scholarship Selection Committee,,1981,1983,online
15113,1,18909,Committee,Scholarship Selection Committee,,,,crm_import
15114,1,2358,Committee,Scholarship Selection Committee,,2020,2021,crm_import
15115,1,14100,Committee,Scholarship Selection Committee,,2020,2023,crm_import
15116,1,2458,Committee,Scholarship Selection Committee,,1956,1960,crm_import
15117,1,8383,Committee,Scholarship Selection Committee,Secretary,2019,2023,crm_import
15118,1,4063,Committee,Scholarship Selection Committee,,1975,1977,crm_import
15119,1,1110,Committee,Scholarship Selection Committee,,1962,1965,crm_import
15120,1,4558,Committee,Scholarship Selection Committee,,2007,2011,crm_import
15121,1,3573,Committee,Scholarship Selection Committee,Secretary,2020,2024,crm_import
15122,1,9317,Committee,Scholarship Selection Committee,,1986,1989,online
15123,1,15969,Committee,Scholarship Selection Committee,,2022,2025,crm_import
15124,1,611,Committee,Scholarship Selection Committee,,1993,1995,crm_import
15125,1,14872,Committee,Scholarship Selection Committee,,1990,1994,advancement_entry
15126,1,6824,Committee,Scholarship Selection Committee,Member Leader,1985,1987,advancement_entry
15127,1,7796,Committee,Scholarship Selection Committee,,2019,2021,crm_import
15128,1,14508,Committee,Scholarship Selection Committee,,2020,2024,online
15129,1,15014,Committee,Scholarship Selection Committee,,1992,1994,advancement_entry
15130,1,12409,Committee,Scholarship Selection Committee,,2020,2022,crm_import
15131,1,14876,Committee,Scholarship Selection Committee,,2021,2025,advancement_entry
15132,1,987,Committee,Scholarship Selection Committee,,1995,1997,crm_import
15133,1,16505,Committee,Scholarship Selection Committee,,2006,2009,crm_import
15134,1,11772,Committee,Scholarship Selection Committee,,2020,2023,crm_import
15135,1,4665,Committee,Scholarship Selection Committee,,,,online
15136,1,4481,Committee,Scholarship Selection Committee,,,,online
15137,1,9045,Committee,Scholarship Selection Committee,,2011,2014,crm_import
15138,1,7223,Committee,Scholarship Selection Committee,,1996,2000,online
15139,1,10464,Committee,Scholarship Selection Committee,,2019,2022,crm_import
15140,1,19940,Committee,Scholarship Selection Committee,,1989,1992,crm_import
15141,1,3104,Committee,Scholarship Selection Committee,,2007,2010,online
15142,1,10021,Committee,Scholarship Selection Committee,,2016,2019,crm_import
15143,1,3149,Committee,Scholarship Selection Committee,,,,crm_import
15144,1,12117,Committee,Scholarship Selection Committee,,1985,1989,advancement_entry
15145,1,19278,Committee,Scholarship Selection Committee,,1990,1992,crm_import
