id,school_id,constituent_id,employer,job_title,industry,started_at,ended_at,is_current,recorded_at,record_source
1,1,14201,Lakeshore Media,Managing Director,Media,2021-11-08,,true,2024-07-04,profile_enrichment
2,1,8738,Blue Lantern Technologies,Director of Product,Technology,2020-04-01,2025-11-30,false,2024-02-10,profile_enrichment
3,1,8738,Blue Lantern Technologies,Vice President of Product,Technology,2025-12-01,,true,2026-01-12,profile_enrichment
4,1,7912,Summit Grove Partners,Associate,Financial Services,2025-01-10,,true,2025-04-13,crm_import
5,1,14032,Redwood Holdings,President,Manufacturing,2015-05-10,,true,2019-07-09,crm_import
6,1,15674,Youth Arts Collaborative,Director of Programs,Nonprofit,2019-02-03,,true,2022-07-24,crm_import
7,1,19391,Granite Advisory,Vice President of Finance,Financial Services,2023-09-25,2025-10-14,false,2025-10-14,crm_import
8,1,19391,Granite Advisory,Chief Financial Officer,Financial Services,2025-10-15,,true,2026-04-20,profile_enrichment
9,1,14456,Silver Maple Holdings,Senior Finance Manager,Financial Services,2013-10-31,,true,2016-09-13,profile_enrichment
10,1,6164,Regional Health Partners,Program Manager,Healthcare,2021-04-18,,true,2026-03-24,profile_enrichment
11,1,626,Stonebridge Financial,Chief Financial Officer,Financial Services,2023-07-29,,true,2026-08-14,profile_enrichment
12,1,7913,Metro Community Foundation,Director of Programs,Nonprofit,2024-11-12,,true,2025-01-11,profile_enrichment
13,1,2548,Youth Arts Collaborative,Senior Program Manager,Nonprofit,2023-03-01,,true,2023-12-05,crm_import
14,1,1815,Summit Grove Partners,Finance Manager,Financial Services,2020-02-09,2024-09-22,false,2024-09-22,crm_import
15,1,1815,Stonebridge Financial,Associate,Financial Services,2014-09-28,2020-02-08,false,2020-02-08,crm_import
16,1,1815,Summit Grove Partners,Senior Finance Manager,Financial Services,2024-09-23,,true,2025-11-09,crm_import
17,1,6236,Regional Health Partners,Director of Operations,Healthcare,2018-08-18,,true,2023-04-16,profile_enrichment
18,1,12514,Mariner Media Group,Managing Director,Media,2016-04-05,2019-03-28,false,2019-03-28,profile_enrichment
19,1,12514,Neighborhood Business Alliance,Part-Time Lecturer,Consulting,2016-03-30,2019-09-12,false,2019-09-12,profile_enrichment
20,1,12514,Orchard Studio,President,Media,2019-03-29,,true,2023-11-25,profile_enrichment
21,1,9549,Summit Grove Partners,Finance Manager,Financial Services,2014-02-26,,true,2015-10-25,profile_enrichment
22,1,12973,Clearwater Manufacturing,Vice President of Operations,Manufacturing,2014-07-31,2019-01-01,false,2019-01-01,profile_enrichment
23,1,12973,Arcfield Manufacturing,Director of Operations,Manufacturing,2008-10-21,2014-07-30,false,2014-07-30,crm_import
24,1,12973,Redwood Holdings,President,Manufacturing,2019-12-14,,true,2021-10-09,crm_import
25,1,3300,Cedar Ridge Education,Department Chair,Education,2021-08-16,2024-11-28,false,2024-11-28,profile_enrichment
26,1,3300,Juniper Education Group,Professor,Education,2019-03-03,2021-08-15,false,2021-08-15,crm_import
27,1,3300,Open Learning Network,Associate Professor,Education,2015-11-21,2018-06-27,false,2018-06-27,crm_import
28,1,3300,Cedar Ridge Education,Dean,Education,2024-11-29,,true,2025-02-18,crm_import
29,1,13403,Youth Arts Collaborative,Program Coordinator,Nonprofit,2021-09-15,2024-06-14,false,2024-06-14,crm_import
30,1,13403,Metro Community Foundation,Program Manager,Nonprofit,2025-07-23,,true,2026-02-06,profile_enrichment
31,1,6870,Regional Health Partners,Senior Program Manager,Healthcare,2022-01-24,2025-03-07,false,2025-03-07,crm_import
32,1,6870,Regional Health Partners,Program Manager,Healthcare,2017-11-06,2022-01-23,false,2022-01-23,crm_import
33,1,6870,Regional Health Partners,Director of Operations,Healthcare,2025-03-08,,true,2026-08-28,profile_enrichment
34,1,6930,Mariner Media Group,Managing Director,Media,2024-04-20,,true,2025-12-16,crm_import
35,1,9589,Beacon Software Group,Software Engineer,Technology,2026-04-01,,true,2026-06-21,crm_import
36,1,10576,Stonebridge Financial,Senior Finance Manager,Financial Services,2017-11-14,,true,2025-07-09,crm_import
37,1,14894,Pinecrest Partners,General Counsel,Legal Services,2019-10-21,,true,2020-03-16,crm_import
38,1,1640,Blue Lantern Technologies,Vice President of Engineering,Technology,2013-12-16,,true,2021-01-28,profile_enrichment
39,1,16994,Northbridge Academy,Associate Professor,Education,2019-07-15,2023-04-18,false,2023-04-18,profile_enrichment
40,1,16994,Juniper Education Group,Professor,Education,2023-04-19,,true,2024-10-21,profile_enrichment
41,1,1688,Open Learning Network,Department Chair,Education,2021-05-31,2025-09-10,false,2025-09-10,profile_enrichment
42,1,1688,Juniper Education Group,Professor,Education,2015-10-12,2021-05-30,false,2021-05-30,crm_import
43,1,1688,Open Learning Network,Associate Professor,Education,2012-06-19,2015-10-11,false,2015-10-11,profile_enrichment
44,1,1688,Open Learning Network,Dean,Education,2025-09-11,,true,2026-02-25,crm_import
45,1,469,Metro Community Foundation,Vice President of Programs,Nonprofit,2011-11-10,,true,2025-02-25,crm_import
46,1,14556,Clearwater Health Group,Program Manager,Healthcare,2010-02-28,2016-02-01,false,2016-02-01,crm_import
47,1,14556,Harborline Health,Program Analyst,Healthcare,2006-01-22,2010-02-27,false,2010-02-27,crm_import
48,1,14556,Harborline Health,Program Analyst,Healthcare,2000-02-05,2006-01-21,false,2006-01-21,crm_import
49,1,14556,Arcfield Medical,Senior Program Manager,Healthcare,2016-02-02,,true,2026-03-04,crm_import
50,1,19806,Metro Community Foundation,Program Manager,Nonprofit,2014-08-22,2020-01-25,false,2020-01-25,profile_enrichment
51,1,19806,Youth Arts Collaborative,Senior Program Manager,Nonprofit,2020-01-26,,true,2026-01-26,profile_enrichment
52,1,2632,Cedar & Finch Consulting,Managing Counsel,Legal Services,2025-11-17,,true,2026-07-03,crm_import
53,1,5649,Silver Maple Holdings,Senior Finance Manager,Financial Services,2015-04-13,2020-04-26,false,2020-04-26,crm_import
54,1,5649,Stonebridge Financial,Finance Manager,Financial Services,2021-01-14,,true,2025-06-16,crm_import
55,1,7415,Beacon Software Group,Vice President of Engineering,Technology,2014-11-26,,true,2024-10-17,crm_import
56,1,12173,Northstar Systems,,Technology,2023-04-29,,true,2026-06-29,profile_enrichment
57,1,10444,Harborline Health,Vice President of Operations,Healthcare,2014-09-25,,true,2026-05-08,crm_import
58,1,12342,Arcfield Medical,Vice President of Operations,Healthcare,2021-09-28,,true,2023-04-28,crm_import
59,1,15934,Regional Health Initiative,Strategic Advisor,Education,2015-12-06,2017-07-19,false,2017-07-19,profile_enrichment
60,1,15934,Northstar Systems,Software Engineer,Technology,2017-06-08,,true,2019-03-02,crm_import
61,1,8785,Northstar Systems,Director of Engineering,Technology,2013-03-20,2016-10-02,false,2016-10-02,crm_import
62,1,8785,Blue Lantern Technologies,Engineering Manager,Technology,2007-04-01,2013-03-19,false,2013-03-19,crm_import
63,1,8785,Blue Lantern Technologies,Vice President of Engineering,Technology,2016-10-03,,true,2019-10-09,crm_import
64,1,19059,Metro Community Foundation,Director of Programs,Nonprofit,2022-06-25,2026-04-02,false,2026-04-02,profile_enrichment
65,1,19059,Youth Arts Collaborative,Senior Program Manager,Nonprofit,2017-10-27,2022-06-24,false,2022-06-24,crm_import
66,1,19059,Metro Community Foundation,Vice President of Programs,Nonprofit,2026-04-03,,true,2026-04-08,crm_import
67,1,8135,Summit Grove Partners,Finance Manager,Financial Services,2008-05-20,2013-01-15,false,2013-01-15,profile_enrichment
68,1,8135,Stonebridge Financial,Senior Finance Manager,Financial Services,2013-01-16,,true,2025-02-16,crm_import
69,1,13559,Orchard Studio,Senior Producer,Media,2010-03-11,2014-01-28,false,2014-01-28,crm_import
70,1,13559,Mariner Media Group,Program Director,Media,2014-01-29,,true,2026-07-05,crm_import
71,1,6806,Summit Grove Partners,Chief Financial Officer,Financial Services,2008-04-06,2013-03-21,false,2013-03-21,crm_import
72,1,6806,Summit Grove Partners,Director of Finance,Financial Services,2001-09-04,2007-02-04,false,2007-02-04,crm_import
73,1,6806,Summit Grove Partners,Chief Financial Officer,Financial Services,2014-02-06,,true,2024-10-05,profile_enrichment
74,1,7425,Clearwater Health Group,Director of Operations,Healthcare,2021-07-04,2026-03-05,false,2026-03-05,profile_enrichment
75,1,7425,Clearwater Health Group,Senior Program Manager,Healthcare,2019-06-20,2021-07-03,false,2021-07-03,crm_import
76,1,7425,Clearwater Health Group,Vice President of Operations,Healthcare,2026-03-06,,true,2026-03-19,profile_enrichment
77,1,6861,Northstar Systems,Vice President of Engineering,Technology,2021-08-26,2025-03-24,false,2025-03-24,crm_import
78,1,6861,Northstar Systems,Director of Engineering,Technology,2016-07-21,2021-03-19,false,2021-03-19,profile_enrichment
79,1,6861,Northstar Systems,Chief Technology Officer,Technology,2025-03-25,,true,2026-07-29,profile_enrichment
80,1,13961,Mariner Labs,Engineering Manager,Technology,2009-11-11,2012-11-15,false,2012-11-15,crm_import
81,1,13961,Blue Lantern Technologies,Senior Software Engineer,Technology,2012-11-16,,true,2015-01-31,crm_import
82,1,1760,Mariner Labs,Vice President of Engineering,Technology,2013-06-03,,true,2014-06-28,profile_enrichment
83,1,4482,Community Innovation Council,Director of Programs,Nonprofit,2020-03-04,2024-12-23,false,2024-12-23,crm_import
84,1,4482,Community Innovation Council,Vice President of Programs,Nonprofit,2024-12-24,,true,2025-02-09,profile_enrichment
85,1,2152,Clearwater Health Group,Vice President of Operations,Healthcare,2023-05-14,2025-12-20,false,2025-12-20,profile_enrichment
86,1,2152,Harborline Health,Director of Operations,Healthcare,2020-06-20,2023-02-22,false,2023-02-22,crm_import
87,1,2152,Arcfield Medical,Senior Program Manager,Healthcare,2015-12-01,2019-07-16,false,2019-07-16,crm_import
88,1,2152,Clearwater Health Group,Chief Operating Officer,Healthcare,2025-12-21,,true,2026-08-20,crm_import
89,1,7677,Orchard Studio,Senior Producer,Media,2013-02-03,,true,2024-09-15,profile_enrichment
90,1,15431,Metro Community Foundation,Program Coordinator,Nonprofit,2018-09-24,2022-05-09,false,2022-05-09,crm_import
91,1,15431,Metro Community Foundation,Program Coordinator,Nonprofit,2016-08-02,2018-09-23,false,2018-09-23,crm_import
92,1,15431,CivicWorks Collaborative,Program Manager,Nonprofit,2023-04-14,,true,2026-03-21,crm_import
93,1,15629,Orchard Studio,President,Media,2022-11-29,,true,2026-06-13,profile_enrichment
94,1,4925,Juniper Education Group,Department Chair,Education,2014-11-14,,true,2019-03-20,crm_import
95,1,19216,Clearwater Manufacturing,Operations Manager,Manufacturing,2017-05-11,2023-04-24,false,2023-04-24,profile_enrichment
96,1,19216,Redwood Holdings,Operations Analyst,Manufacturing,2014-10-23,2017-05-10,false,2017-05-10,profile_enrichment
97,1,19216,Redwood Holdings,Senior Operations Manager,Manufacturing,2023-04-25,,true,2025-04-09,profile_enrichment
98,1,3005,Summit Grove Partners,Finance Manager,Financial Services,2015-10-27,,true,2018-03-02,crm_import
99,1,6179,Redwood Holdings,Director of Operations,Manufacturing,2014-02-27,2017-06-28,false,2017-06-28,crm_import
100,1,6179,Granite Industrial Group,Senior Operations Manager,Manufacturing,2010-05-09,2013-09-27,false,2013-09-27,profile_enrichment
101,1,6179,Redwood Holdings,Vice President of Operations,Manufacturing,2017-06-29,,true,2025-12-11,profile_enrichment
102,1,790,Community Innovation Council,Director of Programs,Nonprofit,2020-11-02,,true,2024-10-24,crm_import
103,1,9284,Regional Health Partners,Program Manager,Healthcare,2014-11-10,2020-02-04,false,2020-02-04,profile_enrichment
104,1,9284,Harborline Health,Program Analyst,Healthcare,2011-06-29,2013-10-23,false,2013-10-23,profile_enrichment
105,1,9284,Harborline Health,Senior Program Manager,Healthcare,2020-02-05,,true,2021-07-25,crm_import
106,1,7419,Northbridge Academy,Professor,Education,2018-06-15,,true,2018-11-06,crm_import
107,1,9590,Lakeshore Media,Managing Director,Media,2025-06-13,,true,2025-09-25,profile_enrichment
108,1,11904,CivicWorks Collaborative,Director of Programs,Nonprofit,2012-03-02,,true,2013-09-20,profile_enrichment
109,1,7391,Cedar Ridge Education,Associate Professor,Education,2019-12-03,,true,2026-05-17,crm_import
110,1,10172,Northstar Systems,Chief Technology Officer,Technology,2025-11-12,,true,2026-04-18,profile_enrichment
111,1,9191,Cedar & Finch Consulting,Legal Analyst,Legal Services,2019-05-07,2021-10-24,false,2021-10-24,crm_import
112,1,9191,Harbor Street Counsel,Legal Analyst,Legal Services,2015-01-27,2019-05-06,false,2019-05-06,crm_import
113,1,9191,Harbor Street Counsel,Legal Analyst,Legal Services,2012-04-02,2015-01-26,false,2015-01-26,crm_import
114,1,9191,Pinecrest Partners,Associate Counsel,Legal Services,2021-10-25,,true,2023-06-07,profile_enrichment
115,1,6915,Granite Advisory,Vice President of Finance,Financial Services,2013-04-16,2016-02-09,false,2016-02-09,crm_import
116,1,6915,Stonebridge Financial,Director of Finance,Financial Services,2010-10-21,2013-04-15,false,2013-04-15,crm_import
117,1,6915,Granite Advisory,Chief Financial Officer,Financial Services,2016-02-10,,true,2019-09-04,profile_enrichment
118,1,1713,Beacon Legal Group,Senior Counsel,Legal Services,2023-04-02,2025-09-25,false,2025-09-25,crm_import
119,1,1713,Beacon Legal Group,Managing Counsel,Legal Services,2025-09-26,,true,2026-08-31,crm_import
120,1,16610,Granite Industrial Group,Senior Operations Manager,Manufacturing,2023-12-30,,true,2026-03-15,crm_import
121,1,7279,Summit Grove Partners,Associate,Financial Services,2021-03-20,2023-09-30,false,2023-09-30,crm_import
122,1,7279,Stonebridge Financial,Analyst,Financial Services,2015-05-07,2021-03-19,false,2021-03-19,profile_enrichment
123,1,7279,Stonebridge Financial,Finance Manager,Financial Services,2025-02-04,,true,2026-02-04,profile_enrichment
124,1,15548,Granite Advisory,Associate,Financial Services,2026-05-10,,true,2026-05-26,profile_enrichment
125,1,12800,Granite Industrial Group,Vice President of Operations,Manufacturing,2021-03-02,2024-12-10,false,2024-12-10,profile_enrichment
126,1,12800,Arcfield Manufacturing,President,Manufacturing,2024-12-11,,true,2026-01-29,profile_enrichment
127,1,8241,Granite Industrial Group,Director of Operations,Manufacturing,2022-07-25,2026-07-02,false,2026-07-02,profile_enrichment
128,1,8241,Granite Industrial Group,Vice President of Operations,Manufacturing,2026-07-03,,true,2026-07-09,profile_enrichment
129,1,12060,CivicWorks Collaborative,Senior Program Manager,Nonprofit,2022-07-22,2025-10-26,false,2025-10-26,profile_enrichment
130,1,12060,Metro Community Foundation,Program Manager,Nonprofit,2018-03-24,2022-07-21,false,2022-07-21,crm_import
131,1,12060,Metro Community Foundation,Program Coordinator,Nonprofit,2013-01-08,2018-03-23,false,2018-03-23,profile_enrichment
132,1,12060,CivicWorks Collaborative,Director of Programs,Nonprofit,2025-10-27,,true,2026-08-17,crm_import
133,1,7739,Granite Advisory,Vice President of Finance,Financial Services,2007-07-24,2011-03-20,false,2011-03-20,profile_enrichment
134,1,7739,Granite Advisory,Chief Financial Officer,Financial Services,2011-03-21,,true,2017-03-31,profile_enrichment
135,1,18834,Lakeshore Media,President,Media,2016-12-11,2021-06-19,false,2021-06-19,crm_import
136,1,18834,Lakeshore Media,President,Media,2021-06-20,,true,2023-06-26,crm_import
137,1,17181,Northbridge Academy,Department Chair,Education,2020-02-19,2024-06-19,false,2024-06-19,crm_import
138,1,17181,Juniper Education Group,Professor,Education,2016-01-25,2019-05-08,false,2019-05-08,crm_import
139,1,17181,Northbridge Academy,Dean,Education,2025-08-17,,true,2025-12-31,profile_enrichment
140,1,14248,Redwood Holdings,,Manufacturing,2013-09-17,,true,2023-01-02,profile_enrichment
141,1,2925,Granite Advisory,Chief Financial Officer,Financial Services,2018-01-15,,true,2023-09-08,profile_enrichment
142,1,2207,Granite Advisory,,Financial Services,2015-12-14,,true,2017-05-15,crm_import
143,1,12739,Summit Grove Partners,Vice President of Finance,Financial Services,2007-02-04,2013-01-20,false,2013-01-20,crm_import
144,1,12739,Silver Maple Holdings,Director of Finance,Financial Services,2003-07-25,2007-02-03,false,2007-02-03,crm_import
145,1,12739,Summit Grove Partners,Senior Finance Manager,Financial Services,1999-05-04,2003-07-24,false,2003-07-24,profile_enrichment
146,1,12739,Silver Maple Holdings,Chief Financial Officer,Financial Services,2013-01-21,,true,2017-06-21,profile_enrichment
147,1,12000,Northbridge Academy,Professor,Education,2022-01-07,2025-01-03,false,2025-01-03,profile_enrichment
148,1,12000,Northbridge Academy,Department Chair,Education,2025-01-04,,true,2026-06-02,profile_enrichment
149,1,3890,Granite Industrial Group,Operations Manager,Manufacturing,2014-08-24,,true,2019-12-10,profile_enrichment
150,1,13693,Northstar Systems,Engineering Manager,Technology,2020-05-27,2022-07-25,false,2022-07-25,profile_enrichment
151,1,13693,Mariner Labs,Senior Software Engineer,Technology,2014-10-06,2020-05-26,false,2020-05-26,profile_enrichment
152,1,13693,Northstar Systems,Director of Engineering,Technology,2022-07-26,,true,2024-10-06,profile_enrichment
153,1,13038,Silver Maple Holdings,Chief Financial Officer,Financial Services,2011-11-10,,true,2013-02-28,crm_import
154,1,18371,Youth Arts Collaborative,Director of Programs,Nonprofit,2019-01-20,,true,2024-08-04,crm_import
155,1,9335,Open Learning Network,Associate Professor,Education,2017-11-08,,true,2017-11-13,profile_enrichment
156,1,7005,Blue Lantern Technologies,Senior Software Engineer,Technology,2020-04-02,,true,2021-04-30,profile_enrichment
157,1,7502,Mariner Media Group,Senior Producer,Media,2018-06-14,,true,2024-02-20,profile_enrichment
158,1,7435,Summit Grove Partners,Chief Financial Officer,Financial Services,2025-09-04,,true,2026-01-11,crm_import
159,1,12041,Clearwater Manufacturing,Senior Operations Manager,Manufacturing,2019-05-04,,true,2021-07-26,crm_import
160,1,4524,CivicWorks Collaborative,Senior Program Manager,Nonprofit,2025-03-07,,true,2025-05-30,profile_enrichment
161,1,10650,Clearwater Health Group,Director of Operations,Healthcare,2013-10-27,2019-02-23,false,2019-02-23,crm_import
162,1,10650,Regional Health Partners,Senior Program Manager,Healthcare,2010-06-12,2012-08-11,false,2012-08-11,crm_import
163,1,10650,Regional Health Partners,Program Manager,Healthcare,2008-06-03,2010-06-11,false,2010-06-11,crm_import
164,1,10650,Harborline Health,Vice President of Operations,Healthcare,2019-02-24,,true,2025-01-26,crm_import
165,1,15034,Lakeshore Media,Producer,Media,2010-05-28,,true,2025-03-25,profile_enrichment
166,1,14923,Cedar Ridge Education,Department Chair,Education,2016-07-21,,true,2017-06-08,profile_enrichment
167,1,886,Clearwater Health Group,Vice President of Operations,Healthcare,2008-08-14,2014-07-09,false,2014-07-09,crm_import
168,1,886,Harborline Health,Director of Operations,Healthcare,2004-12-14,2008-08-13,false,2008-08-13,profile_enrichment
169,1,886,Arcfield Medical,,Healthcare,2014-07-10,,true,2020-01-16,crm_import
170,1,16388,Harborline Health,Program Manager,Healthcare,2022-05-02,,true,2023-09-13,profile_enrichment
171,1,877,Blue Lantern Technologies,Senior Software Engineer,Technology,2014-03-02,2019-10-18,false,2019-10-18,crm_import
172,1,877,Blue Lantern Technologies,Engineering Manager,Technology,2019-10-19,,true,2024-05-05,crm_import
173,1,5515,Clearwater Health Group,Vice President of Operations,Healthcare,2012-10-29,2016-10-28,false,2016-10-28,crm_import
174,1,5515,Arcfield Medical,Chief Operating Officer,Healthcare,2016-10-29,,true,2026-01-26,crm_import
175,1,9813,CivicWorks Collaborative,Director of Programs,Nonprofit,2019-10-04,2025-07-03,false,2025-07-03,crm_import
176,1,9813,Metro Community Foundation,Senior Program Manager,Nonprofit,2014-04-19,2019-10-03,false,2019-10-03,crm_import
177,1,9813,Community Innovation Council,Program Manager,Nonprofit,2011-09-23,2013-10-18,false,2013-10-18,crm_import
178,1,9813,CivicWorks Collaborative,Vice President of Programs,Nonprofit,2025-07-04,,true,2026-06-11,profile_enrichment
179,1,7960,Beacon Legal Group,Associate Counsel,Legal Services,2021-06-04,,true,2022-02-25,profile_enrichment
180,1,3533,Orchard Studio,Producer,Media,2025-01-22,,true,2026-07-19,profile_enrichment
181,1,5510,Mariner Media Group,Program Director,Media,2021-10-05,2024-12-29,false,2024-12-29,profile_enrichment
182,1,5510,Mariner Media Group,Senior Producer,Media,2017-11-26,2021-07-21,false,2021-07-21,crm_import
183,1,5510,Mariner Media Group,Managing Director,Media,2024-12-30,,true,2025-06-06,profile_enrichment
184,1,4683,Juniper Education Group,Assistant Professor,Education,2012-06-29,,true,2018-08-19,profile_enrichment
185,1,17807,Open Learning Network,Dean,Education,2015-04-09,,true,2023-02-15,crm_import
186,1,7215,Youth Arts Collaborative,Vice President of Programs,Nonprofit,2018-04-01,,true,2024-06-28,profile_enrichment
187,1,11870,Granite Industrial Group,Director of Operations,Manufacturing,2022-07-28,,true,2026-03-28,crm_import
188,1,1437,Youth Arts Collaborative,Program Manager,Nonprofit,2023-11-19,,true,2024-09-07,profile_enrichment
189,1,8441,Granite Advisory,Analyst,Financial Services,2020-12-01,2023-03-09,false,2023-03-09,crm_import
190,1,8441,Summit Grove Partners,Associate,Financial Services,2023-03-10,,true,2026-03-26,profile_enrichment
191,1,17657,Juniper Education Group,,Education,2011-08-27,,true,2024-08-28,profile_enrichment
192,1,4442,Orchard Studio,Managing Director,Media,2011-11-12,,true,2024-12-08,profile_enrichment
193,1,17268,Beacon Software Group,Chief Technology Officer,Technology,2015-02-14,2019-09-11,false,2019-09-11,crm_import
194,1,17268,Northstar Systems,Engineering Manager,Technology,2010-12-01,2015-02-13,false,2015-02-13,crm_import
195,1,17268,Mariner Labs,Senior Software Engineer,Technology,2008-10-06,2010-11-30,false,2010-11-30,crm_import
196,1,17268,Beacon Software Group,Vice President of Engineering,Technology,2019-09-12,,true,2025-06-24,crm_import
197,1,16369,Granite Industrial Group,Director of Operations,Manufacturing,2022-05-04,2025-08-11,false,2025-08-11,profile_enrichment
198,1,16369,Granite Industrial Group,Senior Operations Manager,Manufacturing,2019-03-15,2022-05-03,false,2022-05-03,crm_import
199,1,16369,Granite Industrial Group,Vice President of Operations,Manufacturing,2025-08-12,,true,2026-02-14,crm_import
200,1,11419,Harborline Health,Vice President of Operations,Healthcare,2021-07-03,2026-07-03,false,2026-07-03,profile_enrichment
201,1,11419,Harborline Health,Director of Operations,Healthcare,2019-03-31,2021-07-02,false,2021-07-02,crm_import
202,1,11419,Neighborhood Business Alliance,Volunteer Treasurer,Nonprofit,2024-06-08,2026-08-31,false,2026-08-31,profile_enrichment
203,1,11419,Harborline Health,Chief Operating Officer,Healthcare,2026-07-04,,true,2026-08-26,profile_enrichment
204,1,19053,Community Innovation Council,Senior Program Manager,Nonprofit,2013-02-01,,true,2020-10-15,profile_enrichment
205,1,4053,Harbor Street Counsel,Senior Counsel,Legal Services,2016-12-31,,true,2022-11-18,profile_enrichment
206,1,8165,Youth Arts Collaborative,Director of Programs,Nonprofit,2025-02-13,,true,2025-07-24,profile_enrichment
207,1,5154,Redwood Holdings,Director of Operations,Manufacturing,2020-06-25,,true,2023-12-05,crm_import
208,1,2140,Beacon Legal Group,Senior Counsel,Legal Services,2017-02-18,,true,2024-01-28,profile_enrichment
209,1,10274,Regional Health Partners,Director of Operations,Healthcare,2017-03-15,,true,2018-03-10,profile_enrichment
210,1,1634,Lakeshore Media,Program Director,Media,2012-12-06,,true,2016-03-03,crm_import
211,1,213,Summit Grove Partners,Vice President of Finance,Financial Services,2024-12-05,,true,2025-05-02,profile_enrichment
212,1,2132,Northstar Systems,Chief Technology Officer,Technology,2019-10-07,,true,2021-02-11,profile_enrichment
213,1,1784,Open Learning Network,Professor,Education,2020-06-20,,true,2021-01-17,profile_enrichment
214,1,347,Blue Lantern Technologies,Director of Engineering,Technology,2019-10-14,2023-12-25,false,2023-12-25,crm_import
215,1,347,Blue Lantern Technologies,Vice President of Engineering,Technology,2025-03-14,,true,2025-05-24,crm_import
216,1,19788,Youth Arts Collaborative,Vice President of Programs,Nonprofit,2025-12-22,,true,2026-07-14,profile_enrichment
217,1,2334,Youth Arts Collaborative,Senior Program Manager,Nonprofit,2013-05-01,2017-03-02,false,2017-03-02,crm_import
218,1,2334,CivicWorks Collaborative,Director of Programs,Nonprofit,2017-03-03,,true,2020-04-24,profile_enrichment
219,1,4426,Beacon Legal Group,Senior Counsel,Legal Services,2015-09-04,2018-01-15,false,2018-01-15,profile_enrichment
220,1,4426,Harbor Street Counsel,Counsel,Legal Services,2010-05-25,2015-09-03,false,2015-09-03,profile_enrichment
221,1,4426,Cedar & Finch Consulting,Associate Counsel,Legal Services,2005-07-15,2010-05-24,false,2010-05-24,profile_enrichment
222,1,4426,Harbor Street Counsel,Managing Counsel,Legal Services,2019-05-06,,true,2026-04-09,crm_import
223,1,1530,CivicWorks Collaborative,Senior Program Manager,Nonprofit,2013-05-21,,true,2014-07-25,crm_import
224,1,1242,Arcfield Medical,Director of Operations,Healthcare,2009-11-25,2015-09-11,false,2015-09-11,crm_import
225,1,1242,Harborline Health,Senior Program Manager,Healthcare,2006-07-24,2009-11-24,false,2009-11-24,crm_import
226,1,1242,Regional Health Partners,Vice President of Operations,Healthcare,2015-09-12,,true,2024-05-03,crm_import
227,1,3433,Mariner Labs,Director of Engineering,Technology,2012-02-13,,true,2017-07-18,profile_enrichment
228,1,4122,Redwood Creative,Managing Director,Media,2017-04-22,,true,2026-06-06,crm_import
229,1,6850,Pinecrest Partners,Counsel,Legal Services,2009-04-17,2015-01-26,false,2015-01-26,crm_import
230,1,6850,Beacon Legal Group,Associate Counsel,Legal Services,2006-05-14,2008-10-28,false,2008-10-28,crm_import
231,1,6850,Pinecrest Partners,Senior Counsel,Legal Services,2016-03-20,,true,2017-02-06,crm_import
232,1,7464,Youth Arts Collaborative,Vice President of Programs,Nonprofit,2026-01-19,,true,2026-03-03,profile_enrichment
233,1,16391,Arcfield Manufacturing,Vice President of Operations,Manufacturing,2016-02-20,2019-06-16,false,2019-06-16,crm_import
234,1,16391,Metro Community Foundation,Board Member,Nonprofit,2018-04-21,2019-10-08,false,2019-10-08,profile_enrichment
235,1,16391,Granite Industrial Group,President,Manufacturing,2019-06-17,,true,2026-03-14,crm_import
236,1,17593,CivicWorks Collaborative,Program Manager,Nonprofit,2022-08-31,,true,2024-04-05,profile_enrichment
237,1,19031,Harbor Street Counsel,Associate Counsel,Legal Services,2011-03-13,,true,2021-11-29,crm_import
238,1,1645,Northstar Systems,Senior Software Engineer,Technology,2020-05-17,2025-01-11,false,2025-01-11,crm_import
239,1,1645,Beacon Software Group,Software Engineer,Technology,2018-04-06,2020-05-16,false,2020-05-16,crm_import
240,1,1645,Northstar Systems,Engineering Manager,Technology,2025-01-12,,true,2025-03-26,profile_enrichment
241,1,17321,Neighborhood Business Alliance,Volunteer Treasurer,Education,2013-11-10,2016-02-29,false,2016-02-29,profile_enrichment
242,1,17321,Cedar Ridge Education,Assistant Professor,Education,2015-09-13,,true,2017-03-26,profile_enrichment
243,1,7824,Northstar Systems,Senior Software Engineer,Technology,2018-04-01,2021-12-13,false,2021-12-13,crm_import
244,1,7824,Northstar Systems,Analyst,Technology,2013-06-15,2018-03-31,false,2018-03-31,profile_enrichment
245,1,7824,Beacon Software Group,Software Engineer,Technology,2021-12-14,,true,2024-10-03,profile_enrichment
246,1,3065,Cedar & Finch Consulting,Counsel,Legal Services,2024-11-09,,true,2026-02-07,profile_enrichment
247,1,7807,Regional Health Partners,Program Manager,Healthcare,2005-11-05,2011-07-13,false,2011-07-13,profile_enrichment
248,1,7807,Clearwater Health Group,Program Analyst,Healthcare,1999-06-11,2004-06-24,false,2004-06-24,crm_import
249,1,7807,Regional Health Partners,Program Analyst,Healthcare,1993-08-22,1999-06-10,false,1999-06-10,profile_enrichment
250,1,7807,Clearwater Health Group,Senior Program Manager,Healthcare,2011-07-14,,true,2024-12-05,profile_enrichment
251,1,6339,Redwood Creative,Producer,Media,2013-04-15,2016-01-09,false,2016-01-09,crm_import
252,1,6339,Mariner Media Group,Coordinator,Media,2009-10-19,2012-10-07,false,2012-10-07,crm_import
253,1,6339,Lakeshore Media,Senior Producer,Media,2016-01-10,,true,2024-08-04,profile_enrichment
254,1,2651,Redwood Creative,President,Media,2019-06-21,,true,2022-01-16,crm_import
255,1,15843,Arcfield Medical,Senior Program Manager,Healthcare,2013-01-13,,true,2024-01-18,crm_import
256,1,19583,Open Learning Network,Associate Professor,Education,2025-02-24,,true,2025-11-30,profile_enrichment
257,1,19319,Lakeshore Media,Managing Director,Media,2012-08-16,,true,2014-08-16,profile_enrichment
258,1,10488,Silver Maple Holdings,Vice President of Finance,Financial Services,2009-06-28,2011-12-30,false,2011-12-30,profile_enrichment
259,1,10488,Summit Grove Partners,Chief Financial Officer,Financial Services,2012-04-08,,true,2020-02-13,profile_enrichment
260,1,18427,Redwood Holdings,President,Manufacturing,2024-09-18,,true,2025-07-16,crm_import
261,1,10501,Stonebridge Financial,Finance Manager,Financial Services,2020-05-31,,true,2021-05-02,profile_enrichment
262,1,4108,Mariner Labs,Chief Technology Officer,Technology,2014-11-26,,true,2020-06-07,profile_enrichment
263,1,18031,Beacon Legal Group,Managing Counsel,Legal Services,2014-11-08,2017-04-14,false,2017-04-14,crm_import
264,1,18031,Harbor Street Counsel,Senior Counsel,Legal Services,2011-06-15,2014-11-07,false,2014-11-07,crm_import
265,1,18031,Cedar & Finch Consulting,Counsel,Legal Services,2005-07-04,2010-10-21,false,2010-10-21,crm_import
266,1,18031,Beacon Legal Group,General Counsel,Legal Services,2018-01-16,,true,2022-05-13,profile_enrichment
267,1,12380,Stonebridge Financial,Director of Finance,Financial Services,2022-07-22,2025-10-28,false,2025-10-28,crm_import
268,1,12380,Granite Advisory,Senior Finance Manager,Financial Services,2018-04-10,2022-07-21,false,2022-07-21,crm_import
269,1,12380,Stonebridge Financial,Vice President of Finance,Financial Services,2025-10-29,,true,2025-11-02,profile_enrichment
270,1,14998,Mariner Labs,Engineering Manager,Technology,2020-07-22,,true,2026-06-09,crm_import
271,1,14096,Silver Maple Holdings,Finance Manager,Financial Services,2022-10-22,2025-12-14,false,2025-12-14,crm_import
272,1,14096,Silver Maple Holdings,Associate,Financial Services,2019-03-16,2022-10-21,false,2022-10-21,crm_import
273,1,14096,Granite Advisory,Analyst,Financial Services,2014-08-07,2019-03-15,false,2019-03-15,crm_import
274,1,14096,Silver Maple Holdings,Senior Finance Manager,Financial Services,2025-12-15,,true,2026-08-25,crm_import
275,1,2893,Mariner Labs,Director of Engineering,Technology,2021-12-10,,true,2023-12-09,crm_import
276,1,18302,Summit Grove Partners,Associate,Financial Services,2010-08-13,,true,2014-02-22,crm_import
277,1,18071,Mariner Media Group,Producer,Media,2014-11-25,2019-11-19,false,2019-11-19,crm_import
278,1,18071,Orchard Studio,Coordinator,Media,2011-01-10,2014-11-24,false,2014-11-24,crm_import
279,1,18071,Lakeshore Media,Coordinator,Media,2006-07-07,2009-12-06,false,2009-12-06,profile_enrichment
280,1,18071,Redwood Creative,Senior Producer,Media,2020-05-30,,true,2023-02-04,profile_enrichment
281,1,12824,Regional Health Partners,Vice President of Operations,Healthcare,2019-04-30,2024-12-22,false,2024-12-22,crm_import
282,1,12824,Regional Health Partners,Director of Operations,Healthcare,2015-01-21,2019-04-29,false,2019-04-29,crm_import
283,1,12824,Arcfield Medical,Senior Program Manager,Healthcare,2010-09-04,2014-08-17,false,2014-08-17,profile_enrichment
284,1,12824,Regional Health Partners,Chief Operating Officer,Healthcare,2024-12-23,,true,2026-02-07,crm_import
285,1,3059,Beacon Legal Group,Managing Counsel,Legal Services,2005-09-30,2010-01-06,false,2010-01-06,profile_enrichment
286,1,3059,Cedar & Finch Consulting,General Counsel,Legal Services,2010-01-07,,true,2022-06-15,crm_import
287,1,8074,Redwood Holdings,Vice President of Operations,Manufacturing,2022-11-15,2024-12-07,false,2024-12-07,crm_import
288,1,8074,Redwood Holdings,President,Manufacturing,2025-08-10,,true,2025-08-24,crm_import
289,1,7541,Mariner Media Group,Producer,Media,2016-07-09,2018-12-10,false,2018-12-10,crm_import
290,1,7541,Redwood Creative,Coordinator,Media,2013-05-06,2016-07-08,false,2016-07-08,profile_enrichment
291,1,7541,Redwood Creative,Senior Producer,Media,2018-12-11,,true,2025-11-07,crm_import
292,1,17983,Harborline Health,Senior Program Manager,Healthcare,2022-05-11,2026-01-29,false,2026-01-29,crm_import
293,1,17983,Harborline Health,Program Manager,Healthcare,2019-05-26,2022-02-02,false,2022-02-02,profile_enrichment
294,1,17983,Harborline Health,Director of Operations,Healthcare,2026-01-30,,true,2026-03-31,profile_enrichment
295,1,14765,Redwood Holdings,Senior Operations Manager,Manufacturing,2019-09-14,,true,2026-07-22,profile_enrichment
296,1,14716,Orchard Studio,Senior Producer,Media,2005-01-23,2010-05-14,false,2010-05-14,profile_enrichment
297,1,14716,Orchard Studio,Program Director,Media,2010-09-05,,true,2022-03-16,profile_enrichment
298,1,19070,Orchard Studio,Senior Producer,Media,2013-04-19,,true,2024-04-13,crm_import
299,1,19713,Community Innovation Council,Program Coordinator,Nonprofit,2007-01-28,2010-11-24,false,2010-11-24,crm_import
300,1,19713,CivicWorks Collaborative,Program Manager,Nonprofit,2010-11-25,,true,2017-02-14,profile_enrichment
301,1,4976,Clearwater Manufacturing,Senior Operations Manager,Manufacturing,2017-02-08,,true,2023-11-07,profile_enrichment
302,1,16023,CivicWorks Collaborative,Director of Programs,Nonprofit,2022-06-01,2024-10-13,false,2024-10-13,crm_import
303,1,16023,CivicWorks Collaborative,Vice President of Programs,Nonprofit,2025-05-04,,true,2025-07-31,profile_enrichment
304,1,2565,Granite Industrial Group,Vice President of Operations,Manufacturing,2023-09-03,2026-06-06,false,2026-06-06,crm_import
305,1,2565,Redwood Holdings,Director of Operations,Manufacturing,2020-03-09,2023-09-02,false,2023-09-02,profile_enrichment
306,1,2565,Granite Industrial Group,President,Manufacturing,2026-06-07,,true,2026-08-16,profile_enrichment
307,1,10624,Northbridge Academy,Associate Professor,Education,2008-03-30,2010-06-30,false,2010-06-30,crm_import
308,1,10624,Open Learning Network,Assistant Professor,Education,2002-06-17,2008-03-29,false,2008-03-29,crm_import
309,1,10624,Juniper Education Group,Lecturer,Education,2000-02-06,2002-06-16,false,2002-06-16,profile_enrichment
310,1,10624,Cedar Ridge Education,Professor,Education,2010-07-01,,true,2015-10-25,profile_enrichment
311,1,15075,Granite Industrial Group,Vice President of Operations,Manufacturing,2015-09-01,,true,2022-06-20,profile_enrichment
312,1,303,Harborline Health,Senior Program Manager,Healthcare,2024-09-08,,true,2024-10-13,profile_enrichment
313,1,17180,Harborline Health,Senior Program Manager,Healthcare,2020-04-04,2025-05-02,false,2025-05-02,profile_enrichment
314,1,17180,Arcfield Medical,Program Manager,Healthcare,2015-02-11,2020-04-03,false,2020-04-03,crm_import
315,1,17180,Harborline Health,Program Analyst,Healthcare,2011-03-06,2015-02-10,false,2015-02-10,profile_enrichment
316,1,17180,Harborline Health,Director of Operations,Healthcare,2026-05-28,,true,2026-08-07,profile_enrichment
317,1,2265,Silver Maple Holdings,Vice President of Finance,Financial Services,2008-07-25,2010-12-28,false,2010-12-28,profile_enrichment
318,1,2265,Stonebridge Financial,Director of Finance,Financial Services,2005-10-14,2008-07-24,false,2008-07-24,crm_import
319,1,2265,Granite Advisory,Senior Finance Manager,Financial Services,2002-06-24,2005-10-13,false,2005-10-13,crm_import
320,1,2265,Silver Maple Holdings,Chief Financial Officer,Financial Services,2010-12-29,,true,2013-02-11,crm_import
321,1,3544,Northbridge Academy,Department Chair,Education,2010-03-29,,true,2023-10-13,profile_enrichment
322,1,15443,Northbridge Academy,Department Chair,Education,2025-06-23,,true,2026-07-03,profile_enrichment
323,1,14887,Clearwater Manufacturing,Director of Operations,Manufacturing,2008-12-26,2012-04-25,false,2012-04-25,profile_enrichment
324,1,14887,Clearwater Manufacturing,Senior Operations Manager,Manufacturing,2006-06-14,2008-12-25,false,2008-12-25,crm_import
325,1,14887,Granite Industrial Group,Vice President of Operations,Manufacturing,2012-04-26,,true,2025-06-19,profile_enrichment
326,1,11078,Granite Advisory,Vice President of Finance,Financial Services,2016-04-05,2021-07-06,false,2021-07-06,profile_enrichment
327,1,11078,Stonebridge Financial,,Financial Services,2021-07-07,,true,2025-07-08,profile_enrichment
328,1,4487,Arcfield Medical,Senior Program Manager,Healthcare,2020-01-05,,true,2025-02-17,profile_enrichment
329,1,634,Beacon Software Group,Vice President of Engineering,Technology,2022-07-25,2025-05-26,false,2025-05-26,profile_enrichment
330,1,634,Blue Lantern Technologies,Director of Engineering,Technology,2019-06-14,2022-07-24,false,2022-07-24,profile_enrichment
331,1,634,Northstar Systems,Engineering Manager,Technology,2015-08-28,2019-06-13,false,2019-06-13,crm_import
332,1,634,Beacon Software Group,Chief Technology Officer,Technology,2025-05-27,,true,2025-10-04,crm_import
333,1,12004,Northbridge Academy,Associate Professor,Education,2020-10-10,,true,2021-11-01,profile_enrichment
334,1,2552,Arcfield Medical,,Healthcare,2023-04-04,,true,2025-03-17,crm_import
335,1,4302,Redwood Holdings,President,Manufacturing,2024-08-05,,true,2024-09-08,profile_enrichment
336,1,13434,Beacon Legal Group,Senior Counsel,Legal Services,2020-07-21,2025-08-31,false,2025-08-31,crm_import
337,1,13434,Beacon Legal Group,Managing Counsel,Legal Services,2025-09-01,,true,2025-10-15,crm_import
338,1,1329,Harbor Street Counsel,Senior Counsel,Legal Services,2004-12-22,2010-05-19,false,2010-05-19,profile_enrichment
339,1,1329,Cedar & Finch Consulting,Managing Counsel,Legal Services,2010-05-20,,true,2020-02-07,crm_import
340,1,16176,Northbridge Academy,Dean,Education,2010-06-20,,true,2026-06-19,profile_enrichment
341,1,11577,Summit Grove Partners,Chief Financial Officer,Financial Services,2016-10-15,,true,2025-02-09,crm_import
342,1,7707,Redwood Creative,President,Media,2022-09-25,,true,2025-01-24,profile_enrichment
343,1,3427,Clearwater Health Group,Program Manager,Healthcare,2020-01-13,,true,2022-11-21,crm_import
344,1,13778,Arcfield Manufacturing,Vice President of Operations,Manufacturing,2020-05-18,2025-11-01,false,2025-11-01,crm_import
345,1,13778,Arcfield Manufacturing,President,Manufacturing,2025-11-02,,true,2026-01-30,profile_enrichment
346,1,5248,Arcfield Manufacturing,Director of Operations,Manufacturing,2014-07-30,,true,2015-03-11,profile_enrichment
347,1,3646,Harbor Street Counsel,Legal Analyst,Legal Services,2023-07-30,2026-01-07,false,2026-01-07,crm_import
348,1,3646,Cedar & Finch Consulting,Associate Counsel,Legal Services,2026-01-08,,true,2026-07-20,profile_enrichment
349,1,1931,Arcfield Medical,Program Manager,Healthcare,2014-12-21,,true,2020-06-30,crm_import
350,1,15952,Beacon Software Group,Engineering Manager,Technology,2018-04-10,,true,2024-07-27,profile_enrichment
351,1,18525,Northstar Systems,Software Engineer,Technology,2012-12-04,2015-04-03,false,2015-04-03,crm_import
352,1,18525,Beacon Software Group,Analyst,Technology,2006-08-15,2012-01-16,false,2012-01-16,profile_enrichment
353,1,18525,Northstar Systems,Senior Software Engineer,Technology,2016-05-01,,true,2017-11-19,profile_enrichment
354,1,40,Mariner Labs,Senior Software Engineer,Technology,2010-03-05,,true,2010-10-21,crm_import
355,1,14728,Pinecrest Partners,General Counsel,Legal Services,2020-11-26,,true,2025-02-13,profile_enrichment
356,1,16013,Clearwater Health Group,,Healthcare,2014-02-23,,true,2022-06-19,profile_enrichment
357,1,17670,Clearwater Manufacturing,Vice President of Operations,Manufacturing,2011-05-01,2015-06-27,false,2015-06-27,crm_import
358,1,17670,Arcfield Manufacturing,,Manufacturing,2015-06-28,,true,2024-03-22,profile_enrichment
359,1,19757,Mariner Media Group,President,Media,2026-03-17,,true,2026-08-13,profile_enrichment
360,1,11018,Orchard Studio,Program Director,Media,2013-12-23,2017-03-08,false,2017-03-08,crm_import
361,1,11018,Orchard Studio,Managing Director,Media,2017-03-09,,true,2022-01-27,profile_enrichment
362,1,18999,Northstar Systems,Engineering Manager,Technology,2020-05-08,2024-08-02,false,2024-08-02,profile_enrichment
363,1,18999,Blue Lantern Technologies,Analyst,Technology,2016-11-11,2020-05-07,false,2020-05-07,profile_enrichment
364,1,18999,Blue Lantern Technologies,Analyst,Technology,2014-05-31,2016-11-10,false,2016-11-10,crm_import
365,1,18999,Mariner Labs,Senior Software Engineer,Technology,2024-08-03,,true,2026-04-29,profile_enrichment
366,1,18760,Granite Advisory,Vice President of Finance,Financial Services,2013-12-12,,true,2024-12-12,crm_import
367,1,11337,Orchard Studio,Producer,Media,2011-02-03,,true,2025-08-17,crm_import
368,1,10607,Orchard Studio,Senior Producer,Media,2007-11-01,2011-07-14,false,2011-07-14,profile_enrichment
369,1,10607,Redwood Creative,Producer,Media,2002-11-23,2007-10-31,false,2007-10-31,crm_import
370,1,10607,Lakeshore Media,Coordinator,Media,2000-06-07,2002-11-22,false,2002-11-22,crm_import
371,1,10607,Orchard Studio,Program Director,Media,2011-07-15,,true,2025-02-08,crm_import
372,1,4704,Silver Maple Holdings,Director of Finance,Financial Services,2008-10-23,2013-06-21,false,2013-06-21,crm_import
373,1,4704,Silver Maple Holdings,Associate,Financial Services,2004-05-08,2008-10-22,false,2008-10-22,crm_import
374,1,4704,Granite Advisory,Senior Finance Manager,Financial Services,2013-06-22,,true,2014-05-25,profile_enrichment
375,1,4689,Beacon Legal Group,Counsel,Legal Services,2011-11-14,2014-08-26,false,2014-08-26,crm_import
376,1,4689,Pinecrest Partners,Associate Counsel,Legal Services,2008-05-24,2011-11-13,false,2011-11-13,crm_import
377,1,4689,Beacon Legal Group,Senior Counsel,Legal Services,2014-08-27,,true,2018-01-27,profile_enrichment
378,1,16491,Silver Maple Holdings,Senior Finance Manager,Financial Services,2020-12-20,2026-07-09,false,2026-07-09,profile_enrichment
379,1,16491,Summit Grove Partners,Finance Manager,Financial Services,2018-03-20,2020-12-19,false,2020-12-19,crm_import
380,1,16491,Stonebridge Financial,Associate,Financial Services,2013-12-19,2017-07-13,false,2017-07-13,crm_import
381,1,16491,Silver Maple Holdings,Director of Finance,Financial Services,2026-07-10,,true,2026-07-30,profile_enrichment
382,1,8344,Stonebridge Financial,Vice President of Finance,Financial Services,2014-10-11,2018-05-05,false,2018-05-05,crm_import
383,1,8344,Summit Grove Partners,Chief Financial Officer,Financial Services,2019-01-10,,true,2021-04-09,crm_import
384,1,12699,Arcfield Manufacturing,Vice President of Operations,Manufacturing,2017-01-04,,true,2017-12-21,crm_import
385,1,7991,Cedar Ridge Education,Department Chair,Education,2016-12-20,2020-03-12,false,2020-03-12,crm_import
386,1,7991,Juniper Education Group,Professor,Education,2012-05-05,2015-12-23,false,2015-12-23,crm_import
387,1,7991,Juniper Education Group,Dean,Education,2020-03-13,,true,2021-03-09,profile_enrichment
388,1,13227,Cedar & Finch Consulting,Counsel,Legal Services,2019-10-30,,true,2024-07-12,crm_import
389,1,163,Northbridge Academy,Associate Professor,Education,2017-05-14,,true,2020-07-29,crm_import
390,1,17367,Harbor Street Counsel,Counsel,Legal Services,2020-10-14,,true,2023-08-26,profile_enrichment
391,1,10439,Arcfield Medical,Vice President of Operations,Healthcare,2006-05-30,2009-02-20,false,2009-02-20,crm_import
392,1,10439,Regional Health Partners,Chief Operating Officer,Healthcare,2010-07-08,,true,2011-04-07,profile_enrichment
393,1,15017,Cedar Ridge Education,Department Chair,Education,2023-10-16,,true,2024-10-20,crm_import
394,1,4481,Redwood Creative,Senior Producer,Media,2025-02-02,,true,2026-05-12,crm_import
395,1,12933,Granite Industrial Group,Operations Manager,Manufacturing,2011-12-03,,true,2020-06-28,profile_enrichment
396,1,16780,Pinecrest Partners,Counsel,Legal Services,2012-05-18,,true,2018-03-15,crm_import
397,1,4050,Redwood Creative,Managing Director,Media,2022-11-15,2025-01-09,false,2025-01-09,crm_import
398,1,4050,Regional Health Initiative,Strategic Advisor,Nonprofit,2021-02-27,2025-04-16,false,2025-04-16,profile_enrichment
399,1,4050,Redwood Creative,President,Media,2025-01-10,,true,2026-02-21,crm_import
400,1,5807,Redwood Creative,Program Director,Media,2017-11-28,2021-05-25,false,2021-05-25,crm_import
401,1,5807,Lakeshore Media,Senior Producer,Media,2015-08-12,2017-11-27,false,2017-11-27,crm_import
402,1,5807,Orchard Studio,Producer,Media,2010-04-01,2015-04-16,false,2015-04-16,crm_import
403,1,5807,Mariner Media Group,Managing Director,Media,2021-05-26,,true,2026-02-12,profile_enrichment
404,1,19460,Pinecrest Partners,Counsel,Legal Services,2016-05-10,,true,2022-01-08,profile_enrichment
405,1,12658,Community Innovation Council,Director of Programs,Nonprofit,2022-06-09,2026-06-17,false,2026-06-17,crm_import
406,1,12658,Youth Arts Collaborative,Senior Program Manager,Nonprofit,2019-02-17,2022-06-08,false,2022-06-08,profile_enrichment
407,1,12658,Community Innovation Council,Program Manager,Nonprofit,2016-11-25,2019-02-16,false,2019-02-16,crm_import
408,1,12658,Community Innovation Council,Vice President of Programs,Nonprofit,2026-06-18,,true,2026-07-22,profile_enrichment
409,1,15870,Youth Arts Collaborative,Executive Director,Nonprofit,2013-11-28,,true,2021-03-16,profile_enrichment
410,1,99,Lakeshore Media,Program Director,Media,2020-03-24,2023-04-10,false,2023-04-10,crm_import
411,1,99,Lakeshore Media,Managing Director,Media,2023-04-11,,true,2026-07-08,profile_enrichment
412,1,11952,Pinecrest Partners,Associate Counsel,Legal Services,2016-09-21,,true,2018-10-12,profile_enrichment
413,1,18193,Blue Lantern Technologies,Analyst,Technology,2017-09-29,2021-03-06,false,2021-03-06,crm_import
414,1,18193,Blue Lantern Technologies,Analyst,Technology,2012-11-25,2017-09-28,false,2017-09-28,crm_import
415,1,18193,Beacon Software Group,Software Engineer,Technology,2021-03-07,,true,2026-08-17,profile_enrichment
416,1,6238,Orchard Studio,Managing Director,Media,2019-02-15,2023-11-21,false,2023-11-21,crm_import
417,1,6238,Lakeshore Media,Program Director,Media,2015-04-24,2019-02-14,false,2019-02-14,crm_import
418,1,6238,Orchard Studio,President,Media,2023-11-22,,true,2025-08-16,profile_enrichment
419,1,16820,Youth Arts Collaborative,Program Manager,Nonprofit,2009-11-30,2015-11-27,false,2015-11-27,profile_enrichment
420,1,16820,Metro Community Foundation,Program Coordinator,Nonprofit,2005-02-25,2009-11-29,false,2009-11-29,profile_enrichment
421,1,16820,Metro Community Foundation,Program Coordinator,Nonprofit,2002-08-27,2005-02-24,false,2005-02-24,crm_import
422,1,16820,Metro Community Foundation,Senior Program Manager,Nonprofit,2015-11-28,,true,2019-09-13,crm_import
423,1,17534,Beacon Legal Group,General Counsel,Legal Services,2011-06-28,,true,2017-09-25,crm_import
424,1,18803,Clearwater Manufacturing,President,Manufacturing,2011-07-01,,true,2017-01-03,profile_enrichment
425,1,12466,Orchard Studio,Managing Director,Media,2012-05-02,2014-09-03,false,2014-09-03,crm_import
426,1,12466,Lakeshore Media,Program Director,Media,2008-07-20,2012-05-01,false,2012-05-01,profile_enrichment
427,1,12466,Orchard Studio,Senior Producer,Media,2003-09-12,2008-07-19,false,2008-07-19,crm_import
428,1,12466,Lakeshore Media,President,Media,2015-12-08,,true,2021-07-10,crm_import
429,1,9533,Northbridge Academy,Department Chair,Education,2022-10-22,,true,2023-04-12,profile_enrichment
430,1,14328,Lakeshore Media,President,Media,2020-12-26,,true,2022-12-27,crm_import
431,1,8763,Clearwater Health Group,Program Manager,Healthcare,2022-04-03,,true,2025-03-23,crm_import
432,1,16474,Clearwater Manufacturing,President,Manufacturing,2025-09-15,,true,2026-02-17,profile_enrichment
433,1,1518,Harborline Health,Senior Program Manager,Healthcare,2011-07-26,,true,2014-05-19,profile_enrichment
434,1,7966,Cedar Ridge Education,Department Chair,Education,2016-11-01,,true,2025-02-11,crm_import
435,1,17360,Open Learning Network,Assistant Professor,Education,2012-05-19,2016-12-28,false,2016-12-28,crm_import
436,1,17360,Open Learning Network,Associate Professor,Education,2016-12-29,,true,2018-01-14,profile_enrichment
437,1,15166,CivicWorks Collaborative,Program Manager,Nonprofit,2016-05-19,,true,2022-08-06,profile_enrichment
438,1,14451,Beacon Software Group,Senior Software Engineer,Technology,2015-10-21,2019-10-21,false,2019-10-21,crm_import
439,1,14451,Beacon Software Group,Engineering Manager,Technology,2020-11-22,,true,2024-02-07,profile_enrichment
440,1,6874,Orchard Studio,Senior Producer,Media,2023-05-11,,true,2026-02-18,profile_enrichment
441,1,12752,Pinecrest Partners,Senior Counsel,Legal Services,2020-03-04,2024-09-25,false,2024-09-25,profile_enrichment
442,1,12752,Pinecrest Partners,Counsel,Legal Services,2016-11-18,2019-07-27,false,2019-07-27,crm_import
443,1,12752,Pinecrest Partners,Managing Counsel,Legal Services,2024-09-26,,true,2025-02-06,crm_import
444,1,10885,Granite Advisory,Senior Finance Manager,Financial Services,2006-09-16,2010-08-11,false,2010-08-11,crm_import
445,1,10885,Community Innovation Council,Strategic Advisor,Education,2009-08-02,2011-01-31,false,2011-01-31,profile_enrichment
446,1,10885,Silver Maple Holdings,Director of Finance,Financial Services,2010-08-12,,true,2025-11-13,crm_import
447,1,15604,Beacon Software Group,Vice President of Engineering,Technology,2012-03-09,2015-02-10,false,2015-02-10,profile_enrichment
448,1,15604,Blue Lantern Technologies,Director of Engineering,Technology,2008-11-10,2012-03-08,false,2012-03-08,profile_enrichment
449,1,15604,Beacon Software Group,Chief Technology Officer,Technology,2015-02-11,,true,2015-08-13,crm_import
450,1,17585,Summit Grove Partners,Associate,Financial Services,2021-03-08,2023-09-08,false,2023-09-08,crm_import
451,1,17585,Summit Grove Partners,Analyst,Financial Services,2015-07-11,2021-03-07,false,2021-03-07,crm_import
452,1,17585,Summit Grove Partners,Analyst,Financial Services,2011-03-31,2015-07-10,false,2015-07-10,crm_import
453,1,17585,Silver Maple Holdings,Finance Manager,Financial Services,2023-09-09,,true,2026-07-18,profile_enrichment
454,1,12257,Granite Industrial Group,Senior Operations Manager,Manufacturing,2006-08-14,2012-04-10,false,2012-04-10,crm_import
455,1,12257,Granite Industrial Group,Operations Manager,Manufacturing,2002-05-04,2006-08-13,false,2006-08-13,crm_import
456,1,12257,Redwood Holdings,Operations Analyst,Manufacturing,1998-05-13,2002-05-03,false,2002-05-03,profile_enrichment
457,1,12257,Redwood Holdings,Director of Operations,Manufacturing,2012-04-11,,true,2013-07-15,profile_enrichment
458,1,11159,Beacon Software Group,Engineering Manager,Technology,2017-02-15,,true,2021-07-22,crm_import
459,1,16549,Arcfield Medical,Program Manager,Healthcare,2024-01-05,,true,2025-06-24,crm_import
460,1,3086,Clearwater Health Group,Vice President of Operations,Healthcare,2021-03-09,,true,2022-08-09,profile_enrichment
461,1,14576,Summit Grove Partners,Finance Manager,Financial Services,2014-12-27,,true,2017-09-21,profile_enrichment
462,1,17371,Beacon Software Group,Software Engineer,Technology,2016-10-31,,true,2020-05-16,profile_enrichment
463,1,17789,Orchard Studio,Producer,Media,2014-03-22,,true,2018-12-21,profile_enrichment
464,1,12232,Community Innovation Council,Program Manager,Nonprofit,2016-07-25,2019-11-22,false,2019-11-22,profile_enrichment
465,1,12232,Community Innovation Council,Senior Program Manager,Nonprofit,2019-11-23,,true,2026-04-15,crm_import
466,1,10921,Arcfield Manufacturing,Operations Manager,Manufacturing,2010-04-08,,true,2015-09-12,crm_import
467,1,5145,CivicWorks Collaborative,Vice President of Programs,Nonprofit,2014-02-06,2019-11-19,false,2019-11-19,crm_import
468,1,5145,Youth Arts Collaborative,Director of Programs,Nonprofit,2009-05-28,2014-02-05,false,2014-02-05,profile_enrichment
469,1,5145,Community Innovation Council,Senior Program Manager,Nonprofit,2005-11-30,2009-05-27,false,2009-05-27,crm_import
470,1,5145,CivicWorks Collaborative,Executive Director,Nonprofit,2020-09-28,,true,2024-10-15,profile_enrichment
471,1,11189,Cedar Ridge Education,Department Chair,Education,2012-02-08,2016-12-29,false,2016-12-29,crm_import
472,1,11189,Juniper Education Group,Professor,Education,2008-03-12,2011-10-16,false,2011-10-16,crm_import
473,1,11189,Northbridge Academy,Associate Professor,Education,2003-05-20,2007-04-07,false,2007-04-07,profile_enrichment
474,1,11189,Northbridge Academy,Dean,Education,2016-12-30,,true,2018-05-17,crm_import
475,1,13151,Cedar & Finch Consulting,General Counsel,Legal Services,2018-04-21,2023-10-16,false,2023-10-16,profile_enrichment
476,1,13151,Cedar & Finch Consulting,Counsel,Legal Services,2013-10-06,2018-02-23,false,2018-02-23,profile_enrichment
477,1,13151,Pinecrest Partners,Associate Counsel,Legal Services,2011-09-18,2013-10-05,false,2013-10-05,crm_import
478,1,13151,Harbor Street Counsel,Managing Counsel,Legal Services,2023-10-17,,true,2025-02-22,profile_enrichment
479,1,3147,Harbor Street Counsel,Counsel,Legal Services,2015-05-19,2018-10-20,false,2018-10-20,crm_import
480,1,3147,Harbor Street Counsel,Associate Counsel,Legal Services,2009-06-16,2015-03-19,false,2015-03-19,crm_import
481,1,3147,Harbor Street Counsel,Senior Counsel,Legal Services,2018-10-21,,true,2019-11-27,crm_import
482,1,17152,Beacon Software Group,Vice President of Engineering,Technology,2013-06-22,,true,2020-05-30,profile_enrichment
483,1,9001,Northbridge Academy,Professor,Education,2017-05-18,,true,2026-05-12,profile_enrichment
484,1,3679,CivicWorks Collaborative,Senior Program Manager,Nonprofit,2020-06-03,2025-04-28,false,2025-04-28,crm_import
485,1,3679,Youth Arts Collaborative,Program Manager,Nonprofit,2016-02-07,2019-05-08,false,2019-05-08,crm_import
486,1,3679,CivicWorks Collaborative,Director of Programs,Nonprofit,2025-04-29,,true,2026-06-06,profile_enrichment
487,1,270,Summit Grove Partners,Senior Finance Manager,Financial Services,2010-02-24,2013-12-03,false,2013-12-03,crm_import
488,1,270,Granite Advisory,Finance Manager,Financial Services,2008-02-08,2010-02-23,false,2010-02-23,crm_import
489,1,270,Granite Advisory,Associate,Financial Services,2002-07-01,2008-02-07,false,2008-02-07,crm_import
490,1,270,Summit Grove Partners,Director of Finance,Financial Services,2013-12-04,,true,2016-05-13,profile_enrichment
491,1,15091,Clearwater Health Group,Senior Program Manager,Healthcare,2020-12-01,2022-12-17,false,2022-12-17,crm_import
492,1,15091,Regional Health Partners,Program Manager,Healthcare,2022-12-18,,true,2026-01-08,profile_enrichment
493,1,16998,Northbridge Academy,Associate Professor,Education,2022-05-11,,true,2025-12-05,crm_import
494,1,3793,Clearwater Health Group,Director of Operations,Healthcare,2015-01-06,,true,2025-07-20,profile_enrichment
495,1,4530,Mariner Media Group,Managing Director,Media,2020-11-07,2025-08-10,false,2025-08-10,crm_import
496,1,4530,Mariner Media Group,President,Media,2025-08-11,,true,2026-06-27,profile_enrichment
497,1,2771,Lakeshore Media,Senior Producer,Media,2021-10-14,2023-11-16,false,2023-11-16,profile_enrichment
498,1,2771,Mariner Media Group,Producer,Media,2016-03-07,2021-10-13,false,2021-10-13,crm_import
499,1,2771,Orchard Studio,Coordinator,Media,2009-06-27,2014-11-23,false,2014-11-23,crm_import
500,1,2771,Orchard Studio,Program Director,Media,2023-11-17,,true,2026-03-09,profile_enrichment
501,1,16445,Summit Grove Partners,Associate,Financial Services,2009-01-10,2013-04-21,false,2013-04-21,profile_enrichment
502,1,16445,Stonebridge Financial,Analyst,Financial Services,2005-04-16,2009-01-09,false,2009-01-09,crm_import
503,1,16445,Summit Grove Partners,Analyst,Financial Services,2000-03-14,2004-10-07,false,2004-10-07,crm_import
504,1,16445,Granite Advisory,Finance Manager,Financial Services,2013-04-22,,true,2025-01-24,profile_enrichment
505,1,9376,Arcfield Manufacturing,Senior Operations Manager,Manufacturing,2006-07-01,2010-03-26,false,2010-03-26,profile_enrichment
506,1,9376,Redwood Holdings,Operations Manager,Manufacturing,2010-03-27,,true,2017-11-06,crm_import
507,1,4528,Granite Industrial Group,Operations Manager,Manufacturing,2024-07-27,,true,2024-10-07,profile_enrichment
508,1,17001,Clearwater Manufacturing,Director of Operations,Manufacturing,2023-01-15,,true,2025-11-13,crm_import
509,1,14432,Youth Arts Collaborative,Director of Programs,Nonprofit,2023-05-30,,true,2026-04-18,crm_import
510,1,8445,Arcfield Medical,Program Manager,Healthcare,2018-04-22,,true,2024-01-03,crm_import
511,1,10648,Redwood Creative,Program Director,Media,2010-12-16,2015-01-03,false,2015-01-03,profile_enrichment
512,1,10648,Mariner Media Group,Senior Producer,Media,2004-12-28,2010-12-15,false,2010-12-15,profile_enrichment
513,1,10648,Mariner Media Group,Producer,Media,2002-07-25,2004-12-27,false,2004-12-27,crm_import
514,1,10648,Orchard Studio,Managing Director,Media,2015-01-04,,true,2025-12-06,profile_enrichment
515,1,8342,Harborline Health,Vice President of Operations,Healthcare,2013-04-10,,true,2020-09-05,crm_import
516,1,18629,Juniper Education Group,Department Chair,Education,2022-03-18,,true,2025-08-06,crm_import
517,1,11042,Stonebridge Financial,Director of Finance,Financial Services,2023-04-24,,true,2025-05-26,profile_enrichment
518,1,12377,Granite Advisory,Senior Finance Manager,Financial Services,2012-03-21,2015-01-16,false,2015-01-16,crm_import
519,1,12377,Stonebridge Financial,Finance Manager,Financial Services,2009-11-13,2012-03-20,false,2012-03-20,crm_import
520,1,12377,Stonebridge Financial,Director of Finance,Financial Services,2016-06-15,,true,2025-09-05,crm_import
521,1,15154,Northstar Systems,Chief Technology Officer,Technology,2022-11-29,,true,2024-03-05,crm_import
522,1,1347,Clearwater Manufacturing,Operations Manager,Manufacturing,2015-05-03,2020-02-15,false,2020-02-15,profile_enrichment
523,1,1347,Redwood Holdings,Operations Analyst,Manufacturing,2010-06-05,2015-05-02,false,2015-05-02,profile_enrichment
524,1,1347,Clearwater Manufacturing,Operations Analyst,Manufacturing,2005-04-05,2010-06-04,false,2010-06-04,profile_enrichment
525,1,1347,Granite Industrial Group,Senior Operations Manager,Manufacturing,2020-02-16,,true,2022-09-12,crm_import
526,1,2962,Arcfield Manufacturing,Vice President of Operations,Manufacturing,2014-03-14,2017-10-23,false,2017-10-23,crm_import
527,1,2962,Redwood Holdings,Operations Manager,Manufacturing,2009-10-03,2014-03-13,false,2014-03-13,crm_import
528,1,2962,Granite Industrial Group,Operations Analyst,Manufacturing,2005-06-26,2009-10-02,false,2009-10-02,crm_import
529,1,2962,Clearwater Manufacturing,Director of Operations,Manufacturing,2017-10-24,,true,2023-12-17,crm_import
530,1,16563,Granite Industrial Group,Senior Operations Manager,Manufacturing,2019-01-08,2024-07-19,false,2024-07-19,crm_import
531,1,16563,Granite Industrial Group,Director of Operations,Manufacturing,2025-04-13,,true,2026-08-23,crm_import
532,1,16436,Stonebridge Financial,Senior Finance Manager,Financial Services,2016-05-04,2021-10-15,false,2021-10-15,crm_import
533,1,16436,Stonebridge Financial,Finance Manager,Financial Services,2013-01-07,2015-10-15,false,2015-10-15,crm_import
534,1,16436,Summit Grove Partners,Associate,Financial Services,2010-04-18,2013-01-06,false,2013-01-06,profile_enrichment
535,1,16436,Stonebridge Financial,Director of Finance,Financial Services,2021-10-16,,true,2023-04-24,crm_import
536,1,5457,Arcfield Manufacturing,President,Manufacturing,2010-09-06,,true,2023-12-12,crm_import
537,1,393,Mariner Labs,Engineering Manager,Technology,2014-02-12,2018-03-16,false,2018-03-16,crm_import
538,1,393,Beacon Software Group,Senior Software Engineer,Technology,2010-06-04,2014-02-11,false,2014-02-11,crm_import
539,1,393,Mariner Labs,Software Engineer,Technology,2006-10-20,2010-06-03,false,2010-06-03,profile_enrichment
540,1,393,Northstar Systems,Director of Engineering,Technology,2018-03-17,,true,2022-07-06,crm_import
541,1,7595,Redwood Creative,Program Director,Media,2013-07-01,,true,2026-07-05,profile_enrichment
542,1,861,Beacon Legal Group,Associate Counsel,Legal Services,2017-06-28,,true,2018-03-19,profile_enrichment
543,1,12034,Pinecrest Partners,Counsel,Legal Services,2016-02-23,2020-12-16,false,2020-12-16,profile_enrichment
544,1,12034,Beacon Legal Group,Associate Counsel,Legal Services,2013-04-08,2016-02-22,false,2016-02-22,crm_import
545,1,12034,Beacon Legal Group,Legal Analyst,Legal Services,2009-10-07,2013-04-07,false,2013-04-07,profile_enrichment
546,1,12034,Pinecrest Partners,Senior Counsel,Legal Services,2020-12-17,,true,2022-03-15,profile_enrichment
547,1,13826,Metro Community Foundation,Director of Programs,Nonprofit,2022-12-24,,true,2024-03-04,crm_import
548,1,6450,Stonebridge Financial,Finance Manager,Financial Services,2021-03-31,2024-07-01,false,2024-07-01,crm_import
549,1,6450,Granite Advisory,Analyst,Financial Services,2016-05-31,2021-03-30,false,2021-03-30,crm_import
550,1,6450,Silver Maple Holdings,Associate,Financial Services,2025-05-24,,true,2025-12-27,crm_import
551,1,12141,Regional Health Partners,Vice President of Operations,Healthcare,2021-01-20,2024-11-05,false,2024-11-05,crm_import
552,1,12141,Clearwater Health Group,Director of Operations,Healthcare,2016-07-22,2021-01-19,false,2021-01-19,crm_import
553,1,12141,Regional Health Partners,Senior Program Manager,Healthcare,2013-04-24,2016-07-21,false,2016-07-21,crm_import
554,1,12141,Regional Health Partners,Chief Operating Officer,Healthcare,2025-01-12,,true,2025-08-19,crm_import
555,1,12086,Beacon Legal Group,General Counsel,Legal Services,2011-06-17,,true,2021-10-04,profile_enrichment
556,1,15320,Mariner Media Group,President,Media,2014-07-10,,true,2020-05-28,profile_enrichment
557,1,9961,Harbor Street Counsel,Associate Counsel,Legal Services,2013-03-07,,true,2014-01-16,profile_enrichment
558,1,19925,Redwood Creative,Program Director,Media,2025-03-29,,true,2025-11-04,crm_import
559,1,11903,Harbor Street Counsel,Associate Counsel,Legal Services,2010-10-31,2014-11-02,false,2014-11-02,crm_import
560,1,11903,Cedar & Finch Consulting,Counsel,Legal Services,2015-10-13,,true,2020-10-05,crm_import
561,1,7828,Lakeshore Media,Managing Director,Media,2016-06-19,,true,2021-08-16,profile_enrichment
562,1,4594,Regional Health Partners,Program Analyst,Healthcare,2014-11-02,2018-07-25,false,2018-07-25,crm_import
563,1,4594,Regional Health Partners,Program Manager,Healthcare,2018-07-26,,true,2022-09-01,crm_import
564,1,17016,Regional Health Partners,Program Manager,Healthcare,2017-04-15,,true,2024-09-24,profile_enrichment
565,1,4363,Granite Advisory,Associate,Financial Services,2023-01-31,,true,2024-01-17,crm_import
566,1,16881,Harbor Street Counsel,Counsel,Legal Services,2007-06-18,2013-01-17,false,2013-01-17,crm_import
567,1,16881,Harbor Street Counsel,Senior Counsel,Legal Services,2013-01-18,,true,2019-03-12,crm_import
568,1,6814,Stonebridge Financial,Chief Financial Officer,Financial Services,2012-11-04,,true,2025-05-23,profile_enrichment
569,1,9333,Cedar Ridge Education,Department Chair,Education,2019-05-25,2024-02-16,false,2024-02-16,crm_import
570,1,9333,Cedar Ridge Education,Dean,Education,2025-03-24,,true,2026-03-27,profile_enrichment
571,1,15128,Clearwater Manufacturing,Director of Operations,Manufacturing,2011-11-02,2016-01-15,false,2016-01-15,crm_import
572,1,15128,Arcfield Manufacturing,Senior Operations Manager,Manufacturing,2016-01-16,,true,2018-12-21,profile_enrichment
573,1,18334,Blue Lantern Technologies,Software Engineer,Technology,2008-07-02,2012-05-12,false,2012-05-12,profile_enrichment
574,1,18334,Beacon Software Group,Senior Software Engineer,Technology,2012-05-13,,true,2026-05-28,profile_enrichment
575,1,17692,Community Innovation Council,Vice President of Programs,Nonprofit,2023-02-17,2026-04-02,false,2026-04-02,crm_import
576,1,17692,Youth Arts Collaborative,Director of Programs,Nonprofit,2019-12-19,2023-02-16,false,2023-02-16,crm_import
577,1,17692,Community Innovation Council,Executive Director,Nonprofit,2026-04-03,,true,2026-08-11,crm_import
578,1,13506,Arcfield Manufacturing,Operations Manager,Manufacturing,2010-05-24,,true,2015-02-08,crm_import
579,1,11463,Open Learning Network,Associate Professor,Education,2012-09-24,,true,2015-05-10,profile_enrichment
580,1,13225,Mariner Labs,Engineering Manager,Technology,2021-03-05,2025-10-25,false,2025-10-25,crm_import
581,1,13225,Northstar Systems,Senior Software Engineer,Technology,2017-05-03,2021-03-04,false,2021-03-04,profile_enrichment
582,1,13225,Mariner Labs,Director of Engineering,Technology,2025-10-26,,true,2026-06-12,profile_enrichment
583,1,13053,CivicWorks Collaborative,Senior Program Manager,Nonprofit,2019-12-31,2023-11-01,false,2023-11-01,crm_import
584,1,13053,CivicWorks Collaborative,Program Manager,Nonprofit,2014-06-18,2019-12-30,false,2019-12-30,crm_import
585,1,13053,Youth Arts Collaborative,Director of Programs,Nonprofit,2023-11-02,,true,2024-07-09,crm_import
586,1,16634,Orchard Studio,Producer,Media,2020-03-28,2023-12-10,false,2023-12-10,crm_import
587,1,16634,Redwood Creative,Coordinator,Media,2016-01-10,2020-03-27,false,2020-03-27,crm_import
588,1,16634,Mariner Media Group,,Media,2023-12-11,,true,2023-12-18,crm_import
589,1,3052,Granite Industrial Group,Vice President of Operations,Manufacturing,2016-02-03,,true,2024-02-16,crm_import
590,1,10899,Juniper Education Group,Associate Professor,Education,2015-10-10,,true,2018-08-20,crm_import
591,1,15153,Granite Advisory,,Financial Services,2017-10-24,,true,2019-01-09,crm_import
592,1,14921,Northstar Systems,Vice President of Engineering,Technology,2023-11-24,,true,2024-07-29,profile_enrichment
593,1,2895,Youth Arts Collaborative,Executive Director,Nonprofit,2014-01-20,,true,2022-09-20,crm_import
594,1,9652,Arcfield Medical,Vice President of Operations,Healthcare,2015-05-31,,true,2021-08-30,profile_enrichment
595,1,119,Arcfield Manufacturing,Director of Operations,Manufacturing,2023-06-14,2025-08-02,false,2025-08-02,crm_import
596,1,119,Arcfield Manufacturing,Senior Operations Manager,Manufacturing,2021-01-19,2023-06-13,false,2023-06-13,crm_import
597,1,119,Arcfield Manufacturing,Vice President of Operations,Manufacturing,2025-08-03,,true,2025-08-14,crm_import
598,1,775,Stonebridge Financial,,Financial Services,2015-02-05,,true,2020-01-28,profile_enrichment
599,1,2108,Summit Grove Partners,Chief Financial Officer,Financial Services,2011-07-12,2017-01-11,false,2017-01-11,profile_enrichment
600,1,2108,Summit Grove Partners,Senior Finance Manager,Financial Services,2009-03-26,2011-05-22,false,2011-05-22,crm_import
601,1,2108,Stonebridge Financial,Vice President of Finance,Financial Services,2017-03-20,,true,2017-12-29,profile_enrichment
602,1,2160,Blue Lantern Technologies,Engineering Manager,Technology,2011-09-15,2013-11-10,false,2013-11-10,crm_import
603,1,2160,Blue Lantern Technologies,Director of Engineering,Technology,2013-12-31,,true,2014-02-01,profile_enrichment
604,1,19467,Granite Industrial Group,Operations Analyst,Manufacturing,2007-01-18,2010-09-08,false,2010-09-08,crm_import
605,1,19467,Redwood Holdings,Operations Manager,Manufacturing,2010-09-09,,true,2025-10-12,crm_import
606,1,17314,Harbor Street Counsel,Counsel,Legal Services,2022-03-12,,true,2024-01-05,profile_enrichment
607,1,10478,Metro Community Foundation,Senior Program Manager,Nonprofit,2008-06-27,2014-06-20,false,2014-06-20,profile_enrichment
608,1,10478,CivicWorks Collaborative,Program Manager,Nonprofit,2003-10-17,2008-06-26,false,2008-06-26,crm_import
609,1,10478,Youth Arts Collaborative,Program Coordinator,Nonprofit,2000-02-11,2003-10-16,false,2003-10-16,crm_import
610,1,10478,CivicWorks Collaborative,Director of Programs,Nonprofit,2014-06-21,,true,2017-08-17,profile_enrichment
611,1,909,Clearwater Manufacturing,Operations Manager,Manufacturing,2014-06-20,,true,2020-01-04,crm_import
612,1,5891,Neighborhood Business Alliance,Volunteer Treasurer,Consulting,2010-03-23,2014-07-20,false,2014-07-20,profile_enrichment
613,1,5891,Stonebridge Financial,Senior Finance Manager,Financial Services,2014-02-28,,true,2017-03-10,profile_enrichment
614,1,12476,Orchard Studio,Managing Director,Media,2020-11-21,2026-06-21,false,2026-06-21,crm_import
615,1,12476,Lakeshore Media,Program Director,Media,2017-03-16,2020-11-20,false,2020-11-20,crm_import
616,1,12476,Orchard Studio,President,Media,2026-06-22,,true,2026-06-27,profile_enrichment
617,1,18132,Clearwater Health Group,Senior Program Manager,Healthcare,2014-04-15,,true,2025-08-03,profile_enrichment
618,1,17716,Arcfield Medical,Senior Program Manager,Healthcare,2024-06-05,,true,2026-01-01,profile_enrichment
619,1,7588,Community Innovation Council,Senior Program Manager,Nonprofit,2017-11-25,,true,2021-05-01,profile_enrichment
620,1,343,Northstar Systems,Vice President of Engineering,Technology,2022-11-28,,true,2025-01-24,crm_import
621,1,7474,Clearwater Manufacturing,Vice President of Operations,Manufacturing,2024-04-21,,true,2025-06-17,profile_enrichment
622,1,18259,Youth Arts Collaborative,Senior Program Manager,Nonprofit,2022-03-11,2025-12-25,false,2025-12-25,crm_import
623,1,18259,Youth Arts Collaborative,Director of Programs,Nonprofit,2025-12-26,,true,2026-04-10,profile_enrichment
624,1,15589,Mariner Media Group,Program Director,Media,2017-08-16,,true,2025-07-25,crm_import
625,1,17738,Metro Community Foundation,Executive Director,Nonprofit,2017-02-22,,true,2018-10-01,crm_import
626,1,2806,Harbor Street Counsel,Senior Counsel,Legal Services,2011-04-30,2013-07-06,false,2013-07-06,crm_import
627,1,2806,Pinecrest Partners,Counsel,Legal Services,2008-05-09,2011-04-29,false,2011-04-29,crm_import
628,1,2806,Beacon Legal Group,Associate Counsel,Legal Services,2002-11-25,2008-02-25,false,2008-02-25,crm_import
629,1,2806,Harbor Street Counsel,Managing Counsel,Legal Services,2013-07-07,,true,2018-03-17,profile_enrichment
630,1,5930,Mariner Media Group,President,Media,2013-01-06,,true,2018-05-13,crm_import
631,1,3139,Cedar Ridge Education,Professor,Education,2014-08-06,,true,2017-08-17,crm_import
632,1,6499,Arcfield Medical,Chief Operating Officer,Healthcare,2016-12-18,,true,2019-01-22,profile_enrichment
633,1,1390,Mariner Labs,Senior Software Engineer,Technology,2019-11-13,2025-08-27,false,2025-08-27,profile_enrichment
634,1,1390,Blue Lantern Technologies,Software Engineer,Technology,2016-12-27,2019-11-12,false,2019-11-12,crm_import
635,1,1390,Mariner Labs,Analyst,Technology,2013-04-03,2016-12-26,false,2016-12-26,crm_import
636,1,1390,Mariner Labs,Engineering Manager,Technology,2025-08-28,,true,2026-03-12,crm_import
637,1,9261,CivicWorks Collaborative,,Nonprofit,2015-07-02,,true,2021-10-11,profile_enrichment
638,1,17480,Redwood Creative,Managing Director,Media,2022-02-09,2025-08-10,false,2025-08-10,crm_import
639,1,17480,Redwood Creative,Program Director,Media,2016-11-19,2020-09-23,false,2020-09-23,profile_enrichment
640,1,17480,Redwood Creative,President,Media,2025-08-11,,true,2025-10-13,profile_enrichment
641,1,2484,Harbor Street Counsel,Counsel,Legal Services,2023-01-22,2025-12-03,false,2025-12-03,crm_import
642,1,2484,Beacon Legal Group,Associate Counsel,Legal Services,2019-08-17,2023-01-21,false,2023-01-21,crm_import
643,1,2484,Pinecrest Partners,Legal Analyst,Legal Services,2014-03-13,2019-08-16,false,2019-08-16,crm_import
644,1,2484,Harbor Street Counsel,Senior Counsel,Legal Services,2025-12-04,,true,2026-02-28,profile_enrichment
645,1,10235,Beacon Software Group,Vice President of Engineering,Technology,2016-09-25,2022-01-21,false,2022-01-21,crm_import
646,1,10235,Beacon Software Group,Director of Engineering,Technology,2012-11-17,2016-09-24,false,2016-09-24,crm_import
647,1,10235,Blue Lantern Technologies,Chief Technology Officer,Technology,2022-01-22,,true,2022-10-10,profile_enrichment
648,1,17295,Redwood Holdings,Senior Operations Manager,Manufacturing,2014-08-01,,true,2018-06-20,profile_enrichment
649,1,9537,Juniper Education Group,Associate Professor,Education,2005-12-24,2011-07-05,false,2011-07-05,crm_import
650,1,9537,Northbridge Academy,Assistant Professor,Education,2003-07-14,2005-12-23,false,2005-12-23,crm_import
651,1,9537,Cedar Ridge Education,Lecturer,Education,1998-11-11,2003-07-13,false,2003-07-13,crm_import
652,1,9537,Open Learning Network,Professor,Education,2011-07-06,,true,2014-10-14,profile_enrichment
653,1,3461,Arcfield Manufacturing,Director of Operations,Manufacturing,2023-11-01,,true,2024-09-28,profile_enrichment
654,1,2256,Harbor Street Counsel,General Counsel,Legal Services,2014-05-17,,true,2025-03-25,profile_enrichment
655,1,3419,Cedar Ridge Education,Department Chair,Education,2016-04-03,,true,2026-04-22,crm_import
656,1,17274,Lakeshore Media,Senior Producer,Media,2020-10-31,,true,2024-02-23,profile_enrichment
657,1,10626,Mariner Labs,Director of Engineering,Technology,2013-12-01,2019-10-06,false,2019-10-06,crm_import
658,1,10626,Blue Lantern Technologies,Engineering Manager,Technology,2010-02-05,2013-11-30,false,2013-11-30,crm_import
659,1,10626,Mariner Labs,Vice President of Engineering,Technology,2019-10-07,,true,2025-07-05,crm_import
660,1,17695,Stonebridge Financial,,Financial Services,2022-10-10,,true,2022-11-15,profile_enrichment
661,1,7312,Arcfield Medical,Director of Operations,Healthcare,2017-02-14,2022-10-18,false,2022-10-18,profile_enrichment
662,1,7312,Harborline Health,Senior Program Manager,Healthcare,2022-10-19,,true,2024-02-20,profile_enrichment
663,1,13323,Juniper Education Group,Dean,Education,2015-04-08,,true,2023-10-13,profile_enrichment
664,1,9744,Community Innovation Council,Program Manager,Nonprofit,2012-02-18,,true,2015-09-19,profile_enrichment
665,1,12991,Mariner Labs,Director of Engineering,Technology,2014-03-21,2017-09-22,false,2017-09-22,profile_enrichment
666,1,12991,Blue Lantern Technologies,Vice President of Engineering,Technology,2019-01-23,,true,2025-02-03,crm_import
667,1,3275,Redwood Creative,Producer,Media,2018-05-28,2020-06-06,false,2020-06-06,crm_import
668,1,3275,Orchard Studio,Coordinator,Media,2014-03-19,2018-05-27,false,2018-05-27,profile_enrichment
669,1,3275,Orchard Studio,Senior Producer,Media,2020-08-04,,true,2025-08-03,crm_import
670,1,4244,Open Learning Network,Board Member,Consulting,2008-07-14,2011-06-02,false,2011-06-02,profile_enrichment
671,1,4244,Harborline Health,Chief Operating Officer,Healthcare,2011-02-02,,true,2024-01-05,profile_enrichment
672,1,6576,Summit Grove Partners,Analyst,Financial Services,2020-02-14,2025-06-18,false,2025-06-18,profile_enrichment
673,1,6576,Summit Grove Partners,Analyst,Financial Services,2017-04-04,2020-02-13,false,2020-02-13,crm_import
674,1,6576,Stonebridge Financial,Associate,Financial Services,2025-06-19,,true,2025-06-24,profile_enrichment
675,1,322,Cedar Ridge Education,Professor,Education,2022-12-09,,true,2024-01-22,profile_enrichment
676,1,15465,Lakeshore Media,Program Director,Media,2013-11-14,2018-09-22,false,2018-09-22,profile_enrichment
677,1,15465,Redwood Creative,Managing Director,Media,2018-09-23,,true,2019-04-29,crm_import
678,1,2688,Metro Community Foundation,Volunteer Treasurer,Education,2011-03-20,2013-11-10,false,2013-11-10,profile_enrichment
679,1,2688,Community Innovation Council,Director of Programs,Nonprofit,2013-07-31,,true,2018-06-02,profile_enrichment
680,1,9521,Beacon Legal Group,Senior Counsel,Legal Services,2025-02-20,,true,2026-02-27,profile_enrichment
681,1,982,CivicWorks Collaborative,Vice President of Programs,Nonprofit,2021-07-30,2024-10-10,false,2024-10-10,profile_enrichment
682,1,982,CivicWorks Collaborative,Director of Programs,Nonprofit,2018-09-28,2021-07-29,false,2021-07-29,profile_enrichment
683,1,982,CivicWorks Collaborative,Senior Program Manager,Nonprofit,2015-11-06,2018-09-27,false,2018-09-27,crm_import
684,1,982,CivicWorks Collaborative,Executive Director,Nonprofit,2025-10-13,,true,2026-07-10,profile_enrichment
685,1,7053,Beacon Software Group,Director of Engineering,Technology,2017-01-30,,true,2020-01-12,crm_import
686,1,15784,Pinecrest Partners,Counsel,Legal Services,2011-09-17,,true,2017-07-16,profile_enrichment
687,1,1864,Granite Industrial Group,Operations Manager,Manufacturing,2014-11-09,2020-08-04,false,2020-08-04,crm_import
688,1,1864,Arcfield Manufacturing,Operations Analyst,Manufacturing,2010-07-27,2014-11-08,false,2014-11-08,crm_import
689,1,1864,Arcfield Manufacturing,Senior Operations Manager,Manufacturing,2020-08-05,,true,2025-08-31,profile_enrichment
690,1,463,Summit Grove Partners,Senior Finance Manager,Financial Services,2025-08-14,,true,2025-10-16,profile_enrichment
691,1,15401,Redwood Creative,Senior Producer,Media,2015-07-03,,true,2026-03-11,profile_enrichment
692,1,12500,Harbor Street Counsel,Counsel,Legal Services,2024-07-10,,true,2025-09-06,profile_enrichment
693,1,14902,Clearwater Health Group,Vice President of Operations,Healthcare,2011-11-07,2017-10-31,false,2017-10-31,profile_enrichment
694,1,14902,Clearwater Health Group,Chief Operating Officer,Healthcare,2017-11-01,,true,2018-02-25,profile_enrichment
695,1,2169,Stonebridge Financial,Finance Manager,Financial Services,2022-09-24,2026-04-30,false,2026-04-30,profile_enrichment
696,1,2169,Summit Grove Partners,Associate,Financial Services,2017-08-12,2022-09-23,false,2022-09-23,crm_import
697,1,2169,Stonebridge Financial,Senior Finance Manager,Financial Services,2026-05-01,,true,2026-05-12,profile_enrichment
698,1,8836,Granite Advisory,Associate,Financial Services,2009-10-31,2014-01-02,false,2014-01-02,crm_import
699,1,8836,Stonebridge Financial,,Financial Services,2014-01-03,,true,2014-12-21,profile_enrichment
700,1,13052,Stonebridge Financial,Vice President of Finance,Financial Services,2019-07-14,,true,2023-01-31,profile_enrichment
701,1,5953,Metro Community Foundation,Program Coordinator,Nonprofit,2010-12-27,2013-10-15,false,2013-10-15,crm_import
702,1,5953,Youth Arts Collaborative,Program Coordinator,Nonprofit,2007-06-25,2010-12-26,false,2010-12-26,profile_enrichment
703,1,5953,Community Innovation Council,Program Manager,Nonprofit,2014-07-18,,true,2025-02-16,crm_import
704,1,8731,Cedar & Finch Consulting,Senior Counsel,Legal Services,2026-02-23,,true,2026-03-22,profile_enrichment
705,1,4697,Juniper Education Group,Professor,Education,2021-03-23,2025-01-12,false,2025-01-12,crm_import
706,1,4697,Northbridge Academy,Associate Professor,Education,2019-01-08,2021-03-22,false,2021-03-22,crm_import
707,1,4697,Juniper Education Group,Department Chair,Education,2025-06-30,,true,2025-11-14,profile_enrichment
708,1,7968,Silver Maple Holdings,Associate,Financial Services,2010-07-02,2012-07-18,false,2012-07-18,profile_enrichment
709,1,7968,Summit Grove Partners,,Financial Services,2012-07-19,,true,2022-05-05,crm_import
710,1,15707,Pinecrest Partners,General Counsel,Legal Services,2011-06-11,,true,2012-06-23,profile_enrichment
711,1,1626,Juniper Education Group,Associate Professor,Education,2020-04-13,2024-02-25,false,2024-02-25,crm_import
712,1,1626,Open Learning Network,Assistant Professor,Education,2017-04-25,2019-05-12,false,2019-05-12,profile_enrichment
713,1,1626,Open Learning Network,Lecturer,Education,2014-02-26,2016-04-13,false,2016-04-13,crm_import
714,1,1626,Juniper Education Group,Professor,Education,2024-02-26,,true,2025-08-21,crm_import
715,1,11749,Redwood Creative,Managing Director,Media,2021-10-27,2024-04-03,false,2024-04-03,crm_import
716,1,11749,Mariner Media Group,President,Media,2024-08-27,,true,2025-11-29,profile_enrichment
717,1,5910,Summit Grove Partners,Director of Finance,Financial Services,2011-03-21,,true,2019-08-01,profile_enrichment
718,1,2883,Granite Advisory,Associate,Financial Services,2006-04-03,2012-03-24,false,2012-03-24,profile_enrichment
719,1,2883,Stonebridge Financial,Analyst,Financial Services,2003-10-25,2006-04-02,false,2006-04-02,crm_import
720,1,2883,Summit Grove Partners,Analyst,Financial Services,2001-02-13,2003-10-24,false,2003-10-24,crm_import
721,1,2883,Granite Advisory,Finance Manager,Financial Services,2012-03-25,,true,2013-04-19,crm_import
722,1,12878,Blue Lantern Technologies,Software Engineer,Technology,2009-05-23,2013-10-07,false,2013-10-07,crm_import
723,1,12878,Mariner Labs,Analyst,Technology,2004-06-13,2009-05-22,false,2009-05-22,crm_import
724,1,12878,Northstar Systems,Senior Software Engineer,Technology,2014-07-01,,true,2019-04-08,crm_import
725,1,8014,Harbor Street Counsel,Senior Counsel,Legal Services,2022-03-25,2024-09-07,false,2024-09-07,crm_import
726,1,8014,Cedar & Finch Consulting,Counsel,Legal Services,2019-01-22,2022-03-24,false,2022-03-24,crm_import
727,1,8014,Harbor Street Counsel,Managing Counsel,Legal Services,2025-02-28,,true,2025-06-16,crm_import
728,1,2629,Regional Health Partners,Senior Program Manager,Healthcare,2022-08-22,2025-10-22,false,2025-10-22,profile_enrichment
729,1,2629,Regional Health Partners,Director of Operations,Healthcare,2025-10-23,,true,2026-05-16,profile_enrichment
730,1,3184,Metro Community Foundation,Executive Director,Nonprofit,2010-11-01,2015-11-13,false,2015-11-13,crm_import
731,1,3184,Metro Community Foundation,Director of Programs,Nonprofit,2006-03-30,2010-10-31,false,2010-10-31,crm_import
732,1,3184,Community Innovation Council,Executive Director,Nonprofit,2015-11-14,,true,2023-03-18,profile_enrichment
733,1,20,CivicWorks Collaborative,Director of Programs,Nonprofit,2016-08-05,,true,2019-11-02,profile_enrichment
734,1,14231,Open Learning Network,Associate Professor,Education,2021-07-29,,true,2025-02-16,profile_enrichment
735,1,3001,Lakeshore Media,Program Director,Media,2016-03-22,,true,2022-07-27,profile_enrichment
736,1,16911,Arcfield Medical,Senior Program Manager,Healthcare,2020-11-21,2025-03-21,false,2025-03-21,crm_import
737,1,16911,Arcfield Medical,Director of Operations,Healthcare,2025-03-22,,true,2025-07-09,crm_import
738,1,11784,Beacon Software Group,Vice President of Engineering,Technology,2019-11-12,,true,2021-08-23,crm_import
739,1,14003,Northbridge Academy,Assistant Professor,Education,2016-07-23,2020-02-08,false,2020-02-08,crm_import
740,1,14003,Juniper Education Group,Lecturer,Education,2011-12-28,2016-07-22,false,2016-07-22,profile_enrichment
741,1,14003,Youth Arts Collaborative,Volunteer Treasurer,Nonprofit,2016-06-12,2020-05-24,false,2020-05-24,profile_enrichment
742,1,14003,Open Learning Network,Associate Professor,Education,2020-02-09,,true,2023-11-21,profile_enrichment
743,1,13074,Clearwater Manufacturing,Operations Manager,Manufacturing,2011-09-13,2016-10-24,false,2016-10-24,crm_import
744,1,13074,Redwood Holdings,Senior Operations Manager,Manufacturing,2016-10-25,,true,2017-05-15,profile_enrichment
745,1,9853,Redwood Creative,Program Director,Media,2010-08-21,2014-04-01,false,2014-04-01,crm_import
746,1,9853,Lakeshore Media,Senior Producer,Media,2005-06-15,2010-08-20,false,2010-08-20,crm_import
747,1,9853,Lakeshore Media,Managing Director,Media,2014-04-02,,true,2019-10-01,profile_enrichment
748,1,3553,Cedar & Finch Consulting,Associate Counsel,Legal Services,2017-01-10,2022-08-18,false,2022-08-18,crm_import
749,1,3553,Pinecrest Partners,Legal Analyst,Legal Services,2012-04-24,2017-01-09,false,2017-01-09,profile_enrichment
750,1,3553,Metro Community Foundation,Board Member,Nonprofit,2021-05-28,2023-07-10,false,2023-07-10,profile_enrichment
751,1,3553,Beacon Legal Group,Counsel,Legal Services,2023-02-12,,true,2026-02-28,profile_enrichment
752,1,13362,Juniper Education Group,Assistant Professor,Education,2017-02-01,2021-11-13,false,2021-11-13,profile_enrichment
753,1,13362,Open Learning Network,Board Member,Education,2018-02-28,2022-01-31,false,2022-01-31,profile_enrichment
754,1,13362,Cedar Ridge Education,Associate Professor,Education,2021-11-14,,true,2022-10-15,crm_import
755,1,6031,Clearwater Manufacturing,Operations Manager,Manufacturing,2014-01-22,,true,2025-05-18,profile_enrichment
756,1,14385,Arcfield Manufacturing,Vice President of Operations,Manufacturing,2018-02-08,,true,2024-04-03,crm_import
757,1,6367,Regional Health Partners,Director of Operations,Healthcare,2023-12-27,,true,2026-07-01,crm_import
758,1,5368,Northbridge Academy,Assistant Professor,Education,2024-02-02,,true,2024-11-26,profile_enrichment
759,1,17402,Lakeshore Media,Producer,Media,2011-08-20,2016-11-15,false,2016-11-15,crm_import
760,1,17402,Orchard Studio,Coordinator,Media,2007-08-12,2011-01-04,false,2011-01-04,crm_import
761,1,17402,Mariner Media Group,Senior Producer,Media,2016-11-16,,true,2025-11-29,profile_enrichment
762,1,1663,Harbor Street Counsel,Senior Counsel,Legal Services,2014-03-23,,true,2014-06-20,crm_import
763,1,14128,Cedar Ridge Education,Professor,Education,2020-05-26,2026-05-03,false,2026-05-03,crm_import
764,1,14128,Cedar Ridge Education,Associate Professor,Education,2016-04-11,2020-05-25,false,2020-05-25,crm_import
765,1,14128,Cedar Ridge Education,Department Chair,Education,2026-06-27,,true,2026-08-06,profile_enrichment
766,1,5848,Summit Grove Partners,Chief Financial Officer,Financial Services,2019-11-02,,true,2021-01-16,profile_enrichment
767,1,10094,Mariner Media Group,Program Director,Media,2023-01-03,,true,2025-10-03,crm_import
768,1,8869,Arcfield Medical,Vice President of Operations,Healthcare,2015-09-21,2020-06-03,false,2020-06-03,profile_enrichment
769,1,8869,Regional Health Partners,Director of Operations,Healthcare,2010-07-05,2015-09-20,false,2015-09-20,crm_import
770,1,8869,Arcfield Medical,Chief Operating Officer,Healthcare,2020-06-04,,true,2020-10-23,profile_enrichment
771,1,1115,Silver Maple Holdings,Vice President of Finance,Financial Services,2023-04-12,2025-06-11,false,2025-06-11,crm_import
772,1,1115,Granite Advisory,Director of Finance,Financial Services,2016-10-30,2022-01-01,false,2022-01-01,crm_import
773,1,1115,Silver Maple Holdings,Chief Financial Officer,Financial Services,2025-06-12,,true,2025-11-21,profile_enrichment
774,1,10291,Cedar Ridge Education,Department Chair,Education,2017-01-06,2020-03-21,false,2020-03-21,crm_import
775,1,10291,Open Learning Network,Professor,Education,2013-03-21,2015-10-18,false,2015-10-18,profile_enrichment
776,1,10291,Northbridge Academy,Associate Professor,Education,2008-05-07,2013-03-20,false,2013-03-20,crm_import
777,1,10291,Cedar Ridge Education,Dean,Education,2020-03-22,,true,2022-12-12,profile_enrichment
778,1,2963,Harbor Street Counsel,Associate Counsel,Legal Services,2012-02-16,,true,2019-03-11,crm_import
779,1,8236,Open Learning Network,Professor,Education,2023-12-16,2026-06-19,false,2026-06-19,crm_import
780,1,8236,Northbridge Academy,Associate Professor,Education,2018-11-15,2023-12-15,false,2023-12-15,crm_import
781,1,8236,Cedar Ridge Education,Department Chair,Education,2026-06-20,,true,2026-08-29,crm_import
782,1,19307,Stonebridge Financial,Senior Finance Manager,Financial Services,2016-02-08,2020-04-16,false,2020-04-16,crm_import
783,1,19307,Granite Advisory,Finance Manager,Financial Services,2011-06-12,2015-09-08,false,2015-09-08,profile_enrichment
784,1,19307,Stonebridge Financial,Associate,Financial Services,2005-08-31,2011-06-11,false,2011-06-11,crm_import
785,1,19307,Summit Grove Partners,Director of Finance,Financial Services,2020-11-30,,true,2026-02-05,profile_enrichment
786,1,8215,Clearwater Manufacturing,Senior Operations Manager,Manufacturing,2015-06-14,2019-09-10,false,2019-09-10,profile_enrichment
787,1,8215,Arcfield Manufacturing,Operations Manager,Manufacturing,2009-09-02,2015-06-13,false,2015-06-13,crm_import
788,1,8215,Arcfield Manufacturing,Director of Operations,Manufacturing,2020-02-10,,true,2025-09-25,crm_import
789,1,8212,Harbor Street Counsel,Managing Counsel,Legal Services,2019-07-02,2023-02-19,false,2023-02-19,crm_import
790,1,8212,Cedar & Finch Consulting,Senior Counsel,Legal Services,2014-02-05,2019-07-01,false,2019-07-01,crm_import
791,1,8212,Cedar & Finch Consulting,Counsel,Legal Services,2008-07-01,2014-02-04,false,2014-02-04,crm_import
792,1,8212,Harbor Street Counsel,,Legal Services,2023-02-20,,true,2026-05-21,profile_enrichment
793,1,501,Cedar & Finch Consulting,Associate Counsel,Legal Services,2020-03-18,2025-08-11,false,2025-08-11,crm_import
794,1,501,Cedar & Finch Consulting,Legal Analyst,Legal Services,2014-08-12,2020-03-17,false,2020-03-17,crm_import
795,1,501,Pinecrest Partners,Legal Analyst,Legal Services,2010-11-03,2014-08-11,false,2014-08-11,crm_import
796,1,501,Harbor Street Counsel,Counsel,Legal Services,2025-08-12,,true,2026-05-03,crm_import
797,1,9801,Open Learning Network,Assistant Professor,Education,2016-08-05,,true,2016-10-02,profile_enrichment
798,1,9612,Cedar & Finch Consulting,Managing Counsel,Legal Services,2024-06-05,,true,2025-09-20,crm_import
799,1,5714,Clearwater Health Group,Director of Operations,Healthcare,2022-10-30,2025-01-28,false,2025-01-28,crm_import
800,1,5714,Arcfield Medical,Senior Program Manager,Healthcare,2016-07-27,2022-05-30,false,2022-05-30,crm_import
801,1,5714,Clearwater Health Group,Vice President of Operations,Healthcare,2025-01-29,,true,2025-06-09,profile_enrichment
802,1,13499,Stonebridge Financial,Senior Finance Manager,Financial Services,2023-01-22,2026-05-23,false,2026-05-23,crm_import
803,1,13499,Silver Maple Holdings,Finance Manager,Financial Services,2019-02-19,2023-01-21,false,2023-01-21,profile_enrichment
804,1,13499,Silver Maple Holdings,Associate,Financial Services,2014-07-07,2019-02-18,false,2019-02-18,crm_import
805,1,13499,Stonebridge Financial,Director of Finance,Financial Services,2026-05-24,,true,2026-08-04,crm_import
806,1,5785,Juniper Education Group,Associate Professor,Education,2023-05-31,2025-10-06,false,2025-10-06,crm_import
807,1,5785,Northbridge Academy,Assistant Professor,Education,2018-12-13,2023-05-30,false,2023-05-30,profile_enrichment
808,1,5785,Juniper Education Group,Lecturer,Education,2016-03-12,2018-12-12,false,2018-12-12,crm_import
809,1,5785,Juniper Education Group,Professor,Education,2025-10-07,,true,2026-04-05,profile_enrichment
810,1,16243,Redwood Holdings,President,Manufacturing,2022-08-02,,true,2024-11-25,crm_import
811,1,4841,Harborline Health,Director of Operations,Healthcare,2016-03-29,,true,2017-01-02,profile_enrichment
812,1,16579,CivicWorks Collaborative,Senior Program Manager,Nonprofit,2017-03-17,,true,2018-01-06,profile_enrichment
813,1,5836,Metro Community Foundation,Senior Program Manager,Nonprofit,2025-12-29,,true,2026-02-21,crm_import
814,1,9981,Cedar & Finch Consulting,Managing Counsel,Legal Services,2014-06-25,,true,2018-10-31,profile_enrichment
815,1,5157,Metro Community Foundation,Senior Program Manager,Nonprofit,2020-01-23,2023-06-08,false,2023-06-08,profile_enrichment
816,1,5157,Community Innovation Council,Program Coordinator,Nonprofit,2012-11-27,2018-08-31,false,2018-08-31,crm_import
817,1,5157,Youth Arts Collaborative,Program Manager,Nonprofit,2023-06-09,,true,2026-07-24,profile_enrichment
818,1,8614,Harborline Health,Vice President of Operations,Healthcare,2011-11-21,,true,2024-01-09,profile_enrichment
819,1,14347,Clearwater Health Group,Program Manager,Healthcare,2013-09-07,,true,2022-05-10,profile_enrichment
820,1,13570,Mariner Media Group,President,Media,2020-05-14,,true,2023-08-14,profile_enrichment
821,1,17991,Beacon Software Group,Director of Engineering,Technology,2018-08-23,,true,2023-12-17,crm_import
822,1,3053,Metro Community Foundation,Director of Programs,Nonprofit,2008-09-25,2013-03-07,false,2013-03-07,crm_import
823,1,3053,Metro Community Foundation,Senior Program Manager,Nonprofit,2005-12-28,2008-09-24,false,2008-09-24,profile_enrichment
824,1,3053,CivicWorks Collaborative,Vice President of Programs,Nonprofit,2013-03-08,,true,2023-11-01,crm_import
825,1,9116,Northbridge Academy,Associate Professor,Education,2020-10-16,,true,2026-05-03,profile_enrichment
826,1,17142,Blue Lantern Technologies,Director of Engineering,Technology,2021-06-11,,true,2023-11-20,profile_enrichment
827,1,6985,Regional Health Partners,Vice President of Operations,Healthcare,2009-01-13,2013-11-25,false,2013-11-25,profile_enrichment
828,1,6985,Arcfield Medical,Director of Operations,Healthcare,2004-07-07,2009-01-12,false,2009-01-12,crm_import
829,1,6985,Regional Health Initiative,Part-Time Lecturer,Consulting,2011-03-27,2014-01-05,false,2014-01-05,profile_enrichment
830,1,6985,Clearwater Health Group,Chief Operating Officer,Healthcare,2013-11-26,,true,2022-05-06,profile_enrichment
831,1,18599,Summit Grove Partners,Chief Financial Officer,Financial Services,2009-04-10,2014-09-15,false,2014-09-15,profile_enrichment
832,1,18599,Stonebridge Financial,Senior Finance Manager,Financial Services,2006-06-01,2009-04-09,false,2009-04-09,profile_enrichment
833,1,18599,Summit Grove Partners,Vice President of Finance,Financial Services,2014-09-16,,true,2020-01-19,crm_import
834,1,7775,Beacon Legal Group,Senior Counsel,Legal Services,2012-10-12,,true,2020-04-25,profile_enrichment
835,1,10365,Pinecrest Partners,Counsel,Legal Services,2010-03-03,2012-09-10,false,2012-09-10,crm_import
836,1,10365,Beacon Legal Group,Senior Counsel,Legal Services,2013-09-03,,true,2020-03-24,crm_import
837,1,511,Harborline Health,Senior Program Manager,Healthcare,2022-08-05,,true,2025-04-09,profile_enrichment
838,1,15889,Beacon Software Group,Software Engineer,Technology,2014-02-19,,true,2018-06-16,profile_enrichment
839,1,16588,Regional Health Partners,Program Manager,Healthcare,2011-08-28,,true,2025-10-19,profile_enrichment
840,1,5992,Metro Community Foundation,Part-Time Lecturer,Consulting,2020-10-28,2025-04-10,false,2025-04-10,profile_enrichment
841,1,5992,Open Learning Network,Dean,Education,2024-10-15,,true,2026-07-04,crm_import
842,1,9622,Metro Community Foundation,Senior Program Manager,Nonprofit,2025-03-09,,true,2025-04-17,profile_enrichment
843,1,10110,Granite Industrial Group,Vice President of Operations,Manufacturing,2015-02-28,2019-05-31,false,2019-05-31,crm_import
844,1,10110,Arcfield Manufacturing,Director of Operations,Manufacturing,2011-05-03,2015-02-27,false,2015-02-27,profile_enrichment
845,1,10110,Granite Industrial Group,Senior Operations Manager,Manufacturing,2007-12-17,2011-05-02,false,2011-05-02,crm_import
846,1,10110,Redwood Holdings,President,Manufacturing,2019-06-01,,true,2025-02-05,crm_import
847,1,11961,Arcfield Manufacturing,Operations Analyst,Manufacturing,2013-07-10,2016-06-01,false,2016-06-01,crm_import
848,1,11961,Arcfield Manufacturing,Operations Analyst,Manufacturing,2009-02-18,2013-07-09,false,2013-07-09,crm_import
849,1,11961,Arcfield Manufacturing,Operations Analyst,Manufacturing,2003-07-28,2008-01-21,false,2008-01-21,profile_enrichment
850,1,11961,Redwood Holdings,Operations Manager,Manufacturing,2017-08-10,,true,2023-02-24,profile_enrichment
851,1,9930,Redwood Creative,Program Director,Media,2021-09-25,2025-07-21,false,2025-07-21,crm_import
852,1,9930,Mariner Media Group,Senior Producer,Media,2016-06-08,2021-09-24,false,2021-09-24,crm_import
853,1,9930,Redwood Creative,Managing Director,Media,2025-07-22,,true,2026-07-14,profile_enrichment
854,1,2147,Mariner Labs,Vice President of Engineering,Technology,2020-12-06,2026-07-10,false,2026-07-10,crm_import
855,1,2147,Mariner Labs,Chief Technology Officer,Technology,2026-07-11,,true,2026-07-19,profile_enrichment
856,1,6723,Beacon Legal Group,Senior Counsel,Legal Services,2021-06-30,2025-02-08,false,2025-02-08,crm_import
857,1,6723,Beacon Legal Group,Counsel,Legal Services,2017-08-26,2021-02-17,false,2021-02-17,crm_import
858,1,6723,Cedar & Finch Consulting,Associate Counsel,Legal Services,2012-08-08,2017-08-25,false,2017-08-25,profile_enrichment
859,1,6723,Beacon Legal Group,Managing Counsel,Legal Services,2025-02-09,,true,2025-03-20,profile_enrichment
860,1,10944,Arcfield Manufacturing,Director of Operations,Manufacturing,2011-11-09,2016-11-25,false,2016-11-25,crm_import
861,1,10944,Clearwater Manufacturing,Vice President of Operations,Manufacturing,2016-11-26,,true,2021-06-05,crm_import
862,1,1499,Cedar Ridge Education,Professor,Education,2025-05-28,,true,2026-04-22,crm_import
863,1,6935,Juniper Education Group,Dean,Education,2019-09-24,,true,2024-01-08,profile_enrichment
864,1,8034,Mariner Media Group,Senior Producer,Media,2007-09-30,2012-02-18,false,2012-02-18,crm_import
865,1,8034,Redwood Creative,Producer,Media,2012-02-19,,true,2020-01-19,profile_enrichment
866,1,11356,Metro Community Foundation,Board Member,Nonprofit,2017-06-26,2019-01-20,false,2019-01-20,profile_enrichment
867,1,11356,Regional Health Partners,Vice President of Operations,Healthcare,2018-08-08,,true,2025-12-03,crm_import
868,1,4145,Mariner Labs,Software Engineer,Technology,2008-11-05,2014-03-08,false,2014-03-08,crm_import
869,1,4145,Beacon Software Group,Senior Software Engineer,Technology,2014-03-09,,true,2016-03-09,crm_import
870,1,14184,Cedar Ridge Education,Lecturer,Education,2021-10-20,2023-12-24,false,2023-12-24,crm_import
871,1,14184,Open Learning Network,Lecturer,Education,2017-07-04,2021-10-19,false,2021-10-19,profile_enrichment
872,1,14184,Northbridge Academy,Lecturer,Education,2012-11-19,2017-07-03,false,2017-07-03,profile_enrichment
873,1,14184,Northbridge Academy,Assistant Professor,Education,2023-12-25,,true,2025-05-02,profile_enrichment
874,1,1956,Redwood Creative,Senior Producer,Media,2010-11-06,,true,2018-07-07,profile_enrichment
875,1,8249,Northbridge Academy,Lecturer,Education,2012-12-17,2016-08-22,false,2016-08-22,crm_import
876,1,8249,Juniper Education Group,Lecturer,Education,2007-03-01,2012-12-16,false,2012-12-16,crm_import
877,1,8249,Open Learning Network,Lecturer,Education,2002-06-04,2007-02-28,false,2007-02-28,crm_import
878,1,8249,Cedar Ridge Education,Assistant Professor,Education,2016-08-23,,true,2023-01-08,crm_import
879,1,4476,Cedar Ridge Education,Associate Professor,Education,2016-04-30,,true,2017-08-28,profile_enrichment
880,1,2606,Blue Lantern Technologies,Vice President of Engineering,Technology,2011-07-26,,true,2024-11-25,profile_enrichment
881,1,6269,Orchard Studio,President,Media,2014-08-03,,true,2018-10-04,profile_enrichment
882,1,2737,Regional Health Partners,Senior Program Manager,Healthcare,2020-07-20,,true,2020-08-11,crm_import
883,1,17215,Redwood Creative,President,Media,2016-04-20,,true,2024-10-14,profile_enrichment
884,1,420,Metro Community Foundation,Vice President of Programs,Nonprofit,2022-11-30,2025-03-06,false,2025-03-06,crm_import
885,1,420,Metro Community Foundation,Director of Programs,Nonprofit,2019-02-12,2022-11-29,false,2022-11-29,crm_import
886,1,420,CivicWorks Collaborative,Executive Director,Nonprofit,2025-03-07,,true,2025-11-11,crm_import
887,1,15633,Juniper Education Group,Dean,Education,2021-12-03,,true,2026-05-26,profile_enrichment
888,1,18114,Arcfield Manufacturing,Director of Operations,Manufacturing,2022-12-08,2025-08-09,false,2025-08-09,crm_import
889,1,18114,Redwood Holdings,Senior Operations Manager,Manufacturing,2017-06-10,2022-12-07,false,2022-12-07,crm_import
890,1,18114,Arcfield Manufacturing,Vice President of Operations,Manufacturing,2025-08-10,,true,2025-10-04,crm_import
891,1,16224,Regional Health Partners,Vice President of Operations,Healthcare,2017-07-09,,true,2026-01-02,profile_enrichment
892,1,5582,Granite Industrial Group,Senior Operations Manager,Manufacturing,2024-12-04,,true,2026-08-06,crm_import
893,1,18500,Clearwater Manufacturing,Director of Operations,Manufacturing,2011-03-22,,true,2022-09-09,profile_enrichment
894,1,7713,Arcfield Medical,Senior Program Manager,Healthcare,2013-08-22,2016-09-12,false,2016-09-12,crm_import
895,1,7713,Regional Health Partners,Program Manager,Healthcare,2010-02-21,2012-08-01,false,2012-08-01,crm_import
896,1,7713,Clearwater Health Group,Program Analyst,Healthcare,2005-10-01,2008-12-19,false,2008-12-19,profile_enrichment
897,1,7713,Clearwater Health Group,Director of Operations,Healthcare,2016-09-13,,true,2025-11-03,profile_enrichment
898,1,18118,Arcfield Medical,Senior Program Manager,Healthcare,2015-04-26,,true,2021-12-25,profile_enrichment
899,1,4250,Northstar Systems,Chief Technology Officer,Technology,2024-11-21,,true,2025-09-06,profile_enrichment
900,1,11764,Mariner Media Group,Coordinator,Media,2016-03-14,2020-10-22,false,2020-10-22,profile_enrichment
901,1,11764,Orchard Studio,Producer,Media,2022-01-16,,true,2022-04-01,profile_enrichment
902,1,2086,Juniper Education Group,Professor,Education,2017-04-08,2020-10-20,false,2020-10-20,crm_import
903,1,2086,Northbridge Academy,Lecturer,Education,2011-11-10,2017-04-07,false,2017-04-07,crm_import
904,1,2086,Northbridge Academy,Associate Professor,Education,2020-10-21,,true,2021-03-13,profile_enrichment
905,1,8677,Clearwater Manufacturing,Director of Operations,Manufacturing,2012-06-05,,true,2024-07-11,profile_enrichment
906,1,3654,Granite Industrial Group,Operations Analyst,Manufacturing,2017-12-29,2021-01-03,false,2021-01-03,profile_enrichment
907,1,3654,Clearwater Manufacturing,Operations Analyst,Manufacturing,2015-10-21,2017-12-28,false,2017-12-28,crm_import
908,1,3654,Redwood Holdings,Operations Manager,Manufacturing,2021-03-07,,true,2022-05-11,crm_import
909,1,8473,CivicWorks Collaborative,Vice President of Programs,Nonprofit,2023-10-15,,true,2025-07-29,profile_enrichment
910,1,17192,Orchard Studio,Producer,Media,2009-11-20,2013-06-02,false,2013-06-02,profile_enrichment
911,1,17192,Orchard Studio,Senior Producer,Media,2013-06-03,,true,2019-04-25,crm_import
912,1,12027,Metro Community Foundation,Program Manager,Nonprofit,2015-05-31,,true,2019-08-12,crm_import
913,1,16319,Granite Advisory,Finance Manager,Financial Services,2014-12-07,,true,2023-08-22,crm_import
914,1,485,Stonebridge Financial,Senior Finance Manager,Financial Services,2015-08-25,,true,2018-04-14,profile_enrichment
915,1,8355,Open Learning Network,Associate Professor,Education,2006-12-04,2011-02-13,false,2011-02-13,crm_import
916,1,8355,Northbridge Academy,Professor,Education,2011-02-14,,true,2026-05-19,profile_enrichment
917,1,18684,Clearwater Manufacturing,,Manufacturing,2012-02-23,,true,2023-09-29,profile_enrichment
918,1,6219,Clearwater Manufacturing,Vice President of Operations,Manufacturing,2021-02-15,,true,2021-11-26,profile_enrichment
919,1,3483,Open Learning Network,Professor,Education,2020-11-05,,true,2022-05-23,crm_import
920,1,852,Northbridge Academy,,Education,2013-03-29,,true,2022-04-15,profile_enrichment
921,1,19899,Silver Maple Holdings,Associate,Financial Services,2016-07-23,2019-11-08,false,2019-11-08,crm_import
922,1,19899,Stonebridge Financial,Finance Manager,Financial Services,2019-11-09,,true,2021-12-15,crm_import
923,1,14191,Granite Industrial Group,Senior Operations Manager,Manufacturing,2025-09-07,,true,2026-04-01,crm_import
924,1,7560,Lakeshore Media,Program Director,Media,2020-12-19,2026-01-09,false,2026-01-09,crm_import
925,1,7560,Orchard Studio,Senior Producer,Media,2016-06-28,2020-12-18,false,2020-12-18,crm_import
926,1,7560,Lakeshore Media,Managing Director,Media,2026-06-12,,true,2026-07-15,profile_enrichment
927,1,16471,Pinecrest Partners,Counsel,Legal Services,2014-08-03,,true,2018-03-04,crm_import
928,1,7049,Beacon Legal Group,Managing Counsel,Legal Services,2015-12-22,,true,2022-03-20,crm_import
929,1,11851,Clearwater Manufacturing,Director of Operations,Manufacturing,2012-11-24,,true,2014-05-13,crm_import
930,1,15846,Pinecrest Partners,Managing Counsel,Legal Services,2015-07-21,,true,2019-04-08,profile_enrichment
931,1,10077,Blue Lantern Technologies,Engineering Manager,Technology,2021-01-22,2025-12-20,false,2025-12-20,profile_enrichment
932,1,10077,Blue Lantern Technologies,Senior Software Engineer,Technology,2018-07-13,2020-10-07,false,2020-10-07,crm_import
933,1,10077,Mariner Labs,Software Engineer,Technology,2014-07-01,2017-01-26,false,2017-01-26,crm_import
934,1,10077,Blue Lantern Technologies,Director of Engineering,Technology,2025-12-21,,true,2026-03-09,crm_import
935,1,2714,Clearwater Health Group,Director of Operations,Healthcare,2020-03-27,,true,2023-07-24,profile_enrichment
936,1,10420,CivicWorks Collaborative,Vice President of Programs,Nonprofit,2014-09-15,,true,2017-05-03,profile_enrichment
937,1,12364,Northstar Systems,Senior Software Engineer,Technology,2021-02-18,,true,2024-01-22,crm_import
938,1,7082,Pinecrest Partners,Counsel,Legal Services,2022-12-29,,true,2025-10-21,profile_enrichment
939,1,18015,Youth Arts Collaborative,Director of Programs,Nonprofit,2018-02-27,,true,2025-10-31,profile_enrichment
940,1,12064,Arcfield Medical,Chief Operating Officer,Healthcare,2012-10-18,,true,2024-02-04,crm_import
941,1,9508,Granite Advisory,Associate,Financial Services,2020-05-16,2023-10-18,false,2023-10-18,crm_import
942,1,9508,Silver Maple Holdings,Analyst,Financial Services,2015-05-02,2020-05-15,false,2020-05-15,crm_import
943,1,9508,Stonebridge Financial,Finance Manager,Financial Services,2023-10-19,,true,2025-08-29,crm_import
944,1,12829,Beacon Software Group,Chief Technology Officer,Technology,2007-08-16,2012-02-24,false,2012-02-24,crm_import
945,1,12829,Mariner Labs,Engineering Manager,Technology,2002-10-08,2007-03-20,false,2007-03-20,crm_import
946,1,12829,Mariner Labs,Vice President of Engineering,Technology,2012-02-25,,true,2015-11-02,crm_import
947,1,16105,Harbor Street Counsel,Senior Counsel,Legal Services,2011-01-08,2013-12-06,false,2013-12-06,crm_import
948,1,16105,Pinecrest Partners,Counsel,Legal Services,2005-07-17,2011-01-07,false,2011-01-07,profile_enrichment
949,1,16105,Cedar & Finch Consulting,Associate Counsel,Legal Services,2001-09-06,2005-07-16,false,2005-07-16,profile_enrichment
950,1,16105,Cedar & Finch Consulting,Managing Counsel,Legal Services,2013-12-07,,true,2014-01-12,profile_enrichment
951,1,10255,Harbor Street Counsel,Managing Counsel,Legal Services,2016-01-06,,true,2019-01-18,crm_import
952,1,122,Northbridge Academy,Associate Professor,Education,2020-04-12,2024-11-05,false,2024-11-05,crm_import
953,1,122,Open Learning Network,Assistant Professor,Education,2016-09-17,2019-03-20,false,2019-03-20,crm_import
954,1,122,Juniper Education Group,Professor,Education,2024-11-06,,true,2026-08-14,crm_import
955,1,1432,Northbridge Academy,Associate Professor,Education,2022-04-19,,true,2024-04-23,profile_enrichment
956,1,11221,Metro Community Foundation,Program Manager,Nonprofit,2010-09-29,,true,2020-03-25,profile_enrichment
957,1,19951,Open Learning Network,Strategic Advisor,Education,2016-02-28,2017-11-14,false,2017-11-14,profile_enrichment
958,1,19951,Redwood Creative,Program Director,Media,2017-08-12,,true,2020-12-10,crm_import
959,1,13241,Arcfield Manufacturing,Senior Operations Manager,Manufacturing,2013-12-02,2017-12-26,false,2017-12-26,profile_enrichment
960,1,13241,Granite Industrial Group,Operations Manager,Manufacturing,2010-01-04,2013-12-01,false,2013-12-01,crm_import
961,1,13241,Arcfield Manufacturing,Operations Analyst,Manufacturing,2004-04-27,2010-01-03,false,2010-01-03,crm_import
962,1,13241,Clearwater Manufacturing,Director of Operations,Manufacturing,2017-12-27,,true,2024-09-19,crm_import
963,1,13530,Mariner Labs,Chief Technology Officer,Technology,2013-06-22,,true,2024-03-13,crm_import
964,1,19454,Open Learning Network,Department Chair,Education,2013-01-30,2015-11-29,false,2015-11-29,crm_import
965,1,19454,Northbridge Academy,Professor,Education,2006-05-29,2011-11-26,false,2011-11-26,profile_enrichment
966,1,19454,Juniper Education Group,Dean,Education,2015-11-30,,true,2019-02-16,crm_import
967,1,11434,Beacon Legal Group,Senior Counsel,Legal Services,2007-06-30,2012-10-27,false,2012-10-27,crm_import
968,1,11434,Pinecrest Partners,Legal Analyst,Legal Services,2002-06-08,2007-06-29,false,2007-06-29,profile_enrichment
969,1,11434,Pinecrest Partners,Counsel,Legal Services,2013-11-29,,true,2025-03-13,crm_import
970,1,10316,Cedar & Finch Consulting,Managing Counsel,Legal Services,2022-02-24,2026-02-09,false,2026-02-09,crm_import
971,1,10316,Cedar & Finch Consulting,General Counsel,Legal Services,2026-03-28,,true,2026-04-19,crm_import
972,1,19099,Silver Maple Holdings,Associate,Financial Services,2015-04-22,2019-09-23,false,2019-09-23,crm_import
973,1,19099,Silver Maple Holdings,Analyst,Financial Services,2010-06-18,2015-04-21,false,2015-04-21,crm_import
974,1,19099,Granite Advisory,Analyst,Financial Services,2008-04-17,2010-06-17,false,2010-06-17,crm_import
975,1,19099,Summit Grove Partners,Finance Manager,Financial Services,2019-09-24,,true,2025-12-05,crm_import
976,1,4646,Cedar Ridge Education,Associate Professor,Education,2024-11-28,,true,2025-06-24,profile_enrichment
977,1,11997,Arcfield Manufacturing,Director of Operations,Manufacturing,2021-07-21,2026-02-09,false,2026-02-09,profile_enrichment
978,1,11997,Clearwater Manufacturing,Senior Operations Manager,Manufacturing,2016-09-20,2021-07-20,false,2021-07-20,crm_import
979,1,11997,Arcfield Manufacturing,Operations Manager,Manufacturing,2011-02-02,2016-09-19,false,2016-09-19,crm_import
980,1,11997,Arcfield Manufacturing,Vice President of Operations,Manufacturing,2026-02-10,,true,2026-05-06,profile_enrichment
981,1,2240,Silver Maple Holdings,Finance Manager,Financial Services,2019-10-20,2025-10-18,false,2025-10-18,crm_import
982,1,2240,Summit Grove Partners,Associate,Financial Services,2016-02-16,2018-06-16,false,2018-06-16,profile_enrichment
983,1,2240,Granite Advisory,Analyst,Financial Services,2012-02-07,2016-02-15,false,2016-02-15,crm_import
984,1,2240,Granite Advisory,Senior Finance Manager,Financial Services,2025-10-19,,true,2025-12-30,profile_enrichment
985,1,698,Granite Industrial Group,Operations Manager,Manufacturing,2014-06-18,,true,2023-07-27,profile_enrichment
986,1,15437,Beacon Software Group,Senior Software Engineer,Technology,2018-08-15,2021-05-29,false,2021-05-29,crm_import
987,1,15437,Beacon Software Group,Software Engineer,Technology,2013-01-23,2018-08-14,false,2018-08-14,crm_import
988,1,15437,Beacon Software Group,Analyst,Technology,2009-10-29,2013-01-22,false,2013-01-22,crm_import
989,1,15437,Northstar Systems,Engineering Manager,Technology,2021-09-06,,true,2023-07-21,crm_import
990,1,9913,Arcfield Manufacturing,Senior Operations Manager,Manufacturing,2019-08-14,2025-05-08,false,2025-05-08,crm_import
991,1,9913,Redwood Holdings,Operations Manager,Manufacturing,2016-12-02,2019-08-13,false,2019-08-13,profile_enrichment
992,1,9913,Arcfield Manufacturing,Director of Operations,Manufacturing,2026-07-27,,true,2026-08-18,profile_enrichment
993,1,6410,Blue Lantern Technologies,Software Engineer,Technology,2011-05-05,2015-04-18,false,2015-04-18,crm_import
994,1,6410,Beacon Software Group,Analyst,Technology,2007-05-18,2011-05-04,false,2011-05-04,profile_enrichment
995,1,6410,Beacon Software Group,Analyst,Technology,2002-11-15,2007-05-17,false,2007-05-17,crm_import
996,1,6410,Blue Lantern Technologies,Senior Software Engineer,Technology,2015-04-19,,true,2017-12-30,profile_enrichment
997,1,9646,Juniper Education Group,Associate Professor,Education,2022-02-01,2026-05-05,false,2026-05-05,crm_import
998,1,9646,Open Learning Network,Lecturer,Education,2018-02-16,2022-01-31,false,2022-01-31,profile_enrichment
999,1,9646,Juniper Education Group,Lecturer,Education,2013-10-05,2018-02-15,false,2018-02-15,crm_import
1000,1,9646,Cedar Ridge Education,Assistant Professor,Education,2026-05-06,,true,2026-06-16,profile_enrichment
1001,1,9393,Pinecrest Partners,Associate Counsel,Legal Services,2012-07-27,,true,2025-05-29,profile_enrichment
1002,1,9059,Arcfield Manufacturing,Senior Operations Manager,Manufacturing,2010-05-27,,true,2011-07-21,crm_import
1003,1,11940,Community Innovation Council,Program Manager,Nonprofit,2010-11-14,,true,2017-07-07,profile_enrichment
1004,1,15524,Community Innovation Council,Senior Program Manager,Nonprofit,2025-09-16,,true,2026-08-20,profile_enrichment
1005,1,7281,Granite Industrial Group,President,Manufacturing,2023-09-28,,true,2026-03-02,crm_import
1006,1,4902,Granite Industrial Group,Vice President of Operations,Manufacturing,2023-03-01,2025-10-22,false,2025-10-22,crm_import
1007,1,4902,Granite Industrial Group,President,Manufacturing,2025-12-11,,true,2026-06-05,crm_import
1008,1,11570,Mariner Media Group,Producer,Media,2024-05-21,,true,2024-12-15,profile_enrichment
1009,1,8623,Clearwater Manufacturing,Vice President of Operations,Manufacturing,2016-08-07,2020-03-01,false,2020-03-01,profile_enrichment
1010,1,8623,Clearwater Manufacturing,Director of Operations,Manufacturing,2014-06-06,2016-08-06,false,2016-08-06,profile_enrichment
1011,1,8623,Clearwater Manufacturing,Senior Operations Manager,Manufacturing,2010-03-15,2013-05-31,false,2013-05-31,crm_import
1012,1,8623,Arcfield Manufacturing,President,Manufacturing,2020-03-02,,true,2023-02-08,crm_import
1013,1,15293,Summit Grove Partners,Senior Finance Manager,Financial Services,2019-05-10,,true,2023-10-15,profile_enrichment
1014,1,4012,Summit Grove Partners,Chief Financial Officer,Financial Services,2015-01-13,,true,2023-07-01,crm_import
1015,1,10838,Regional Health Partners,Program Analyst,Healthcare,2020-09-07,2022-11-29,false,2022-11-29,crm_import
1016,1,10838,Clearwater Health Group,Program Analyst,Healthcare,2014-09-09,2020-09-06,false,2020-09-06,crm_import
1017,1,10838,Regional Health Partners,Program Manager,Healthcare,2022-11-30,,true,2025-06-10,profile_enrichment
1018,1,9423,Beacon Software Group,Director of Engineering,Technology,2022-05-27,,true,2026-03-01,profile_enrichment
1019,1,17560,Granite Advisory,Chief Financial Officer,Financial Services,2021-05-11,,true,2025-12-09,crm_import
1020,1,9721,Regional Health Initiative,Strategic Advisor,Nonprofit,2012-03-22,2014-11-24,false,2014-11-24,profile_enrichment
1021,1,9721,Mariner Labs,Engineering Manager,Technology,2014-06-28,,true,2016-04-12,crm_import
1022,1,9021,Summit Grove Partners,Finance Manager,Financial Services,2020-02-14,2025-04-27,false,2025-04-27,crm_import
1023,1,9021,Summit Grove Partners,Senior Finance Manager,Financial Services,2025-04-28,,true,2025-09-01,profile_enrichment
1024,1,6199,Mariner Media Group,Managing Director,Media,2020-04-28,2024-12-17,false,2024-12-17,crm_import
1025,1,6199,Redwood Creative,Program Director,Media,2016-10-09,2019-07-12,false,2019-07-12,crm_import
1026,1,6199,Mariner Media Group,President,Media,2024-12-18,,true,2025-05-28,profile_enrichment
1027,1,12344,Northbridge Academy,Professor,Education,2020-07-13,2026-05-08,false,2026-05-08,crm_import
1028,1,12344,Juniper Education Group,Associate Professor,Education,2014-09-14,2020-07-12,false,2020-07-12,crm_import
1029,1,12344,Juniper Education Group,Assistant Professor,Education,2009-07-08,2014-09-13,false,2014-09-13,crm_import
1030,1,12344,Northbridge Academy,Department Chair,Education,2026-05-09,,true,2026-08-13,crm_import
1031,1,15597,Community Innovation Council,Strategic Advisor,Consulting,2015-04-28,2017-05-10,false,2017-05-10,profile_enrichment
1032,1,15597,Harborline Health,Chief Operating Officer,Healthcare,2016-11-24,,true,2026-01-25,profile_enrichment
1033,1,12518,CivicWorks Collaborative,Program Coordinator,Nonprofit,2008-11-17,2013-12-15,false,2013-12-15,crm_import
1034,1,12518,Youth Arts Collaborative,Program Coordinator,Nonprofit,2003-07-29,2008-11-16,false,2008-11-16,profile_enrichment
1035,1,12518,Metro Community Foundation,Program Coordinator,Nonprofit,1999-02-09,2003-07-28,false,2003-07-28,crm_import
1036,1,12518,Metro Community Foundation,Program Manager,Nonprofit,2014-11-05,,true,2016-06-04,profile_enrichment
1037,1,9479,Open Learning Network,Associate Professor,Education,2017-10-11,2020-06-25,false,2020-06-25,crm_import
1038,1,9479,Cedar Ridge Education,Assistant Professor,Education,2011-10-26,2017-10-10,false,2017-10-10,crm_import
1039,1,9479,Northbridge Academy,Lecturer,Education,2006-02-22,2010-08-24,false,2010-08-24,crm_import
1040,1,9479,Juniper Education Group,Professor,Education,2021-08-26,,true,2026-08-18,profile_enrichment
1041,1,3092,Arcfield Manufacturing,Senior Operations Manager,Manufacturing,2022-10-06,2025-03-07,false,2025-03-07,crm_import
1042,1,3092,Clearwater Manufacturing,Operations Manager,Manufacturing,2018-09-11,2022-10-05,false,2022-10-05,crm_import
1043,1,3092,Arcfield Manufacturing,Director of Operations,Manufacturing,2025-03-08,,true,2025-08-14,profile_enrichment
1044,1,17159,Northstar Systems,Director of Engineering,Technology,2022-04-10,2026-01-04,false,2026-01-04,crm_import
1045,1,17159,Mariner Labs,Vice President of Engineering,Technology,2026-01-05,,true,2026-04-02,profile_enrichment
1046,1,13230,Clearwater Manufacturing,Senior Operations Manager,Manufacturing,2016-06-05,2019-02-28,false,2019-02-28,profile_enrichment
1047,1,13230,Clearwater Manufacturing,Operations Manager,Manufacturing,2013-03-15,2016-06-04,false,2016-06-04,crm_import
1048,1,13230,Granite Industrial Group,Operations Analyst,Manufacturing,2009-05-10,2012-03-07,false,2012-03-07,crm_import
1049,1,13230,Clearwater Manufacturing,,Manufacturing,2019-03-01,,true,2021-08-12,profile_enrichment
1050,1,8057,Mariner Labs,Director of Engineering,Technology,2013-12-15,2016-12-06,false,2016-12-06,crm_import
1051,1,8057,Blue Lantern Technologies,Engineering Manager,Technology,2011-10-06,2013-12-14,false,2013-12-14,crm_import
1052,1,8057,Mariner Labs,Vice President of Engineering,Technology,2016-12-07,,true,2025-11-04,crm_import
1053,1,6523,Silver Maple Holdings,Associate,Financial Services,2022-01-04,,true,2022-10-04,crm_import
1054,1,9701,Community Innovation Council,Senior Program Manager,Nonprofit,2007-05-08,2011-02-05,false,2011-02-05,profile_enrichment
1055,1,9701,Youth Arts Collaborative,Program Coordinator,Nonprofit,2004-03-14,2007-05-07,false,2007-05-07,crm_import
1056,1,9701,Metro Community Foundation,Program Manager,Nonprofit,2011-06-25,,true,2023-06-18,profile_enrichment
1057,1,2560,Mariner Media Group,Program Director,Media,2013-08-29,,true,2025-05-31,profile_enrichment
1058,1,7695,CivicWorks Collaborative,Senior Program Manager,Nonprofit,2020-11-03,,true,2021-05-31,profile_enrichment
1059,1,7444,Arcfield Medical,Vice President of Operations,Healthcare,2014-04-08,2017-01-25,false,2017-01-25,crm_import
1060,1,7444,Arcfield Medical,Chief Operating Officer,Healthcare,2017-09-29,,true,2024-04-29,profile_enrichment
1061,1,8602,Silver Maple Holdings,Vice President of Finance,Financial Services,2011-01-31,2016-05-05,false,2016-05-05,crm_import
1062,1,8602,Summit Grove Partners,Director of Finance,Financial Services,2016-05-06,,true,2019-06-24,crm_import
1063,1,8311,Juniper Education Group,Dean,Education,2006-05-17,2011-01-16,false,2011-01-16,profile_enrichment
1064,1,8311,Open Learning Network,Associate Professor,Education,2000-05-30,2006-05-16,false,2006-05-16,crm_import
1065,1,8311,Juniper Education Group,Assistant Professor,Education,1997-05-16,2000-05-29,false,2000-05-29,crm_import
1066,1,8311,Northbridge Academy,Department Chair,Education,2011-01-17,,true,2021-06-13,crm_import
1067,1,462,Orchard Studio,Senior Producer,Media,2023-10-27,2026-05-12,false,2026-05-12,profile_enrichment
1068,1,462,Orchard Studio,Program Director,Media,2026-05-13,,true,2026-06-04,profile_enrichment
1069,1,1628,Northbridge Academy,Assistant Professor,Education,2009-04-21,2013-03-18,false,2013-03-18,crm_import
1070,1,1628,Juniper Education Group,Lecturer,Education,2006-08-07,2009-04-20,false,2009-04-20,crm_import
1071,1,1628,Open Learning Network,Lecturer,Education,2000-11-01,2006-08-06,false,2006-08-06,crm_import
1072,1,1628,Cedar Ridge Education,Associate Professor,Education,2013-09-18,,true,2018-07-26,crm_import
1073,1,11222,Juniper Education Group,Assistant Professor,Education,2010-06-13,,true,2024-01-27,profile_enrichment
1074,1,7142,Northstar Systems,Director of Engineering,Technology,2018-07-19,2021-03-01,false,2021-03-01,crm_import
1075,1,7142,Northstar Systems,Software Engineer,Technology,2016-01-11,2018-03-12,false,2018-03-12,crm_import
1076,1,7142,Northstar Systems,Engineering Manager,Technology,2021-09-10,,true,2025-06-11,crm_import
1077,1,17908,CivicWorks Collaborative,Director of Programs,Nonprofit,2009-03-07,2014-07-28,false,2014-07-28,crm_import
1078,1,17908,Youth Arts Collaborative,Senior Program Manager,Nonprofit,2004-06-12,2009-03-06,false,2009-03-06,crm_import
1079,1,17908,Metro Community Foundation,Program Manager,Nonprofit,1999-08-11,2004-06-11,false,2004-06-11,crm_import
1080,1,17908,CivicWorks Collaborative,Vice President of Programs,Nonprofit,2014-07-29,,true,2017-05-10,profile_enrichment
1081,1,15572,Arcfield Manufacturing,Vice President of Operations,Manufacturing,2015-11-30,,true,2025-10-29,crm_import
1082,1,4251,Lakeshore Media,Managing Director,Media,2014-11-19,2019-12-27,false,2019-12-27,crm_import
1083,1,4251,Orchard Studio,Program Director,Media,2011-08-08,2014-11-18,false,2014-11-18,crm_import
1084,1,4251,Mariner Media Group,Senior Producer,Media,2007-04-27,2011-08-07,false,2011-08-07,profile_enrichment
1085,1,4251,Metro Community Foundation,Board Member,Education,2016-04-29,2020-05-06,false,2020-05-06,profile_enrichment
1086,1,4251,Orchard Studio,President,Media,2019-12-28,,true,2023-07-21,crm_import
1087,1,11853,Granite Advisory,Senior Finance Manager,Financial Services,2024-09-02,,true,2024-11-04,crm_import
1088,1,16621,Mariner Labs,Director of Engineering,Technology,2022-12-20,2025-09-08,false,2025-09-08,profile_enrichment
1089,1,16621,Mariner Labs,Vice President of Engineering,Technology,2025-09-09,,true,2026-01-13,profile_enrichment
1090,1,12054,Granite Advisory,Associate,Financial Services,2024-05-29,,true,2025-05-30,profile_enrichment
1091,1,15356,Arcfield Medical,Director of Operations,Healthcare,2011-06-12,2013-09-10,false,2013-09-10,crm_import
1092,1,15356,Arcfield Medical,Senior Program Manager,Healthcare,2006-04-12,2011-06-11,false,2011-06-11,crm_import
1093,1,15356,Harborline Health,Vice President of Operations,Healthcare,2013-09-11,,true,2016-09-20,profile_enrichment
1094,1,1386,Blue Lantern Technologies,Chief Technology Officer,Technology,2012-05-27,2016-07-23,false,2016-07-23,crm_import
1095,1,1386,Mariner Labs,Chief Technology Officer,Technology,2016-07-24,,true,2016-09-28,crm_import
1096,1,1185,Granite Advisory,Director of Finance,Financial Services,2008-02-07,2011-01-10,false,2011-01-10,crm_import
1097,1,1185,Stonebridge Financial,Vice President of Finance,Financial Services,2011-01-11,,true,2019-11-09,crm_import
1098,1,13811,Pinecrest Partners,Managing Counsel,Legal Services,2013-08-26,2017-09-14,false,2017-09-14,crm_import
1099,1,13811,Cedar & Finch Consulting,General Counsel,Legal Services,2017-09-15,,true,2025-05-13,profile_enrichment
1100,1,19235,Mariner Labs,Engineering Manager,Technology,2017-11-26,2022-12-15,false,2022-12-15,crm_import
1101,1,19235,Mariner Labs,Senior Software Engineer,Technology,2015-02-25,2017-11-25,false,2017-11-25,crm_import
1102,1,19235,Mariner Labs,Director of Engineering,Technology,2023-07-20,,true,2025-08-05,crm_import
1103,1,11852,Clearwater Health Group,Senior Program Manager,Healthcare,2012-04-28,2017-12-07,false,2017-12-07,crm_import
1104,1,11852,Clearwater Health Group,Program Manager,Healthcare,2008-07-11,2012-04-27,false,2012-04-27,profile_enrichment
1105,1,11852,Clearwater Health Group,Director of Operations,Healthcare,2017-12-08,,true,2019-01-01,crm_import
1106,1,8851,Lakeshore Media,Producer,Media,2014-10-09,,true,2020-06-01,profile_enrichment
1107,1,10166,CivicWorks Collaborative,Program Manager,Nonprofit,2022-05-20,2025-01-09,false,2025-01-09,crm_import
1108,1,10166,CivicWorks Collaborative,Senior Program Manager,Nonprofit,2025-01-10,,true,2025-03-28,crm_import
1109,1,5623,Arcfield Manufacturing,Director of Operations,Manufacturing,2011-10-14,,true,2012-06-17,profile_enrichment
1110,1,32,Blue Lantern Technologies,Engineering Manager,Technology,2025-09-01,,true,2026-01-03,crm_import
1111,1,17427,Northbridge Academy,Dean,Education,2020-03-05,2026-01-25,false,2026-01-25,crm_import
1112,1,17427,Northbridge Academy,Professor,Education,2015-12-17,2020-03-04,false,2020-03-04,crm_import
1113,1,17427,Northbridge Academy,Associate Professor,Education,2011-06-01,2015-12-16,false,2015-12-16,crm_import
1114,1,17427,Cedar Ridge Education,Dean,Education,2026-01-26,,true,2026-08-25,profile_enrichment
1115,1,1014,Harbor Street Counsel,Counsel,Legal Services,2016-07-02,,true,2022-09-10,profile_enrichment
1116,1,1736,Summit Grove Partners,Finance Manager,Financial Services,2012-06-22,2015-05-28,false,2015-05-28,crm_import
1117,1,1736,Summit Grove Partners,Associate,Financial Services,2006-08-30,2012-06-21,false,2012-06-21,profile_enrichment
1118,1,1736,Silver Maple Holdings,Analyst,Financial Services,2003-09-17,2006-08-29,false,2006-08-29,crm_import
1119,1,1736,Stonebridge Financial,Senior Finance Manager,Financial Services,2016-06-11,,true,2018-03-29,profile_enrichment
1120,1,8987,Silver Maple Holdings,Associate,Financial Services,2017-07-10,,true,2019-09-28,crm_import
1121,1,18995,Redwood Holdings,Operations Manager,Manufacturing,2013-05-15,2016-01-02,false,2016-01-02,crm_import
1122,1,18995,Redwood Holdings,Operations Analyst,Manufacturing,2010-03-22,2013-05-14,false,2013-05-14,crm_import
1123,1,18995,Clearwater Manufacturing,Operations Analyst,Manufacturing,2004-10-23,2010-03-21,false,2010-03-21,crm_import
1124,1,18995,Clearwater Manufacturing,Senior Operations Manager,Manufacturing,2016-01-03,,true,2018-01-20,profile_enrichment
1125,1,4519,Redwood Creative,President,Media,2011-03-24,,true,2025-04-25,crm_import
1126,1,15892,Northbridge Academy,Assistant Professor,Education,2019-07-13,2024-12-08,false,2024-12-08,crm_import
1127,1,15892,Cedar Ridge Education,Lecturer,Education,2016-09-16,2019-07-12,false,2019-07-12,crm_import
1128,1,15892,Juniper Education Group,Lecturer,Education,2010-12-04,2015-08-26,false,2015-08-26,crm_import
1129,1,15892,Open Learning Network,Associate Professor,Education,2024-12-09,,true,2026-01-08,profile_enrichment
1130,1,18447,Redwood Holdings,Vice President of Operations,Manufacturing,2026-04-28,,true,2026-08-08,profile_enrichment
1131,1,10177,Stonebridge Financial,Director of Finance,Financial Services,2016-12-30,2021-07-20,false,2021-07-20,crm_import
1132,1,10177,Summit Grove Partners,Senior Finance Manager,Financial Services,2012-12-05,2016-12-29,false,2016-12-29,profile_enrichment
1133,1,10177,Silver Maple Holdings,Vice President of Finance,Financial Services,2023-01-08,,true,2024-11-10,profile_enrichment
1134,1,8361,Stonebridge Financial,Senior Finance Manager,Financial Services,2016-12-17,,true,2020-12-12,crm_import
1135,1,11550,Community Innovation Council,Director of Programs,Nonprofit,2010-07-11,2014-06-19,false,2014-06-19,crm_import
1136,1,11550,Metro Community Foundation,Vice President of Programs,Nonprofit,2014-06-20,,true,2018-11-15,crm_import
1137,1,2101,Arcfield Manufacturing,Senior Operations Manager,Manufacturing,2012-03-21,,true,2021-11-01,profile_enrichment
1138,1,7641,Community Innovation Council,Vice President of Programs,Nonprofit,2012-12-12,,true,2024-07-15,crm_import
1139,1,12264,Metro Community Foundation,Program Manager,Nonprofit,2020-01-10,2022-08-17,false,2022-08-17,crm_import
1140,1,12264,Youth Arts Collaborative,Program Coordinator,Nonprofit,2016-11-12,2019-01-08,false,2019-01-08,crm_import
1141,1,12264,Community Innovation Council,Program Coordinator,Nonprofit,2012-06-21,2016-11-11,false,2016-11-11,crm_import
1142,1,12264,Youth Arts Collaborative,Senior Program Manager,Nonprofit,2023-06-03,,true,2024-04-01,profile_enrichment
1143,1,6585,Metro Community Foundation,Director of Programs,Nonprofit,2019-06-18,2025-02-01,false,2025-02-01,crm_import
1144,1,6585,Community Innovation Council,Senior Program Manager,Nonprofit,2016-12-04,2019-06-17,false,2019-06-17,profile_enrichment
1145,1,6585,Metro Community Foundation,Vice President of Programs,Nonprofit,2025-02-02,,true,2025-05-26,crm_import
1146,1,19821,Clearwater Health Group,Director of Operations,Healthcare,2021-07-10,,true,2024-10-06,profile_enrichment
1147,1,1069,Silver Maple Holdings,Associate,Financial Services,2013-12-23,2018-04-17,false,2018-04-17,crm_import
1148,1,1069,Silver Maple Holdings,Analyst,Financial Services,2010-04-29,2013-10-29,false,2013-10-29,profile_enrichment
1149,1,1069,Granite Advisory,Analyst,Financial Services,2005-05-03,2010-04-28,false,2010-04-28,crm_import
1150,1,1069,Silver Maple Holdings,,Financial Services,2018-04-18,,true,2026-05-29,profile_enrichment
1151,1,6501,Community Innovation Council,Vice President of Programs,Nonprofit,2006-10-13,2011-10-08,false,2011-10-08,crm_import
1152,1,6501,Metro Community Foundation,Director of Programs,Nonprofit,2003-12-05,2006-10-12,false,2006-10-12,crm_import
1153,1,6501,Youth Arts Collaborative,Senior Program Manager,Nonprofit,1999-12-09,2003-02-05,false,2003-02-05,crm_import
1154,1,6501,Youth Arts Collaborative,Executive Director,Nonprofit,2011-10-09,,true,2022-02-24,profile_enrichment
1155,1,4651,Juniper Education Group,Assistant Professor,Education,2017-06-11,,true,2025-10-03,profile_enrichment
1156,1,13251,Community Innovation Council,Program Manager,Nonprofit,2020-07-02,,true,2023-02-19,crm_import
1157,1,4269,Clearwater Health Group,Director of Operations,Healthcare,2013-03-23,2018-01-25,false,2018-01-25,crm_import
1158,1,4269,Harborline Health,Senior Program Manager,Healthcare,2008-04-13,2013-03-22,false,2013-03-22,crm_import
1159,1,4269,Regional Health Partners,Vice President of Operations,Healthcare,2018-01-26,,true,2021-07-09,crm_import
1160,1,8881,Stonebridge Financial,Finance Manager,Financial Services,2013-04-01,,true,2019-10-07,crm_import
1161,1,4354,Northstar Systems,Director of Engineering,Technology,2020-02-22,2024-06-19,false,2024-06-19,crm_import
1162,1,4354,Blue Lantern Technologies,Engineering Manager,Technology,2014-07-22,2020-02-21,false,2020-02-21,crm_import
1163,1,4354,Northstar Systems,Vice President of Engineering,Technology,2025-05-23,,true,2025-10-28,profile_enrichment
1164,1,12771,CivicWorks Collaborative,Director of Programs,Nonprofit,2009-11-15,2013-01-06,false,2013-01-06,crm_import
1165,1,12771,Metro Community Foundation,Vice President of Programs,Nonprofit,2013-01-07,,true,2026-06-16,profile_enrichment
1166,1,7601,Redwood Holdings,Operations Manager,Manufacturing,2014-10-21,2017-08-02,false,2017-08-02,crm_import
1167,1,7601,Clearwater Manufacturing,Senior Operations Manager,Manufacturing,2017-08-03,,true,2026-06-25,crm_import
1168,1,18529,Metro Community Foundation,Vice President of Programs,Nonprofit,2022-09-17,2025-09-07,false,2025-09-07,crm_import
1169,1,18529,Metro Community Foundation,Executive Director,Nonprofit,2025-09-08,,true,2025-11-05,profile_enrichment
1170,1,16101,Clearwater Manufacturing,Vice President of Operations,Manufacturing,2023-07-27,,true,2025-07-08,profile_enrichment
1171,1,12655,Harborline Health,Director of Operations,Healthcare,2015-03-19,,true,2024-07-18,crm_import
1172,1,2194,Cedar Ridge Education,Department Chair,Education,2016-05-06,2018-08-13,false,2018-08-13,crm_import
1173,1,2194,Open Learning Network,Professor,Education,2011-09-06,2016-05-05,false,2016-05-05,crm_import
1174,1,2194,Juniper Education Group,,Education,2018-08-14,,true,2021-02-22,profile_enrichment
1175,1,7706,Lakeshore Media,Managing Director,Media,2020-08-13,2025-04-12,false,2025-04-12,profile_enrichment
1176,1,7706,Lakeshore Media,President,Media,2025-04-13,,true,2025-10-25,crm_import
1177,1,9845,Open Learning Network,Assistant Professor,Education,2022-09-24,,true,2026-03-10,crm_import
1178,1,11028,Granite Industrial Group,Director of Operations,Manufacturing,2013-05-10,,true,2025-07-23,crm_import
1179,1,3545,Pinecrest Partners,Associate Counsel,Legal Services,2010-03-19,,true,2025-07-10,profile_enrichment
1180,1,4333,Cedar & Finch Consulting,Managing Counsel,Legal Services,2008-08-02,2011-03-18,false,2011-03-18,crm_import
1181,1,4333,Harbor Street Counsel,Senior Counsel,Legal Services,2003-04-01,2008-08-01,false,2008-08-01,profile_enrichment
1182,1,4333,Harbor Street Counsel,General Counsel,Legal Services,2011-03-19,,true,2025-05-21,profile_enrichment
1183,1,18067,Blue Lantern Technologies,Chief Technology Officer,Technology,2011-03-07,,true,2015-09-17,profile_enrichment
1184,1,959,Northbridge Academy,Assistant Professor,Education,2019-08-12,,true,2021-12-20,profile_enrichment
1185,1,17035,Northstar Systems,Engineering Manager,Technology,2023-12-04,,true,2024-03-17,crm_import
1186,1,18025,Summit Grove Partners,Senior Finance Manager,Financial Services,2017-01-28,2019-03-06,false,2019-03-06,crm_import
1187,1,18025,Stonebridge Financial,Analyst,Financial Services,2013-01-02,2017-01-27,false,2017-01-27,crm_import
1188,1,18025,Granite Advisory,Finance Manager,Financial Services,2019-03-07,,true,2023-11-10,profile_enrichment
1189,1,419,Community Innovation Council,Senior Program Manager,Nonprofit,2025-10-29,,true,2026-07-04,crm_import
1190,1,19863,Arcfield Manufacturing,Operations Manager,Manufacturing,2023-05-14,,true,2025-05-05,profile_enrichment
1191,1,7648,Community Innovation Council,Director of Programs,Nonprofit,2013-11-18,2018-06-04,false,2018-06-04,crm_import
1192,1,7648,CivicWorks Collaborative,Senior Program Manager,Nonprofit,2009-01-19,2013-11-17,false,2013-11-17,profile_enrichment
1193,1,7648,Metro Community Foundation,Vice President of Programs,Nonprofit,2018-06-05,,true,2026-07-03,profile_enrichment
1194,1,3265,Northstar Systems,Software Engineer,Technology,2017-08-25,,true,2019-05-26,profile_enrichment
1195,1,5957,Harbor Street Counsel,Associate Counsel,Legal Services,2007-10-17,2012-10-22,false,2012-10-22,crm_import
1196,1,5957,Pinecrest Partners,Counsel,Legal Services,2013-09-07,,true,2022-06-12,profile_enrichment
1197,1,16573,Regional Health Partners,Director of Operations,Healthcare,2018-09-16,,true,2021-11-05,crm_import
1198,1,6770,Beacon Legal Group,Managing Counsel,Legal Services,2011-10-30,,true,2017-11-15,profile_enrichment
1199,1,6727,Regional Health Initiative,Volunteer Treasurer,Education,2011-05-27,2012-12-13,false,2012-12-13,profile_enrichment
1200,1,6727,Clearwater Manufacturing,Operations Manager,Manufacturing,2012-07-07,,true,2019-04-06,profile_enrichment
1201,1,5732,Clearwater Health Group,Vice President of Operations,Healthcare,2021-11-30,,true,2026-06-21,crm_import
1202,1,5849,Cedar & Finch Consulting,Managing Counsel,Legal Services,2023-01-06,2025-08-21,false,2025-08-21,profile_enrichment
1203,1,5849,Cedar & Finch Consulting,Senior Counsel,Legal Services,2019-08-07,2023-01-05,false,2023-01-05,crm_import
1204,1,5849,Harbor Street Counsel,Counsel,Legal Services,2015-12-21,2019-08-06,false,2019-08-06,crm_import
1205,1,5849,Cedar & Finch Consulting,General Counsel,Legal Services,2025-08-22,,true,2026-08-14,crm_import
1206,1,9006,Redwood Creative,President,Media,2023-05-25,,true,2025-10-10,profile_enrichment
1207,1,7858,Juniper Education Group,Professor,Education,2019-07-12,,true,2022-08-25,crm_import
1208,1,4335,Silver Maple Holdings,Finance Manager,Financial Services,2017-03-09,,true,2018-03-30,profile_enrichment
1209,1,7431,Redwood Creative,Program Director,Media,2010-07-22,,true,2010-09-01,profile_enrichment
1210,1,1945,Stonebridge Financial,Associate,Financial Services,2019-04-17,,true,2024-09-04,profile_enrichment
1211,1,18432,Cedar & Finch Consulting,General Counsel,Legal Services,2011-08-30,,true,2021-07-11,crm_import
1212,1,15659,Beacon Software Group,Chief Technology Officer,Technology,2018-05-14,,true,2020-11-01,profile_enrichment
1213,1,14813,Juniper Education Group,Assistant Professor,Education,2014-11-05,2018-03-18,false,2018-03-18,crm_import
1214,1,14813,Cedar Ridge Education,Associate Professor,Education,2018-03-19,,true,2024-06-14,crm_import
1215,1,6285,Open Learning Network,Department Chair,Education,2025-10-03,,true,2026-08-01,profile_enrichment
1216,1,16376,Pinecrest Partners,Managing Counsel,Legal Services,2004-09-05,2010-08-08,false,2010-08-08,profile_enrichment
1217,1,16376,Pinecrest Partners,Senior Counsel,Legal Services,2002-07-07,2004-09-04,false,2004-09-04,profile_enrichment
1218,1,16376,Beacon Legal Group,General Counsel,Legal Services,2010-08-09,,true,2017-07-27,profile_enrichment
1219,1,17704,Beacon Legal Group,Senior Counsel,Legal Services,2024-03-28,2026-05-27,false,2026-05-27,crm_import
1220,1,17704,Cedar & Finch Consulting,Counsel,Legal Services,2019-10-07,2024-03-27,false,2024-03-27,crm_import
1221,1,17704,Beacon Legal Group,Managing Counsel,Legal Services,2026-05-28,,true,2026-06-29,crm_import
1222,1,401,Youth Arts Collaborative,Program Coordinator,Nonprofit,2011-10-09,2014-12-22,false,2014-12-22,crm_import
1223,1,401,CivicWorks Collaborative,Program Coordinator,Nonprofit,2007-02-23,2011-06-06,false,2011-06-06,crm_import
1224,1,401,CivicWorks Collaborative,Program Coordinator,Nonprofit,2002-11-12,2007-02-22,false,2007-02-22,profile_enrichment
1225,1,401,Community Innovation Council,Program Manager,Nonprofit,2014-12-23,,true,2026-02-17,profile_enrichment
1226,1,207,Mariner Media Group,Program Director,Media,2024-02-26,,true,2025-09-12,crm_import
1227,1,2453,Community Innovation Council,Senior Program Manager,Nonprofit,2020-04-07,2024-06-03,false,2024-06-03,crm_import
1228,1,2453,Community Innovation Council,Program Manager,Nonprofit,2024-06-04,,true,2026-05-16,profile_enrichment
1229,1,8231,Mariner Labs,Chief Technology Officer,Technology,2018-02-23,,true,2021-02-11,crm_import
1230,1,6773,Cedar Ridge Education,Associate Professor,Education,2016-04-24,,true,2025-08-20,profile_enrichment
1231,1,11108,Pinecrest Partners,General Counsel,Legal Services,2022-10-18,,true,2025-06-27,profile_enrichment
1232,1,6638,Mariner Media Group,Senior Producer,Media,2018-09-18,2023-07-03,false,2023-07-03,crm_import
1233,1,6638,Redwood Creative,Producer,Media,2013-01-14,2017-11-23,false,2017-11-23,crm_import
1234,1,6638,Lakeshore Media,Program Director,Media,2023-07-04,,true,2025-03-19,crm_import
1235,1,5956,Harborline Health,Vice President of Operations,Healthcare,2025-01-09,,true,2025-12-14,profile_enrichment
1236,1,19576,Blue Lantern Technologies,Director of Engineering,Technology,2025-06-12,,true,2025-11-28,profile_enrichment
1237,1,13424,Northbridge Academy,Assistant Professor,Education,2012-07-06,,true,2025-09-20,profile_enrichment
1238,1,17179,Harbor Street Counsel,Counsel,Legal Services,2020-10-24,2025-03-25,false,2025-03-25,crm_import
1239,1,17179,Pinecrest Partners,Associate Counsel,Legal Services,2017-04-20,2020-10-23,false,2020-10-23,crm_import
1240,1,17179,Harbor Street Counsel,Senior Counsel,Legal Services,2025-03-26,,true,2026-07-18,crm_import
1241,1,10258,Metro Community Foundation,Program Coordinator,Nonprofit,2015-12-05,2021-08-15,false,2021-08-15,crm_import
1242,1,10258,Youth Arts Collaborative,Program Manager,Nonprofit,2021-08-16,,true,2021-12-08,profile_enrichment
1243,1,4163,Silver Maple Holdings,Vice President of Finance,Financial Services,2013-08-17,,true,2026-08-20,crm_import
1244,1,8756,Orchard Studio,Producer,Media,2016-01-02,,true,2019-08-05,profile_enrichment
1245,1,2715,Granite Advisory,Vice President of Finance,Financial Services,2020-11-01,2024-05-05,false,2024-05-05,crm_import
1246,1,2715,Granite Advisory,Director of Finance,Financial Services,2017-06-03,2020-10-31,false,2020-10-31,profile_enrichment
1247,1,2715,Summit Grove Partners,Chief Financial Officer,Financial Services,2024-05-06,,true,2025-07-14,profile_enrichment
1248,1,4859,Regional Health Partners,Director of Operations,Healthcare,2024-05-22,,true,2026-06-02,profile_enrichment
1249,1,12311,Mariner Labs,Chief Technology Officer,Technology,2019-06-24,,true,2021-02-27,profile_enrichment
1250,1,178,Regional Health Partners,Program Manager,Healthcare,2011-09-07,2014-06-12,false,2014-06-12,crm_import
1251,1,178,Clearwater Health Group,Program Analyst,Healthcare,2009-07-17,2011-09-06,false,2011-09-06,profile_enrichment
1252,1,178,Regional Health Partners,Program Analyst,Healthcare,2004-04-01,2009-07-16,false,2009-07-16,crm_import
1253,1,178,Regional Health Partners,Senior Program Manager,Healthcare,2014-10-16,,true,2024-11-08,profile_enrichment
1254,1,15242,Youth Arts Collaborative,Program Manager,Nonprofit,2019-08-24,,true,2025-01-09,crm_import
1255,1,11485,Silver Maple Holdings,Senior Finance Manager,Financial Services,2010-07-17,2014-12-12,false,2014-12-12,crm_import
1256,1,11485,Summit Grove Partners,Director of Finance,Financial Services,2014-12-13,,true,2015-10-14,profile_enrichment
1257,1,6926,Redwood Holdings,Senior Operations Manager,Manufacturing,2018-07-30,,true,2022-03-23,crm_import
1258,1,2989,Redwood Holdings,Operations Manager,Manufacturing,2017-03-11,2020-11-26,false,2020-11-26,profile_enrichment
1259,1,2989,Clearwater Manufacturing,Operations Analyst,Manufacturing,2014-10-15,2017-03-10,false,2017-03-10,profile_enrichment
1260,1,2989,Redwood Holdings,Operations Analyst,Manufacturing,2008-12-14,2013-09-18,false,2013-09-18,profile_enrichment
1261,1,2989,Clearwater Manufacturing,Senior Operations Manager,Manufacturing,2022-05-02,,true,2022-06-13,profile_enrichment
1262,1,18653,Clearwater Health Group,Program Manager,Healthcare,2015-01-13,2019-03-25,false,2019-03-25,crm_import
1263,1,18653,Arcfield Medical,Program Analyst,Healthcare,2010-09-24,2013-11-11,false,2013-11-11,profile_enrichment
1264,1,18653,Clearwater Health Group,Senior Program Manager,Healthcare,2019-03-26,,true,2021-03-13,profile_enrichment
1265,1,8362,Redwood Holdings,Director of Operations,Manufacturing,2020-03-26,,true,2024-03-27,profile_enrichment
1266,1,14484,Redwood Holdings,Director of Operations,Manufacturing,2012-04-03,2018-02-14,false,2018-02-14,profile_enrichment
1267,1,14484,Arcfield Manufacturing,Vice President of Operations,Manufacturing,2018-02-15,,true,2025-07-08,crm_import
1268,1,10192,Beacon Legal Group,Senior Counsel,Legal Services,2014-08-01,2018-05-22,false,2018-05-22,crm_import
1269,1,10192,Pinecrest Partners,Managing Counsel,Legal Services,2019-02-27,,true,2024-12-15,profile_enrichment
1270,1,19772,Regional Health Partners,Vice President of Operations,Healthcare,2019-09-05,2025-04-17,false,2025-04-17,crm_import
1271,1,19772,Regional Health Partners,Director of Operations,Healthcare,2014-09-28,2019-09-04,false,2019-09-04,crm_import
1272,1,19772,Clearwater Health Group,Senior Program Manager,Healthcare,2011-04-22,2013-09-14,false,2013-09-14,crm_import
1273,1,19772,Regional Health Partners,Chief Operating Officer,Healthcare,2025-04-18,,true,2026-04-17,crm_import
1274,1,780,Northstar Systems,Director of Engineering,Technology,2006-12-04,2010-02-02,false,2010-02-02,crm_import
1275,1,780,Northstar Systems,Engineering Manager,Technology,2003-08-20,2006-12-03,false,2006-12-03,crm_import
1276,1,780,Blue Lantern Technologies,,Technology,2010-02-03,,true,2024-01-09,crm_import
1277,1,14784,Clearwater Manufacturing,Vice President of Operations,Manufacturing,2025-03-23,,true,2025-06-28,profile_enrichment
1278,1,5237,Metro Community Foundation,Vice President of Programs,Nonprofit,2018-08-02,2024-04-28,false,2024-04-28,crm_import
1279,1,5237,Youth Arts Collaborative,Executive Director,Nonprofit,2024-04-29,,true,2025-04-12,crm_import
1280,1,8848,Open Learning Network,Strategic Advisor,Education,2020-07-11,2023-10-21,false,2023-10-21,profile_enrichment
1281,1,8848,Metro Community Foundation,,Nonprofit,2023-05-17,,true,2023-11-05,profile_enrichment
1282,1,15192,Regional Health Partners,Chief Operating Officer,Healthcare,2014-05-27,,true,2015-02-24,crm_import
1283,1,14074,Cedar & Finch Consulting,Counsel,Legal Services,2014-07-12,2019-10-20,false,2019-10-20,crm_import
1284,1,14074,Beacon Legal Group,Legal Analyst,Legal Services,2010-03-08,2014-07-11,false,2014-07-11,crm_import
1285,1,14074,Beacon Legal Group,Associate Counsel,Legal Services,2019-10-21,,true,2025-10-05,profile_enrichment
1286,1,3957,Arcfield Medical,Senior Program Manager,Healthcare,2010-12-02,2013-12-14,false,2013-12-14,crm_import
1287,1,3957,Arcfield Medical,Program Manager,Healthcare,2007-10-05,2010-12-01,false,2010-12-01,crm_import
1288,1,3957,Arcfield Medical,Program Analyst,Healthcare,2002-10-20,2007-10-04,false,2007-10-04,crm_import
1289,1,3957,Regional Health Partners,Director of Operations,Healthcare,2013-12-15,,true,2022-08-26,crm_import
1290,1,14257,Cedar Ridge Education,Assistant Professor,Education,2020-08-15,2023-05-11,false,2023-05-11,crm_import
1291,1,14257,Open Learning Network,Lecturer,Education,2014-12-25,2019-09-12,false,2019-09-12,crm_import
1292,1,14257,Cedar Ridge Education,Lecturer,Education,2011-03-03,2014-12-24,false,2014-12-24,crm_import
1293,1,14257,Open Learning Network,Associate Professor,Education,2023-05-12,,true,2023-08-03,profile_enrichment
1294,1,11857,Open Learning Network,Professor,Education,2009-07-13,2014-03-31,false,2014-03-31,crm_import
1295,1,11857,Cedar Ridge Education,Associate Professor,Education,2005-09-19,2009-07-12,false,2009-07-12,crm_import
1296,1,11857,Juniper Education Group,Department Chair,Education,2015-03-04,,true,2018-07-07,profile_enrichment
1297,1,14055,Harborline Health,Vice President of Operations,Healthcare,2018-07-17,,true,2025-08-21,profile_enrichment
1298,1,8949,Youth Arts Collaborative,Program Coordinator,Nonprofit,2021-06-28,2025-03-25,false,2025-03-25,crm_import
1299,1,8949,Youth Arts Collaborative,Program Manager,Nonprofit,2025-03-26,,true,2026-07-08,profile_enrichment
1300,1,17881,Lakeshore Media,President,Media,2019-12-06,,true,2026-05-22,crm_import
1301,1,6621,Stonebridge Financial,Associate,Financial Services,2008-10-09,2012-04-06,false,2012-04-06,crm_import
1302,1,6621,Silver Maple Holdings,Analyst,Financial Services,2003-05-15,2008-10-08,false,2008-10-08,crm_import
1303,1,6621,Silver Maple Holdings,Finance Manager,Financial Services,2012-04-07,,true,2025-09-25,profile_enrichment
1304,1,4258,Stonebridge Financial,Director of Finance,Financial Services,2012-11-20,2018-09-05,false,2018-09-05,crm_import
1305,1,4258,Silver Maple Holdings,Vice President of Finance,Financial Services,2018-09-06,,true,2025-08-23,crm_import
1306,1,5653,Cedar & Finch Consulting,Managing Counsel,Legal Services,2012-01-03,2016-04-14,false,2016-04-14,crm_import
1307,1,5653,Cedar & Finch Consulting,General Counsel,Legal Services,2016-04-15,,true,2023-08-10,crm_import
1308,1,3414,Summit Grove Partners,Chief Financial Officer,Financial Services,2014-12-13,2020-07-13,false,2020-07-13,crm_import
1309,1,3414,Silver Maple Holdings,Director of Finance,Financial Services,2010-03-26,2014-12-12,false,2014-12-12,profile_enrichment
1310,1,3414,Stonebridge Financial,Chief Financial Officer,Financial Services,2020-07-14,,true,2020-08-20,profile_enrichment
1311,1,7547,Metro Community Foundation,Vice President of Programs,Nonprofit,2017-08-19,,true,2021-08-12,profile_enrichment
1312,1,15988,Juniper Education Group,Associate Professor,Education,2010-12-01,,true,2014-03-26,crm_import
1313,1,2438,Harbor Street Counsel,Managing Counsel,Legal Services,2013-07-23,,true,2023-07-21,crm_import
1314,1,1456,Cedar & Finch Consulting,Associate Counsel,Legal Services,2012-06-18,2017-11-17,false,2017-11-17,crm_import
1315,1,1456,Harbor Street Counsel,Legal Analyst,Legal Services,2006-04-14,2011-11-02,false,2011-11-02,profile_enrichment
1316,1,1456,Beacon Legal Group,Legal Analyst,Legal Services,2002-08-09,2006-04-13,false,2006-04-13,crm_import
1317,1,1456,Beacon Legal Group,,Legal Services,2017-11-18,,true,2021-06-11,profile_enrichment
1318,1,10788,Arcfield Manufacturing,Senior Operations Manager,Manufacturing,2020-05-06,,true,2023-10-15,crm_import
1319,1,7967,Northbridge Academy,Professor,Education,2019-03-07,,true,2023-07-25,crm_import
1320,1,90,Beacon Software Group,Software Engineer,Technology,2014-12-28,,true,2016-12-01,crm_import
1321,1,11114,Granite Industrial Group,Senior Operations Manager,Manufacturing,2020-10-03,2025-09-25,false,2025-09-25,profile_enrichment
1322,1,11114,Granite Industrial Group,Operations Manager,Manufacturing,2015-04-11,2019-07-14,false,2019-07-14,crm_import
1323,1,11114,Clearwater Manufacturing,Operations Analyst,Manufacturing,2010-02-20,2015-04-10,false,2015-04-10,profile_enrichment
1324,1,11114,Granite Industrial Group,Director of Operations,Manufacturing,2026-04-07,,true,2026-08-20,profile_enrichment
1325,1,19388,Regional Health Partners,Senior Program Manager,Healthcare,2011-09-20,,true,2024-04-14,crm_import
1326,1,3193,Lakeshore Media,Program Director,Media,2020-03-05,2023-01-18,false,2023-01-18,crm_import
1327,1,3193,Lakeshore Media,Managing Director,Media,2023-01-19,,true,2025-12-29,profile_enrichment
1328,1,14321,Silver Maple Holdings,Director of Finance,Financial Services,2008-06-25,2011-07-02,false,2011-07-02,crm_import
1329,1,14321,Silver Maple Holdings,Associate,Financial Services,2003-03-25,2008-06-24,false,2008-06-24,crm_import
1330,1,14321,Stonebridge Financial,Analyst,Financial Services,2000-08-04,2003-03-24,false,2003-03-24,crm_import
1331,1,14321,Silver Maple Holdings,Senior Finance Manager,Financial Services,2012-06-14,,true,2012-12-23,crm_import
1332,1,18689,Blue Lantern Technologies,Senior Software Engineer,Technology,2015-12-05,,true,2024-04-08,profile_enrichment
1333,1,16667,Summit Grove Partners,Director of Finance,Financial Services,2019-05-12,2024-07-20,false,2024-07-20,profile_enrichment
1334,1,16667,Summit Grove Partners,Vice President of Finance,Financial Services,2024-09-20,,true,2025-10-01,profile_enrichment
1335,1,10440,Mariner Labs,Vice President of Engineering,Technology,2022-12-29,2026-04-22,false,2026-04-22,crm_import
1336,1,10440,Northstar Systems,Director of Engineering,Technology,2019-03-01,2022-12-28,false,2022-12-28,crm_import
1337,1,10440,Mariner Labs,Chief Technology Officer,Technology,2026-04-23,,true,2026-08-13,profile_enrichment
1338,1,11039,Summit Grove Partners,Vice President of Finance,Financial Services,2019-01-15,,true,2021-09-15,profile_enrichment
1339,1,10402,Harborline Health,Senior Program Manager,Healthcare,2018-06-12,,true,2024-10-19,crm_import
1340,1,15557,Metro Community Foundation,Vice President of Programs,Nonprofit,2012-03-12,2017-12-22,false,2017-12-22,crm_import
1341,1,15557,Metro Community Foundation,Director of Programs,Nonprofit,2007-12-22,2012-03-11,false,2012-03-11,crm_import
1342,1,15557,CivicWorks Collaborative,Senior Program Manager,Nonprofit,2005-10-09,2007-12-21,false,2007-12-21,crm_import
1343,1,15557,CivicWorks Collaborative,Executive Director,Nonprofit,2017-12-23,,true,2025-09-10,profile_enrichment
1344,1,15294,Redwood Creative,Program Director,Media,2014-05-22,2018-08-10,false,2018-08-10,crm_import
1345,1,15294,Redwood Creative,Managing Director,Media,2018-08-11,,true,2021-03-08,profile_enrichment
1346,1,19840,Redwood Creative,Program Director,Media,2014-05-04,,true,2017-02-20,crm_import
1347,1,17066,Arcfield Manufacturing,President,Manufacturing,2012-03-17,,true,2020-02-22,crm_import
1348,1,17773,Cedar Ridge Education,Department Chair,Education,2008-09-11,2013-04-21,false,2013-04-21,crm_import
1349,1,17773,Juniper Education Group,Professor,Education,2002-06-17,2008-06-15,false,2008-06-15,crm_import
1350,1,17773,Open Learning Network,Dean,Education,2013-04-22,,true,2023-11-20,profile_enrichment
1351,1,5783,Redwood Creative,Managing Director,Media,2010-07-17,2015-09-25,false,2015-09-25,crm_import
1352,1,5783,Orchard Studio,Program Director,Media,2007-06-29,2010-07-16,false,2010-07-16,crm_import
1353,1,5783,Orchard Studio,President,Media,2015-09-26,,true,2026-02-25,profile_enrichment
1354,1,3807,Community Innovation Council,Director of Programs,Nonprofit,2024-06-13,,true,2025-11-30,crm_import
1355,1,14769,Northbridge Academy,Department Chair,Education,2011-12-13,,true,2018-03-31,profile_enrichment
1356,1,3398,Blue Lantern Technologies,Software Engineer,Technology,2020-05-06,2023-09-23,false,2023-09-23,crm_import
1357,1,3398,Blue Lantern Technologies,Analyst,Technology,2015-01-24,2020-05-05,false,2020-05-05,profile_enrichment
1358,1,3398,Northstar Systems,Senior Software Engineer,Technology,2023-09-24,,true,2026-08-06,profile_enrichment
1359,1,9534,Granite Industrial Group,Senior Operations Manager,Manufacturing,2015-03-09,2020-04-09,false,2020-04-09,crm_import
1360,1,9534,Redwood Holdings,Operations Manager,Manufacturing,2011-08-05,2015-03-08,false,2015-03-08,crm_import
1361,1,9534,Redwood Holdings,Operations Analyst,Manufacturing,2005-06-04,2011-02-28,false,2011-02-28,profile_enrichment
1362,1,9534,Redwood Holdings,Director of Operations,Manufacturing,2020-04-10,,true,2020-10-05,profile_enrichment
1363,1,16626,Redwood Holdings,Vice President of Operations,Manufacturing,2019-12-24,2025-07-07,false,2025-07-07,crm_import
1364,1,16626,Redwood Holdings,President,Manufacturing,2025-07-08,,true,2025-11-05,profile_enrichment
1365,1,8806,Regional Health Partners,Senior Program Manager,Healthcare,2022-12-15,,true,2023-03-12,profile_enrichment
1366,1,138,Regional Health Partners,Vice President of Operations,Healthcare,2026-04-14,,true,2026-05-16,crm_import
1367,1,10012,Cedar Ridge Education,Assistant Professor,Education,2021-05-17,,true,2021-11-20,profile_enrichment
1368,1,19672,Youth Arts Collaborative,Program Manager,Nonprofit,2012-01-07,2017-01-07,false,2017-01-07,crm_import
1369,1,19672,Youth Arts Collaborative,Senior Program Manager,Nonprofit,2017-01-08,,true,2021-06-25,crm_import
1370,1,5824,Clearwater Manufacturing,Senior Operations Manager,Manufacturing,2013-06-12,,true,2014-02-23,crm_import
1371,1,14664,Mariner Media Group,Senior Producer,Media,2010-08-20,2013-03-27,false,2013-03-27,crm_import
1372,1,14664,Mariner Media Group,Producer,Media,2006-10-27,2010-08-19,false,2010-08-19,crm_import
1373,1,14664,Mariner Media Group,Program Director,Media,2013-03-28,,true,2019-01-29,crm_import
1374,1,3568,Granite Industrial Group,Vice President of Operations,Manufacturing,2023-02-09,2026-05-12,false,2026-05-12,crm_import
1375,1,3568,Clearwater Manufacturing,Director of Operations,Manufacturing,2017-05-08,2023-02-08,false,2023-02-08,crm_import
1376,1,3568,Redwood Holdings,Senior Operations Manager,Manufacturing,2011-09-23,2017-05-07,false,2017-05-07,crm_import
1377,1,3568,Granite Industrial Group,President,Manufacturing,2026-05-13,,true,2026-08-26,profile_enrichment
1378,1,14882,Harbor Street Counsel,General Counsel,Legal Services,2013-04-05,,true,2015-11-18,crm_import
1379,1,13666,Beacon Legal Group,Counsel,Legal Services,2020-09-07,2025-09-13,false,2025-09-13,crm_import
1380,1,13666,Beacon Legal Group,Associate Counsel,Legal Services,2017-02-28,2020-09-06,false,2020-09-06,crm_import
1381,1,13666,Beacon Legal Group,Senior Counsel,Legal Services,2025-09-14,,true,2025-11-05,profile_enrichment
1382,1,16186,Harborline Health,Vice President of Operations,Healthcare,2015-07-23,,true,2018-07-08,crm_import
1383,1,17254,Cedar & Finch Consulting,Senior Counsel,Legal Services,2020-10-12,,true,2022-09-16,profile_enrichment
1384,1,3339,Blue Lantern Technologies,Vice President of Engineering,Technology,2018-04-13,,true,2023-06-30,crm_import
1385,1,6607,Open Learning Network,Associate Professor,Education,2021-05-21,,true,2021-12-10,crm_import
1386,1,10510,Cedar Ridge Education,Professor,Education,2004-06-02,2009-12-01,false,2009-12-01,crm_import
1387,1,10510,Juniper Education Group,Associate Professor,Education,2000-01-02,2004-06-01,false,2004-06-01,crm_import
1388,1,10510,Northbridge Academy,Department Chair,Education,2010-06-19,,true,2021-05-29,profile_enrichment
1389,1,7007,Redwood Holdings,President,Manufacturing,2011-06-21,,true,2024-12-11,profile_enrichment
1390,1,6045,Pinecrest Partners,Senior Counsel,Legal Services,2012-03-03,2017-04-09,false,2017-04-09,crm_import
1391,1,6045,Beacon Legal Group,Managing Counsel,Legal Services,2017-04-10,,true,2021-09-20,crm_import
1392,1,18610,Redwood Creative,Program Director,Media,2021-09-25,2024-12-19,false,2024-12-19,profile_enrichment
1393,1,18610,Redwood Creative,Coordinator,Media,2016-07-24,2021-09-24,false,2021-09-24,crm_import
1394,1,18610,Orchard Studio,Senior Producer,Media,2024-12-20,,true,2026-02-25,profile_enrichment
1395,1,11212,Cedar Ridge Education,Dean,Education,2019-02-17,,true,2024-06-30,profile_enrichment
1396,1,3087,Regional Health Partners,Director of Operations,Healthcare,2011-01-20,2015-05-07,false,2015-05-07,crm_import
1397,1,3087,Arcfield Medical,Senior Program Manager,Healthcare,2007-10-19,2011-01-19,false,2011-01-19,profile_enrichment
1398,1,3087,Arcfield Medical,Vice President of Operations,Healthcare,2015-05-08,,true,2023-08-30,profile_enrichment
1399,1,12950,Pinecrest Partners,Senior Counsel,Legal Services,2016-02-15,,true,2019-03-17,crm_import
1400,1,10897,Youth Arts Collaborative,,Nonprofit,2022-10-02,,true,2024-11-12,crm_import
1401,1,12185,Cedar Ridge Education,Professor,Education,2012-05-08,2015-09-26,false,2015-09-26,crm_import
1402,1,12185,Open Learning Network,Associate Professor,Education,2007-01-19,2012-05-07,false,2012-05-07,crm_import
1403,1,12185,Open Learning Network,Assistant Professor,Education,2004-06-10,2007-01-18,false,2007-01-18,crm_import
1404,1,12185,Open Learning Network,Department Chair,Education,2015-09-27,,true,2025-12-16,profile_enrichment
1405,1,12881,Pinecrest Partners,Senior Counsel,Legal Services,2010-01-19,,true,2013-08-03,profile_enrichment
1406,1,3125,Arcfield Medical,Director of Operations,Healthcare,2025-10-30,,true,2026-03-25,crm_import
1407,1,7240,Metro Community Foundation,Director of Programs,Nonprofit,2022-10-09,2025-05-11,false,2025-05-11,crm_import
1408,1,7240,Metro Community Foundation,Senior Program Manager,Nonprofit,2016-12-19,2022-10-08,false,2022-10-08,crm_import
1409,1,7240,CivicWorks Collaborative,Program Manager,Nonprofit,2014-03-08,2016-12-18,false,2016-12-18,crm_import
1410,1,7240,Metro Community Foundation,Vice President of Programs,Nonprofit,2026-06-28,,true,2026-08-10,profile_enrichment
1411,1,11781,Mariner Labs,Director of Engineering,Technology,2021-05-17,2025-12-13,false,2025-12-13,profile_enrichment
1412,1,11781,Blue Lantern Technologies,Engineering Manager,Technology,2014-08-19,2020-07-18,false,2020-07-18,crm_import
1413,1,11781,Mariner Labs,Vice President of Engineering,Technology,2026-05-13,,true,2026-06-09,profile_enrichment
1414,1,8247,Clearwater Manufacturing,Operations Manager,Manufacturing,2012-10-14,,true,2023-12-27,crm_import
1415,1,2224,Juniper Education Group,Assistant Professor,Education,2016-04-07,,true,2019-02-21,crm_import
1416,1,1581,Granite Industrial Group,Senior Operations Manager,Manufacturing,2011-10-27,2016-07-01,false,2016-07-01,crm_import
1417,1,1581,Arcfield Manufacturing,Operations Manager,Manufacturing,2007-08-20,2010-09-03,false,2010-09-03,crm_import
1418,1,1581,Redwood Holdings,Director of Operations,Manufacturing,2016-07-02,,true,2025-10-04,profile_enrichment
1419,1,10296,Pinecrest Partners,Counsel,Legal Services,2013-01-10,2018-12-29,false,2018-12-29,profile_enrichment
1420,1,10296,Pinecrest Partners,Associate Counsel,Legal Services,2008-07-26,2013-01-09,false,2013-01-09,crm_import
1421,1,10296,Cedar & Finch Consulting,Senior Counsel,Legal Services,2019-09-06,,true,2025-09-04,crm_import
1422,1,3146,Cedar Ridge Education,Assistant Professor,Education,2021-11-01,2024-11-08,false,2024-11-08,profile_enrichment
1423,1,3146,Northbridge Academy,Associate Professor,Education,2025-03-14,,true,2026-03-27,profile_enrichment
1424,1,13879,Granite Industrial Group,Vice President of Operations,Manufacturing,2011-03-01,,true,2021-04-11,profile_enrichment
1425,1,4043,Cedar & Finch Consulting,Senior Counsel,Legal Services,2012-04-17,2014-10-24,false,2014-10-24,crm_import
1426,1,4043,Harbor Street Counsel,Counsel,Legal Services,2008-10-27,2012-04-16,false,2012-04-16,crm_import
1427,1,4043,Cedar & Finch Consulting,Associate Counsel,Legal Services,2004-08-09,2008-10-26,false,2008-10-26,crm_import
1428,1,4043,Pinecrest Partners,Managing Counsel,Legal Services,2014-10-25,,true,2024-03-13,crm_import
1429,1,10435,Clearwater Manufacturing,Vice President of Operations,Manufacturing,2019-07-06,2022-12-24,false,2022-12-24,crm_import
1430,1,10435,Arcfield Manufacturing,Director of Operations,Manufacturing,2015-04-18,2019-07-05,false,2019-07-05,crm_import
1431,1,10435,Arcfield Manufacturing,President,Manufacturing,2022-12-25,,true,2025-09-17,profile_enrichment
1432,1,416,Mariner Media Group,Senior Producer,Media,2023-11-12,,true,2025-04-17,crm_import
1433,1,6799,Mariner Labs,Director of Engineering,Technology,2021-07-05,,true,2023-09-03,profile_enrichment
1434,1,2599,Mariner Labs,Engineering Manager,Technology,2023-11-18,,true,2025-08-14,profile_enrichment
1435,1,5230,Arcfield Medical,Senior Program Manager,Healthcare,2022-03-20,,true,2023-02-08,profile_enrichment
1436,1,6002,CivicWorks Collaborative,Director of Programs,Nonprofit,2022-02-28,,true,2023-04-17,crm_import
1437,1,11121,Juniper Education Group,Professor,Education,2020-06-10,2024-09-05,false,2024-09-05,crm_import
1438,1,11121,Open Learning Network,Associate Professor,Education,2014-12-03,2020-06-09,false,2020-06-09,crm_import
1439,1,11121,Juniper Education Group,Assistant Professor,Education,2009-05-09,2014-12-02,false,2014-12-02,crm_import
1440,1,11121,Juniper Education Group,Department Chair,Education,2024-09-06,,true,2026-01-18,crm_import
1441,1,14640,Silver Maple Holdings,Associate,Financial Services,2021-04-01,,true,2022-12-06,profile_enrichment
1442,1,17327,Redwood Creative,Senior Producer,Media,2011-07-10,,true,2024-07-25,crm_import
1443,1,5114,Cedar Ridge Education,Professor,Education,2022-06-19,2024-11-02,false,2024-11-02,crm_import
1444,1,5114,Cedar Ridge Education,Department Chair,Education,2024-11-03,,true,2026-07-31,crm_import
1445,1,1302,Open Learning Network,Associate Professor,Education,2017-03-07,2020-04-08,false,2020-04-08,profile_enrichment
1446,1,1302,Open Learning Network,Assistant Professor,Education,2011-10-22,2017-03-06,false,2017-03-06,crm_import
1447,1,1302,Juniper Education Group,Professor,Education,2020-04-09,,true,2020-05-16,crm_import
1448,1,15266,Summit Grove Partners,Director of Finance,Financial Services,2016-03-21,2021-08-04,false,2021-08-04,crm_import
1449,1,15266,Silver Maple Holdings,Senior Finance Manager,Financial Services,2011-07-26,2016-03-20,false,2016-03-20,crm_import
1450,1,15266,Summit Grove Partners,Finance Manager,Financial Services,2006-05-05,2011-03-04,false,2011-03-04,crm_import
1451,1,15266,Stonebridge Financial,Vice President of Finance,Financial Services,2021-08-05,,true,2026-01-28,profile_enrichment
1452,1,16671,Harborline Health,Program Manager,Healthcare,2015-08-08,,true,2026-01-09,profile_enrichment
1453,1,18983,Harbor Street Counsel,Legal Analyst,Legal Services,2021-08-06,2024-11-25,false,2024-11-25,crm_import
1454,1,18983,Cedar & Finch Consulting,Legal Analyst,Legal Services,2016-11-17,2020-10-22,false,2020-10-22,crm_import
1455,1,18983,Harbor Street Counsel,Associate Counsel,Legal Services,2025-08-01,,true,2025-12-05,crm_import
1456,1,11836,CivicWorks Collaborative,Program Coordinator,Nonprofit,2010-08-25,2014-07-30,false,2014-07-30,profile_enrichment
1457,1,11836,CivicWorks Collaborative,Program Coordinator,Nonprofit,2006-10-29,2010-08-24,false,2010-08-24,profile_enrichment
1458,1,11836,Youth Arts Collaborative,Program Coordinator,Nonprofit,2002-03-08,2006-10-28,false,2006-10-28,crm_import
1459,1,11836,Metro Community Foundation,Program Manager,Nonprofit,2015-05-14,,true,2021-12-24,profile_enrichment
1460,1,10370,Arcfield Medical,Director of Operations,Healthcare,2013-06-28,,true,2017-05-17,profile_enrichment
1461,1,19394,Beacon Software Group,Engineering Manager,Technology,2020-05-11,2026-01-27,false,2026-01-27,profile_enrichment
1462,1,19394,Mariner Labs,Senior Software Engineer,Technology,2016-11-06,2020-05-10,false,2020-05-10,crm_import
1463,1,19394,Mariner Labs,Software Engineer,Technology,2010-07-08,2015-10-24,false,2015-10-24,crm_import
1464,1,19394,Beacon Software Group,Director of Engineering,Technology,2026-01-28,,true,2026-05-16,profile_enrichment
1465,1,15419,Juniper Education Group,Assistant Professor,Education,2012-01-12,,true,2025-05-24,crm_import
1466,1,11187,Juniper Education Group,Department Chair,Education,2020-11-14,2026-05-05,false,2026-05-05,profile_enrichment
1467,1,11187,Northbridge Academy,Professor,Education,2015-03-06,2020-06-10,false,2020-06-10,crm_import
1468,1,11187,Northbridge Academy,Associate Professor,Education,2009-01-24,2014-09-12,false,2014-09-12,profile_enrichment
1469,1,11187,Juniper Education Group,Dean,Education,2026-05-06,,true,2026-06-28,crm_import
1470,1,7663,Northbridge Academy,Assistant Professor,Education,2016-06-30,2022-02-16,false,2022-02-16,crm_import
1471,1,7663,Northbridge Academy,Lecturer,Education,2010-09-18,2016-06-29,false,2016-06-29,crm_import
1472,1,7663,Open Learning Network,Lecturer,Education,2005-08-19,2010-04-20,false,2010-04-20,profile_enrichment
1473,1,7663,Open Learning Network,Associate Professor,Education,2022-08-10,,true,2023-06-26,profile_enrichment
1474,1,18250,Community Innovation Council,Director of Programs,Nonprofit,2007-01-25,2013-01-13,false,2013-01-13,profile_enrichment
1475,1,18250,Youth Arts Collaborative,Senior Program Manager,Nonprofit,2001-03-20,2006-05-02,false,2006-05-02,profile_enrichment
1476,1,18250,Community Innovation Council,Strategic Advisor,Education,2009-08-17,2013-07-03,false,2013-07-03,profile_enrichment
1477,1,18250,Metro Community Foundation,Vice President of Programs,Nonprofit,2013-01-14,,true,2019-06-28,crm_import
1478,1,3697,Mariner Media Group,Managing Director,Media,2021-06-10,2024-07-20,false,2024-07-20,crm_import
1479,1,3697,Mariner Media Group,President,Media,2025-04-03,,true,2025-08-07,crm_import
1480,1,8871,Beacon Software Group,Director of Engineering,Technology,2010-07-01,2014-10-16,false,2014-10-16,crm_import
1481,1,8871,Beacon Software Group,Software Engineer,Technology,2007-06-30,2010-04-28,false,2010-04-28,crm_import
1482,1,8871,Northstar Systems,Analyst,Technology,2002-07-10,2007-06-29,false,2007-06-29,profile_enrichment
1483,1,8871,Northstar Systems,Engineering Manager,Technology,2014-10-17,,true,2015-04-13,crm_import
1484,1,156,Orchard Studio,Managing Director,Media,2017-03-13,,true,2021-06-29,crm_import
1485,1,6679,Cedar & Finch Consulting,General Counsel,Legal Services,2010-10-17,2015-10-06,false,2015-10-06,crm_import
1486,1,6679,Harbor Street Counsel,Counsel,Legal Services,2005-06-29,2009-11-06,false,2009-11-06,profile_enrichment
1487,1,6679,Beacon Legal Group,Managing Counsel,Legal Services,2015-10-07,,true,2026-07-14,crm_import
1488,1,9122,Metro Community Foundation,Senior Program Manager,Nonprofit,2013-12-24,,true,2022-05-01,profile_enrichment
1489,1,10815,Northbridge Academy,Professor,Education,2023-08-17,,true,2026-01-30,profile_enrichment
1490,1,13523,Pinecrest Partners,Senior Counsel,Legal Services,2020-04-28,2024-10-08,false,2024-10-08,crm_import
1491,1,13523,Beacon Legal Group,Counsel,Legal Services,2015-09-06,2018-11-21,false,2018-11-21,profile_enrichment
1492,1,13523,Pinecrest Partners,Associate Counsel,Legal Services,2009-12-01,2015-09-05,false,2015-09-05,crm_import
1493,1,13523,Pinecrest Partners,Managing Counsel,Legal Services,2025-02-20,,true,2026-02-23,crm_import
1494,1,1858,Harbor Street Counsel,Associate Counsel,Legal Services,2019-12-07,,true,2026-01-22,profile_enrichment
1495,1,17114,Redwood Creative,President,Media,2023-10-24,,true,2025-06-06,crm_import
1496,1,6312,Juniper Education Group,Dean,Education,2013-05-23,,true,2015-04-03,crm_import
1497,1,11521,Blue Lantern Technologies,Vice President of Engineering,Technology,2020-09-02,,true,2022-11-11,crm_import
1498,1,7674,Mariner Media Group,Program Director,Media,2018-01-05,2021-11-29,false,2021-11-29,profile_enrichment
1499,1,7674,Lakeshore Media,Managing Director,Media,2022-08-29,,true,2024-12-27,crm_import
1500,1,10058,Beacon Software Group,Vice President of Engineering,Technology,2017-06-21,2022-05-29,false,2022-05-29,profile_enrichment
1501,1,10058,Northstar Systems,Director of Engineering,Technology,2012-07-31,2017-06-20,false,2017-06-20,crm_import
1502,1,10058,Blue Lantern Technologies,Engineering Manager,Technology,2007-06-01,2012-02-22,false,2012-02-22,profile_enrichment
1503,1,10058,Mariner Labs,Chief Technology Officer,Technology,2023-03-31,,true,2026-08-04,profile_enrichment
1504,1,1385,Northstar Systems,Vice President of Engineering,Technology,2021-05-09,2025-03-10,false,2025-03-10,profile_enrichment
1505,1,1385,Northstar Systems,Chief Technology Officer,Technology,2025-03-11,,true,2025-11-06,profile_enrichment
1506,1,5718,Arcfield Medical,Program Manager,Healthcare,2013-05-27,,true,2022-11-09,profile_enrichment
1507,1,561,Summit Grove Partners,Vice President of Finance,Financial Services,2015-12-20,,true,2022-08-06,crm_import
1508,1,1130,Pinecrest Partners,Associate Counsel,Legal Services,2004-05-14,2010-04-21,false,2010-04-21,crm_import
1509,1,1130,Harbor Street Counsel,Counsel,Legal Services,2010-04-22,,true,2022-12-18,crm_import
1510,1,7947,Lakeshore Media,Producer,Media,2022-11-17,2025-02-06,false,2025-02-06,profile_enrichment
1511,1,7947,Redwood Creative,Coordinator,Media,2019-01-01,2022-11-16,false,2022-11-16,crm_import
1512,1,7947,Redwood Creative,Senior Producer,Media,2025-10-04,,true,2026-06-23,crm_import
1513,1,753,Mariner Labs,Vice President of Engineering,Technology,2019-09-24,,true,2020-01-27,profile_enrichment
1514,1,7833,Blue Lantern Technologies,Engineering Manager,Technology,2007-08-28,2012-12-25,false,2012-12-25,crm_import
1515,1,7833,Northstar Systems,,Technology,2012-12-26,,true,2026-07-10,crm_import
1516,1,7616,Blue Lantern Technologies,Director of Engineering,Technology,2016-11-12,,true,2026-07-18,crm_import
1517,1,4812,Harborline Health,Program Analyst,Healthcare,2008-01-19,2011-06-19,false,2011-06-19,crm_import
1518,1,4812,Clearwater Health Group,Program Analyst,Healthcare,2001-01-29,2006-08-26,false,2006-08-26,profile_enrichment
1519,1,4812,Regional Health Partners,Program Analyst,Healthcare,1996-12-24,2001-01-28,false,2001-01-28,crm_import
1520,1,4812,Regional Health Partners,Program Manager,Healthcare,2011-06-20,,true,2012-05-12,profile_enrichment
1521,1,13085,Juniper Education Group,Professor,Education,2017-04-18,,true,2025-07-02,crm_import
1522,1,2022,Beacon Legal Group,General Counsel,Legal Services,2024-02-27,,true,2025-03-02,profile_enrichment
1523,1,3889,Redwood Creative,Senior Producer,Media,2024-02-21,,true,2025-05-19,profile_enrichment
1524,1,114,Northbridge Academy,Assistant Professor,Education,2019-04-08,2023-03-09,false,2023-03-09,crm_import
1525,1,114,Cedar Ridge Education,Associate Professor,Education,2024-02-22,,true,2024-04-07,profile_enrichment
1526,1,10873,Beacon Legal Group,Counsel,Legal Services,2014-08-12,2017-09-03,false,2017-09-03,crm_import
1527,1,10873,Harbor Street Counsel,Associate Counsel,Legal Services,2009-09-02,2014-08-11,false,2014-08-11,crm_import
1528,1,10873,Cedar & Finch Consulting,Legal Analyst,Legal Services,2003-12-08,2009-05-11,false,2009-05-11,crm_import
1529,1,10873,Pinecrest Partners,Senior Counsel,Legal Services,2017-09-04,,true,2020-04-11,crm_import
1530,1,12411,Juniper Education Group,Department Chair,Education,2015-08-11,,true,2024-06-20,profile_enrichment
1531,1,4301,Regional Health Partners,Senior Program Manager,Healthcare,2020-07-16,2025-06-02,false,2025-06-02,profile_enrichment
1532,1,4301,Clearwater Health Group,Program Manager,Healthcare,2014-11-03,2020-07-15,false,2020-07-15,crm_import
1533,1,4301,Harborline Health,Director of Operations,Healthcare,2025-06-03,,true,2025-09-20,profile_enrichment
1534,1,9041,Blue Lantern Technologies,Director of Engineering,Technology,2013-09-10,,true,2014-03-07,profile_enrichment
1535,1,6920,Mariner Labs,Engineering Manager,Technology,2006-07-10,2010-12-12,false,2010-12-12,profile_enrichment
1536,1,6920,Northstar Systems,Director of Engineering,Technology,2010-12-13,,true,2022-10-31,crm_import
1537,1,19917,Cedar & Finch Consulting,Senior Counsel,Legal Services,2020-01-10,,true,2024-05-16,profile_enrichment
1538,1,15028,Juniper Education Group,Assistant Professor,Education,2016-02-19,2021-04-30,false,2021-04-30,crm_import
1539,1,15028,Juniper Education Group,Lecturer,Education,2011-01-16,2015-11-17,false,2015-11-17,profile_enrichment
1540,1,15028,Northbridge Academy,Lecturer,Education,2006-08-03,2009-10-27,false,2009-10-27,crm_import
1541,1,15028,Open Learning Network,Associate Professor,Education,2021-05-01,,true,2024-04-22,crm_import
1542,1,15410,Arcfield Manufacturing,Director of Operations,Manufacturing,2017-07-11,,true,2022-07-05,profile_enrichment
1543,1,2537,Orchard Studio,Managing Director,Media,2010-04-01,2014-05-24,false,2014-05-24,crm_import
1544,1,2537,Mariner Media Group,Program Director,Media,2005-09-23,2010-03-31,false,2010-03-31,crm_import
1545,1,2537,Orchard Studio,President,Media,2015-08-27,,true,2025-11-25,crm_import
1546,1,7964,Community Innovation Council,Program Manager,Nonprofit,2016-03-05,2021-12-04,false,2021-12-04,profile_enrichment
1547,1,7964,CivicWorks Collaborative,Program Coordinator,Nonprofit,2013-09-29,2016-03-04,false,2016-03-04,crm_import
1548,1,7964,Metro Community Foundation,Senior Program Manager,Nonprofit,2021-12-05,,true,2023-12-15,crm_import
1549,1,6720,CivicWorks Collaborative,Program Manager,Nonprofit,2020-05-01,,true,2025-01-03,profile_enrichment
1550,1,7908,Redwood Creative,Producer,Media,2015-08-19,2018-12-08,false,2018-12-08,profile_enrichment
1551,1,7908,Lakeshore Media,Senior Producer,Media,2018-12-09,,true,2023-11-19,crm_import
1552,1,4730,Northbridge Academy,Assistant Professor,Education,2017-04-01,,true,2021-11-05,profile_enrichment
1553,1,14563,Beacon Legal Group,Senior Counsel,Legal Services,2022-07-07,2024-07-23,false,2024-07-23,crm_import
1554,1,14563,Beacon Legal Group,Managing Counsel,Legal Services,2025-01-30,,true,2025-02-23,profile_enrichment
1555,1,10956,Lakeshore Media,Program Director,Media,2021-09-08,2025-07-16,false,2025-07-16,crm_import
1556,1,10956,Lakeshore Media,Managing Director,Media,2025-07-17,,true,2025-08-21,profile_enrichment
1557,1,1985,Clearwater Manufacturing,,Manufacturing,2010-11-14,,true,2022-08-18,crm_import
1558,1,12048,Summit Grove Partners,Analyst,Financial Services,2017-07-05,2021-03-19,false,2021-03-19,profile_enrichment
1559,1,12048,Summit Grove Partners,,Financial Services,2021-03-20,,true,2023-03-28,crm_import
1560,1,17612,Stonebridge Financial,Finance Manager,Financial Services,2020-05-07,2026-01-28,false,2026-01-28,crm_import
1561,1,17612,Stonebridge Financial,Senior Finance Manager,Financial Services,2026-01-29,,true,2026-02-04,crm_import
1562,1,18791,Blue Lantern Technologies,Vice President of Engineering,Technology,2021-09-14,2026-05-16,false,2026-05-16,crm_import
1563,1,18791,Blue Lantern Technologies,Chief Technology Officer,Technology,2026-05-17,,true,2026-07-11,profile_enrichment
1564,1,9783,Harborline Health,Chief Operating Officer,Healthcare,2016-03-30,,true,2020-05-29,profile_enrichment
1565,1,15308,Blue Lantern Technologies,,Technology,2022-06-26,,true,2024-01-30,crm_import
1566,1,11662,Mariner Labs,Vice President of Engineering,Technology,2014-11-08,2016-11-24,false,2016-11-24,crm_import
1567,1,11662,Northstar Systems,Senior Software Engineer,Technology,2010-05-07,2014-11-07,false,2014-11-07,crm_import
1568,1,11662,Beacon Software Group,Director of Engineering,Technology,2016-11-25,,true,2022-10-24,profile_enrichment
1569,1,19699,Youth Arts Collaborative,Vice President of Programs,Nonprofit,2014-01-04,2016-11-21,false,2016-11-21,crm_import
1570,1,19699,CivicWorks Collaborative,Director of Programs,Nonprofit,2009-05-16,2014-01-03,false,2014-01-03,crm_import
1571,1,19699,CivicWorks Collaborative,Executive Director,Nonprofit,2017-02-02,,true,2023-06-18,profile_enrichment
1572,1,5010,Granite Industrial Group,Vice President of Operations,Manufacturing,2012-12-14,2018-01-25,false,2018-01-25,crm_import
1573,1,5010,Clearwater Manufacturing,Director of Operations,Manufacturing,2010-04-14,2012-12-13,false,2012-12-13,crm_import
1574,1,5010,Arcfield Manufacturing,President,Manufacturing,2018-01-26,,true,2025-12-14,profile_enrichment
1575,1,5151,Beacon Legal Group,Senior Counsel,Legal Services,2023-03-17,,true,2026-08-13,crm_import
1576,1,12462,Mariner Media Group,Program Director,Media,2017-06-01,2023-02-21,false,2023-02-21,crm_import
1577,1,12462,Orchard Studio,Senior Producer,Media,2012-09-08,2017-05-31,false,2017-05-31,profile_enrichment
1578,1,12462,Lakeshore Media,Producer,Media,2009-01-13,2012-09-07,false,2012-09-07,profile_enrichment
1579,1,12462,Orchard Studio,Managing Director,Media,2023-02-22,,true,2026-06-20,profile_enrichment
1580,1,4525,Summit Grove Partners,Senior Finance Manager,Financial Services,2020-05-20,2024-10-03,false,2024-10-03,crm_import
1581,1,4525,Summit Grove Partners,Finance Manager,Financial Services,2016-09-03,2020-05-19,false,2020-05-19,crm_import
1582,1,4525,Stonebridge Financial,Director of Finance,Financial Services,2024-10-04,,true,2025-07-09,profile_enrichment
1583,1,17935,Open Learning Network,Professor,Education,2016-01-04,,true,2017-08-30,profile_enrichment
1584,1,9753,Clearwater Manufacturing,Vice President of Operations,Manufacturing,2021-07-31,2024-03-24,false,2024-03-24,crm_import
1585,1,9753,Clearwater Manufacturing,President,Manufacturing,2025-01-09,,true,2026-07-24,profile_enrichment
1586,1,1375,Regional Health Partners,Director of Operations,Healthcare,2018-08-24,,true,2023-01-20,profile_enrichment
1587,1,1820,Redwood Holdings,President,Manufacturing,2017-04-11,,true,2025-06-25,profile_enrichment
1588,1,10401,Open Learning Network,Dean,Education,2006-05-16,2010-08-31,false,2010-08-31,crm_import
1589,1,10401,Open Learning Network,Associate Professor,Education,1999-12-28,2005-09-12,false,2005-09-12,profile_enrichment
1590,1,10401,Juniper Education Group,Assistant Professor,Education,1996-04-26,1999-12-27,false,1999-12-27,profile_enrichment
1591,1,10401,Open Learning Network,Department Chair,Education,2010-09-01,,true,2016-05-04,profile_enrichment
1592,1,2254,Arcfield Medical,Director of Operations,Healthcare,2025-12-06,,true,2026-08-20,profile_enrichment
1593,1,18004,Clearwater Health Group,Vice President of Operations,Healthcare,2013-03-28,,true,2022-12-23,crm_import
1594,1,11321,Stonebridge Financial,Associate,Financial Services,2017-11-20,,true,2018-03-19,profile_enrichment
1595,1,9269,Northstar Systems,Vice President of Engineering,Technology,2014-11-02,,true,2025-01-26,crm_import
1596,1,9077,Cedar Ridge Education,Department Chair,Education,2016-04-18,2021-05-04,false,2021-05-04,crm_import
1597,1,9077,Northbridge Academy,Professor,Education,2012-02-12,2016-04-17,false,2016-04-17,crm_import
1598,1,9077,Cedar Ridge Education,Dean,Education,2021-05-05,,true,2021-07-25,profile_enrichment
1599,1,10852,Stonebridge Financial,Finance Manager,Financial Services,2021-07-09,2024-04-19,false,2024-04-19,crm_import
1600,1,10852,Silver Maple Holdings,Associate,Financial Services,2016-07-27,2021-07-08,false,2021-07-08,crm_import
1601,1,10852,Silver Maple Holdings,Analyst,Financial Services,2013-02-27,2016-07-26,false,2016-07-26,crm_import
1602,1,10852,Stonebridge Financial,Senior Finance Manager,Financial Services,2024-04-20,,true,2025-05-02,profile_enrichment
1603,1,7496,Summit Grove Partners,Finance Manager,Financial Services,2017-02-08,,true,2021-11-29,profile_enrichment
1604,1,1155,Metro Community Foundation,Vice President of Programs,Nonprofit,2019-12-31,2025-09-07,false,2025-09-07,profile_enrichment
1605,1,1155,CivicWorks Collaborative,Director of Programs,Nonprofit,2014-04-13,2019-12-30,false,2019-12-30,crm_import
1606,1,1155,Metro Community Foundation,Executive Director,Nonprofit,2025-09-08,,true,2026-04-17,profile_enrichment
1607,1,1412,Redwood Holdings,Operations Manager,Manufacturing,2024-02-26,,true,2026-07-08,profile_enrichment
1608,1,646,Northbridge Academy,Associate Professor,Education,2018-05-25,,true,2019-04-20,profile_enrichment
1609,1,17309,Clearwater Health Group,Vice President of Operations,Healthcare,2023-12-17,,true,2025-03-14,crm_import
1610,1,1100,Silver Maple Holdings,Chief Financial Officer,Financial Services,2016-09-29,,true,2017-02-22,profile_enrichment
1611,1,1038,Cedar & Finch Consulting,Associate Counsel,Legal Services,2020-06-14,2023-01-09,false,2023-01-09,crm_import
1612,1,1038,Cedar & Finch Consulting,Counsel,Legal Services,2023-01-10,,true,2024-05-16,crm_import
1613,1,1783,Cedar Ridge Education,Lecturer,Education,2010-08-26,2013-06-30,false,2013-06-30,crm_import
1614,1,1783,Northbridge Academy,Assistant Professor,Education,2013-07-01,,true,2023-04-25,profile_enrichment
1615,1,507,Mariner Media Group,President,Media,2022-01-09,,true,2024-08-28,profile_enrichment
1616,1,12956,Harbor Street Counsel,Legal Analyst,Legal Services,2015-03-21,2018-07-26,false,2018-07-26,crm_import
1617,1,12956,Pinecrest Partners,Associate Counsel,Legal Services,2018-07-27,,true,2024-02-21,profile_enrichment
1618,1,19706,Arcfield Manufacturing,Senior Operations Manager,Manufacturing,2017-02-09,,true,2023-01-23,profile_enrichment
1619,1,6259,CivicWorks Collaborative,Senior Program Manager,Nonprofit,2010-10-22,,true,2021-05-15,profile_enrichment
1620,1,12872,Northbridge Academy,Lecturer,Education,2023-04-06,2026-04-11,false,2026-04-11,profile_enrichment
1621,1,12872,Juniper Education Group,Lecturer,Education,2018-01-03,2023-04-05,false,2023-04-05,profile_enrichment
1622,1,12872,Open Learning Network,Lecturer,Education,2015-04-24,2018-01-02,false,2018-01-02,crm_import
1623,1,12872,Northbridge Academy,Assistant Professor,Education,2026-04-12,,true,2026-06-02,profile_enrichment
1624,1,8115,Mariner Labs,Software Engineer,Technology,2021-12-05,,true,2023-11-04,profile_enrichment
1625,1,17581,Cedar Ridge Education,Professor,Education,2020-08-28,,true,2024-02-22,crm_import
1626,1,16501,Metro Community Foundation,Program Coordinator,Nonprofit,2014-01-20,2019-04-13,false,2019-04-13,crm_import
1627,1,16501,CivicWorks Collaborative,Program Coordinator,Nonprofit,2008-05-29,2014-01-19,false,2014-01-19,crm_import
1628,1,16501,CivicWorks Collaborative,Program Coordinator,Nonprofit,2004-01-20,2008-05-28,false,2008-05-28,crm_import
1629,1,16501,CivicWorks Collaborative,Program Manager,Nonprofit,2019-04-14,,true,2023-07-20,profile_enrichment
1630,1,12707,Blue Lantern Technologies,Senior Software Engineer,Technology,2012-09-08,,true,2013-03-10,profile_enrichment
1631,1,4868,CivicWorks Collaborative,Vice President of Programs,Nonprofit,2016-10-29,2022-08-10,false,2022-08-10,crm_import
1632,1,4868,Metro Community Foundation,Director of Programs,Nonprofit,2022-08-11,,true,2022-12-10,crm_import
1633,1,14259,Cedar Ridge Education,Professor,Education,2019-12-17,2022-09-13,false,2022-09-13,crm_import
1634,1,14259,Cedar Ridge Education,Lecturer,Education,2015-12-01,2019-12-16,false,2019-12-16,crm_import
1635,1,14259,Juniper Education Group,Lecturer,Education,2010-02-05,2015-11-30,false,2015-11-30,crm_import
1636,1,14259,Open Learning Network,Associate Professor,Education,2022-09-14,,true,2023-08-23,profile_enrichment
1637,1,19222,CivicWorks Collaborative,Director of Programs,Nonprofit,2015-03-24,,true,2024-03-06,crm_import
1638,1,9866,Mariner Media Group,Managing Director,Media,2017-07-28,2022-11-28,false,2022-11-28,crm_import
1639,1,9866,Orchard Studio,Program Director,Media,2013-12-25,2017-07-27,false,2017-07-27,crm_import
1640,1,9866,Orchard Studio,President,Media,2022-11-29,,true,2023-08-22,crm_import
1641,1,7983,Beacon Software Group,Vice President of Engineering,Technology,2021-02-07,2024-02-29,false,2024-02-29,crm_import
1642,1,7983,Beacon Software Group,Director of Engineering,Technology,2017-06-30,2021-02-06,false,2021-02-06,crm_import
1643,1,7983,Beacon Software Group,Chief Technology Officer,Technology,2025-05-18,,true,2025-07-04,profile_enrichment
1644,1,13520,Harbor Street Counsel,General Counsel,Legal Services,2010-10-08,,true,2014-09-22,profile_enrichment
1645,1,15295,Lakeshore Media,Senior Producer,Media,2018-08-18,,true,2026-05-11,crm_import
1646,1,4965,Lakeshore Media,Program Director,Media,2014-01-14,,true,2017-12-13,profile_enrichment
1647,1,18192,Beacon Software Group,Chief Technology Officer,Technology,2011-06-25,,true,2016-07-10,crm_import
1648,1,4693,Regional Health Partners,Program Manager,Healthcare,2021-02-22,,true,2021-11-11,crm_import
1649,1,5410,Arcfield Manufacturing,Operations Manager,Manufacturing,2011-05-14,,true,2013-03-02,profile_enrichment
1650,1,11703,Open Learning Network,Department Chair,Education,2013-09-16,2019-02-10,false,2019-02-10,crm_import
1651,1,11703,Cedar Ridge Education,Professor,Education,2010-06-11,2013-09-15,false,2013-09-15,crm_import
1652,1,11703,Cedar Ridge Education,Associate Professor,Education,2005-08-20,2009-07-03,false,2009-07-03,crm_import
1653,1,11703,Northbridge Academy,Dean,Education,2019-02-11,,true,2020-09-06,profile_enrichment
1654,1,14395,Metro Community Foundation,Program Coordinator,Nonprofit,2020-07-31,2023-08-10,false,2023-08-10,crm_import
1655,1,14395,CivicWorks Collaborative,Program Manager,Nonprofit,2024-09-17,,true,2025-10-08,profile_enrichment
1656,1,16347,Granite Advisory,Vice President of Finance,Financial Services,2021-08-21,2024-02-21,false,2024-02-21,crm_import
1657,1,16347,Granite Advisory,Director of Finance,Financial Services,2018-07-09,2021-08-20,false,2021-08-20,profile_enrichment
1658,1,16347,Granite Advisory,Chief Financial Officer,Financial Services,2024-02-22,,true,2024-11-30,crm_import
1659,1,17660,Cedar & Finch Consulting,Legal Analyst,Legal Services,2016-02-14,2019-11-13,false,2019-11-13,crm_import
1660,1,17660,Cedar & Finch Consulting,Legal Analyst,Legal Services,2009-06-03,2015-05-10,false,2015-05-10,crm_import
1661,1,17660,Harbor Street Counsel,Associate Counsel,Legal Services,2019-11-14,,true,2023-05-24,crm_import
1662,1,18036,Cedar & Finch Consulting,Associate Counsel,Legal Services,2013-05-07,2019-04-13,false,2019-04-13,crm_import
1663,1,18036,Beacon Legal Group,Legal Analyst,Legal Services,2008-06-11,2013-05-06,false,2013-05-06,crm_import
1664,1,18036,Pinecrest Partners,Legal Analyst,Legal Services,2003-10-11,2008-06-10,false,2008-06-10,crm_import
1665,1,18036,Beacon Legal Group,Counsel,Legal Services,2020-01-18,,true,2023-06-14,profile_enrichment
1666,1,16039,Beacon Legal Group,Senior Counsel,Legal Services,2012-02-15,,true,2015-07-23,profile_enrichment
1667,1,18261,Granite Advisory,Associate,Financial Services,2013-09-21,2018-07-04,false,2018-07-04,crm_import
1668,1,18261,Granite Advisory,Analyst,Financial Services,2007-12-29,2013-09-20,false,2013-09-20,crm_import
1669,1,18261,Silver Maple Holdings,Analyst,Financial Services,2005-07-01,2007-12-28,false,2007-12-28,crm_import
1670,1,18261,Silver Maple Holdings,Finance Manager,Financial Services,2018-07-05,,true,2018-09-11,profile_enrichment
1671,1,2255,Blue Lantern Technologies,Vice President of Engineering,Technology,2026-02-21,,true,2026-05-29,profile_enrichment
1672,1,10024,Metro Community Foundation,Director of Programs,Nonprofit,2019-08-06,2024-06-23,false,2024-06-23,crm_import
1673,1,10024,Metro Community Foundation,Vice President of Programs,Nonprofit,2025-02-27,,true,2025-07-08,profile_enrichment
1674,1,16771,Orchard Studio,President,Media,2006-06-11,2011-07-25,false,2011-07-25,crm_import
1675,1,16771,Mariner Media Group,President,Media,2012-12-30,,true,2026-02-14,profile_enrichment
1676,1,8775,Beacon Legal Group,General Counsel,Legal Services,2023-08-18,,true,2025-06-03,profile_enrichment
1677,1,17777,Beacon Legal Group,Associate Counsel,Legal Services,2022-12-28,,true,2025-05-13,profile_enrichment
1678,1,1370,Harborline Health,Senior Program Manager,Healthcare,2023-07-13,,true,2024-04-26,crm_import
1679,1,16075,Blue Lantern Technologies,Vice President of Engineering,Technology,2023-08-11,2026-06-11,false,2026-06-11,profile_enrichment
1680,1,16075,Blue Lantern Technologies,Director of Engineering,Technology,2019-05-18,2022-04-09,false,2022-04-09,profile_enrichment
1681,1,16075,Northstar Systems,Engineering Manager,Technology,2014-07-12,2019-05-17,false,2019-05-17,crm_import
1682,1,16075,Blue Lantern Technologies,Chief Technology Officer,Technology,2026-06-12,,true,2026-08-08,profile_enrichment
1683,1,1799,Blue Lantern Technologies,Engineering Manager,Technology,2014-05-21,2019-10-12,false,2019-10-12,crm_import
1684,1,1799,Mariner Labs,Senior Software Engineer,Technology,2010-09-04,2014-05-20,false,2014-05-20,crm_import
1685,1,1799,Mariner Labs,Software Engineer,Technology,2006-11-24,2010-09-03,false,2010-09-03,crm_import
1686,1,1799,Mariner Labs,Director of Engineering,Technology,2020-12-15,,true,2026-04-22,profile_enrichment
1687,1,6237,CivicWorks Collaborative,Vice President of Programs,Nonprofit,2017-03-29,2021-12-23,false,2021-12-23,crm_import
1688,1,6237,Community Innovation Council,Director of Programs,Nonprofit,2014-02-21,2016-06-16,false,2016-06-16,crm_import
1689,1,6237,Community Innovation Council,Senior Program Manager,Nonprofit,2010-12-02,2014-02-20,false,2014-02-20,profile_enrichment
1690,1,6237,Community Innovation Council,Executive Director,Nonprofit,2021-12-24,,true,2025-06-25,profile_enrichment
1691,1,2184,Mariner Labs,Analyst,Technology,2013-09-29,2019-04-20,false,2019-04-20,profile_enrichment
1692,1,2184,Open Learning Network,Part-Time Lecturer,Education,2017-04-01,2019-05-21,false,2019-05-21,profile_enrichment
1693,1,2184,Mariner Labs,Software Engineer,Technology,2019-04-21,,true,2020-01-22,profile_enrichment
1694,1,13866,Arcfield Manufacturing,Operations Manager,Manufacturing,2017-08-13,,true,2025-12-31,profile_enrichment
1695,1,7633,Granite Advisory,Senior Finance Manager,Financial Services,2014-01-22,,true,2021-03-08,profile_enrichment
1696,1,9473,Open Learning Network,Lecturer,Education,2005-06-12,2010-10-31,false,2010-10-31,crm_import
1697,1,9473,Open Learning Network,Lecturer,Education,2002-05-08,2005-06-11,false,2005-06-11,crm_import
1698,1,9473,Juniper Education Group,Assistant Professor,Education,2010-11-01,,true,2020-05-23,profile_enrichment
1699,1,11378,Cedar & Finch Consulting,Managing Counsel,Legal Services,2024-02-23,2026-05-16,false,2026-05-16,crm_import
1700,1,11378,Beacon Legal Group,Senior Counsel,Legal Services,2019-07-06,2024-02-22,false,2024-02-22,crm_import
1701,1,11378,Beacon Legal Group,Counsel,Legal Services,2016-09-26,2019-07-05,false,2019-07-05,crm_import
1702,1,11378,Pinecrest Partners,General Counsel,Legal Services,2026-05-17,,true,2026-08-12,crm_import
1703,1,13980,Arcfield Manufacturing,Operations Manager,Manufacturing,2012-10-16,2014-11-18,false,2014-11-18,profile_enrichment
1704,1,13980,Arcfield Manufacturing,Operations Analyst,Manufacturing,2007-01-02,2011-12-22,false,2011-12-22,crm_import
1705,1,13980,Redwood Holdings,Operations Analyst,Manufacturing,2004-07-02,2007-01-01,false,2007-01-01,crm_import
1706,1,13980,Redwood Holdings,,Manufacturing,2015-11-09,,true,2022-05-18,profile_enrichment
1707,1,3044,CivicWorks Collaborative,Program Coordinator,Nonprofit,2011-01-28,2015-01-02,false,2015-01-02,crm_import
1708,1,3044,Youth Arts Collaborative,Program Coordinator,Nonprofit,2005-09-18,2010-05-06,false,2010-05-06,crm_import
1709,1,3044,Youth Arts Collaborative,Program Manager,Nonprofit,2015-01-03,,true,2026-05-08,profile_enrichment
1710,1,461,Open Learning Network,Department Chair,Education,2021-06-06,2024-11-04,false,2024-11-04,crm_import
1711,1,461,Juniper Education Group,Professor,Education,2017-01-18,2021-06-05,false,2021-06-05,crm_import
1712,1,461,Cedar Ridge Education,Associate Professor,Education,2014-03-31,2017-01-17,false,2017-01-17,profile_enrichment
1713,1,461,Open Learning Network,Dean,Education,2024-11-05,,true,2025-12-28,profile_enrichment
1714,1,17284,Stonebridge Financial,Finance Manager,Financial Services,2015-12-29,,true,2018-05-16,crm_import
1715,1,13291,Arcfield Manufacturing,Operations Analyst,Manufacturing,2017-05-20,2019-11-06,false,2019-11-06,crm_import
1716,1,13291,Clearwater Manufacturing,Operations Analyst,Manufacturing,2010-05-08,2015-12-21,false,2015-12-21,crm_import
1717,1,13291,Granite Industrial Group,Operations Analyst,Manufacturing,2005-03-08,2010-05-07,false,2010-05-07,crm_import
1718,1,13291,Arcfield Manufacturing,Operations Manager,Manufacturing,2019-11-07,,true,2022-04-04,crm_import
1719,1,13298,Harbor Street Counsel,Counsel,Legal Services,2018-03-08,2023-10-21,false,2023-10-21,crm_import
1720,1,13298,Beacon Legal Group,Associate Counsel,Legal Services,2013-01-06,2018-03-07,false,2018-03-07,crm_import
1721,1,13298,Pinecrest Partners,Senior Counsel,Legal Services,2025-03-20,,true,2026-07-03,profile_enrichment
1722,1,8585,Granite Advisory,Vice President of Finance,Financial Services,2019-07-18,2024-07-03,false,2024-07-03,crm_import
1723,1,8585,Summit Grove Partners,Chief Financial Officer,Financial Services,2024-07-04,,true,2025-10-21,profile_enrichment
1724,1,18927,Open Learning Network,Associate Professor,Education,2020-10-24,2026-03-27,false,2026-03-27,crm_import
1725,1,18927,Northbridge Academy,Assistant Professor,Education,2017-07-04,2020-10-23,false,2020-10-23,crm_import
1726,1,18927,Open Learning Network,Professor,Education,2026-03-28,,true,2026-07-21,profile_enrichment
1727,1,19012,Harbor Street Counsel,Counsel,Legal Services,2008-04-17,2010-10-15,false,2010-10-15,crm_import
1728,1,19012,Harbor Street Counsel,Senior Counsel,Legal Services,2010-10-16,,true,2019-03-11,crm_import
1729,1,16615,Juniper Education Group,Associate Professor,Education,2019-10-13,2024-09-26,false,2024-09-26,crm_import
1730,1,16615,Juniper Education Group,Assistant Professor,Education,2017-05-25,2019-10-12,false,2019-10-12,crm_import
1731,1,16615,Northbridge Academy,Lecturer,Education,2011-07-24,2017-05-24,false,2017-05-24,crm_import
1732,1,16615,Juniper Education Group,Professor,Education,2024-09-27,,true,2024-11-18,profile_enrichment
1733,1,6827,Cedar Ridge Education,Assistant Professor,Education,2025-03-23,,true,2026-05-18,profile_enrichment
1734,1,18727,Harborline Health,Vice President of Operations,Healthcare,2023-03-06,2025-06-02,false,2025-06-02,crm_import
1735,1,18727,Regional Health Partners,Director of Operations,Healthcare,2018-03-26,2022-01-18,false,2022-01-18,crm_import
1736,1,18727,Harborline Health,Chief Operating Officer,Healthcare,2025-06-03,,true,2026-08-10,profile_enrichment
1737,1,10297,Harbor Street Counsel,Senior Counsel,Legal Services,2022-08-25,2026-01-23,false,2026-01-23,crm_import
1738,1,10297,Harbor Street Counsel,Counsel,Legal Services,2018-05-21,2022-08-24,false,2022-08-24,profile_enrichment
1739,1,10297,Cedar & Finch Consulting,Associate Counsel,Legal Services,2014-12-16,2017-02-10,false,2017-02-10,profile_enrichment
1740,1,10297,Harbor Street Counsel,Managing Counsel,Legal Services,2026-01-24,,true,2026-06-07,profile_enrichment
1741,1,6927,Community Innovation Council,Senior Program Manager,Nonprofit,2017-04-13,,true,2017-07-24,profile_enrichment
1742,1,17524,Harbor Street Counsel,Managing Counsel,Legal Services,2013-10-13,2019-03-21,false,2019-03-21,profile_enrichment
1743,1,17524,Beacon Legal Group,Senior Counsel,Legal Services,2008-08-12,2013-10-12,false,2013-10-12,profile_enrichment
1744,1,17524,Pinecrest Partners,Counsel,Legal Services,2004-06-09,2008-08-11,false,2008-08-11,crm_import
1745,1,17524,Pinecrest Partners,,Legal Services,2019-03-22,,true,2022-04-20,crm_import
1746,1,7888,Arcfield Manufacturing,Vice President of Operations,Manufacturing,2023-03-30,2025-07-14,false,2025-07-14,crm_import
1747,1,7888,Granite Industrial Group,Director of Operations,Manufacturing,2018-12-01,2023-03-29,false,2023-03-29,profile_enrichment
1748,1,7888,Granite Industrial Group,President,Manufacturing,2025-07-15,,true,2025-11-19,profile_enrichment
1749,1,17724,Open Learning Network,Assistant Professor,Education,2011-01-09,,true,2020-01-09,profile_enrichment
1750,1,19651,Pinecrest Partners,Legal Analyst,Legal Services,2008-11-17,2013-06-08,false,2013-06-08,crm_import
1751,1,19651,Harbor Street Counsel,Legal Analyst,Legal Services,2003-02-07,2008-11-16,false,2008-11-16,crm_import
1752,1,19651,Beacon Legal Group,Legal Analyst,Legal Services,1999-07-06,2003-02-06,false,2003-02-06,profile_enrichment
1753,1,19651,Beacon Legal Group,Associate Counsel,Legal Services,2013-06-09,,true,2020-09-24,profile_enrichment
1754,1,16174,Harbor Street Counsel,Legal Analyst,Legal Services,2011-05-19,2015-01-13,false,2015-01-13,crm_import
1755,1,16174,Beacon Legal Group,Legal Analyst,Legal Services,2006-02-19,2010-01-17,false,2010-01-17,profile_enrichment
1756,1,16174,Harbor Street Counsel,Associate Counsel,Legal Services,2015-01-14,,true,2017-03-09,crm_import
1757,1,10000,Redwood Holdings,Senior Operations Manager,Manufacturing,2020-09-10,2025-05-19,false,2025-05-19,crm_import
1758,1,10000,Redwood Holdings,Operations Manager,Manufacturing,2015-02-16,2020-09-09,false,2020-09-09,profile_enrichment
1759,1,10000,Granite Industrial Group,Operations Analyst,Manufacturing,2011-02-09,2015-02-15,false,2015-02-15,profile_enrichment
1760,1,10000,Redwood Holdings,Director of Operations,Manufacturing,2025-09-25,,true,2026-08-19,profile_enrichment
1761,1,509,Open Learning Network,Professor,Education,2010-07-06,,true,2024-05-07,profile_enrichment
1762,1,14048,Clearwater Manufacturing,Senior Operations Manager,Manufacturing,2010-03-07,2013-01-08,false,2013-01-08,crm_import
1763,1,14048,Redwood Holdings,Operations Manager,Manufacturing,2005-02-27,2010-03-06,false,2010-03-06,crm_import
1764,1,14048,Clearwater Manufacturing,Operations Analyst,Manufacturing,2001-11-21,2005-02-26,false,2005-02-26,profile_enrichment
1765,1,14048,Granite Industrial Group,Director of Operations,Manufacturing,2013-01-09,,true,2022-09-11,crm_import
1766,1,14125,CivicWorks Collaborative,Senior Program Manager,Nonprofit,2018-05-28,,true,2023-03-11,profile_enrichment
1767,1,10014,Arcfield Medical,,Healthcare,2010-05-30,,true,2026-07-22,profile_enrichment
1768,1,9126,Mariner Labs,Director of Engineering,Technology,2019-02-11,,true,2024-05-14,profile_enrichment
1769,1,6633,Redwood Holdings,Senior Operations Manager,Manufacturing,2023-02-04,,true,2026-04-15,crm_import
1770,1,5051,Stonebridge Financial,Associate,Financial Services,2012-10-13,,true,2018-05-30,profile_enrichment
1771,1,10682,Granite Industrial Group,Vice President of Operations,Manufacturing,2023-01-16,2025-05-08,false,2025-05-08,crm_import
1772,1,10682,Redwood Holdings,Director of Operations,Manufacturing,2020-10-06,2023-01-15,false,2023-01-15,crm_import
1773,1,10682,Granite Industrial Group,President,Manufacturing,2025-05-09,,true,2025-05-26,crm_import
1774,1,12748,CivicWorks Collaborative,Director of Programs,Nonprofit,2012-08-14,,true,2018-06-16,profile_enrichment
1775,1,71,Lakeshore Media,Producer,Media,2017-06-04,,true,2025-09-22,crm_import
1776,1,10096,Blue Lantern Technologies,Engineering Manager,Technology,2020-06-27,,true,2025-03-26,crm_import
1777,1,9411,Pinecrest Partners,Managing Counsel,Legal Services,2021-10-12,2026-01-18,false,2026-01-18,crm_import
1778,1,9411,Beacon Legal Group,Senior Counsel,Legal Services,2016-09-03,2021-10-11,false,2021-10-11,crm_import
1779,1,9411,Beacon Legal Group,Counsel,Legal Services,2009-12-12,2015-11-28,false,2015-11-28,crm_import
1780,1,9411,Pinecrest Partners,General Counsel,Legal Services,2026-01-19,,true,2026-07-04,profile_enrichment
1781,1,5727,Open Learning Network,Assistant Professor,Education,2024-06-10,,true,2026-06-29,profile_enrichment
1782,1,805,Arcfield Manufacturing,Director of Operations,Manufacturing,2020-08-28,2025-03-18,false,2025-03-18,crm_import
1783,1,805,Arcfield Manufacturing,Vice President of Operations,Manufacturing,2025-03-19,,true,2026-04-17,profile_enrichment
1784,1,19092,Pinecrest Partners,Counsel,Legal Services,2008-07-29,2014-02-17,false,2014-02-17,crm_import
1785,1,19092,Pinecrest Partners,Senior Counsel,Legal Services,2015-02-19,,true,2018-01-20,profile_enrichment
1786,1,9328,Arcfield Manufacturing,Vice President of Operations,Manufacturing,2011-01-25,2016-05-26,false,2016-05-26,profile_enrichment
1787,1,9328,Arcfield Manufacturing,Director of Operations,Manufacturing,2005-06-08,2011-01-24,false,2011-01-24,crm_import
1788,1,9328,Arcfield Manufacturing,Senior Operations Manager,Manufacturing,1999-09-07,2005-06-07,false,2005-06-07,crm_import
1789,1,9328,Redwood Holdings,President,Manufacturing,2017-04-25,,true,2020-11-01,crm_import
1790,1,5236,Juniper Education Group,Department Chair,Education,2020-07-31,,true,2023-09-16,crm_import
1791,1,838,Summit Grove Partners,Finance Manager,Financial Services,2016-06-29,2019-08-25,false,2019-08-25,profile_enrichment
1792,1,838,Silver Maple Holdings,Senior Finance Manager,Financial Services,2019-08-26,,true,2025-06-08,profile_enrichment
1793,1,17040,Beacon Software Group,Senior Software Engineer,Technology,2006-11-07,2012-03-13,false,2012-03-13,crm_import
1794,1,17040,Northstar Systems,Software Engineer,Technology,2001-09-09,2006-11-06,false,2006-11-06,crm_import
1795,1,17040,Mariner Labs,Analyst,Technology,1997-02-21,2001-09-08,false,2001-09-08,crm_import
1796,1,17040,Blue Lantern Technologies,Engineering Manager,Technology,2012-07-06,,true,2019-02-12,crm_import
1797,1,11669,Beacon Legal Group,,Legal Services,2015-12-12,,true,2025-11-19,profile_enrichment
1798,1,13800,Beacon Legal Group,Managing Counsel,Legal Services,2020-04-22,,true,2021-03-07,profile_enrichment
1799,1,14392,Clearwater Manufacturing,Vice President of Operations,Manufacturing,2025-05-29,,true,2025-07-18,crm_import
1800,1,19501,Metro Community Foundation,Strategic Advisor,Education,2012-06-16,2016-06-08,false,2016-06-08,profile_enrichment
1801,1,19501,Redwood Holdings,President,Manufacturing,2015-12-29,,true,2020-01-18,crm_import
1802,1,1974,Open Learning Network,Associate Professor,Education,2016-11-10,,true,2021-08-22,profile_enrichment
1803,1,10786,Redwood Holdings,Operations Manager,Manufacturing,2010-03-12,,true,2016-03-28,profile_enrichment
1804,1,3263,Cedar & Finch Consulting,Senior Counsel,Legal Services,2018-07-13,,true,2025-11-30,profile_enrichment
1805,1,4349,Arcfield Medical,Vice President of Operations,Healthcare,2021-09-17,2024-03-09,false,2024-03-09,crm_import
1806,1,4349,Harborline Health,Chief Operating Officer,Healthcare,2024-03-10,,true,2025-09-05,profile_enrichment
1807,1,14275,Cedar Ridge Education,Lecturer,Education,2014-03-23,2017-11-10,false,2017-11-10,crm_import
1808,1,14275,Northbridge Academy,Lecturer,Education,2009-07-27,2014-03-22,false,2014-03-22,crm_import
1809,1,14275,Open Learning Network,Lecturer,Education,2006-02-11,2008-05-04,false,2008-05-04,crm_import
1810,1,14275,Northbridge Academy,Assistant Professor,Education,2017-11-11,,true,2018-01-08,crm_import
1811,1,5406,Cedar Ridge Education,Associate Professor,Education,2016-02-25,,true,2017-01-18,crm_import
1812,1,16338,Redwood Creative,Senior Producer,Media,2014-10-01,,true,2026-06-20,crm_import
1813,1,2175,Open Learning Network,Professor,Education,2025-08-24,,true,2026-03-13,profile_enrichment
1814,1,12497,Northstar Systems,Vice President of Engineering,Technology,2010-05-13,,true,2026-06-27,profile_enrichment
1815,1,18825,Community Innovation Council,,Nonprofit,2017-11-02,,true,2019-08-16,profile_enrichment
1816,1,15441,Granite Industrial Group,Vice President of Operations,Manufacturing,2022-01-02,,true,2024-12-19,crm_import
1817,1,17514,Harborline Health,Vice President of Operations,Healthcare,2014-09-12,2020-07-29,false,2020-07-29,crm_import
1818,1,17514,Regional Health Partners,Chief Operating Officer,Healthcare,2020-07-30,,true,2025-08-02,profile_enrichment
1819,1,17407,Community Innovation Council,Vice President of Programs,Nonprofit,2019-05-17,2022-10-08,false,2022-10-08,crm_import
1820,1,17407,Youth Arts Collaborative,Executive Director,Nonprofit,2022-10-09,,true,2025-03-24,profile_enrichment
1821,1,11441,Silver Maple Holdings,Chief Financial Officer,Financial Services,2025-07-02,,true,2026-07-12,profile_enrichment
1822,1,1299,Metro Community Foundation,Program Manager,Nonprofit,2023-11-10,,true,2025-12-05,crm_import
1823,1,11840,Silver Maple Holdings,Vice President of Finance,Financial Services,2009-01-06,2011-03-22,false,2011-03-22,profile_enrichment
1824,1,11840,Summit Grove Partners,Director of Finance,Financial Services,2004-04-08,2008-10-18,false,2008-10-18,profile_enrichment
1825,1,11840,Stonebridge Financial,Senior Finance Manager,Financial Services,1998-07-08,2004-04-07,false,2004-04-07,profile_enrichment
1826,1,11840,Granite Advisory,Chief Financial Officer,Financial Services,2011-03-23,,true,2020-02-04,profile_enrichment
1827,1,9117,Silver Maple Holdings,Senior Finance Manager,Financial Services,2010-01-30,2012-10-11,false,2012-10-11,crm_import
1828,1,9117,Granite Advisory,Analyst,Financial Services,2005-11-11,2010-01-29,false,2010-01-29,crm_import
1829,1,9117,Summit Grove Partners,Analyst,Financial Services,2002-11-29,2005-11-10,false,2005-11-10,crm_import
1830,1,9117,Silver Maple Holdings,Finance Manager,Financial Services,2012-10-12,,true,2020-01-22,profile_enrichment
1831,1,5591,Beacon Legal Group,General Counsel,Legal Services,2007-07-02,2012-03-24,false,2012-03-24,crm_import
1832,1,5591,Pinecrest Partners,Counsel,Legal Services,2002-06-12,2007-07-01,false,2007-07-01,crm_import
1833,1,5591,Beacon Legal Group,Managing Counsel,Legal Services,2012-03-25,,true,2025-05-04,crm_import
1834,1,2185,Youth Arts Collaborative,Senior Program Manager,Nonprofit,2024-02-04,,true,2025-01-23,crm_import
1835,1,19140,Harbor Street Counsel,General Counsel,Legal Services,2019-01-03,2023-09-08,false,2023-09-08,crm_import
1836,1,19140,Harbor Street Counsel,Senior Counsel,Legal Services,2014-02-07,2019-01-02,false,2019-01-02,crm_import
1837,1,19140,Cedar & Finch Consulting,Counsel,Legal Services,2008-03-19,2014-02-06,false,2014-02-06,crm_import
1838,1,19140,Beacon Legal Group,General Counsel,Legal Services,2023-09-09,,true,2025-11-18,profile_enrichment
1839,1,14382,Lakeshore Media,Managing Director,Media,2014-05-19,,true,2014-05-31,crm_import
1840,1,13995,Cedar & Finch Consulting,Managing Counsel,Legal Services,2026-05-21,,true,2026-08-20,profile_enrichment
1841,1,1008,Northstar Systems,Engineering Manager,Technology,2003-02-26,2008-12-03,false,2008-12-03,crm_import
1842,1,1008,Beacon Software Group,Senior Software Engineer,Technology,1998-05-29,2003-02-25,false,2003-02-25,crm_import
1843,1,1008,Beacon Software Group,Director of Engineering,Technology,2010-04-07,,true,2021-01-10,profile_enrichment
1844,1,2808,Mariner Labs,Analyst,Technology,2020-06-15,2023-02-28,false,2023-02-28,crm_import
1845,1,2808,Beacon Software Group,Analyst,Technology,2017-09-20,2020-04-18,false,2020-04-18,crm_import
1846,1,2808,Beacon Software Group,Analyst,Technology,2013-03-22,2017-09-19,false,2017-09-19,crm_import
1847,1,2808,Northstar Systems,Software Engineer,Technology,2023-03-01,,true,2023-12-04,crm_import
1848,1,4595,Metro Community Foundation,Vice President of Programs,Nonprofit,2011-12-30,2014-07-28,false,2014-07-28,crm_import
1849,1,4595,Metro Community Foundation,Director of Programs,Nonprofit,2007-07-01,2011-12-29,false,2011-12-29,crm_import
1850,1,4595,Metro Community Foundation,Senior Program Manager,Nonprofit,2004-10-12,2007-06-30,false,2007-06-30,profile_enrichment
1851,1,4595,CivicWorks Collaborative,Executive Director,Nonprofit,2014-09-24,,true,2019-05-03,profile_enrichment
1852,1,9704,Clearwater Health Group,Director of Operations,Healthcare,2018-05-20,,true,2022-09-08,profile_enrichment
1853,1,16666,Lakeshore Media,Managing Director,Media,2019-09-04,,true,2026-08-23,crm_import
1854,1,18924,Pinecrest Partners,Associate Counsel,Legal Services,2012-09-14,2018-07-17,false,2018-07-17,crm_import
1855,1,18924,Pinecrest Partners,Legal Analyst,Legal Services,2009-02-11,2012-09-13,false,2012-09-13,crm_import
1856,1,18924,Pinecrest Partners,Legal Analyst,Legal Services,2003-10-09,2009-02-10,false,2009-02-10,crm_import
1857,1,18924,Pinecrest Partners,Counsel,Legal Services,2018-07-18,,true,2020-12-24,profile_enrichment
1858,1,6476,Silver Maple Holdings,Vice President of Finance,Financial Services,2018-04-29,2021-11-29,false,2021-11-29,crm_import
1859,1,6476,Granite Advisory,Chief Financial Officer,Financial Services,2021-11-30,,true,2025-06-12,crm_import
1860,1,2761,Granite Advisory,Vice President of Finance,Financial Services,2011-11-09,,true,2015-06-08,profile_enrichment
1861,1,13150,Open Learning Network,Department Chair,Education,2021-05-31,,true,2024-12-04,crm_import
1862,1,15208,Mariner Labs,Vice President of Engineering,Technology,2012-11-02,2018-02-15,false,2018-02-15,crm_import
1863,1,15208,Mariner Labs,Director of Engineering,Technology,2007-03-08,2011-12-10,false,2011-12-10,profile_enrichment
1864,1,15208,Beacon Software Group,Chief Technology Officer,Technology,2018-02-16,,true,2026-06-20,crm_import
1865,1,7070,Beacon Software Group,Director of Engineering,Technology,2013-07-15,,true,2025-11-27,profile_enrichment
1866,1,6958,Beacon Legal Group,Counsel,Legal Services,2003-03-16,2008-12-20,false,2008-12-20,crm_import
1867,1,6958,Pinecrest Partners,Associate Counsel,Legal Services,1998-04-18,2003-03-15,false,2003-03-15,crm_import
1868,1,6958,Pinecrest Partners,Senior Counsel,Legal Services,2010-05-28,,true,2012-08-10,crm_import
1869,1,16463,Redwood Holdings,Operations Manager,Manufacturing,2010-05-07,,true,2020-07-09,crm_import
1870,1,7997,Cedar Ridge Education,Associate Professor,Education,2015-01-07,2019-01-08,false,2019-01-08,crm_import
1871,1,7997,Juniper Education Group,Assistant Professor,Education,2011-07-14,2015-01-06,false,2015-01-06,profile_enrichment
1872,1,7997,Open Learning Network,Professor,Education,2019-01-09,,true,2024-05-31,profile_enrichment
1873,1,8865,Blue Lantern Technologies,Senior Software Engineer,Technology,2019-05-31,2024-11-23,false,2024-11-23,crm_import
1874,1,8865,Blue Lantern Technologies,Engineering Manager,Technology,2024-11-24,,true,2025-07-11,crm_import
1875,1,8702,Metro Community Foundation,Program Manager,Nonprofit,2013-08-16,2018-05-29,false,2018-05-29,crm_import
1876,1,8702,Neighborhood Business Alliance,Volunteer Treasurer,Consulting,2015-03-09,2018-07-04,false,2018-07-04,profile_enrichment
1877,1,8702,CivicWorks Collaborative,Senior Program Manager,Nonprofit,2018-05-30,,true,2020-12-11,profile_enrichment
1878,1,2274,Regional Health Partners,Senior Program Manager,Healthcare,2018-11-24,,true,2025-12-05,crm_import
1879,1,11284,Beacon Legal Group,Managing Counsel,Legal Services,2019-07-19,,true,2026-06-30,profile_enrichment
1880,1,10130,Youth Arts Collaborative,Vice President of Programs,Nonprofit,2019-11-04,,true,2024-03-02,profile_enrichment
1881,1,8298,Open Learning Network,Dean,Education,2015-01-04,,true,2021-09-28,crm_import
1882,1,387,Silver Maple Holdings,Finance Manager,Financial Services,2009-02-10,2012-02-16,false,2012-02-16,crm_import
1883,1,387,Summit Grove Partners,Associate,Financial Services,2005-09-17,2009-02-09,false,2009-02-09,profile_enrichment
1884,1,387,Summit Grove Partners,Senior Finance Manager,Financial Services,2013-02-24,,true,2024-12-23,crm_import
1885,1,8100,Clearwater Manufacturing,Director of Operations,Manufacturing,2021-07-25,2024-12-17,false,2024-12-17,crm_import
1886,1,8100,Redwood Holdings,Senior Operations Manager,Manufacturing,2017-06-20,2021-07-24,false,2021-07-24,crm_import
1887,1,8100,Arcfield Manufacturing,Operations Manager,Manufacturing,2014-09-01,2017-06-19,false,2017-06-19,crm_import
1888,1,8100,Clearwater Manufacturing,Vice President of Operations,Manufacturing,2024-12-18,,true,2025-03-27,crm_import
1889,1,10924,Cedar & Finch Consulting,Senior Counsel,Legal Services,2010-01-31,,true,2024-04-04,crm_import
1890,1,657,Community Innovation Council,Vice President of Programs,Nonprofit,2013-07-10,2016-05-02,false,2016-05-02,crm_import
1891,1,657,Metro Community Foundation,Director of Programs,Nonprofit,2009-10-23,2013-07-09,false,2013-07-09,crm_import
1892,1,657,Metro Community Foundation,Senior Program Manager,Nonprofit,2003-10-31,2008-11-25,false,2008-11-25,crm_import
1893,1,657,CivicWorks Collaborative,Executive Director,Nonprofit,2016-05-03,,true,2020-07-11,profile_enrichment
1894,1,19378,Arcfield Medical,Vice President of Operations,Healthcare,2021-06-20,2026-01-01,false,2026-01-01,crm_import
1895,1,19378,Arcfield Medical,Chief Operating Officer,Healthcare,2026-01-02,,true,2026-01-22,profile_enrichment
1896,1,1110,Clearwater Manufacturing,Vice President of Operations,Manufacturing,2020-07-09,,true,2021-08-27,profile_enrichment
1897,1,7820,Youth Arts Collaborative,Senior Program Manager,Nonprofit,2014-02-01,2018-01-10,false,2018-01-10,crm_import
1898,1,7820,CivicWorks Collaborative,Program Manager,Nonprofit,2007-06-17,2013-05-09,false,2013-05-09,crm_import
1899,1,7820,Youth Arts Collaborative,Program Coordinator,Nonprofit,2005-02-11,2007-06-16,false,2007-06-16,crm_import
1900,1,7820,Community Innovation Council,Director of Programs,Nonprofit,2018-01-11,,true,2025-01-30,profile_enrichment
1901,1,5859,Lakeshore Media,Managing Director,Media,2005-04-12,2010-03-31,false,2010-03-31,profile_enrichment
1902,1,5859,Orchard Studio,Program Director,Media,1999-03-15,2003-12-08,false,2003-12-08,crm_import
1903,1,5859,Redwood Creative,Senior Producer,Media,1994-10-19,1999-03-14,false,1999-03-14,profile_enrichment
1904,1,5859,Community Innovation Council,Volunteer Treasurer,Education,2008-01-27,2010-06-15,false,2010-06-15,profile_enrichment
1905,1,5859,Lakeshore Media,President,Media,2010-04-01,,true,2017-09-13,crm_import
1906,1,1063,Mariner Labs,Director of Engineering,Technology,2016-04-30,,true,2019-10-09,profile_enrichment
1907,1,19242,Juniper Education Group,Associate Professor,Education,2012-04-03,,true,2016-08-23,crm_import
1908,1,13657,Mariner Labs,Engineering Manager,Technology,2011-03-18,2015-05-26,false,2015-05-26,profile_enrichment
1909,1,13657,Mariner Labs,Senior Software Engineer,Technology,2005-03-21,2011-03-17,false,2011-03-17,crm_import
1910,1,13657,Mariner Labs,Director of Engineering,Technology,2015-05-27,,true,2025-11-30,crm_import
1911,1,16635,Metro Community Foundation,Board Member,Education,2012-04-12,2015-11-01,false,2015-11-01,profile_enrichment
1912,1,16635,Harbor Street Counsel,General Counsel,Legal Services,2015-07-09,,true,2025-03-25,profile_enrichment
1913,1,15076,Beacon Software Group,Analyst,Technology,2020-01-23,2025-06-01,false,2025-06-01,profile_enrichment
1914,1,15076,Northstar Systems,Analyst,Technology,2016-12-12,2020-01-22,false,2020-01-22,crm_import
1915,1,15076,Blue Lantern Technologies,Software Engineer,Technology,2025-06-02,,true,2026-02-09,profile_enrichment
1916,1,14803,Redwood Creative,Producer,Media,2011-12-13,2014-03-25,false,2014-03-25,profile_enrichment
1917,1,14803,Lakeshore Media,Coordinator,Media,2006-02-13,2010-07-02,false,2010-07-02,profile_enrichment
1918,1,14803,Lakeshore Media,Senior Producer,Media,2014-03-26,,true,2015-06-06,profile_enrichment
1919,1,4288,Beacon Software Group,Software Engineer,Technology,2014-02-12,,true,2022-09-24,crm_import
1920,1,19593,Arcfield Medical,Vice President of Operations,Healthcare,2012-11-26,,true,2020-08-24,profile_enrichment
1921,1,13256,Beacon Legal Group,Senior Counsel,Legal Services,2004-07-03,2010-06-30,false,2010-06-30,profile_enrichment
1922,1,13256,Pinecrest Partners,Managing Counsel,Legal Services,2010-07-01,,true,2022-03-16,profile_enrichment
1923,1,5291,Clearwater Health Group,Senior Program Manager,Healthcare,2018-08-14,,true,2022-04-17,crm_import
1924,1,15130,Community Innovation Council,Senior Program Manager,Nonprofit,2022-11-14,,true,2026-02-03,profile_enrichment
1925,1,2805,Open Learning Network,Department Chair,Education,2006-11-06,2010-08-20,false,2010-08-20,profile_enrichment
1926,1,2805,Northbridge Academy,Professor,Education,2003-06-16,2006-11-05,false,2006-11-05,crm_import
1927,1,2805,Open Learning Network,Associate Professor,Education,1998-11-04,2003-06-15,false,2003-06-15,crm_import
1928,1,2805,Juniper Education Group,Dean,Education,2010-08-21,,true,2013-01-13,profile_enrichment
1929,1,6625,CivicWorks Collaborative,Director of Programs,Nonprofit,2023-10-02,,true,2024-08-05,profile_enrichment
1930,1,4988,Clearwater Manufacturing,Vice President of Operations,Manufacturing,2005-04-03,2009-04-02,false,2009-04-02,crm_import
1931,1,4988,Clearwater Manufacturing,Operations Manager,Manufacturing,2000-06-20,2004-06-02,false,2004-06-02,crm_import
1932,1,4988,Granite Industrial Group,Operations Analyst,Manufacturing,1995-04-04,2000-06-19,false,2000-06-19,crm_import
1933,1,4988,Redwood Holdings,Director of Operations,Manufacturing,2010-01-12,,true,2024-02-26,crm_import
1934,1,11733,Lakeshore Media,President,Media,2011-03-12,,true,2024-07-21,profile_enrichment
1935,1,12816,Community Innovation Council,Executive Director,Nonprofit,2025-12-03,,true,2026-02-24,crm_import
1936,1,7322,Pinecrest Partners,Senior Counsel,Legal Services,2009-05-21,2014-03-13,false,2014-03-13,profile_enrichment
1937,1,7322,Pinecrest Partners,Counsel,Legal Services,2014-12-28,,true,2025-05-08,profile_enrichment
1938,1,10098,Community Innovation Council,Program Manager,Nonprofit,2010-06-10,,true,2014-01-02,profile_enrichment
1939,1,10275,CivicWorks Collaborative,Vice President of Programs,Nonprofit,2020-08-12,2023-03-13,false,2023-03-13,crm_import
1940,1,10275,CivicWorks Collaborative,Executive Director,Nonprofit,2023-03-14,,true,2024-09-13,profile_enrichment
1941,1,19644,Harbor Street Counsel,Counsel,Legal Services,2025-05-23,,true,2025-10-20,profile_enrichment
1942,1,3321,Cedar & Finch Consulting,Counsel,Legal Services,2024-03-02,,true,2025-02-08,profile_enrichment
1943,1,15876,Arcfield Manufacturing,Director of Operations,Manufacturing,2023-07-12,,true,2024-11-16,crm_import
1944,1,10270,Beacon Software Group,Senior Software Engineer,Technology,2026-04-27,,true,2026-06-19,profile_enrichment
1945,1,5484,Stonebridge Financial,Director of Finance,Financial Services,2013-09-14,2017-01-27,false,2017-01-27,crm_import
1946,1,5484,Granite Advisory,Senior Finance Manager,Financial Services,2018-05-12,,true,2025-08-07,crm_import
1947,1,6395,Beacon Legal Group,Managing Counsel,Legal Services,2012-03-24,,true,2017-12-21,profile_enrichment
1948,1,10220,Silver Maple Holdings,Associate,Financial Services,2013-09-17,,true,2026-04-05,crm_import
1949,1,16945,Northstar Systems,Engineering Manager,Technology,2026-05-17,,true,2026-07-04,profile_enrichment
1950,1,13369,Clearwater Health Group,Program Manager,Healthcare,2010-07-05,,true,2025-07-01,profile_enrichment
1951,1,2743,Community Innovation Council,Vice President of Programs,Nonprofit,2015-04-09,,true,2017-01-29,crm_import
1952,1,7700,Youth Arts Collaborative,Vice President of Programs,Nonprofit,2014-03-01,,true,2019-05-21,crm_import
1953,1,12553,Beacon Software Group,Engineering Manager,Technology,2014-03-28,,true,2022-07-13,crm_import
1954,1,14413,Cedar Ridge Education,Department Chair,Education,2020-02-11,2025-05-25,false,2025-05-25,crm_import
1955,1,14413,Juniper Education Group,Professor,Education,2013-07-16,2018-09-09,false,2018-09-09,crm_import
1956,1,14413,Cedar Ridge Education,Dean,Education,2025-05-26,,true,2025-09-17,crm_import
1957,1,7537,Harbor Street Counsel,Senior Counsel,Legal Services,2019-04-14,2024-12-23,false,2024-12-23,crm_import
1958,1,7537,Harbor Street Counsel,Managing Counsel,Legal Services,2024-12-24,,true,2026-04-03,profile_enrichment
1959,1,13487,Lakeshore Media,President,Media,2016-05-11,,true,2021-06-08,crm_import
1960,1,1630,Silver Maple Holdings,Associate,Financial Services,2017-08-12,2022-01-10,false,2022-01-10,crm_import
1961,1,1630,Silver Maple Holdings,Analyst,Financial Services,2013-01-03,2016-06-23,false,2016-06-23,crm_import
1962,1,1630,Stonebridge Financial,Finance Manager,Financial Services,2022-01-11,,true,2026-01-14,profile_enrichment
1963,1,9481,Harbor Street Counsel,Managing Counsel,Legal Services,2019-11-29,2023-04-29,false,2023-04-29,crm_import
1964,1,9481,Beacon Legal Group,Senior Counsel,Legal Services,2013-07-11,2018-10-21,false,2018-10-21,crm_import
1965,1,9481,Pinecrest Partners,General Counsel,Legal Services,2024-07-22,,true,2025-10-28,profile_enrichment
1966,1,4055,Pinecrest Partners,Associate Counsel,Legal Services,2017-12-04,,true,2025-09-29,crm_import
1967,1,6413,Granite Advisory,Finance Manager,Financial Services,2018-03-15,,true,2018-12-01,crm_import
1968,1,1544,Silver Maple Holdings,Associate,Financial Services,2016-05-22,2020-12-15,false,2020-12-15,profile_enrichment
1969,1,1544,Summit Grove Partners,Analyst,Financial Services,2013-09-12,2016-05-21,false,2016-05-21,crm_import
1970,1,1544,Granite Advisory,Finance Manager,Financial Services,2020-12-16,,true,2021-09-15,crm_import
1971,1,1205,Granite Advisory,Senior Finance Manager,Financial Services,2010-06-02,,true,2023-09-09,profile_enrichment
1972,1,17603,Clearwater Manufacturing,Director of Operations,Manufacturing,2017-09-29,2022-06-07,false,2022-06-07,crm_import
1973,1,17603,Redwood Holdings,Operations Analyst,Manufacturing,2012-09-29,2017-09-28,false,2017-09-28,profile_enrichment
1974,1,17603,Granite Industrial Group,Operations Analyst,Manufacturing,2008-07-26,2012-05-06,false,2012-05-06,profile_enrichment
1975,1,17603,Neighborhood Business Alliance,Volunteer Treasurer,Education,2021-01-19,2022-10-27,false,2022-10-27,profile_enrichment
1976,1,17603,Granite Industrial Group,,Manufacturing,2022-06-08,,true,2024-04-11,crm_import
1977,1,3684,Granite Advisory,Vice President of Finance,Financial Services,2007-06-16,2010-06-01,false,2010-06-01,profile_enrichment
1978,1,3684,Silver Maple Holdings,Director of Finance,Financial Services,2001-01-15,2006-07-02,false,2006-07-02,crm_import
1979,1,3684,Silver Maple Holdings,Senior Finance Manager,Financial Services,1995-08-31,1999-10-29,false,1999-10-29,crm_import
1980,1,3684,Stonebridge Financial,Chief Financial Officer,Financial Services,2010-06-02,,true,2019-12-01,profile_enrichment
1981,1,11927,Granite Industrial Group,Operations Manager,Manufacturing,2017-02-13,,true,2022-05-06,profile_enrichment
1982,1,9053,Youth Arts Collaborative,Part-Time Lecturer,Consulting,2025-03-21,2026-08-31,false,2026-08-31,profile_enrichment
1983,1,9053,Open Learning Network,Professor,Education,2026-06-24,,true,2026-06-25,profile_enrichment
1984,1,3918,Silver Maple Holdings,Associate,Financial Services,2017-07-04,2020-01-16,false,2020-01-16,crm_import
1985,1,3918,Stonebridge Financial,Analyst,Financial Services,2014-09-30,2017-03-09,false,2017-03-09,crm_import
1986,1,3918,Silver Maple Holdings,Finance Manager,Financial Services,2020-01-17,,true,2025-08-30,profile_enrichment
1987,1,17543,Mariner Media Group,Managing Director,Media,2021-11-22,2025-08-26,false,2025-08-26,crm_import
1988,1,17543,Mariner Media Group,President,Media,2025-08-27,,true,2025-09-04,profile_enrichment
1989,1,565,Redwood Holdings,Senior Operations Manager,Manufacturing,2017-10-26,,true,2021-01-14,crm_import
1990,1,18323,Cedar & Finch Consulting,Senior Counsel,Legal Services,2021-07-02,,true,2026-03-11,crm_import
1991,1,2354,Orchard Studio,Senior Producer,Media,2015-05-21,,true,2024-09-01,profile_enrichment
1992,1,15747,Community Innovation Council,Program Manager,Nonprofit,2013-12-27,,true,2020-10-29,crm_import
1993,1,2436,Orchard Studio,Program Director,Media,2020-09-14,,true,2020-09-25,profile_enrichment
1994,1,1960,Juniper Education Group,Professor,Education,2019-11-18,2022-02-24,false,2022-02-24,profile_enrichment
1995,1,1960,Juniper Education Group,Associate Professor,Education,2015-02-26,2019-04-17,false,2019-04-17,profile_enrichment
1996,1,1960,Open Learning Network,Department Chair,Education,2022-02-25,,true,2023-10-28,profile_enrichment
1997,1,4296,Granite Industrial Group,Senior Operations Manager,Manufacturing,2014-10-20,,true,2025-06-22,profile_enrichment
1998,1,12357,Clearwater Health Group,Senior Program Manager,Healthcare,2014-01-18,,true,2023-05-21,profile_enrichment
1999,1,11261,Arcfield Medical,Vice President of Operations,Healthcare,2025-05-27,,true,2025-10-03,crm_import
2000,1,4381,Beacon Software Group,Senior Software Engineer,Technology,2009-03-09,2015-02-06,false,2015-02-06,crm_import
2001,1,4381,Blue Lantern Technologies,Software Engineer,Technology,2004-06-14,2009-03-08,false,2009-03-08,crm_import
2002,1,4381,Northstar Systems,Engineering Manager,Technology,2016-04-15,,true,2017-04-06,profile_enrichment
2003,1,1414,Granite Industrial Group,Senior Operations Manager,Manufacturing,2025-05-18,,true,2025-12-15,profile_enrichment
2004,1,2187,Cedar & Finch Consulting,Associate Counsel,Legal Services,2019-09-13,2024-02-07,false,2024-02-07,profile_enrichment
2005,1,2187,Harbor Street Counsel,Legal Analyst,Legal Services,2014-08-13,2019-09-12,false,2019-09-12,crm_import
2006,1,2187,Beacon Legal Group,Counsel,Legal Services,2024-02-08,,true,2024-07-18,profile_enrichment
2007,1,16455,Juniper Education Group,Professor,Education,2012-02-29,2015-04-16,false,2015-04-16,crm_import
2008,1,16455,Cedar Ridge Education,Associate Professor,Education,2009-08-23,2012-02-28,false,2012-02-28,crm_import
2009,1,16455,Open Learning Network,Assistant Professor,Education,2004-02-15,2009-08-22,false,2009-08-22,crm_import
2010,1,16455,Northbridge Academy,Department Chair,Education,2015-04-17,,true,2020-03-21,profile_enrichment
2011,1,11801,Youth Arts Collaborative,Program Coordinator,Nonprofit,2008-04-13,2013-10-19,false,2013-10-19,crm_import
2012,1,11801,Community Innovation Council,Program Coordinator,Nonprofit,2005-11-22,2008-04-12,false,2008-04-12,profile_enrichment
2013,1,11801,Community Innovation Council,Program Manager,Nonprofit,2013-10-20,,true,2015-08-26,profile_enrichment
2014,1,15397,Northstar Systems,Director of Engineering,Technology,2019-11-17,2022-11-17,false,2022-11-17,crm_import
2015,1,15397,Blue Lantern Technologies,Engineering Manager,Technology,2022-11-18,,true,2023-02-12,profile_enrichment
2016,1,7187,Regional Health Partners,Senior Program Manager,Healthcare,2022-06-12,,true,2022-09-04,profile_enrichment
2017,1,18885,Arcfield Medical,Chief Operating Officer,Healthcare,2014-11-30,2017-12-18,false,2017-12-18,crm_import
2018,1,18885,Regional Health Partners,Senior Program Manager,Healthcare,2011-10-29,2014-11-29,false,2014-11-29,crm_import
2019,1,18885,Harborline Health,Vice President of Operations,Healthcare,2017-12-19,,true,2021-11-06,profile_enrichment
2020,1,2628,Cedar & Finch Consulting,Counsel,Legal Services,2017-03-12,,true,2018-03-16,profile_enrichment
2021,1,8802,Pinecrest Partners,Associate Counsel,Legal Services,2015-01-06,,true,2018-05-21,crm_import
2022,1,16909,Arcfield Manufacturing,Vice President of Operations,Manufacturing,2020-03-11,2023-08-20,false,2023-08-20,crm_import
2023,1,16909,Redwood Holdings,Director of Operations,Manufacturing,2014-09-19,2020-03-10,false,2020-03-10,profile_enrichment
2024,1,16909,Clearwater Manufacturing,Senior Operations Manager,Manufacturing,2012-02-17,2014-09-18,false,2014-09-18,crm_import
2025,1,16909,Granite Industrial Group,,Manufacturing,2023-08-21,,true,2026-06-06,crm_import
2026,1,3769,Arcfield Medical,Director of Operations,Healthcare,2021-05-28,2025-03-08,false,2025-03-08,profile_enrichment
2027,1,3769,Arcfield Medical,Vice President of Operations,Healthcare,2025-03-09,,true,2025-11-03,crm_import
2028,1,18799,Open Learning Network,Professor,Education,2019-10-09,,true,2025-11-30,profile_enrichment
2029,1,8757,Arcfield Medical,Director of Operations,Healthcare,2010-12-09,,true,2026-03-16,profile_enrichment
2030,1,13603,Arcfield Manufacturing,Vice President of Operations,Manufacturing,2019-07-27,,true,2023-07-14,profile_enrichment
2031,1,13920,Clearwater Manufacturing,Operations Manager,Manufacturing,2013-03-04,,true,2023-04-30,profile_enrichment
2032,1,3714,Beacon Software Group,Vice President of Engineering,Technology,2017-04-15,,true,2019-04-18,profile_enrichment
2033,1,14840,Arcfield Medical,Senior Program Manager,Healthcare,2010-03-28,,true,2020-08-17,profile_enrichment
2034,1,4402,Beacon Legal Group,Associate Counsel,Legal Services,2019-11-29,,true,2024-11-23,crm_import
2035,1,13747,Beacon Software Group,Software Engineer,Technology,2013-02-24,,true,2014-01-31,crm_import
2036,1,743,Community Innovation Council,Executive Director,Nonprofit,2011-12-14,,true,2023-09-07,profile_enrichment
2037,1,308,Pinecrest Partners,Counsel,Legal Services,2011-08-06,2016-04-18,false,2016-04-18,profile_enrichment
2038,1,308,Harbor Street Counsel,Associate Counsel,Legal Services,2008-08-17,2011-08-05,false,2011-08-05,crm_import
2039,1,308,Beacon Legal Group,Senior Counsel,Legal Services,2016-04-19,,true,2022-03-23,profile_enrichment
2040,1,15619,Northbridge Academy,Assistant Professor,Education,2008-11-13,2011-11-01,false,2011-11-01,crm_import
2041,1,15619,Cedar Ridge Education,Lecturer,Education,2006-05-25,2008-11-12,false,2008-11-12,profile_enrichment
2042,1,15619,Open Learning Network,Lecturer,Education,2003-07-15,2006-05-24,false,2006-05-24,crm_import
2043,1,15619,Cedar Ridge Education,Associate Professor,Education,2011-11-02,,true,2023-02-22,profile_enrichment
2044,1,8878,Redwood Holdings,Vice President of Operations,Manufacturing,2020-01-29,2022-07-31,false,2022-07-31,crm_import
2045,1,8878,Clearwater Manufacturing,President,Manufacturing,2022-08-01,,true,2024-06-23,crm_import
2046,1,11543,Community Innovation Council,Program Manager,Nonprofit,2007-01-06,2010-01-26,false,2010-01-26,crm_import
2047,1,11543,Community Innovation Council,Senior Program Manager,Nonprofit,2010-01-27,,true,2016-07-08,profile_enrichment
2048,1,10007,Harborline Health,Director of Operations,Healthcare,2008-09-03,2011-08-18,false,2011-08-18,crm_import
2049,1,10007,Arcfield Medical,Senior Program Manager,Healthcare,2003-10-20,2008-09-02,false,2008-09-02,crm_import
2050,1,10007,Regional Health Partners,Program Manager,Healthcare,2000-12-18,2003-10-19,false,2003-10-19,crm_import
2051,1,10007,Clearwater Health Group,Vice President of Operations,Healthcare,2011-08-19,,true,2020-08-07,profile_enrichment
2052,1,17168,Youth Arts Collaborative,Senior Program Manager,Nonprofit,2022-08-19,,true,2023-11-13,profile_enrichment
2053,1,14394,Youth Arts Collaborative,Vice President of Programs,Nonprofit,2020-03-02,2026-02-09,false,2026-02-09,crm_import
2054,1,14394,Youth Arts Collaborative,Director of Programs,Nonprofit,2016-06-06,2018-09-12,false,2018-09-12,crm_import
2055,1,14394,Youth Arts Collaborative,Executive Director,Nonprofit,2026-02-10,,true,2026-05-17,profile_enrichment
2056,1,3494,Arcfield Medical,,Healthcare,2013-10-23,,true,2014-06-20,profile_enrichment
2057,1,7582,Mariner Media Group,Managing Director,Media,2010-05-02,,true,2013-08-01,profile_enrichment
2058,1,16489,Metro Community Foundation,Senior Program Manager,Nonprofit,2018-11-04,,true,2023-11-28,profile_enrichment
2059,1,13045,Orchard Studio,President,Media,2017-02-12,,true,2025-05-02,profile_enrichment
2060,1,9787,Harbor Street Counsel,General Counsel,Legal Services,2015-04-10,,true,2020-03-10,profile_enrichment
2061,1,14587,Clearwater Manufacturing,President,Manufacturing,2008-07-11,2012-08-20,false,2012-08-20,crm_import
2062,1,14587,Granite Industrial Group,Director of Operations,Manufacturing,2002-03-28,2008-02-06,false,2008-02-06,profile_enrichment
2063,1,14587,Redwood Holdings,President,Manufacturing,2012-08-21,,true,2014-11-13,profile_enrichment
2064,1,19898,Cedar Ridge Education,Professor,Education,2019-08-17,,true,2025-03-07,profile_enrichment
2065,1,5509,Granite Industrial Group,Director of Operations,Manufacturing,2015-04-14,2017-12-12,false,2017-12-12,profile_enrichment
2066,1,5509,Clearwater Manufacturing,Vice President of Operations,Manufacturing,2017-12-13,,true,2020-03-17,profile_enrichment
2067,1,8228,CivicWorks Collaborative,Program Manager,Nonprofit,2024-12-31,,true,2025-09-04,crm_import
2068,1,9451,Northbridge Academy,Assistant Professor,Education,2017-02-05,,true,2020-05-25,crm_import
2069,1,14644,Lakeshore Media,Managing Director,Media,2025-07-10,,true,2025-11-21,profile_enrichment
2070,1,4401,Summit Grove Partners,Finance Manager,Financial Services,2018-05-24,,true,2024-10-29,profile_enrichment
2071,1,13451,Arcfield Medical,Program Manager,Healthcare,2012-06-27,2015-09-14,false,2015-09-14,profile_enrichment
2072,1,13451,Regional Health Partners,Program Analyst,Healthcare,2008-09-29,2012-06-26,false,2012-06-26,profile_enrichment
2073,1,13451,Arcfield Medical,Program Analyst,Healthcare,2004-02-04,2008-09-28,false,2008-09-28,crm_import
2074,1,13451,Harborline Health,Senior Program Manager,Healthcare,2016-02-04,,true,2021-08-03,crm_import
2075,1,9196,Blue Lantern Technologies,Software Engineer,Technology,2025-01-26,,true,2026-05-05,profile_enrichment
2076,1,10794,Juniper Education Group,Professor,Education,2024-06-15,,true,2025-06-21,profile_enrichment
2077,1,10036,Open Learning Network,Professor,Education,2012-02-01,2016-09-14,false,2016-09-14,crm_import
2078,1,10036,Juniper Education Group,Associate Professor,Education,2008-01-16,2011-01-29,false,2011-01-29,profile_enrichment
2079,1,10036,Cedar Ridge Education,Assistant Professor,Education,2002-08-25,2008-01-15,false,2008-01-15,crm_import
2080,1,10036,Juniper Education Group,,Education,2016-09-15,,true,2026-07-14,crm_import
2081,1,19818,Harbor Street Counsel,Senior Counsel,Legal Services,2011-07-12,,true,2014-03-25,profile_enrichment
2082,1,8601,Granite Advisory,Finance Manager,Financial Services,2024-08-28,,true,2026-04-09,profile_enrichment
2083,1,19270,Granite Advisory,Associate,Financial Services,2018-07-11,2022-04-30,false,2022-04-30,profile_enrichment
2084,1,19270,Summit Grove Partners,Analyst,Financial Services,2013-07-27,2018-07-10,false,2018-07-10,crm_import
2085,1,19270,Granite Advisory,Analyst,Financial Services,2009-02-08,2013-07-26,false,2013-07-26,crm_import
2086,1,19270,Granite Advisory,Finance Manager,Financial Services,2022-05-01,,true,2025-04-24,profile_enrichment
2087,1,7252,Mariner Labs,Engineering Manager,Technology,2011-01-09,,true,2023-03-03,profile_enrichment
2088,1,17709,Arcfield Manufacturing,Director of Operations,Manufacturing,2012-11-18,2016-09-01,false,2016-09-01,crm_import
2089,1,17709,Clearwater Manufacturing,Vice President of Operations,Manufacturing,2016-09-02,,true,2023-12-19,crm_import
2090,1,4590,Blue Lantern Technologies,Director of Engineering,Technology,2018-11-02,2024-10-07,false,2024-10-07,crm_import
2091,1,4590,Blue Lantern Technologies,Vice President of Engineering,Technology,2024-10-08,,true,2026-01-04,crm_import
2092,1,19493,Community Innovation Council,Program Manager,Nonprofit,2014-04-10,2018-07-15,false,2018-07-15,crm_import
2093,1,19493,Community Innovation Council,Program Coordinator,Nonprofit,2010-10-10,2014-04-09,false,2014-04-09,crm_import
2094,1,19493,Community Innovation Council,Senior Program Manager,Nonprofit,2018-07-16,,true,2018-09-11,crm_import
2095,1,17366,Redwood Holdings,Senior Operations Manager,Manufacturing,2024-01-25,,true,2026-01-27,crm_import
2096,1,11845,Silver Maple Holdings,Finance Manager,Financial Services,2021-12-03,,true,2026-04-24,crm_import
2097,1,8824,Beacon Software Group,Analyst,Technology,2012-12-05,2018-08-04,false,2018-08-04,crm_import
2098,1,8824,Mariner Labs,Software Engineer,Technology,2018-08-05,,true,2023-02-16,profile_enrichment
2099,1,12542,Granite Industrial Group,Operations Analyst,Manufacturing,2008-07-21,2014-06-20,false,2014-06-20,crm_import
2100,1,12542,Redwood Holdings,Operations Analyst,Manufacturing,2005-02-15,2007-06-27,false,2007-06-27,profile_enrichment
2101,1,12542,Redwood Holdings,Operations Analyst,Manufacturing,2003-01-25,2005-02-14,false,2005-02-14,crm_import
2102,1,12542,Granite Industrial Group,Operations Manager,Manufacturing,2014-06-21,,true,2016-10-01,crm_import
2103,1,3292,Redwood Holdings,Operations Manager,Manufacturing,2017-03-10,2019-10-29,false,2019-10-29,crm_import
2104,1,3292,Arcfield Manufacturing,Operations Analyst,Manufacturing,2014-08-17,2017-03-09,false,2017-03-09,crm_import
2105,1,3292,Redwood Holdings,Operations Analyst,Manufacturing,2009-09-25,2014-08-16,false,2014-08-16,crm_import
2106,1,3292,Redwood Holdings,Senior Operations Manager,Manufacturing,2019-10-30,,true,2021-01-07,crm_import
2107,1,7507,Summit Grove Partners,Analyst,Financial Services,2015-01-12,2018-11-14,false,2018-11-14,crm_import
2108,1,7507,Granite Advisory,Analyst,Financial Services,2009-05-07,2014-06-07,false,2014-06-07,crm_import
2109,1,7507,Stonebridge Financial,Analyst,Financial Services,2004-12-01,2009-05-06,false,2009-05-06,crm_import
2110,1,7507,Summit Grove Partners,Associate,Financial Services,2018-11-15,,true,2020-08-02,profile_enrichment
2111,1,3743,Metro Community Foundation,Director of Programs,Nonprofit,2010-06-10,,true,2018-05-04,crm_import
2112,1,6343,Cedar & Finch Consulting,Associate Counsel,Legal Services,2023-10-19,,true,2026-04-06,crm_import
2113,1,10783,Orchard Studio,President,Media,2012-03-02,,true,2021-06-09,profile_enrichment
2114,1,18783,Clearwater Manufacturing,Senior Operations Manager,Manufacturing,2016-07-18,2020-10-04,false,2020-10-04,crm_import
2115,1,18783,Redwood Holdings,Operations Manager,Manufacturing,2011-06-15,2016-02-09,false,2016-02-09,crm_import
2116,1,18783,Granite Industrial Group,Operations Analyst,Manufacturing,2004-10-05,2010-01-10,false,2010-01-10,crm_import
2117,1,18783,Clearwater Manufacturing,,Manufacturing,2020-10-05,,true,2025-10-14,profile_enrichment
2118,1,18863,Harborline Health,Program Manager,Healthcare,2019-10-21,2023-10-21,false,2023-10-21,crm_import
2119,1,18863,Clearwater Health Group,Senior Program Manager,Healthcare,2023-10-22,,true,2025-10-17,profile_enrichment
2120,1,12630,Summit Grove Partners,Senior Finance Manager,Financial Services,2023-11-03,2026-04-30,false,2026-04-30,crm_import
2121,1,12630,Silver Maple Holdings,Finance Manager,Financial Services,2020-02-22,2023-11-02,false,2023-11-02,profile_enrichment
2122,1,12630,Silver Maple Holdings,Associate,Financial Services,2015-12-26,2020-02-21,false,2020-02-21,crm_import
2123,1,12630,Summit Grove Partners,Director of Finance,Financial Services,2026-05-01,,true,2026-05-03,profile_enrichment
2124,1,10506,Blue Lantern Technologies,Senior Software Engineer,Technology,2007-09-29,2010-07-11,false,2010-07-11,profile_enrichment
2125,1,10506,Northstar Systems,Engineering Manager,Technology,2010-07-12,,true,2019-11-14,profile_enrichment
2126,1,19412,Summit Grove Partners,Senior Finance Manager,Financial Services,2019-01-01,2024-12-08,false,2024-12-08,crm_import
2127,1,19412,Summit Grove Partners,Director of Finance,Financial Services,2025-04-17,,true,2025-06-10,profile_enrichment
2128,1,19547,Metro Community Foundation,Director of Programs,Nonprofit,2023-09-17,,true,2026-06-08,crm_import
2129,1,6544,Northstar Systems,Chief Technology Officer,Technology,2011-07-27,,true,2015-08-04,crm_import
2130,1,12017,CivicWorks Collaborative,Executive Director,Nonprofit,2012-12-15,,true,2013-04-07,profile_enrichment
2131,1,6326,Pinecrest Partners,Counsel,Legal Services,2016-10-03,,true,2022-12-07,crm_import
2132,1,7898,Stonebridge Financial,Senior Finance Manager,Financial Services,2017-04-19,2020-10-22,false,2020-10-22,crm_import
2133,1,7898,Granite Advisory,Finance Manager,Financial Services,2012-02-23,2017-04-18,false,2017-04-18,crm_import
2134,1,7898,Summit Grove Partners,Associate,Financial Services,2010-01-18,2012-02-22,false,2012-02-22,crm_import
2135,1,7898,Granite Advisory,Director of Finance,Financial Services,2020-10-23,,true,2026-08-18,profile_enrichment
2136,1,19163,Community Innovation Council,Director of Programs,Nonprofit,2022-09-30,2024-11-03,false,2024-11-03,crm_import
2137,1,19163,Metro Community Foundation,Senior Program Manager,Nonprofit,2020-05-25,2022-09-29,false,2022-09-29,profile_enrichment
2138,1,19163,Community Innovation Council,Vice President of Programs,Nonprofit,2024-11-04,,true,2025-07-26,profile_enrichment
2139,1,19641,Open Learning Network,Associate Professor,Education,2021-12-27,2024-06-13,false,2024-06-13,crm_import
2140,1,19641,Cedar Ridge Education,Assistant Professor,Education,2019-10-24,2021-12-26,false,2021-12-26,crm_import
2141,1,19641,Open Learning Network,Professor,Education,2024-11-24,,true,2026-04-07,profile_enrichment
2142,1,6047,Cedar Ridge Education,Assistant Professor,Education,2011-04-15,2016-12-01,false,2016-12-01,profile_enrichment
2143,1,6047,Northbridge Academy,Associate Professor,Education,2016-12-02,,true,2020-09-30,profile_enrichment
2144,1,18246,Open Learning Network,Lecturer,Education,2021-05-30,2025-10-23,false,2025-10-23,profile_enrichment
2145,1,18246,Cedar Ridge Education,Lecturer,Education,2016-10-09,2021-05-29,false,2021-05-29,crm_import
2146,1,18246,Juniper Education Group,Assistant Professor,Education,2025-10-24,,true,2026-07-21,crm_import
2147,1,6675,Harborline Health,Program Analyst,Healthcare,2008-09-12,2013-02-26,false,2013-02-26,profile_enrichment
2148,1,6675,Arcfield Medical,Program Manager,Healthcare,2013-02-27,,true,2018-09-26,profile_enrichment
2149,1,14588,Summit Grove Partners,Finance Manager,Financial Services,2012-05-24,,true,2022-04-06,profile_enrichment
2150,1,13492,Open Learning Network,Associate Professor,Education,2022-02-15,2024-11-18,false,2024-11-18,crm_import
2151,1,13492,Northbridge Academy,Professor,Education,2024-11-19,,true,2025-10-16,crm_import
2152,1,4045,Regional Health Partners,Director of Operations,Healthcare,2020-10-28,2025-10-23,false,2025-10-23,crm_import
2153,1,4045,Regional Health Partners,Senior Program Manager,Healthcare,2015-06-03,2020-10-27,false,2020-10-27,profile_enrichment
2154,1,4045,Arcfield Medical,Program Manager,Healthcare,2011-10-25,2014-09-24,false,2014-09-24,crm_import
2155,1,4045,Regional Health Partners,Vice President of Operations,Healthcare,2025-10-24,,true,2025-11-07,profile_enrichment
2156,1,9336,CivicWorks Collaborative,Senior Program Manager,Nonprofit,2017-04-04,,true,2026-01-21,crm_import
2157,1,12194,Arcfield Medical,Director of Operations,Healthcare,2021-01-20,,true,2024-03-10,profile_enrichment
2158,1,6459,Arcfield Manufacturing,Senior Operations Manager,Manufacturing,2011-06-30,2015-01-05,false,2015-01-05,crm_import
2159,1,6459,Redwood Holdings,Operations Manager,Manufacturing,2007-09-01,2011-06-29,false,2011-06-29,crm_import
2160,1,6459,Arcfield Manufacturing,Director of Operations,Manufacturing,2016-01-22,,true,2025-12-29,crm_import
2161,1,13194,Clearwater Health Group,Vice President of Operations,Healthcare,2020-02-24,2023-10-19,false,2023-10-19,crm_import
2162,1,13194,Harborline Health,Director of Operations,Healthcare,2013-03-03,2018-09-21,false,2018-09-21,crm_import
2163,1,13194,Regional Health Partners,Chief Operating Officer,Healthcare,2025-03-20,,true,2026-06-27,profile_enrichment
2164,1,10023,Blue Lantern Technologies,Engineering Manager,Technology,2009-07-29,2012-05-07,false,2012-05-07,crm_import
2165,1,10023,Beacon Software Group,Senior Software Engineer,Technology,2004-11-18,2009-07-28,false,2009-07-28,crm_import
2166,1,10023,Mariner Labs,Director of Engineering,Technology,2012-05-08,,true,2019-07-04,profile_enrichment
2167,1,4517,Pinecrest Partners,Counsel,Legal Services,2019-01-23,,true,2021-02-13,profile_enrichment
2168,1,13138,Open Learning Network,Associate Professor,Education,2018-01-07,,true,2020-02-18,crm_import
2169,1,7876,Clearwater Manufacturing,Senior Operations Manager,Manufacturing,2015-06-10,,true,2024-04-15,profile_enrichment
2170,1,13994,Beacon Software Group,Director of Engineering,Technology,2007-08-23,2013-03-04,false,2013-03-04,crm_import
2171,1,13994,Beacon Software Group,Engineering Manager,Technology,2004-07-13,2007-08-22,false,2007-08-22,crm_import
2172,1,13994,Mariner Labs,Vice President of Engineering,Technology,2013-03-05,,true,2024-08-16,profile_enrichment
2173,1,6138,Community Innovation Council,Executive Director,Nonprofit,2021-05-27,,true,2024-07-28,crm_import
2174,1,10939,Arcfield Medical,Director of Operations,Healthcare,2021-12-01,,true,2022-02-06,crm_import
2175,1,153,Clearwater Health Group,Program Analyst,Healthcare,2005-04-28,2009-09-27,false,2009-09-27,crm_import
2176,1,153,Harborline Health,Program Analyst,Healthcare,1999-08-25,2005-04-27,false,2005-04-27,crm_import
2177,1,153,Clearwater Health Group,Program Manager,Healthcare,2010-12-20,,true,2022-10-11,crm_import
2178,1,12622,Pinecrest Partners,Counsel,Legal Services,2014-01-19,2018-11-05,false,2018-11-05,crm_import
2179,1,12622,Cedar & Finch Consulting,Associate Counsel,Legal Services,2010-07-28,2014-01-18,false,2014-01-18,profile_enrichment
2180,1,12622,Cedar & Finch Consulting,Senior Counsel,Legal Services,2018-11-06,,true,2019-11-24,crm_import
2181,1,19431,Youth Arts Collaborative,Vice President of Programs,Nonprofit,2010-03-27,,true,2018-05-09,profile_enrichment
2182,1,10216,Metro Community Foundation,Senior Program Manager,Nonprofit,2026-03-15,,true,2026-04-21,crm_import
2183,1,7846,Youth Arts Collaborative,Vice President of Programs,Nonprofit,2011-09-24,,true,2022-09-03,crm_import
2184,1,4573,Blue Lantern Technologies,Chief Technology Officer,Technology,2020-11-04,,true,2023-08-12,profile_enrichment
2185,1,11523,Northstar Systems,Engineering Manager,Technology,2008-12-30,2012-07-27,false,2012-07-27,crm_import
2186,1,11523,Beacon Software Group,Director of Engineering,Technology,2012-07-28,,true,2013-10-14,profile_enrichment
2187,1,9123,Youth Arts Collaborative,Program Coordinator,Nonprofit,2018-09-28,2024-07-27,false,2024-07-27,crm_import
2188,1,9123,Metro Community Foundation,Program Coordinator,Nonprofit,2013-01-24,2018-09-27,false,2018-09-27,profile_enrichment
2189,1,9123,Metro Community Foundation,Program Coordinator,Nonprofit,2007-11-06,2013-01-23,false,2013-01-23,profile_enrichment
2190,1,9123,Youth Arts Collaborative,Program Manager,Nonprofit,2024-07-28,,true,2026-07-26,profile_enrichment
2191,1,913,Mariner Media Group,Program Director,Media,2023-01-31,,true,2025-01-21,profile_enrichment
2192,1,726,Granite Industrial Group,Director of Operations,Manufacturing,2020-12-31,,true,2025-01-29,profile_enrichment
2193,1,8029,Summit Grove Partners,Director of Finance,Financial Services,2016-03-20,,true,2024-03-24,profile_enrichment
2194,1,13512,Community Innovation Council,Director of Programs,Nonprofit,2011-01-20,,true,2017-04-07,profile_enrichment
2195,1,1431,Juniper Education Group,Associate Professor,Education,2020-08-28,2025-11-17,false,2025-11-17,crm_import
2196,1,1431,Juniper Education Group,Professor,Education,2025-11-18,,true,2026-02-26,crm_import
2197,1,16882,Cedar Ridge Education,Assistant Professor,Education,2017-09-08,,true,2022-01-06,crm_import
2198,1,17226,Open Learning Network,Dean,Education,2017-06-17,,true,2022-10-31,profile_enrichment
2199,1,7255,Mariner Labs,Chief Technology Officer,Technology,2018-04-15,,true,2022-12-06,profile_enrichment
2200,1,3185,Orchard Studio,Producer,Media,2023-04-09,,true,2026-08-27,profile_enrichment
2201,1,5945,Summit Grove Partners,Associate,Financial Services,2010-04-08,2012-07-15,false,2012-07-15,crm_import
2202,1,5945,Summit Grove Partners,Analyst,Financial Services,2005-05-31,2010-04-07,false,2010-04-07,crm_import
2203,1,5945,Summit Grove Partners,Finance Manager,Financial Services,2013-02-05,,true,2013-02-12,crm_import
2204,1,5081,Arcfield Manufacturing,Operations Analyst,Manufacturing,2019-07-08,2021-09-16,false,2021-09-16,crm_import
2205,1,5081,Redwood Holdings,Operations Analyst,Manufacturing,2014-03-24,2019-07-07,false,2019-07-07,profile_enrichment
2206,1,5081,Clearwater Manufacturing,Operations Manager,Manufacturing,2021-09-17,,true,2022-08-14,profile_enrichment
2207,1,18466,Northstar Systems,Vice President of Engineering,Technology,2023-02-07,2025-07-26,false,2025-07-26,crm_import
2208,1,18466,Mariner Labs,Director of Engineering,Technology,2020-02-09,2023-02-06,false,2023-02-06,crm_import
2209,1,18466,Northstar Systems,Chief Technology Officer,Technology,2025-07-27,,true,2025-10-12,crm_import
2210,1,7147,Clearwater Health Group,Vice President of Operations,Healthcare,2020-06-13,2023-06-11,false,2023-06-11,crm_import
2211,1,7147,Arcfield Medical,Chief Operating Officer,Healthcare,2023-06-12,,true,2024-01-18,crm_import
2212,1,4780,Youth Arts Collaborative,Vice President of Programs,Nonprofit,2018-07-06,,true,2022-07-10,profile_enrichment
2213,1,17965,Silver Maple Holdings,Associate,Financial Services,2021-05-12,,true,2024-12-14,profile_enrichment
2214,1,7061,Juniper Education Group,Professor,Education,2018-02-25,,true,2026-08-20,profile_enrichment
2215,1,18703,Summit Grove Partners,Senior Finance Manager,Financial Services,2022-04-02,2024-12-09,false,2024-12-09,crm_import
2216,1,18703,Summit Grove Partners,Director of Finance,Financial Services,2024-12-10,,true,2026-01-27,crm_import
2217,1,12932,Juniper Education Group,Department Chair,Education,2022-07-03,2026-02-13,false,2026-02-13,profile_enrichment
2218,1,12932,Cedar Ridge Education,Professor,Education,2017-10-24,2022-07-02,false,2022-07-02,profile_enrichment
2219,1,12932,Juniper Education Group,Associate Professor,Education,2014-10-08,2017-10-23,false,2017-10-23,crm_import
2220,1,12932,Juniper Education Group,Dean,Education,2026-02-14,,true,2026-08-04,profile_enrichment
2221,1,6111,Arcfield Manufacturing,Operations Manager,Manufacturing,2016-04-06,2018-04-15,false,2018-04-15,profile_enrichment
2222,1,6111,Redwood Holdings,Operations Analyst,Manufacturing,2011-07-31,2016-04-05,false,2016-04-05,crm_import
2223,1,6111,Granite Industrial Group,Senior Operations Manager,Manufacturing,2018-04-16,,true,2024-10-23,profile_enrichment
2224,1,12171,Stonebridge Financial,Director of Finance,Financial Services,2013-05-06,2017-08-04,false,2017-08-04,crm_import
2225,1,12171,Silver Maple Holdings,Senior Finance Manager,Financial Services,2007-10-02,2012-05-26,false,2012-05-26,profile_enrichment
2226,1,12171,Summit Grove Partners,Vice President of Finance,Financial Services,2017-08-05,,true,2019-01-21,profile_enrichment
2227,1,19262,Community Innovation Council,Executive Director,Nonprofit,2022-05-23,,true,2022-11-24,profile_enrichment
2228,1,5656,Granite Advisory,Director of Finance,Financial Services,2021-12-09,,true,2021-12-31,profile_enrichment
2229,1,5823,Pinecrest Partners,Senior Counsel,Legal Services,2011-01-18,,true,2019-04-23,profile_enrichment
2230,1,3404,Cedar & Finch Consulting,General Counsel,Legal Services,2015-07-28,2020-06-03,false,2020-06-03,crm_import
2231,1,3404,Harbor Street Counsel,Senior Counsel,Legal Services,2010-01-10,2014-09-20,false,2014-09-20,crm_import
2232,1,3404,Pinecrest Partners,General Counsel,Legal Services,2020-06-04,,true,2025-07-09,profile_enrichment
2233,1,7485,Granite Industrial Group,Operations Manager,Manufacturing,2018-07-29,,true,2021-02-25,profile_enrichment
2234,1,1125,Silver Maple Holdings,Finance Manager,Financial Services,2007-10-07,2011-08-21,false,2011-08-21,crm_import
2235,1,1125,Granite Advisory,Associate,Financial Services,2005-07-20,2007-10-06,false,2007-10-06,crm_import
2236,1,1125,Stonebridge Financial,Analyst,Financial Services,2003-01-20,2005-07-19,false,2005-07-19,crm_import
2237,1,1125,Silver Maple Holdings,Senior Finance Manager,Financial Services,2012-12-12,,true,2020-12-26,crm_import
2238,1,17622,Cedar Ridge Education,Assistant Professor,Education,2020-01-11,,true,2020-08-28,profile_enrichment
2239,1,2408,Cedar Ridge Education,Assistant Professor,Education,2009-01-20,2013-11-20,false,2013-11-20,crm_import
2240,1,2408,Open Learning Network,Lecturer,Education,2004-03-12,2009-01-19,false,2009-01-19,crm_import
2241,1,2408,Juniper Education Group,Associate Professor,Education,2014-12-30,,true,2019-01-07,profile_enrichment
2242,1,87,Summit Grove Partners,Director of Finance,Financial Services,2024-03-18,2026-05-15,false,2026-05-15,crm_import
2243,1,87,Summit Grove Partners,Senior Finance Manager,Financial Services,2018-11-02,2024-03-17,false,2024-03-17,crm_import
2244,1,87,Stonebridge Financial,Finance Manager,Financial Services,2016-10-16,2018-11-01,false,2018-11-01,profile_enrichment
2245,1,87,Summit Grove Partners,Vice President of Finance,Financial Services,2026-05-16,,true,2026-05-18,profile_enrichment
2246,1,4057,Beacon Legal Group,Associate Counsel,Legal Services,2011-08-29,2014-12-30,false,2014-12-30,crm_import
2247,1,4057,Cedar & Finch Consulting,Legal Analyst,Legal Services,2009-05-23,2011-08-28,false,2011-08-28,profile_enrichment
2248,1,4057,Pinecrest Partners,Legal Analyst,Legal Services,2002-11-10,2008-09-19,false,2008-09-19,crm_import
2249,1,4057,Pinecrest Partners,Counsel,Legal Services,2014-12-31,,true,2017-09-09,profile_enrichment
2250,1,5640,Cedar Ridge Education,Department Chair,Education,2022-05-20,2025-03-25,false,2025-03-25,profile_enrichment
2251,1,5640,Juniper Education Group,Professor,Education,2017-04-09,2022-05-19,false,2022-05-19,crm_import
2252,1,5640,Cedar Ridge Education,Associate Professor,Education,2011-04-22,2017-04-08,false,2017-04-08,crm_import
2253,1,5640,Cedar Ridge Education,Dean,Education,2025-03-26,,true,2026-04-23,profile_enrichment
2254,1,2551,Regional Health Partners,Vice President of Operations,Healthcare,2012-04-24,,true,2022-05-21,profile_enrichment
2255,1,16233,Northbridge Academy,Assistant Professor,Education,2013-12-03,,true,2024-02-09,crm_import
2256,1,10102,Arcfield Medical,Vice President of Operations,Healthcare,2019-09-04,2025-02-18,false,2025-02-18,crm_import
2257,1,10102,Arcfield Medical,Director of Operations,Healthcare,2015-03-20,2019-09-03,false,2019-09-03,crm_import
2258,1,10102,Arcfield Medical,Chief Operating Officer,Healthcare,2026-06-20,,true,2026-08-07,profile_enrichment
2259,1,10810,Lakeshore Media,Managing Director,Media,2017-10-20,2022-11-14,false,2022-11-14,crm_import
2260,1,10810,Redwood Creative,Program Director,Media,2014-09-02,2017-10-19,false,2017-10-19,crm_import
2261,1,10810,Mariner Media Group,Senior Producer,Media,2012-01-18,2014-09-01,false,2014-09-01,profile_enrichment
2262,1,10810,Mariner Media Group,President,Media,2023-08-10,,true,2025-05-23,profile_enrichment
2263,1,8567,Northbridge Academy,Lecturer,Education,2009-11-03,2013-11-11,false,2013-11-11,profile_enrichment
2264,1,8567,Cedar Ridge Education,Lecturer,Education,2003-12-12,2009-11-02,false,2009-11-02,crm_import
2265,1,8567,Cedar Ridge Education,Assistant Professor,Education,2014-09-29,,true,2018-01-16,crm_import
2266,1,7894,Granite Industrial Group,Senior Operations Manager,Manufacturing,2012-03-22,,true,2016-11-13,crm_import
2267,1,3775,Community Innovation Council,Senior Program Manager,Nonprofit,2017-05-09,2020-08-29,false,2020-08-29,crm_import
2268,1,3775,Metro Community Foundation,Program Manager,Nonprofit,2011-11-05,2017-05-08,false,2017-05-08,crm_import
2269,1,3775,Community Innovation Council,Director of Programs,Nonprofit,2020-08-30,,true,2026-08-26,crm_import
2270,1,11798,Summit Grove Partners,Senior Finance Manager,Financial Services,2015-08-29,,true,2017-12-24,crm_import
2271,1,18864,Granite Industrial Group,President,Manufacturing,2025-04-04,,true,2026-02-09,profile_enrichment
2272,1,7951,Granite Industrial Group,Senior Operations Manager,Manufacturing,2014-05-10,2018-10-02,false,2018-10-02,crm_import
2273,1,7951,Clearwater Manufacturing,Operations Analyst,Manufacturing,2010-12-19,2014-05-09,false,2014-05-09,crm_import
2274,1,7951,Redwood Holdings,Operations Analyst,Manufacturing,2008-04-19,2010-12-18,false,2010-12-18,crm_import
2275,1,7951,Arcfield Manufacturing,Operations Manager,Manufacturing,2018-10-03,,true,2023-04-26,profile_enrichment
2276,1,16956,Beacon Software Group,Senior Software Engineer,Technology,2026-04-27,,true,2026-07-04,profile_enrichment
2277,1,5428,Clearwater Health Group,Senior Program Manager,Healthcare,2022-01-17,2025-12-23,false,2025-12-23,crm_import
2278,1,5428,Clearwater Health Group,Program Manager,Healthcare,2017-05-21,2021-02-07,false,2021-02-07,crm_import
2279,1,5428,Clearwater Health Group,Program Analyst,Healthcare,2012-10-29,2017-05-20,false,2017-05-20,crm_import
2280,1,5428,Clearwater Health Group,Director of Operations,Healthcare,2025-12-24,,true,2026-03-06,crm_import
2281,1,15411,Granite Industrial Group,Operations Manager,Manufacturing,2014-11-24,2017-11-28,false,2017-11-28,crm_import
2282,1,15411,Clearwater Manufacturing,Operations Analyst,Manufacturing,2009-04-10,2013-06-17,false,2013-06-17,crm_import
2283,1,15411,Redwood Holdings,Senior Operations Manager,Manufacturing,2017-11-29,,true,2021-06-23,profile_enrichment
2284,1,12703,Harbor Street Counsel,Counsel,Legal Services,2013-02-06,,true,2021-05-12,profile_enrichment
2285,1,11318,Cedar & Finch Consulting,Senior Counsel,Legal Services,2020-09-30,2026-05-03,false,2026-05-03,profile_enrichment
2286,1,11318,Beacon Legal Group,Counsel,Legal Services,2016-08-17,2020-09-29,false,2020-09-29,crm_import
2287,1,11318,Pinecrest Partners,Associate Counsel,Legal Services,2011-12-21,2016-08-16,false,2016-08-16,crm_import
2288,1,11318,Cedar & Finch Consulting,Managing Counsel,Legal Services,2026-05-04,,true,2026-06-22,crm_import
2289,1,5791,Silver Maple Holdings,Finance Manager,Financial Services,2010-01-23,2014-09-19,false,2014-09-19,crm_import
2290,1,5791,Stonebridge Financial,Analyst,Financial Services,2007-02-05,2010-01-22,false,2010-01-22,crm_import
2291,1,5791,Summit Grove Partners,Analyst,Financial Services,2004-10-01,2007-02-04,false,2007-02-04,crm_import
2292,1,5791,Granite Advisory,Associate,Financial Services,2014-09-20,,true,2022-10-23,profile_enrichment
2293,1,2868,Orchard Studio,Managing Director,Media,2015-05-12,,true,2020-03-19,crm_import
2294,1,1819,Granite Industrial Group,Vice President of Operations,Manufacturing,2022-07-18,,true,2026-03-04,profile_enrichment
2295,1,6521,Beacon Software Group,Director of Engineering,Technology,2022-03-31,,true,2024-12-04,profile_enrichment
2296,1,9480,Cedar & Finch Consulting,Associate Counsel,Legal Services,2016-02-11,2019-02-05,false,2019-02-05,profile_enrichment
2297,1,9480,Cedar & Finch Consulting,Legal Analyst,Legal Services,2011-03-23,2016-02-10,false,2016-02-10,crm_import
2298,1,9480,Cedar & Finch Consulting,Legal Analyst,Legal Services,2005-07-05,2011-03-22,false,2011-03-22,crm_import
2299,1,9480,Harbor Street Counsel,Counsel,Legal Services,2019-02-06,,true,2024-03-04,crm_import
2300,1,9786,Harbor Street Counsel,General Counsel,Legal Services,2023-10-25,,true,2026-03-22,profile_enrichment
2301,1,17007,Northstar Systems,Senior Software Engineer,Technology,2020-03-10,2025-12-02,false,2025-12-02,profile_enrichment
2302,1,17007,Beacon Software Group,Software Engineer,Technology,2016-10-12,2020-03-09,false,2020-03-09,crm_import
2303,1,17007,Northstar Systems,Engineering Manager,Technology,2025-12-03,,true,2026-01-01,profile_enrichment
2304,1,981,Arcfield Medical,Program Manager,Healthcare,2020-02-17,2023-07-15,false,2023-07-15,crm_import
2305,1,981,Clearwater Health Group,Senior Program Manager,Healthcare,2023-07-16,,true,2024-11-26,crm_import
2306,1,17788,Open Learning Network,Department Chair,Education,2011-05-06,2014-07-15,false,2014-07-15,crm_import
2307,1,17788,Northbridge Academy,Assistant Professor,Education,2007-12-25,2010-11-25,false,2010-11-25,profile_enrichment
2308,1,17788,Northbridge Academy,Lecturer,Education,2003-03-07,2007-12-24,false,2007-12-24,crm_import
2309,1,17788,Cedar Ridge Education,Professor,Education,2015-02-15,,true,2026-01-21,crm_import
2310,1,14832,Harborline Health,Director of Operations,Healthcare,2005-01-13,2010-03-27,false,2010-03-27,crm_import
2311,1,14832,Arcfield Medical,Program Analyst,Healthcare,2001-03-29,2005-01-12,false,2005-01-12,crm_import
2312,1,14832,Harborline Health,Program Analyst,Healthcare,1996-07-03,2001-03-28,false,2001-03-28,crm_import
2313,1,14832,Clearwater Health Group,Senior Program Manager,Healthcare,2010-08-02,,true,2016-10-17,profile_enrichment
2314,1,12914,Pinecrest Partners,Managing Counsel,Legal Services,2018-01-25,,true,2023-08-28,profile_enrichment
2315,1,9645,CivicWorks Collaborative,Program Manager,Nonprofit,2016-10-06,2022-07-26,false,2022-07-26,crm_import
2316,1,9645,Metro Community Foundation,Program Coordinator,Nonprofit,2014-07-10,2016-10-05,false,2016-10-05,crm_import
2317,1,9645,Youth Arts Collaborative,Program Coordinator,Nonprofit,2009-05-22,2014-07-09,false,2014-07-09,crm_import
2318,1,9645,Community Innovation Council,Senior Program Manager,Nonprofit,2022-07-27,,true,2026-05-10,crm_import
2319,1,12765,Clearwater Manufacturing,Vice President of Operations,Manufacturing,2016-07-29,2019-11-21,false,2019-11-21,crm_import
2320,1,12765,Redwood Holdings,President,Manufacturing,2019-11-22,,true,2023-12-27,crm_import
2321,1,9948,Silver Maple Holdings,Associate,Financial Services,2026-03-23,,true,2026-06-28,profile_enrichment
2322,1,5203,Cedar Ridge Education,Professor,Education,2022-11-25,2025-11-19,false,2025-11-19,crm_import
2323,1,5203,Cedar Ridge Education,Department Chair,Education,2025-11-20,,true,2026-02-06,profile_enrichment
2324,1,8909,Pinecrest Partners,Managing Counsel,Legal Services,2022-01-26,2026-05-17,false,2026-05-17,crm_import
2325,1,8909,Beacon Legal Group,Senior Counsel,Legal Services,2018-07-01,2022-01-25,false,2022-01-25,profile_enrichment
2326,1,8909,Pinecrest Partners,General Counsel,Legal Services,2026-05-18,,true,2026-08-13,profile_enrichment
2327,1,102,Stonebridge Financial,Finance Manager,Financial Services,2025-02-03,,true,2025-10-04,profile_enrichment
2328,1,19958,Northstar Systems,Director of Engineering,Technology,2006-03-24,2011-02-18,false,2011-02-18,profile_enrichment
2329,1,19958,Blue Lantern Technologies,Vice President of Engineering,Technology,2011-02-19,,true,2017-03-19,profile_enrichment
2330,1,17589,Pinecrest Partners,Associate Counsel,Legal Services,2015-03-12,,true,2018-08-18,profile_enrichment
2331,1,16916,Summit Grove Partners,Chief Financial Officer,Financial Services,2012-11-27,,true,2021-12-03,crm_import
2332,1,8175,Mariner Media Group,Managing Director,Media,2022-08-17,2024-10-13,false,2024-10-13,crm_import
2333,1,8175,Mariner Media Group,Program Director,Media,2017-01-24,2022-08-16,false,2022-08-16,crm_import
2334,1,8175,Orchard Studio,President,Media,2024-10-14,,true,2025-08-21,profile_enrichment
2335,1,13334,Mariner Media Group,Program Director,Media,2021-11-11,2025-06-30,false,2025-06-30,crm_import
2336,1,13334,Mariner Media Group,Managing Director,Media,2025-07-01,,true,2026-01-12,profile_enrichment
2337,1,3572,Cedar & Finch Consulting,Counsel,Legal Services,2007-12-02,2011-12-11,false,2011-12-11,crm_import
2338,1,3572,Pinecrest Partners,Senior Counsel,Legal Services,2012-12-02,,true,2025-02-07,profile_enrichment
2339,1,16584,Community Innovation Council,Program Manager,Nonprofit,2024-06-21,,true,2025-05-01,crm_import
2340,1,12406,Mariner Media Group,Producer,Media,2018-10-11,,true,2022-02-18,profile_enrichment
2341,1,14562,Mariner Labs,Engineering Manager,Technology,2007-03-08,2011-11-29,false,2011-11-29,crm_import
2342,1,14562,Northstar Systems,Senior Software Engineer,Technology,2004-06-26,2007-03-07,false,2007-03-07,crm_import
2343,1,14562,Mariner Labs,Director of Engineering,Technology,2011-11-30,,true,2023-02-16,profile_enrichment
2344,1,3381,CivicWorks Collaborative,Program Manager,Nonprofit,2018-05-14,2021-01-22,false,2021-01-22,crm_import
2345,1,3381,CivicWorks Collaborative,Senior Program Manager,Nonprofit,2021-01-23,,true,2024-12-22,profile_enrichment
2346,1,6095,Clearwater Health Group,Senior Program Manager,Healthcare,2019-10-03,2025-01-08,false,2025-01-08,crm_import
2347,1,6095,Harborline Health,Director of Operations,Healthcare,2026-06-02,,true,2026-08-25,crm_import
2348,1,3520,Cedar Ridge Education,Assistant Professor,Education,2010-02-22,,true,2019-12-08,profile_enrichment
2349,1,5381,Beacon Legal Group,Senior Counsel,Legal Services,2008-03-17,2011-10-01,false,2011-10-01,crm_import
2350,1,5381,Beacon Legal Group,Counsel,Legal Services,2002-06-16,2008-03-16,false,2008-03-16,crm_import
2351,1,5381,Cedar & Finch Consulting,Associate Counsel,Legal Services,1999-05-18,2002-06-15,false,2002-06-15,crm_import
2352,1,5381,Pinecrest Partners,,Legal Services,2011-10-02,,true,2012-05-03,profile_enrichment
2353,1,9790,Mariner Media Group,Program Director,Media,2019-05-26,2025-02-23,false,2025-02-23,crm_import
2354,1,9790,Lakeshore Media,Senior Producer,Media,2016-04-26,2019-05-25,false,2019-05-25,profile_enrichment
2355,1,9790,Mariner Media Group,Managing Director,Media,2025-02-24,,true,2025-11-09,profile_enrichment
2356,1,16564,Arcfield Manufacturing,Vice President of Operations,Manufacturing,2022-07-08,2025-08-05,false,2025-08-05,crm_import
2357,1,16564,Granite Industrial Group,Director of Operations,Manufacturing,2020-02-08,2022-04-10,false,2022-04-10,crm_import
2358,1,16564,Redwood Holdings,Senior Operations Manager,Manufacturing,2017-04-05,2020-02-07,false,2020-02-07,crm_import
2359,1,16564,Granite Industrial Group,President,Manufacturing,2025-08-06,,true,2026-08-23,profile_enrichment
2360,1,16596,Juniper Education Group,Dean,Education,2012-12-16,2016-05-02,false,2016-05-02,profile_enrichment
2361,1,16596,Northbridge Academy,Dean,Education,2016-05-03,,true,2017-03-31,crm_import
2362,1,9814,Granite Industrial Group,Director of Operations,Manufacturing,2009-11-30,2013-10-08,false,2013-10-08,crm_import
2363,1,9814,Redwood Holdings,Senior Operations Manager,Manufacturing,2006-06-14,2009-11-29,false,2009-11-29,crm_import
2364,1,9814,Clearwater Manufacturing,Vice President of Operations,Manufacturing,2013-10-09,,true,2016-06-20,profile_enrichment
2365,1,9883,Granite Industrial Group,President,Manufacturing,2021-01-23,,true,2022-03-22,profile_enrichment
2366,1,19481,Northstar Systems,Chief Technology Officer,Technology,2016-12-04,,true,2025-06-25,crm_import
2367,1,16089,Northstar Systems,Senior Software Engineer,Technology,2020-05-29,,true,2024-01-24,profile_enrichment
2368,1,1003,Clearwater Health Group,Vice President of Operations,Healthcare,2023-05-10,,true,2024-01-12,profile_enrichment
2369,1,18201,Blue Lantern Technologies,Engineering Manager,Technology,2016-08-14,,true,2020-10-10,profile_enrichment
2370,1,8550,Northbridge Academy,Assistant Professor,Education,2022-07-10,,true,2024-07-16,profile_enrichment
2371,1,15994,Blue Lantern Technologies,Director of Engineering,Technology,2012-07-17,,true,2020-08-07,crm_import
2372,1,15272,Youth Arts Collaborative,Director of Programs,Nonprofit,2009-01-21,2013-02-28,false,2013-02-28,crm_import
2373,1,15272,CivicWorks Collaborative,Senior Program Manager,Nonprofit,2003-02-25,2009-01-20,false,2009-01-20,crm_import
2374,1,15272,Community Innovation Council,Vice President of Programs,Nonprofit,2013-03-01,,true,2013-12-08,crm_import
2375,1,52,Community Innovation Council,Senior Program Manager,Nonprofit,2017-03-07,,true,2018-08-01,crm_import
2376,1,18387,Metro Community Foundation,Program Manager,Nonprofit,2014-06-01,,true,2025-12-25,profile_enrichment
2377,1,5092,Arcfield Medical,Director of Operations,Healthcare,2023-02-19,2026-07-26,false,2026-07-26,crm_import
2378,1,5092,Clearwater Health Group,Senior Program Manager,Healthcare,2017-02-03,2022-03-21,false,2022-03-21,profile_enrichment
2379,1,5092,Arcfield Medical,Program Manager,Healthcare,2013-12-30,2017-02-02,false,2017-02-02,crm_import
2380,1,5092,Arcfield Medical,Vice President of Operations,Healthcare,2026-07-27,,true,2026-08-23,profile_enrichment
2381,1,17356,Juniper Education Group,Dean,Education,2017-11-30,,true,2023-12-26,profile_enrichment
2382,1,17904,Arcfield Medical,Director of Operations,Healthcare,2016-04-10,,true,2021-07-05,crm_import
2383,1,19069,Beacon Software Group,Vice President of Engineering,Technology,2007-05-19,2011-11-04,false,2011-11-04,crm_import
2384,1,19069,Northstar Systems,Director of Engineering,Technology,2002-04-18,2007-05-18,false,2007-05-18,crm_import
2385,1,19069,Blue Lantern Technologies,Engineering Manager,Technology,1997-06-18,2002-04-17,false,2002-04-17,crm_import
2386,1,19069,Beacon Software Group,Chief Technology Officer,Technology,2011-11-05,,true,2024-06-21,profile_enrichment
2387,1,2634,Youth Arts Collaborative,Program Manager,Nonprofit,2014-12-05,,true,2021-09-22,profile_enrichment
2388,1,15703,Silver Maple Holdings,Senior Finance Manager,Financial Services,2008-06-14,2013-01-30,false,2013-01-30,crm_import
2389,1,15703,Granite Advisory,Finance Manager,Financial Services,2003-05-04,2007-07-04,false,2007-07-04,crm_import
2390,1,15703,Granite Advisory,Associate,Financial Services,1997-09-09,2003-05-03,false,2003-05-03,crm_import
2391,1,15703,Stonebridge Financial,Director of Finance,Financial Services,2013-01-31,,true,2018-12-30,profile_enrichment
2392,1,19764,Arcfield Manufacturing,President,Manufacturing,2019-04-04,,true,2021-01-10,profile_enrichment
2393,1,16594,Mariner Labs,Director of Engineering,Technology,2013-09-22,2019-05-16,false,2019-05-16,crm_import
2394,1,16594,Blue Lantern Technologies,Vice President of Engineering,Technology,2019-05-17,,true,2021-05-06,crm_import
2395,1,16,Arcfield Medical,Director of Operations,Healthcare,2024-08-18,,true,2025-02-06,profile_enrichment
2396,1,18040,Regional Health Partners,Senior Program Manager,Healthcare,2017-12-09,,true,2025-10-07,crm_import
2397,1,2943,CivicWorks Collaborative,Program Coordinator,Nonprofit,2019-10-29,2025-09-05,false,2025-09-05,crm_import
2398,1,2943,CivicWorks Collaborative,Program Coordinator,Nonprofit,2015-07-20,2019-10-28,false,2019-10-28,crm_import
2399,1,2943,Community Innovation Council,Program Manager,Nonprofit,2025-09-06,,true,2026-06-20,profile_enrichment
2400,1,16192,Community Innovation Council,Senior Program Manager,Nonprofit,2012-08-10,,true,2021-07-23,crm_import
2401,1,18526,Regional Health Partners,Senior Program Manager,Healthcare,2017-11-06,,true,2017-12-04,crm_import
2402,1,15757,Beacon Software Group,Analyst,Technology,2009-08-14,2013-03-17,false,2013-03-17,crm_import
2403,1,15757,Beacon Software Group,Analyst,Technology,2007-07-05,2009-08-13,false,2009-08-13,profile_enrichment
2404,1,15757,Mariner Labs,Analyst,Technology,2003-03-24,2007-07-04,false,2007-07-04,crm_import
2405,1,15757,Beacon Software Group,Software Engineer,Technology,2013-03-18,,true,2016-09-20,profile_enrichment
2406,1,16541,Northbridge Academy,Professor,Education,2012-03-20,,true,2026-04-09,profile_enrichment
2407,1,391,Juniper Education Group,Associate Professor,Education,2016-02-08,2020-09-25,false,2020-09-25,crm_import
2408,1,391,Juniper Education Group,Assistant Professor,Education,2013-10-22,2016-02-07,false,2016-02-07,crm_import
2409,1,391,Open Learning Network,Lecturer,Education,2009-06-09,2013-10-21,false,2013-10-21,crm_import
2410,1,391,Northbridge Academy,Professor,Education,2020-09-26,,true,2024-12-05,profile_enrichment
2411,1,4655,Mariner Media Group,Producer,Media,2023-10-30,,true,2026-04-05,profile_enrichment
2412,1,6470,Redwood Creative,President,Media,2020-03-16,,true,2021-12-17,profile_enrichment
2413,1,14487,Youth Arts Collaborative,Volunteer Treasurer,Nonprofit,2024-06-25,2026-07-21,false,2026-07-21,profile_enrichment
2414,1,14487,Juniper Education Group,Assistant Professor,Education,2026-05-31,,true,2026-08-24,profile_enrichment
2415,1,10927,Pinecrest Partners,Associate Counsel,Legal Services,2014-06-23,2018-01-26,false,2018-01-26,crm_import
2416,1,10927,Cedar & Finch Consulting,Legal Analyst,Legal Services,2011-01-01,2014-06-22,false,2014-06-22,profile_enrichment
2417,1,10927,Beacon Legal Group,Counsel,Legal Services,2018-01-27,,true,2018-02-01,crm_import
2418,1,16580,Granite Advisory,,Financial Services,2011-02-17,,true,2011-12-26,crm_import
2419,1,16551,Regional Health Partners,Program Analyst,Healthcare,2006-11-16,2012-02-05,false,2012-02-05,crm_import
2420,1,16551,Arcfield Medical,,Healthcare,2012-02-06,,true,2024-10-28,crm_import
2421,1,8688,Clearwater Manufacturing,Senior Operations Manager,Manufacturing,2026-05-17,,true,2026-08-27,crm_import
2422,1,5664,Mariner Labs,Software Engineer,Technology,2017-10-17,2021-03-02,false,2021-03-02,crm_import
2423,1,5664,Mariner Labs,Analyst,Technology,2014-06-19,2017-10-16,false,2017-10-16,crm_import
2424,1,5664,Blue Lantern Technologies,Senior Software Engineer,Technology,2021-03-03,,true,2022-09-02,crm_import
2425,1,662,Harborline Health,,Healthcare,2016-07-02,,true,2023-10-18,profile_enrichment
2426,1,17634,Open Learning Network,Associate Professor,Education,2021-12-14,2025-03-28,false,2025-03-28,crm_import
2427,1,17634,Juniper Education Group,Assistant Professor,Education,2016-10-04,2021-02-12,false,2021-02-12,profile_enrichment
2428,1,17634,Cedar Ridge Education,Lecturer,Education,2014-02-11,2016-10-03,false,2016-10-03,crm_import
2429,1,17634,Open Learning Network,Professor,Education,2025-03-29,,true,2026-08-06,profile_enrichment
2430,1,860,Metro Community Foundation,Program Manager,Nonprofit,2019-12-05,,true,2023-04-28,profile_enrichment
2431,1,9320,Silver Maple Holdings,Senior Finance Manager,Financial Services,2011-05-02,,true,2014-04-01,profile_enrichment
2432,1,15214,Harbor Street Counsel,General Counsel,Legal Services,2011-06-03,,true,2016-11-29,profile_enrichment
2433,1,1391,CivicWorks Collaborative,Vice President of Programs,Nonprofit,2006-10-16,2011-07-12,false,2011-07-12,crm_import
2434,1,1391,Metro Community Foundation,Executive Director,Nonprofit,2011-07-13,,true,2020-04-15,crm_import
2435,1,2452,Redwood Holdings,Vice President of Operations,Manufacturing,2013-06-10,,true,2014-02-08,crm_import
2436,1,4311,Arcfield Medical,Vice President of Operations,Healthcare,2022-05-31,2025-04-16,false,2025-04-16,crm_import
2437,1,4311,Arcfield Medical,Chief Operating Officer,Healthcare,2025-04-17,,true,2026-04-09,crm_import
2438,1,15211,Granite Industrial Group,Vice President of Operations,Manufacturing,2022-03-03,,true,2023-10-22,crm_import
2439,1,11750,Community Innovation Council,Director of Programs,Nonprofit,2008-01-24,2010-03-25,false,2010-03-25,crm_import
2440,1,11750,Metro Community Foundation,Program Coordinator,Nonprofit,2004-03-02,2008-01-23,false,2008-01-23,crm_import
2441,1,11750,CivicWorks Collaborative,Senior Program Manager,Nonprofit,2010-03-26,,true,2017-06-12,profile_enrichment
2442,1,11362,Northbridge Academy,Assistant Professor,Education,2011-03-10,,true,2021-12-18,crm_import
2443,1,19552,Cedar & Finch Consulting,General Counsel,Legal Services,2022-01-07,,true,2024-12-06,crm_import
2444,1,5093,Regional Health Partners,Program Manager,Healthcare,2021-01-01,,true,2023-08-22,profile_enrichment
2445,1,10787,Redwood Creative,Coordinator,Media,2005-03-17,2011-01-09,false,2011-01-09,profile_enrichment
2446,1,10787,Lakeshore Media,Producer,Media,2011-01-10,,true,2018-03-19,profile_enrichment
2447,1,11190,Arcfield Manufacturing,Vice President of Operations,Manufacturing,2023-06-06,,true,2026-05-07,profile_enrichment
2448,1,18052,Lakeshore Media,Producer,Media,2014-07-19,,true,2024-12-03,crm_import
2449,1,14654,Beacon Software Group,Engineering Manager,Technology,2010-07-05,,true,2017-07-25,crm_import
2450,1,11224,Cedar Ridge Education,Department Chair,Education,2009-12-11,2012-07-23,false,2012-07-23,crm_import
2451,1,11224,Open Learning Network,Professor,Education,2006-10-10,2009-12-10,false,2009-12-10,crm_import
2452,1,11224,Open Learning Network,Dean,Education,2013-09-20,,true,2016-02-08,profile_enrichment
2453,1,3140,Pinecrest Partners,Counsel,Legal Services,2026-02-10,,true,2026-06-28,profile_enrichment
2454,1,5182,Community Innovation Council,Program Manager,Nonprofit,2015-07-10,,true,2020-05-06,crm_import
2455,1,7802,CivicWorks Collaborative,Executive Director,Nonprofit,2013-03-11,,true,2017-03-29,profile_enrichment
2456,1,4067,Beacon Software Group,Director of Engineering,Technology,2020-04-01,,true,2025-08-04,profile_enrichment
2457,1,5133,Redwood Holdings,President,Manufacturing,2013-05-02,2015-11-11,false,2015-11-11,crm_import
2458,1,5133,Granite Industrial Group,Vice President of Operations,Manufacturing,2015-11-12,,true,2025-12-25,profile_enrichment
2459,1,16848,Regional Health Partners,Director of Operations,Healthcare,2022-01-18,2025-10-17,false,2025-10-17,crm_import
2460,1,16848,Regional Health Partners,Vice President of Operations,Healthcare,2026-03-22,,true,2026-03-28,profile_enrichment
2461,1,12768,Silver Maple Holdings,Senior Finance Manager,Financial Services,2011-05-20,,true,2024-03-30,crm_import
2462,1,3513,Arcfield Medical,Director of Operations,Healthcare,2020-11-29,2023-01-12,false,2023-01-12,crm_import
2463,1,3513,Arcfield Medical,Program Analyst,Healthcare,2016-01-26,2020-11-28,false,2020-11-28,profile_enrichment
2464,1,3513,Regional Health Partners,Program Analyst,Healthcare,2011-10-25,2016-01-25,false,2016-01-25,crm_import
2465,1,3513,Harborline Health,Senior Program Manager,Healthcare,2023-01-13,,true,2026-07-30,profile_enrichment
2466,1,5689,Granite Advisory,Chief Financial Officer,Financial Services,2019-02-25,,true,2026-01-31,profile_enrichment
2467,1,4604,Summit Grove Partners,Associate,Financial Services,2019-07-15,2022-03-29,false,2022-03-29,crm_import
2468,1,4604,Granite Advisory,Finance Manager,Financial Services,2022-03-30,,true,2022-08-20,crm_import
2469,1,5537,Stonebridge Financial,Associate,Financial Services,2012-08-19,2017-11-26,false,2017-11-26,crm_import
2470,1,5537,Summit Grove Partners,Analyst,Financial Services,2007-12-08,2011-03-06,false,2011-03-06,crm_import
2471,1,5537,Silver Maple Holdings,Analyst,Financial Services,2004-09-02,2006-10-05,false,2006-10-05,profile_enrichment
2472,1,5537,Summit Grove Partners,Finance Manager,Financial Services,2017-11-27,,true,2022-05-30,profile_enrichment
2473,1,17539,Metro Community Foundation,Executive Director,Nonprofit,2018-04-11,,true,2024-01-07,profile_enrichment
2474,1,13504,Harbor Street Counsel,Senior Counsel,Legal Services,2019-08-09,2025-03-21,false,2025-03-21,crm_import
2475,1,13504,Harbor Street Counsel,Managing Counsel,Legal Services,2026-04-25,,true,2026-06-07,profile_enrichment
2476,1,7169,Youth Arts Collaborative,Senior Program Manager,Nonprofit,2010-03-24,2012-05-02,false,2012-05-02,crm_import
2477,1,7169,Metro Community Foundation,Program Manager,Nonprofit,2004-07-31,2010-03-23,false,2010-03-23,profile_enrichment
2478,1,7169,Community Innovation Council,Director of Programs,Nonprofit,2012-05-03,,true,2024-08-07,crm_import
2479,1,3710,Northstar Systems,Senior Software Engineer,Technology,2011-02-08,,true,2022-07-16,crm_import
2480,1,8505,Open Learning Network,Professor,Education,2015-09-08,2017-09-20,false,2017-09-20,profile_enrichment
2481,1,8505,Northbridge Academy,Department Chair,Education,2017-09-21,,true,2024-04-17,crm_import
2482,1,11847,Youth Arts Collaborative,Volunteer Treasurer,Nonprofit,2022-08-01,2026-08-14,false,2026-08-14,profile_enrichment
2483,1,11847,Northbridge Academy,Professor,Education,2026-03-07,,true,2026-03-17,profile_enrichment
2484,1,16144,Lakeshore Media,President,Media,2014-01-09,,true,2023-04-23,crm_import
2485,1,3822,Silver Maple Holdings,Associate,Financial Services,2009-01-23,2012-11-19,false,2012-11-19,crm_import
2486,1,3822,Silver Maple Holdings,Analyst,Financial Services,2006-04-30,2009-01-22,false,2009-01-22,crm_import
2487,1,3822,Stonebridge Financial,Analyst,Financial Services,2000-06-27,2006-04-29,false,2006-04-29,crm_import
2488,1,3822,Summit Grove Partners,Finance Manager,Financial Services,2012-11-20,,true,2017-05-25,profile_enrichment
2489,1,16255,Mariner Media Group,Program Director,Media,2016-10-27,,true,2022-08-19,crm_import
2490,1,18138,Harbor Street Counsel,General Counsel,Legal Services,2021-09-14,2025-05-31,false,2025-05-31,crm_import
2491,1,18138,Beacon Legal Group,General Counsel,Legal Services,2025-06-01,,true,2025-11-15,crm_import
2492,1,11537,Redwood Holdings,Operations Manager,Manufacturing,2016-07-06,2022-04-30,false,2022-04-30,profile_enrichment
2493,1,11537,Arcfield Manufacturing,Operations Analyst,Manufacturing,2012-08-07,2016-07-05,false,2016-07-05,profile_enrichment
2494,1,11537,Granite Industrial Group,Senior Operations Manager,Manufacturing,2022-05-01,,true,2026-03-30,profile_enrichment
2495,1,17675,Redwood Holdings,Director of Operations,Manufacturing,2021-03-07,2023-09-28,false,2023-09-28,crm_import
2496,1,17675,Arcfield Manufacturing,Senior Operations Manager,Manufacturing,2017-10-02,2021-03-06,false,2021-03-06,profile_enrichment
2497,1,17675,Redwood Holdings,Vice President of Operations,Manufacturing,2025-03-09,,true,2026-03-03,crm_import
2498,1,4434,Cedar Ridge Education,Professor,Education,2016-08-02,2021-07-03,false,2021-07-03,crm_import
2499,1,4434,Cedar Ridge Education,Department Chair,Education,2022-11-01,,true,2026-08-16,profile_enrichment
2500,1,6989,Harborline Health,Senior Program Manager,Healthcare,2023-01-22,,true,2024-06-11,crm_import
2501,1,3285,Harborline Health,Vice President of Operations,Healthcare,2022-03-17,,true,2022-07-27,profile_enrichment
2502,1,6172,Regional Health Initiative,Board Member,Education,2010-09-19,2013-04-17,false,2013-04-17,profile_enrichment
2503,1,6172,Open Learning Network,Assistant Professor,Education,2013-01-05,,true,2024-10-07,crm_import
2504,1,1023,Blue Lantern Technologies,Vice President of Engineering,Technology,2018-08-27,,true,2022-06-19,profile_enrichment
2505,1,3064,Beacon Legal Group,General Counsel,Legal Services,2014-06-08,,true,2018-08-09,profile_enrichment
2506,1,3340,Cedar Ridge Education,Lecturer,Education,2016-01-26,2020-12-15,false,2020-12-15,crm_import
2507,1,3340,Open Learning Network,Assistant Professor,Education,2020-12-16,,true,2021-01-01,profile_enrichment
2508,1,11213,Redwood Creative,President,Media,2025-10-15,,true,2026-02-02,profile_enrichment
2509,1,11456,Orchard Studio,Producer,Media,2012-12-02,2017-06-28,false,2017-06-28,crm_import
2510,1,11456,Orchard Studio,Coordinator,Media,2008-03-21,2012-12-01,false,2012-12-01,crm_import
2511,1,11456,Orchard Studio,Coordinator,Media,2004-03-14,2008-03-20,false,2008-03-20,crm_import
2512,1,11456,Orchard Studio,Senior Producer,Media,2017-06-29,,true,2026-03-11,profile_enrichment
2513,1,16060,Mariner Media Group,Senior Producer,Media,2016-07-18,,true,2016-09-15,profile_enrichment
2514,1,16453,Granite Industrial Group,Vice President of Operations,Manufacturing,2018-08-18,2021-03-22,false,2021-03-22,crm_import
2515,1,16453,Redwood Holdings,President,Manufacturing,2021-03-23,,true,2021-08-03,crm_import
2516,1,1441,Redwood Holdings,Director of Operations,Manufacturing,2012-02-03,2017-10-30,false,2017-10-30,profile_enrichment
2517,1,1441,Arcfield Manufacturing,Senior Operations Manager,Manufacturing,2006-08-03,2012-02-02,false,2012-02-02,crm_import
2518,1,1441,Granite Industrial Group,Vice President of Operations,Manufacturing,2017-10-31,,true,2018-07-11,profile_enrichment
2519,1,960,Mariner Media Group,Senior Producer,Media,2015-01-28,,true,2020-06-13,profile_enrichment
2520,1,17500,Beacon Software Group,Chief Technology Officer,Technology,2020-08-21,2024-04-11,false,2024-04-11,profile_enrichment
2521,1,17500,Mariner Labs,Engineering Manager,Technology,2016-11-05,2020-04-01,false,2020-04-01,profile_enrichment
2522,1,17500,Mariner Labs,Vice President of Engineering,Technology,2024-09-10,,true,2024-12-25,crm_import
2523,1,13573,Cedar Ridge Education,Department Chair,Education,2008-07-14,2014-06-26,false,2014-06-26,profile_enrichment
2524,1,13573,Open Learning Network,Dean,Education,2014-06-27,,true,2014-09-14,profile_enrichment
2525,1,517,Lakeshore Media,President,Media,2025-04-01,,true,2025-11-27,crm_import
2526,1,16207,Mariner Media Group,Senior Producer,Media,2019-12-03,2024-12-13,false,2024-12-13,crm_import
2527,1,16207,Orchard Studio,Producer,Media,2016-01-03,2019-12-02,false,2019-12-02,crm_import
2528,1,16207,Mariner Media Group,Program Director,Media,2024-12-14,,true,2025-12-19,profile_enrichment
2529,1,5821,Mariner Labs,Software Engineer,Technology,2006-01-26,2010-11-15,false,2010-11-15,profile_enrichment
2530,1,5821,Beacon Software Group,Senior Software Engineer,Technology,2012-03-04,,true,2021-04-14,profile_enrichment
2531,1,11466,Arcfield Manufacturing,Senior Operations Manager,Manufacturing,2018-07-05,2020-08-31,false,2020-08-31,crm_import
2532,1,11466,Granite Industrial Group,Operations Manager,Manufacturing,2014-04-24,2018-07-04,false,2018-07-04,crm_import
2533,1,11466,Arcfield Manufacturing,Operations Analyst,Manufacturing,2011-02-16,2014-04-23,false,2014-04-23,crm_import
2534,1,11466,Granite Industrial Group,Director of Operations,Manufacturing,2020-09-01,,true,2020-10-01,profile_enrichment
2535,1,2085,Beacon Software Group,Director of Engineering,Technology,2014-11-24,2020-01-22,false,2020-01-22,profile_enrichment
2536,1,2085,Mariner Labs,Engineering Manager,Technology,2020-01-23,,true,2025-06-04,profile_enrichment
2537,1,14176,Mariner Labs,Chief Technology Officer,Technology,2011-12-05,2015-06-03,false,2015-06-03,crm_import
2538,1,14176,Beacon Software Group,Director of Engineering,Technology,2007-01-09,2010-09-23,false,2010-09-23,crm_import
2539,1,14176,Northstar Systems,Chief Technology Officer,Technology,2015-06-04,,true,2019-09-21,profile_enrichment
2540,1,18227,Beacon Software Group,Vice President of Engineering,Technology,2020-12-17,2026-02-27,false,2026-02-27,crm_import
2541,1,18227,Mariner Labs,Director of Engineering,Technology,2016-05-06,2020-12-16,false,2020-12-16,crm_import
2542,1,18227,Blue Lantern Technologies,Chief Technology Officer,Technology,2026-02-28,,true,2026-04-24,profile_enrichment
2543,1,3870,Mariner Media Group,Producer,Media,2013-03-07,2017-10-17,false,2017-10-17,crm_import
2544,1,3870,Lakeshore Media,Coordinator,Media,2010-07-17,2013-03-06,false,2013-03-06,crm_import
2545,1,3870,Lakeshore Media,Senior Producer,Media,2017-10-18,,true,2020-02-06,profile_enrichment
2546,1,18844,Arcfield Medical,Program Analyst,Healthcare,2006-05-19,2010-04-26,false,2010-04-26,crm_import
2547,1,18844,Arcfield Medical,Program Analyst,Healthcare,2002-05-20,2006-05-18,false,2006-05-18,crm_import
2548,1,18844,Regional Health Partners,Program Manager,Healthcare,2010-04-27,,true,2014-03-21,crm_import
2549,1,4844,Silver Maple Holdings,Analyst,Financial Services,2012-07-31,2016-10-04,false,2016-10-04,crm_import
2550,1,4844,Stonebridge Financial,Associate,Financial Services,2016-10-05,,true,2017-12-18,crm_import
2551,1,5095,Redwood Creative,President,Media,2025-03-18,,true,2026-07-29,profile_enrichment
2552,1,17995,Redwood Holdings,Operations Manager,Manufacturing,2024-10-17,,true,2026-05-18,crm_import
2553,1,3628,Blue Lantern Technologies,Engineering Manager,Technology,2021-08-03,2026-08-10,false,2026-08-10,crm_import
2554,1,3628,Mariner Labs,Senior Software Engineer,Technology,2019-04-08,2021-08-02,false,2021-08-02,crm_import
2555,1,3628,Blue Lantern Technologies,Director of Engineering,Technology,2026-08-11,,true,2026-08-19,profile_enrichment
2556,1,4312,Mariner Media Group,Senior Producer,Media,2014-11-18,2018-11-28,false,2018-11-28,crm_import
2557,1,4312,Lakeshore Media,Producer,Media,2012-06-20,2014-11-17,false,2014-11-17,profile_enrichment
2558,1,4312,Redwood Creative,Coordinator,Media,2007-07-29,2012-06-19,false,2012-06-19,crm_import
2559,1,4312,Mariner Media Group,Program Director,Media,2020-02-20,,true,2021-01-12,profile_enrichment
2560,1,3634,Redwood Creative,President,Media,2016-11-30,,true,2024-08-06,crm_import
2561,1,11437,Harbor Street Counsel,Counsel,Legal Services,2021-10-07,2025-02-01,false,2025-02-01,crm_import
2562,1,11437,Harbor Street Counsel,Senior Counsel,Legal Services,2025-02-02,,true,2025-10-26,profile_enrichment
2563,1,4438,Redwood Creative,President,Media,2020-10-30,2023-04-20,false,2023-04-20,crm_import
2564,1,4438,Lakeshore Media,Senior Producer,Media,2016-01-12,2020-10-29,false,2020-10-29,crm_import
2565,1,4438,Redwood Creative,Managing Director,Media,2023-04-21,,true,2024-08-30,profile_enrichment
2566,1,18637,Northbridge Academy,Department Chair,Education,2011-05-09,2016-07-31,false,2016-07-31,crm_import
2567,1,18637,Open Learning Network,Professor,Education,2006-08-14,2010-03-19,false,2010-03-19,crm_import
2568,1,18637,Juniper Education Group,Dean,Education,2016-08-01,,true,2020-04-22,crm_import
2569,1,6923,Mariner Labs,Chief Technology Officer,Technology,2024-10-28,,true,2025-10-20,profile_enrichment
2570,1,13240,Cedar Ridge Education,Professor,Education,2014-02-19,,true,2015-11-07,crm_import
2571,1,9075,Northstar Systems,Engineering Manager,Technology,2026-04-12,,true,2026-06-27,profile_enrichment
2572,1,1527,Open Learning Network,Assistant Professor,Education,2018-02-09,,true,2024-05-26,crm_import
2573,1,9405,Clearwater Health Group,Vice President of Operations,Healthcare,2016-12-29,,true,2021-06-02,profile_enrichment
2574,1,16405,Northbridge Academy,Associate Professor,Education,2018-07-09,2023-10-17,false,2023-10-17,crm_import
2575,1,16405,Northbridge Academy,Professor,Education,2023-10-18,,true,2025-08-25,crm_import
2576,1,5524,Cedar Ridge Education,Professor,Education,2020-06-20,2026-01-05,false,2026-01-05,crm_import
2577,1,5524,Open Learning Network,Associate Professor,Education,2018-05-03,2020-06-19,false,2020-06-19,crm_import
2578,1,5524,Open Learning Network,Assistant Professor,Education,2014-09-18,2018-05-02,false,2018-05-02,profile_enrichment
2579,1,5524,Cedar Ridge Education,Department Chair,Education,2026-01-06,,true,2026-02-18,profile_enrichment
2580,1,15287,Mariner Media Group,Program Director,Media,2021-01-31,2026-03-06,false,2026-03-06,profile_enrichment
2581,1,15287,Lakeshore Media,Senior Producer,Media,2017-11-06,2020-03-23,false,2020-03-23,profile_enrichment
2582,1,15287,Mariner Media Group,Producer,Media,2011-12-24,2017-11-05,false,2017-11-05,crm_import
2583,1,15287,Lakeshore Media,Managing Director,Media,2026-03-07,,true,2026-03-23,profile_enrichment
2584,1,19237,Blue Lantern Technologies,Chief Technology Officer,Technology,2012-07-09,,true,2024-06-10,profile_enrichment
2585,1,16078,Harbor Street Counsel,Managing Counsel,Legal Services,2019-11-13,2025-08-04,false,2025-08-04,crm_import
2586,1,16078,Harbor Street Counsel,General Counsel,Legal Services,2025-08-05,,true,2026-01-12,crm_import
2587,1,9280,Arcfield Medical,Senior Program Manager,Healthcare,2007-09-02,2012-05-26,false,2012-05-26,crm_import
2588,1,9280,Clearwater Health Group,Program Manager,Healthcare,2004-10-29,2007-09-01,false,2007-09-01,crm_import
2589,1,9280,Arcfield Medical,Program Analyst,Healthcare,2001-05-27,2004-10-28,false,2004-10-28,crm_import
2590,1,9280,Arcfield Medical,Director of Operations,Healthcare,2012-05-27,,true,2024-04-19,profile_enrichment
2591,1,9850,Orchard Studio,Producer,Media,2023-10-26,,true,2025-12-04,profile_enrichment
2592,1,7869,Northstar Systems,Chief Technology Officer,Technology,2016-08-31,2019-05-11,false,2019-05-11,crm_import
2593,1,7869,Northstar Systems,Chief Technology Officer,Technology,2019-05-12,,true,2020-04-27,profile_enrichment
2594,1,12555,Clearwater Manufacturing,Director of Operations,Manufacturing,2017-04-11,2022-10-01,false,2022-10-01,crm_import
2595,1,12555,Arcfield Manufacturing,Vice President of Operations,Manufacturing,2022-10-02,,true,2023-07-06,profile_enrichment
2596,1,2418,Redwood Creative,Managing Director,Media,2019-09-04,2025-03-15,false,2025-03-15,profile_enrichment
2597,1,2418,Redwood Creative,Program Director,Media,2014-08-16,2019-09-03,false,2019-09-03,crm_import
2598,1,2418,Mariner Media Group,Senior Producer,Media,2010-01-23,2014-08-15,false,2014-08-15,profile_enrichment
2599,1,2418,Mariner Media Group,President,Media,2025-03-16,,true,2025-07-19,profile_enrichment
2600,1,7671,Mariner Labs,Chief Technology Officer,Technology,2010-11-20,,true,2019-07-14,profile_enrichment
2601,1,5514,Cedar Ridge Education,Associate Professor,Education,2021-03-31,2025-06-05,false,2025-06-05,crm_import
2602,1,5514,Juniper Education Group,Assistant Professor,Education,2016-03-04,2021-03-30,false,2021-03-30,crm_import
2603,1,5514,Cedar Ridge Education,Professor,Education,2025-06-06,,true,2025-08-11,crm_import
2604,1,16972,Cedar Ridge Education,Assistant Professor,Education,2013-02-08,,true,2023-01-07,profile_enrichment
2605,1,4063,Youth Arts Collaborative,Executive Director,Nonprofit,2014-04-29,,true,2015-01-09,profile_enrichment
2606,1,15533,Redwood Creative,Coordinator,Media,2005-12-03,2010-01-19,false,2010-01-19,crm_import
2607,1,15533,Mariner Media Group,Coordinator,Media,2002-11-15,2005-08-20,false,2005-08-20,crm_import
2608,1,15533,Mariner Media Group,Coordinator,Media,1999-03-03,2002-02-04,false,2002-02-04,crm_import
2609,1,15533,Orchard Studio,Producer,Media,2010-01-20,,true,2013-11-18,crm_import
2610,1,1809,Arcfield Manufacturing,Operations Manager,Manufacturing,2024-06-29,,true,2024-09-06,crm_import
2611,1,9087,Open Learning Network,Associate Professor,Education,2020-04-22,2025-04-10,false,2025-04-10,crm_import
2612,1,9087,Juniper Education Group,Assistant Professor,Education,2016-12-15,2020-04-21,false,2020-04-21,crm_import
2613,1,9087,Juniper Education Group,Lecturer,Education,2014-03-29,2016-12-14,false,2016-12-14,crm_import
2614,1,9087,Open Learning Network,Professor,Education,2025-04-11,,true,2026-05-15,crm_import
2615,1,7759,Granite Industrial Group,Senior Operations Manager,Manufacturing,2017-11-09,,true,2018-08-11,profile_enrichment
2616,1,3745,Clearwater Manufacturing,Director of Operations,Manufacturing,2011-01-24,,true,2019-04-29,profile_enrichment
2617,1,13418,Mariner Labs,Director of Engineering,Technology,2022-06-28,2026-04-24,false,2026-04-24,profile_enrichment
2618,1,13418,Northstar Systems,Engineering Manager,Technology,2017-02-04,2022-06-27,false,2022-06-27,profile_enrichment
2619,1,13418,Mariner Labs,Vice President of Engineering,Technology,2026-04-25,,true,2026-05-17,profile_enrichment
2620,1,17977,Clearwater Manufacturing,President,Manufacturing,2012-01-05,,true,2013-11-19,profile_enrichment
2621,1,1895,Northbridge Academy,Assistant Professor,Education,2017-08-26,,true,2020-06-20,profile_enrichment
2622,1,11415,Orchard Studio,Coordinator,Media,2006-12-23,2012-08-19,false,2012-08-19,crm_import
2623,1,11415,Orchard Studio,Coordinator,Media,2002-11-01,2006-12-22,false,2006-12-22,profile_enrichment
2624,1,11415,Redwood Creative,Coordinator,Media,1999-04-28,2002-10-31,false,2002-10-31,profile_enrichment
2625,1,11415,Redwood Creative,Producer,Media,2012-08-20,,true,2023-03-02,crm_import
2626,1,9724,CivicWorks Collaborative,Director of Programs,Nonprofit,2015-12-21,2020-08-29,false,2020-08-29,profile_enrichment
2627,1,9724,Metro Community Foundation,Vice President of Programs,Nonprofit,2020-08-30,,true,2026-05-21,crm_import
2628,1,4734,CivicWorks Collaborative,Vice President of Programs,Nonprofit,2010-02-03,2015-05-22,false,2015-05-22,crm_import
2629,1,4734,Metro Community Foundation,Executive Director,Nonprofit,2015-09-27,,true,2017-01-04,profile_enrichment
2630,1,13011,Mariner Labs,Chief Technology Officer,Technology,2021-11-19,,true,2024-02-01,profile_enrichment
2631,1,9543,Northbridge Academy,Department Chair,Education,2011-08-01,,true,2015-08-28,profile_enrichment
2632,1,6880,Northstar Systems,,Technology,2025-07-15,,true,2025-08-22,crm_import
2633,1,16116,Clearwater Manufacturing,Operations Analyst,Manufacturing,2006-11-04,2010-10-05,false,2010-10-05,profile_enrichment
2634,1,16116,Arcfield Manufacturing,Operations Manager,Manufacturing,2010-11-26,,true,2018-11-25,crm_import
2635,1,2056,Open Learning Network,Professor,Education,2010-08-27,,true,2020-04-18,profile_enrichment
2636,1,19230,Community Innovation Council,Senior Program Manager,Nonprofit,2009-08-12,2012-11-29,false,2012-11-29,crm_import
2637,1,19230,CivicWorks Collaborative,Program Manager,Nonprofit,2007-01-19,2009-08-11,false,2009-08-11,profile_enrichment
2638,1,19230,Metro Community Foundation,Program Coordinator,Nonprofit,2002-08-27,2007-01-18,false,2007-01-18,profile_enrichment
2639,1,19230,Metro Community Foundation,Director of Programs,Nonprofit,2012-11-30,,true,2016-12-17,crm_import
2640,1,2332,Stonebridge Financial,Senior Finance Manager,Financial Services,2021-06-11,2025-09-22,false,2025-09-22,crm_import
2641,1,2332,Silver Maple Holdings,Finance Manager,Financial Services,2016-01-01,2021-06-10,false,2021-06-10,crm_import
2642,1,2332,Stonebridge Financial,Director of Finance,Financial Services,2025-09-23,,true,2025-12-07,profile_enrichment
2643,1,2907,Youth Arts Collaborative,,Nonprofit,2016-11-12,,true,2023-07-03,crm_import
2644,1,13099,Beacon Software Group,Senior Software Engineer,Technology,2012-01-08,,true,2023-08-01,profile_enrichment
2645,1,10901,Arcfield Manufacturing,Director of Operations,Manufacturing,2020-07-03,2024-11-26,false,2024-11-26,crm_import
2646,1,10901,Clearwater Manufacturing,Senior Operations Manager,Manufacturing,2017-07-03,2020-07-02,false,2020-07-02,profile_enrichment
2647,1,10901,Arcfield Manufacturing,Vice President of Operations,Manufacturing,2024-11-27,,true,2024-11-29,profile_enrichment
2648,1,13027,Metro Community Foundation,Senior Program Manager,Nonprofit,2024-09-28,,true,2025-12-28,profile_enrichment
2649,1,11009,Redwood Creative,Producer,Media,2013-01-17,2015-06-17,false,2015-06-17,profile_enrichment
2650,1,11009,Orchard Studio,Senior Producer,Media,2015-06-18,,true,2017-01-11,profile_enrichment
2651,1,17444,Northbridge Academy,Professor,Education,2024-08-22,,true,2025-12-16,profile_enrichment
2652,1,15306,Mariner Labs,Chief Technology Officer,Technology,2026-04-08,,true,2026-05-31,profile_enrichment
2653,1,11634,Harbor Street Counsel,General Counsel,Legal Services,2014-02-22,,true,2021-06-06,crm_import
2654,1,9096,Blue Lantern Technologies,Engineering Manager,Technology,2018-12-15,2023-10-29,false,2023-10-29,crm_import
2655,1,9096,Blue Lantern Technologies,Director of Engineering,Technology,2023-10-30,,true,2024-11-09,crm_import
2656,1,10116,Clearwater Manufacturing,Operations Manager,Manufacturing,2013-09-01,2017-11-01,false,2017-11-01,crm_import
2657,1,10116,Clearwater Manufacturing,Senior Operations Manager,Manufacturing,2017-11-02,,true,2025-09-10,profile_enrichment
2658,1,4109,Open Learning Network,Assistant Professor,Education,2015-11-08,,true,2020-10-27,profile_enrichment
2659,1,12236,Northstar Systems,Director of Engineering,Technology,2024-11-19,,true,2026-02-28,profile_enrichment
2660,1,13893,Blue Lantern Technologies,Director of Engineering,Technology,2015-08-15,,true,2016-11-10,profile_enrichment
2661,1,19697,Cedar Ridge Education,Department Chair,Education,2019-03-30,2022-07-16,false,2022-07-16,profile_enrichment
2662,1,19697,Cedar Ridge Education,Professor,Education,2014-06-17,2019-03-29,false,2019-03-29,profile_enrichment
2663,1,19697,Open Learning Network,Dean,Education,2022-07-17,,true,2026-05-30,crm_import
2664,1,10746,Granite Advisory,Vice President of Finance,Financial Services,2017-12-27,2020-01-15,false,2020-01-15,crm_import
2665,1,10746,Stonebridge Financial,Director of Finance,Financial Services,2013-07-10,2017-03-25,false,2017-03-25,crm_import
2666,1,10746,Silver Maple Holdings,Chief Financial Officer,Financial Services,2020-01-16,,true,2021-11-14,profile_enrichment
2667,1,15947,Cedar Ridge Education,Department Chair,Education,2022-01-28,2025-10-13,false,2025-10-13,crm_import
2668,1,15947,Cedar Ridge Education,Dean,Education,2026-07-17,,true,2026-08-19,profile_enrichment
2669,1,18583,Granite Industrial Group,Operations Analyst,Manufacturing,2020-11-24,2023-05-11,false,2023-05-11,profile_enrichment
2670,1,18583,Redwood Holdings,Operations Analyst,Manufacturing,2015-01-08,2020-11-23,false,2020-11-23,crm_import
2671,1,18583,Clearwater Manufacturing,Operations Manager,Manufacturing,2023-05-12,,true,2025-10-07,profile_enrichment
2672,1,12769,Pinecrest Partners,Managing Counsel,Legal Services,2022-04-11,2026-04-09,false,2026-04-09,crm_import
2673,1,12769,Beacon Legal Group,Senior Counsel,Legal Services,2018-12-31,2021-06-29,false,2021-06-29,profile_enrichment
2674,1,12769,Beacon Legal Group,General Counsel,Legal Services,2026-05-27,,true,2026-05-27,profile_enrichment
2675,1,14608,Open Learning Network,Associate Professor,Education,2017-05-16,2020-03-03,false,2020-03-03,crm_import
2676,1,14608,Cedar Ridge Education,Professor,Education,2020-03-04,,true,2023-03-01,profile_enrichment
2677,1,18602,Northstar Systems,Vice President of Engineering,Technology,2007-04-10,2011-08-08,false,2011-08-08,profile_enrichment
2678,1,18602,Mariner Labs,Director of Engineering,Technology,2003-09-11,2007-04-09,false,2007-04-09,crm_import
2679,1,18602,Mariner Labs,Engineering Manager,Technology,2000-06-09,2003-09-10,false,2003-09-10,profile_enrichment
2680,1,18602,Northstar Systems,Chief Technology Officer,Technology,2012-12-21,,true,2014-07-15,crm_import
2681,1,16817,Mariner Media Group,Coordinator,Media,2014-10-26,2018-01-26,false,2018-01-26,crm_import
2682,1,16817,Orchard Studio,Coordinator,Media,2009-03-06,2014-10-25,false,2014-10-25,profile_enrichment
2683,1,16817,Mariner Media Group,Producer,Media,2018-01-27,,true,2021-07-13,profile_enrichment
2684,1,15885,Silver Maple Holdings,Associate,Financial Services,2013-04-19,,true,2022-04-24,crm_import
2685,1,9271,Clearwater Manufacturing,Senior Operations Manager,Manufacturing,2023-03-16,,true,2023-07-29,profile_enrichment
2686,1,15726,Northbridge Academy,Department Chair,Education,2016-01-22,2020-07-22,false,2020-07-22,profile_enrichment
2687,1,15726,Cedar Ridge Education,Professor,Education,2013-01-22,2015-08-08,false,2015-08-08,profile_enrichment
2688,1,15726,Juniper Education Group,Associate Professor,Education,2008-03-17,2013-01-21,false,2013-01-21,crm_import
2689,1,15726,Northbridge Academy,Dean,Education,2021-07-14,,true,2022-03-19,profile_enrichment
2690,1,3361,Redwood Holdings,Director of Operations,Manufacturing,2009-11-24,2012-06-09,false,2012-06-09,crm_import
2691,1,3361,Redwood Holdings,Vice President of Operations,Manufacturing,2012-11-23,,true,2017-08-09,crm_import
2692,1,12988,Northstar Systems,Engineering Manager,Technology,2017-01-13,2021-11-19,false,2021-11-19,crm_import
2693,1,12988,Mariner Labs,Senior Software Engineer,Technology,2010-01-25,2015-12-28,false,2015-12-28,profile_enrichment
2694,1,12988,Blue Lantern Technologies,Software Engineer,Technology,2004-02-07,2010-01-24,false,2010-01-24,crm_import
2695,1,12988,Blue Lantern Technologies,Director of Engineering,Technology,2021-11-20,,true,2026-02-05,crm_import
2696,1,17743,Cedar Ridge Education,Dean,Education,2017-09-03,,true,2021-10-17,profile_enrichment
2697,1,9223,Summit Grove Partners,Analyst,Financial Services,2005-12-21,2011-01-04,false,2011-01-04,profile_enrichment
2698,1,9223,Silver Maple Holdings,Analyst,Financial Services,2003-06-11,2005-12-20,false,2005-12-20,profile_enrichment
2699,1,9223,Granite Advisory,Associate,Financial Services,2011-01-05,,true,2019-06-13,profile_enrichment
2700,1,2089,Harbor Street Counsel,Managing Counsel,Legal Services,2013-04-14,,true,2020-01-13,profile_enrichment
2701,1,7772,Cedar & Finch Consulting,Counsel,Legal Services,2009-11-03,2013-11-02,false,2013-11-02,crm_import
2702,1,7772,Beacon Legal Group,Senior Counsel,Legal Services,2013-11-03,,true,2024-02-22,profile_enrichment
2703,1,12796,Granite Industrial Group,Operations Manager,Manufacturing,2011-04-21,,true,2018-08-27,crm_import
2704,1,6098,Silver Maple Holdings,Director of Finance,Financial Services,2025-03-08,,true,2026-07-06,crm_import
2705,1,4759,Cedar & Finch Consulting,Senior Counsel,Legal Services,2017-03-16,,true,2020-07-15,profile_enrichment
2706,1,14467,Stonebridge Financial,Associate,Financial Services,2014-03-14,2019-01-12,false,2019-01-12,crm_import
2707,1,14467,Stonebridge Financial,Analyst,Financial Services,2009-09-10,2014-03-13,false,2014-03-13,crm_import
2708,1,14467,Silver Maple Holdings,Analyst,Financial Services,2005-12-31,2009-09-09,false,2009-09-09,crm_import
2709,1,14467,Summit Grove Partners,Finance Manager,Financial Services,2019-01-13,,true,2022-05-29,profile_enrichment
2710,1,18471,Summit Grove Partners,Vice President of Finance,Financial Services,2015-02-19,2017-07-09,false,2017-07-09,profile_enrichment
2711,1,18471,Silver Maple Holdings,Director of Finance,Financial Services,2017-07-10,,true,2019-01-21,profile_enrichment
2712,1,7031,Orchard Studio,President,Media,2008-03-18,2012-03-11,false,2012-03-11,profile_enrichment
2713,1,7031,Redwood Creative,Senior Producer,Media,2004-05-25,2008-03-17,false,2008-03-17,profile_enrichment
2714,1,7031,Redwood Creative,Producer,Media,2001-08-05,2004-05-24,false,2004-05-24,crm_import
2715,1,7031,Redwood Creative,Managing Director,Media,2012-03-12,,true,2023-01-24,profile_enrichment
2716,1,6832,Cedar Ridge Education,Associate Professor,Education,2015-08-16,2019-06-08,false,2019-06-08,crm_import
2717,1,6832,Cedar Ridge Education,Assistant Professor,Education,2012-10-26,2015-08-15,false,2015-08-15,profile_enrichment
2718,1,6832,Juniper Education Group,Lecturer,Education,2008-02-04,2012-05-11,false,2012-05-11,profile_enrichment
2719,1,6832,Juniper Education Group,Professor,Education,2019-06-09,,true,2026-07-20,profile_enrichment
2720,1,1484,Stonebridge Financial,Finance Manager,Financial Services,2004-11-06,2009-07-13,false,2009-07-13,profile_enrichment
2721,1,1484,Silver Maple Holdings,Analyst,Financial Services,1999-10-30,2004-11-05,false,2004-11-05,crm_import
2722,1,1484,Granite Advisory,Analyst,Financial Services,1994-01-14,1999-08-12,false,1999-08-12,profile_enrichment
2723,1,1484,Silver Maple Holdings,Associate,Financial Services,2010-09-18,,true,2019-04-30,crm_import
2724,1,3343,Beacon Software Group,Engineering Manager,Technology,2018-02-17,2023-02-24,false,2023-02-24,profile_enrichment
2725,1,3343,Mariner Labs,Senior Software Engineer,Technology,2012-05-04,2017-11-30,false,2017-11-30,crm_import
2726,1,3343,Mariner Labs,Software Engineer,Technology,2009-11-17,2012-05-03,false,2012-05-03,crm_import
2727,1,3343,Blue Lantern Technologies,Director of Engineering,Technology,2023-02-25,,true,2026-08-08,profile_enrichment
2728,1,5553,Community Innovation Council,,Nonprofit,2010-07-04,,true,2023-01-12,profile_enrichment
2729,1,9639,Granite Advisory,Associate,Financial Services,2008-08-29,2012-10-28,false,2012-10-28,profile_enrichment
2730,1,9639,Summit Grove Partners,Analyst,Financial Services,2002-11-01,2007-05-30,false,2007-05-30,profile_enrichment
2731,1,9639,Silver Maple Holdings,Finance Manager,Financial Services,2014-03-23,,true,2025-02-08,profile_enrichment
2732,1,13931,Lakeshore Media,Producer,Media,2017-06-15,,true,2018-04-06,profile_enrichment
2733,1,17493,Regional Health Partners,Vice President of Operations,Healthcare,2008-07-04,2012-02-23,false,2012-02-23,crm_import
2734,1,17493,Harborline Health,Director of Operations,Healthcare,2005-09-07,2008-07-03,false,2008-07-03,crm_import
2735,1,17493,Arcfield Medical,Chief Operating Officer,Healthcare,2012-02-24,,true,2014-07-12,profile_enrichment
2736,1,17793,Orchard Studio,Senior Producer,Media,2017-05-31,2022-10-05,false,2022-10-05,crm_import
2737,1,17793,Orchard Studio,Producer,Media,2013-06-01,2017-05-30,false,2017-05-30,crm_import
2738,1,17793,Mariner Media Group,Program Director,Media,2022-12-21,,true,2023-08-03,crm_import
2739,1,5789,Clearwater Health Group,Vice President of Operations,Healthcare,2019-11-13,2024-12-21,false,2024-12-21,crm_import
2740,1,5789,Regional Health Partners,Director of Operations,Healthcare,2017-01-23,2019-11-12,false,2019-11-12,crm_import
2741,1,5789,Clearwater Health Group,Chief Operating Officer,Healthcare,2024-12-22,,true,2025-10-15,crm_import
2742,1,15361,CivicWorks Collaborative,Vice President of Programs,Nonprofit,2023-08-23,,true,2024-07-08,crm_import
2743,1,9164,Northstar Systems,Chief Technology Officer,Technology,2025-02-23,,true,2026-07-09,profile_enrichment
2744,1,14974,CivicWorks Collaborative,Director of Programs,Nonprofit,2019-05-20,,true,2024-04-21,profile_enrichment
2745,1,7497,Mariner Media Group,Coordinator,Media,2014-10-04,2019-11-16,false,2019-11-16,profile_enrichment
2746,1,7497,Lakeshore Media,Coordinator,Media,2011-07-13,2013-12-04,false,2013-12-04,crm_import
2747,1,7497,Orchard Studio,Producer,Media,2019-11-17,,true,2022-04-21,crm_import
2748,1,12106,Harborline Health,Vice President of Operations,Healthcare,2013-03-13,,true,2021-05-23,profile_enrichment
2749,1,15134,Beacon Legal Group,Counsel,Legal Services,2018-08-29,,true,2021-05-21,profile_enrichment
2750,1,9664,Silver Maple Holdings,Senior Finance Manager,Financial Services,2015-04-28,2018-11-12,false,2018-11-12,crm_import
2751,1,9664,Stonebridge Financial,Finance Manager,Financial Services,2012-10-14,2015-04-27,false,2015-04-27,profile_enrichment
2752,1,9664,Summit Grove Partners,Director of Finance,Financial Services,2018-11-13,,true,2025-11-11,profile_enrichment
2753,1,14221,Harbor Street Counsel,Counsel,Legal Services,2020-12-21,2026-07-30,false,2026-07-30,crm_import
2754,1,14221,Harbor Street Counsel,Senior Counsel,Legal Services,2026-07-31,,true,2026-08-01,profile_enrichment
2755,1,3828,Harbor Street Counsel,Associate Counsel,Legal Services,2020-06-13,2024-09-13,false,2024-09-13,crm_import
2756,1,3828,Cedar & Finch Consulting,Legal Analyst,Legal Services,2014-07-12,2020-06-12,false,2020-06-12,crm_import
2757,1,3828,Harbor Street Counsel,Counsel,Legal Services,2024-09-14,,true,2025-09-14,profile_enrichment
2758,1,17939,Harbor Street Counsel,General Counsel,Legal Services,2014-08-08,2018-02-11,false,2018-02-11,crm_import
2759,1,17939,Beacon Legal Group,Senior Counsel,Legal Services,2011-04-06,2013-08-23,false,2013-08-23,profile_enrichment
2760,1,17939,Pinecrest Partners,General Counsel,Legal Services,2019-07-01,,true,2026-02-04,profile_enrichment
2761,1,13239,Open Learning Network,Professor,Education,2022-07-02,,true,2023-05-07,profile_enrichment
2762,1,14486,Beacon Legal Group,Senior Counsel,Legal Services,2021-12-21,,true,2025-12-23,profile_enrichment
2763,1,16815,Arcfield Medical,Program Manager,Healthcare,2017-10-02,2021-05-23,false,2021-05-23,crm_import
2764,1,16815,Regional Health Partners,Program Analyst,Healthcare,2014-06-29,2016-11-06,false,2016-11-06,profile_enrichment
2765,1,16815,Arcfield Medical,Senior Program Manager,Healthcare,2022-02-15,,true,2022-08-02,crm_import
2766,1,10062,Arcfield Medical,Program Manager,Healthcare,2019-11-16,2022-09-27,false,2022-09-27,crm_import
2767,1,10062,Clearwater Health Group,Senior Program Manager,Healthcare,2022-09-28,,true,2026-08-05,profile_enrichment
2768,1,12926,Redwood Creative,Senior Producer,Media,2013-11-28,2016-11-06,false,2016-11-06,crm_import
2769,1,12926,Lakeshore Media,Producer,Media,2010-09-20,2013-11-27,false,2013-11-27,crm_import
2770,1,12926,Redwood Creative,Coordinator,Media,2005-03-19,2010-09-19,false,2010-09-19,crm_import
2771,1,12926,Lakeshore Media,Program Director,Media,2016-11-07,,true,2023-02-15,profile_enrichment
2772,1,3333,Beacon Software Group,Senior Software Engineer,Technology,2016-05-19,2020-12-13,false,2020-12-13,crm_import
2773,1,3333,Mariner Labs,Software Engineer,Technology,2012-05-12,2015-11-23,false,2015-11-23,crm_import
2774,1,3333,Mariner Labs,Analyst,Technology,2009-03-08,2012-05-11,false,2012-05-11,profile_enrichment
2775,1,3333,Northstar Systems,Engineering Manager,Technology,2020-12-14,,true,2022-05-25,profile_enrichment
2776,1,4337,CivicWorks Collaborative,Director of Programs,Nonprofit,2015-03-03,2018-07-18,false,2018-07-18,profile_enrichment
2777,1,4337,CivicWorks Collaborative,Senior Program Manager,Nonprofit,2011-10-27,2015-03-02,false,2015-03-02,profile_enrichment
2778,1,4337,Community Innovation Council,Program Manager,Nonprofit,2007-10-03,2011-10-26,false,2011-10-26,crm_import
2779,1,4337,Metro Community Foundation,Vice President of Programs,Nonprofit,2018-07-19,,true,2020-07-18,profile_enrichment
2780,1,8515,Northbridge Academy,Department Chair,Education,2011-02-07,,true,2018-09-22,crm_import
2781,1,5044,Granite Advisory,Director of Finance,Financial Services,2017-11-05,2022-07-09,false,2022-07-09,crm_import
2782,1,5044,Granite Advisory,Senior Finance Manager,Financial Services,2013-04-09,2016-12-21,false,2016-12-21,crm_import
2783,1,5044,Granite Advisory,Finance Manager,Financial Services,2007-11-24,2012-09-08,false,2012-09-08,crm_import
2784,1,5044,Granite Advisory,Vice President of Finance,Financial Services,2022-07-10,,true,2025-12-03,profile_enrichment
2785,1,5793,Open Learning Network,Associate Professor,Education,2018-04-13,,true,2019-01-03,profile_enrichment
2786,1,8959,Granite Advisory,Finance Manager,Financial Services,2011-02-17,2015-12-03,false,2015-12-03,crm_import
2787,1,8959,Granite Advisory,Associate,Financial Services,2006-09-30,2011-02-16,false,2011-02-16,crm_import
2788,1,8959,Stonebridge Financial,Senior Finance Manager,Financial Services,2016-07-03,,true,2023-09-17,profile_enrichment
2789,1,19064,Arcfield Medical,Vice President of Operations,Healthcare,2006-12-17,2011-04-05,false,2011-04-05,profile_enrichment
2790,1,19064,Harborline Health,Chief Operating Officer,Healthcare,2011-04-06,,true,2022-10-26,profile_enrichment
2791,1,5422,Northstar Systems,Engineering Manager,Technology,2020-03-09,2024-05-03,false,2024-05-03,crm_import
2792,1,5422,Northstar Systems,Director of Engineering,Technology,2025-03-25,,true,2025-05-16,crm_import
2793,1,13203,Mariner Labs,Senior Software Engineer,Technology,2022-10-22,2026-03-05,false,2026-03-05,crm_import
2794,1,13203,Beacon Software Group,Software Engineer,Technology,2017-08-27,2021-05-02,false,2021-05-02,crm_import
2795,1,13203,Northstar Systems,Analyst,Technology,2013-02-03,2017-08-26,false,2017-08-26,profile_enrichment
2796,1,13203,Mariner Labs,Engineering Manager,Technology,2026-03-06,,true,2026-06-01,crm_import
2797,1,951,Juniper Education Group,Assistant Professor,Education,2013-02-15,,true,2015-05-28,crm_import
2798,1,15300,Metro Community Foundation,Board Member,Consulting,2016-03-22,2019-05-17,false,2019-05-17,profile_enrichment
2799,1,15300,Beacon Legal Group,Senior Counsel,Legal Services,2018-12-28,,true,2019-07-09,crm_import
2800,1,8839,Mariner Media Group,Producer,Media,2022-06-24,,true,2023-01-13,profile_enrichment
2801,1,3800,Lakeshore Media,Senior Producer,Media,2011-08-21,,true,2026-01-28,profile_enrichment
2802,1,11993,CivicWorks Collaborative,Program Manager,Nonprofit,2014-11-05,,true,2017-01-10,profile_enrichment
2803,1,1869,Clearwater Health Group,Chief Operating Officer,Healthcare,2010-04-07,,true,2017-10-30,crm_import
2804,1,8181,Lakeshore Media,Program Director,Media,2009-10-07,2012-08-26,false,2012-08-26,crm_import
2805,1,8181,Orchard Studio,Senior Producer,Media,2005-08-18,2009-10-06,false,2009-10-06,crm_import
2806,1,8181,Orchard Studio,Managing Director,Media,2012-08-27,,true,2017-05-22,profile_enrichment
2807,1,18635,Youth Arts Collaborative,Vice President of Programs,Nonprofit,2017-04-13,2021-06-01,false,2021-06-01,crm_import
2808,1,18635,Metro Community Foundation,Director of Programs,Nonprofit,2013-03-21,2016-10-15,false,2016-10-15,crm_import
2809,1,18635,Metro Community Foundation,Senior Program Manager,Nonprofit,2008-01-20,2013-03-20,false,2013-03-20,crm_import
2810,1,18635,Metro Community Foundation,Executive Director,Nonprofit,2021-06-02,,true,2021-10-19,crm_import
2811,1,19829,Granite Industrial Group,Director of Operations,Manufacturing,2011-12-03,,true,2020-05-16,crm_import
2812,1,14445,Harbor Street Counsel,Managing Counsel,Legal Services,2018-05-19,,true,2018-07-12,crm_import
2813,1,5728,Redwood Creative,Managing Director,Media,2019-12-29,,true,2021-08-08,crm_import
2814,1,2149,Mariner Labs,Vice President of Engineering,Technology,2023-08-15,2025-09-04,false,2025-09-04,crm_import
2815,1,2149,Northstar Systems,Director of Engineering,Technology,2019-10-24,2023-08-14,false,2023-08-14,crm_import
2816,1,2149,Blue Lantern Technologies,Chief Technology Officer,Technology,2025-09-05,,true,2026-05-30,profile_enrichment
2817,1,6721,Northstar Systems,Chief Technology Officer,Technology,2009-02-22,2012-12-13,false,2012-12-13,crm_import
2818,1,6721,Mariner Labs,Engineering Manager,Technology,2006-02-14,2009-02-21,false,2009-02-21,crm_import
2819,1,6721,Beacon Software Group,Senior Software Engineer,Technology,2000-10-09,2006-02-13,false,2006-02-13,crm_import
2820,1,6721,Open Learning Network,Part-Time Lecturer,Education,2009-07-10,2013-04-10,false,2013-04-10,profile_enrichment
2821,1,6721,Beacon Software Group,Vice President of Engineering,Technology,2012-12-14,,true,2014-05-12,crm_import
2822,1,16340,Northbridge Academy,Assistant Professor,Education,2016-11-15,,true,2025-06-19,profile_enrichment
2823,1,6690,Stonebridge Financial,,Financial Services,2023-12-03,,true,2024-07-18,crm_import
2824,1,15152,Clearwater Manufacturing,Director of Operations,Manufacturing,2018-05-10,,true,2023-04-15,profile_enrichment
2825,1,13336,Community Innovation Council,Director of Programs,Nonprofit,2014-11-13,,true,2025-12-18,profile_enrichment
2826,1,2929,Redwood Holdings,Director of Operations,Manufacturing,2019-05-17,2021-07-15,false,2021-07-15,crm_import
2827,1,2929,Clearwater Manufacturing,Vice President of Operations,Manufacturing,2021-07-16,,true,2022-02-20,profile_enrichment
2828,1,12819,Beacon Software Group,Analyst,Technology,2020-02-13,2025-10-02,false,2025-10-02,profile_enrichment
2829,1,12819,Mariner Labs,Software Engineer,Technology,2025-10-03,,true,2026-05-21,profile_enrichment
2830,1,1780,Redwood Holdings,Director of Operations,Manufacturing,2020-11-09,2024-12-21,false,2024-12-21,crm_import
2831,1,1780,Arcfield Manufacturing,Senior Operations Manager,Manufacturing,2017-10-15,2020-11-08,false,2020-11-08,profile_enrichment
2832,1,1780,Clearwater Manufacturing,Operations Manager,Manufacturing,2013-06-03,2017-10-14,false,2017-10-14,crm_import
2833,1,1780,Redwood Holdings,Vice President of Operations,Manufacturing,2025-04-13,,true,2025-12-10,profile_enrichment
2834,1,6669,Mariner Media Group,Program Director,Media,2021-02-15,,true,2025-01-25,profile_enrichment
2835,1,6980,Redwood Creative,Managing Director,Media,2018-01-28,,true,2019-08-17,profile_enrichment
2836,1,5970,CivicWorks Collaborative,,Nonprofit,2010-10-23,,true,2022-03-27,profile_enrichment
2837,1,1582,Clearwater Health Group,Director of Operations,Healthcare,2022-08-15,,true,2025-04-01,crm_import
2838,1,7724,Regional Health Partners,Program Manager,Healthcare,2019-07-31,,true,2022-06-25,crm_import
2839,1,12627,Cedar Ridge Education,Department Chair,Education,2014-09-09,2020-01-24,false,2020-01-24,crm_import
2840,1,12627,Northbridge Academy,Assistant Professor,Education,2009-08-28,2013-06-26,false,2013-06-26,profile_enrichment
2841,1,12627,Northbridge Academy,Lecturer,Education,2006-01-10,2009-08-27,false,2009-08-27,profile_enrichment
2842,1,12627,Northbridge Academy,Professor,Education,2020-01-25,,true,2020-08-24,profile_enrichment
2843,1,4342,Open Learning Network,Associate Professor,Education,2023-12-16,,true,2025-11-06,profile_enrichment
2844,1,19616,Metro Community Foundation,Strategic Advisor,Nonprofit,2010-05-28,2011-10-01,false,2011-10-01,profile_enrichment
2845,1,19616,Beacon Software Group,Director of Engineering,Technology,2011-06-05,,true,2023-10-17,profile_enrichment
2846,1,234,Redwood Holdings,Vice President of Operations,Manufacturing,2014-07-07,2020-05-31,false,2020-05-31,crm_import
2847,1,234,Clearwater Manufacturing,Operations Manager,Manufacturing,2011-01-03,2013-06-26,false,2013-06-26,crm_import
2848,1,234,Redwood Holdings,Director of Operations,Manufacturing,2020-06-01,,true,2025-03-08,profile_enrichment
2849,1,5399,Mariner Media Group,Managing Director,Media,2022-02-21,,true,2023-08-02,profile_enrichment
2850,1,18046,Open Learning Network,Associate Professor,Education,2018-11-25,2023-10-30,false,2023-10-30,crm_import
2851,1,18046,Juniper Education Group,Assistant Professor,Education,2015-12-12,2018-11-24,false,2018-11-24,profile_enrichment
2852,1,18046,Cedar Ridge Education,Professor,Education,2023-10-31,,true,2024-10-18,crm_import
2853,1,15773,Cedar Ridge Education,Assistant Professor,Education,2007-08-07,2011-11-25,false,2011-11-25,profile_enrichment
2854,1,15773,Open Learning Network,Associate Professor,Education,2011-11-26,,true,2022-04-29,profile_enrichment
2855,1,3248,Arcfield Manufacturing,Director of Operations,Manufacturing,2007-10-22,2013-01-23,false,2013-01-23,crm_import
2856,1,3248,Clearwater Manufacturing,Senior Operations Manager,Manufacturing,2013-01-24,,true,2016-12-14,profile_enrichment
2857,1,17409,Harborline Health,Program Manager,Healthcare,2018-10-26,2023-06-29,false,2023-06-29,crm_import
2858,1,17409,Regional Health Partners,Program Analyst,Healthcare,2013-04-30,2018-10-25,false,2018-10-25,crm_import
2859,1,17409,Harborline Health,Program Analyst,Healthcare,2010-09-10,2013-04-29,false,2013-04-29,crm_import
2860,1,17409,Regional Health Partners,Senior Program Manager,Healthcare,2023-06-30,,true,2024-03-05,profile_enrichment
2861,1,15354,Beacon Software Group,Software Engineer,Technology,2020-09-03,,true,2021-05-23,crm_import
2862,1,10423,Mariner Labs,Senior Software Engineer,Technology,2016-04-29,,true,2018-11-10,profile_enrichment
2863,1,5404,Community Innovation Council,Program Coordinator,Nonprofit,2020-07-05,2025-05-16,false,2025-05-16,crm_import
2864,1,5404,Youth Arts Collaborative,Program Coordinator,Nonprofit,2016-07-24,2020-07-04,false,2020-07-04,crm_import
2865,1,5404,Youth Arts Collaborative,Program Manager,Nonprofit,2025-05-17,,true,2025-11-23,profile_enrichment
2866,1,14828,Beacon Legal Group,Senior Counsel,Legal Services,2023-01-23,,true,2025-03-18,profile_enrichment
2867,1,2223,Harbor Street Counsel,Managing Counsel,Legal Services,2015-03-31,2018-11-14,false,2018-11-14,crm_import
2868,1,2223,Pinecrest Partners,Associate Counsel,Legal Services,2012-08-02,2015-03-30,false,2015-03-30,crm_import
2869,1,2223,Harbor Street Counsel,Legal Analyst,Legal Services,2009-12-23,2012-08-01,false,2012-08-01,crm_import
2870,1,2223,Harbor Street Counsel,Senior Counsel,Legal Services,2018-11-15,,true,2021-08-23,profile_enrichment
2871,1,6278,Clearwater Health Group,Director of Operations,Healthcare,2026-03-11,,true,2026-08-12,crm_import
2872,1,18879,Summit Grove Partners,Analyst,Financial Services,2021-02-25,2024-12-17,false,2024-12-17,crm_import
2873,1,18879,Granite Advisory,Analyst,Financial Services,2015-10-06,2020-01-14,false,2020-01-14,crm_import
2874,1,18879,Summit Grove Partners,Associate,Financial Services,2024-12-18,,true,2025-01-01,crm_import
2875,1,850,Redwood Holdings,President,Manufacturing,2012-01-01,2014-11-27,false,2014-11-27,crm_import
2876,1,850,Redwood Holdings,Senior Operations Manager,Manufacturing,2008-05-14,2011-12-31,false,2011-12-31,crm_import
2877,1,850,Granite Industrial Group,Operations Manager,Manufacturing,2003-01-17,2008-05-13,false,2008-05-13,profile_enrichment
2878,1,850,Granite Industrial Group,Vice President of Operations,Manufacturing,2014-11-28,,true,2015-07-07,profile_enrichment
2879,1,18204,Beacon Software Group,Vice President of Engineering,Technology,2023-04-27,,true,2025-05-25,profile_enrichment
2880,1,17820,Lakeshore Media,President,Media,2012-09-20,,true,2013-11-05,profile_enrichment
2881,1,11747,Youth Arts Collaborative,Vice President of Programs,Nonprofit,2023-06-14,,true,2026-04-16,profile_enrichment
2882,1,6036,Granite Industrial Group,Operations Manager,Manufacturing,2013-11-23,,true,2021-03-29,profile_enrichment
2883,1,1716,Silver Maple Holdings,Director of Finance,Financial Services,2020-08-06,2025-07-01,false,2025-07-01,crm_import
2884,1,1716,Silver Maple Holdings,Senior Finance Manager,Financial Services,2018-03-27,2020-08-05,false,2020-08-05,crm_import
2885,1,1716,Granite Advisory,Vice President of Finance,Financial Services,2025-07-02,,true,2026-03-31,profile_enrichment
2886,1,11015,Clearwater Manufacturing,Director of Operations,Manufacturing,2022-01-28,,true,2025-04-30,profile_enrichment
2887,1,5239,Cedar Ridge Education,Associate Professor,Education,2020-02-11,,true,2021-11-03,crm_import
2888,1,12864,Granite Advisory,Analyst,Financial Services,2008-02-23,2011-02-08,false,2011-02-08,crm_import
2889,1,12864,Summit Grove Partners,Associate,Financial Services,2011-02-09,,true,2017-04-08,profile_enrichment
2890,1,9947,Youth Arts Collaborative,Executive Director,Nonprofit,2023-12-28,,true,2025-12-26,profile_enrichment
2891,1,5304,Mariner Media Group,President,Media,2010-04-07,2013-04-26,false,2013-04-26,crm_import
2892,1,5304,Lakeshore Media,Senior Producer,Media,2006-01-19,2009-07-05,false,2009-07-05,crm_import
2893,1,5304,Redwood Creative,Producer,Media,2000-07-15,2006-01-18,false,2006-01-18,crm_import
2894,1,5304,Redwood Creative,Managing Director,Media,2013-04-27,,true,2020-11-15,profile_enrichment
2895,1,9030,Open Learning Network,Associate Professor,Education,2017-02-21,,true,2021-12-11,crm_import
2896,1,253,Pinecrest Partners,Counsel,Legal Services,2013-08-17,,true,2023-12-21,crm_import
2897,1,344,Northbridge Academy,Lecturer,Education,2014-06-05,2017-05-17,false,2017-05-17,crm_import
2898,1,344,Northbridge Academy,Lecturer,Education,2008-04-12,2013-05-31,false,2013-05-31,profile_enrichment
2899,1,344,Open Learning Network,Assistant Professor,Education,2017-05-18,,true,2022-08-07,profile_enrichment
2900,1,12408,Harborline Health,Senior Program Manager,Healthcare,2013-01-10,,true,2016-08-23,crm_import
2901,1,11309,Lakeshore Media,Producer,Media,2020-11-15,2023-09-14,false,2023-09-14,crm_import
2902,1,11309,Redwood Creative,Coordinator,Media,2016-10-04,2020-11-14,false,2020-11-14,profile_enrichment
2903,1,11309,Orchard Studio,Coordinator,Media,2014-09-20,2016-10-03,false,2016-10-03,profile_enrichment
2904,1,11309,Lakeshore Media,Senior Producer,Media,2023-09-15,,true,2023-12-05,profile_enrichment
2905,1,18911,Silver Maple Holdings,Analyst,Financial Services,2016-07-03,2020-08-13,false,2020-08-13,crm_import
2906,1,18911,Silver Maple Holdings,Associate,Financial Services,2020-08-14,,true,2024-07-25,profile_enrichment
2907,1,7339,Arcfield Medical,Vice President of Operations,Healthcare,2014-05-07,,true,2023-06-09,crm_import
2908,1,11785,Summit Grove Partners,Senior Finance Manager,Financial Services,2020-11-12,2025-10-23,false,2025-10-23,profile_enrichment
2909,1,11785,Stonebridge Financial,Finance Manager,Financial Services,2017-03-21,2019-12-03,false,2019-12-03,crm_import
2910,1,11785,Summit Grove Partners,Director of Finance,Financial Services,2025-10-24,,true,2026-03-15,crm_import
2911,1,16121,Juniper Education Group,Professor,Education,2013-08-18,,true,2023-12-18,crm_import
2912,1,18224,Clearwater Health Group,Program Manager,Healthcare,2015-12-13,,true,2016-04-17,profile_enrichment
2913,1,19556,Regional Health Partners,Chief Operating Officer,Healthcare,2012-09-16,,true,2013-06-10,profile_enrichment
2914,1,13714,Clearwater Health Group,Director of Operations,Healthcare,2019-01-13,,true,2023-03-12,profile_enrichment
2915,1,9538,Orchard Studio,Program Director,Media,2021-01-26,2025-01-15,false,2025-01-15,profile_enrichment
2916,1,9538,Lakeshore Media,Senior Producer,Media,2018-07-23,2021-01-25,false,2021-01-25,crm_import
2917,1,9538,Lakeshore Media,Producer,Media,2013-10-20,2018-07-22,false,2018-07-22,crm_import
2918,1,9538,Regional Health Initiative,Volunteer Treasurer,Education,2023-06-20,2025-05-29,false,2025-05-29,profile_enrichment
2919,1,9538,Orchard Studio,Managing Director,Media,2025-01-16,,true,2025-10-31,crm_import
2920,1,7884,Metro Community Foundation,,Nonprofit,2014-12-26,,true,2025-10-14,crm_import
2921,1,817,Regional Health Partners,Senior Program Manager,Healthcare,2019-05-15,2024-01-30,false,2024-01-30,profile_enrichment
2922,1,817,Regional Health Partners,Director of Operations,Healthcare,2025-05-24,,true,2025-10-15,profile_enrichment
2923,1,19716,Redwood Creative,President,Media,2015-11-15,,true,2024-12-06,profile_enrichment
2924,1,9542,Clearwater Health Group,Program Manager,Healthcare,2024-11-26,,true,2025-10-11,profile_enrichment
2925,1,18519,Harborline Health,Senior Program Manager,Healthcare,2020-02-23,2025-08-28,false,2025-08-28,crm_import
2926,1,18519,Harborline Health,Program Manager,Healthcare,2015-09-10,2020-02-22,false,2020-02-22,crm_import
2927,1,18519,Arcfield Medical,Program Analyst,Healthcare,2012-08-12,2015-09-09,false,2015-09-09,profile_enrichment
2928,1,18519,Harborline Health,Director of Operations,Healthcare,2025-08-29,,true,2026-05-07,profile_enrichment
2929,1,10893,Redwood Holdings,Vice President of Operations,Manufacturing,2017-12-02,,true,2020-01-01,profile_enrichment
2930,1,5954,Regional Health Initiative,Part-Time Lecturer,Nonprofit,2021-05-23,2024-11-11,false,2024-11-11,profile_enrichment
2931,1,5954,Beacon Software Group,Senior Software Engineer,Technology,2024-07-02,,true,2025-02-02,crm_import
2932,1,10487,Mariner Media Group,Program Director,Media,2019-05-12,2024-11-10,false,2024-11-10,crm_import
2933,1,10487,Lakeshore Media,Senior Producer,Media,2013-08-05,2019-05-11,false,2019-05-11,crm_import
2934,1,10487,Mariner Media Group,Producer,Media,2008-08-09,2013-08-04,false,2013-08-04,profile_enrichment
2935,1,10487,Redwood Creative,Managing Director,Media,2024-11-11,,true,2025-06-15,profile_enrichment
2936,1,15758,Northstar Systems,Vice President of Engineering,Technology,2011-05-21,,true,2020-12-02,crm_import
2937,1,17237,Stonebridge Financial,Vice President of Finance,Financial Services,2023-04-08,,true,2023-11-09,crm_import
2938,1,1325,Clearwater Manufacturing,Senior Operations Manager,Manufacturing,2008-09-09,2012-07-01,false,2012-07-01,crm_import
2939,1,1325,Redwood Holdings,Operations Manager,Manufacturing,2005-01-29,2008-09-08,false,2008-09-08,crm_import
2940,1,1325,Arcfield Manufacturing,Director of Operations,Manufacturing,2012-07-02,,true,2026-02-28,profile_enrichment
2941,1,17611,Open Learning Network,,Education,2014-10-03,,true,2016-11-08,crm_import
2942,1,8864,Blue Lantern Technologies,Engineering Manager,Technology,2019-11-12,2025-03-30,false,2025-03-30,crm_import
2943,1,8864,Regional Health Initiative,Part-Time Lecturer,Education,2023-02-12,2025-08-26,false,2025-08-26,profile_enrichment
2944,1,8864,Blue Lantern Technologies,Director of Engineering,Technology,2025-03-31,,true,2026-02-25,crm_import
2945,1,18493,Clearwater Health Group,Senior Program Manager,Healthcare,2016-08-27,2022-03-02,false,2022-03-02,crm_import
2946,1,18493,Clearwater Health Group,Program Manager,Healthcare,2012-06-23,2016-08-26,false,2016-08-26,crm_import
2947,1,18493,Regional Health Partners,Program Analyst,Healthcare,2007-11-30,2012-06-22,false,2012-06-22,crm_import
2948,1,18493,Regional Health Partners,Director of Operations,Healthcare,2022-11-09,,true,2025-08-07,profile_enrichment
2949,1,12051,Stonebridge Financial,Vice President of Finance,Financial Services,2009-05-14,2012-03-21,false,2012-03-21,crm_import
2950,1,12051,Stonebridge Financial,Chief Financial Officer,Financial Services,2012-07-26,,true,2016-08-18,profile_enrichment
2951,1,3375,Summit Grove Partners,Director of Finance,Financial Services,2023-02-16,2025-03-08,false,2025-03-08,profile_enrichment
2952,1,3375,Stonebridge Financial,Senior Finance Manager,Financial Services,2018-07-20,2023-02-15,false,2023-02-15,profile_enrichment
2953,1,3375,Granite Advisory,Finance Manager,Financial Services,2014-01-25,2018-07-19,false,2018-07-19,crm_import
2954,1,3375,Summit Grove Partners,Vice President of Finance,Financial Services,2026-06-27,,true,2026-07-14,crm_import
2955,1,3406,Pinecrest Partners,Senior Counsel,Legal Services,2020-02-24,2024-09-21,false,2024-09-21,crm_import
2956,1,3406,Harbor Street Counsel,Counsel,Legal Services,2015-09-01,2020-02-23,false,2020-02-23,crm_import
2957,1,3406,Pinecrest Partners,Managing Counsel,Legal Services,2024-09-22,,true,2025-08-21,profile_enrichment
2958,1,12564,Metro Community Foundation,Program Manager,Nonprofit,2023-09-06,,true,2023-10-30,profile_enrichment
2959,1,14085,Silver Maple Holdings,Associate,Financial Services,2016-07-07,,true,2021-11-05,profile_enrichment
2960,1,8770,Regional Health Partners,Program Manager,Healthcare,2018-11-25,2024-04-21,false,2024-04-21,crm_import
2961,1,8770,Clearwater Health Group,Program Analyst,Healthcare,2014-02-03,2018-11-24,false,2018-11-24,crm_import
2962,1,8770,Clearwater Health Group,Senior Program Manager,Healthcare,2024-04-22,,true,2025-09-11,crm_import
2963,1,13249,Northstar Systems,Vice President of Engineering,Technology,2018-09-21,2023-07-24,false,2023-07-24,crm_import
2964,1,13249,Beacon Software Group,Director of Engineering,Technology,2014-05-22,2018-09-20,false,2018-09-20,crm_import
2965,1,13249,Northstar Systems,Engineering Manager,Technology,2011-09-14,2014-05-21,false,2014-05-21,crm_import
2966,1,13249,Northstar Systems,Chief Technology Officer,Technology,2023-07-25,,true,2023-10-22,profile_enrichment
2967,1,3858,Northstar Systems,Chief Technology Officer,Technology,2012-05-09,2015-01-14,false,2015-01-14,crm_import
2968,1,3858,Blue Lantern Technologies,Engineering Manager,Technology,2009-07-18,2012-05-08,false,2012-05-08,crm_import
2969,1,3858,Mariner Labs,Senior Software Engineer,Technology,2003-11-10,2009-07-17,false,2009-07-17,crm_import
2970,1,3858,Beacon Software Group,Vice President of Engineering,Technology,2015-01-15,,true,2022-03-18,profile_enrichment
2971,1,19022,Mariner Media Group,Senior Producer,Media,2024-05-13,,true,2025-04-17,crm_import
2972,1,10709,Blue Lantern Technologies,Senior Software Engineer,Technology,2008-10-24,2012-07-25,false,2012-07-25,crm_import
2973,1,10709,Youth Arts Collaborative,Part-Time Lecturer,Education,2010-08-11,2012-08-28,false,2012-08-28,profile_enrichment
2974,1,10709,Mariner Labs,Engineering Manager,Technology,2012-07-26,,true,2019-08-11,profile_enrichment
2975,1,19614,Open Learning Network,Department Chair,Education,2016-07-09,,true,2017-01-03,profile_enrichment
2976,1,13686,Summit Grove Partners,Vice President of Finance,Financial Services,2010-11-17,,true,2012-02-28,crm_import
2977,1,5080,Open Learning Network,Professor,Education,2016-06-05,,true,2017-01-27,crm_import
2978,1,3961,Mariner Labs,Vice President of Engineering,Technology,2018-11-06,2023-08-26,false,2023-08-26,crm_import
2979,1,3961,Beacon Software Group,Director of Engineering,Technology,2015-07-08,2018-11-05,false,2018-11-05,crm_import
2980,1,3961,Mariner Labs,Chief Technology Officer,Technology,2024-10-28,,true,2025-04-07,crm_import
2981,1,7842,Pinecrest Partners,,Legal Services,2018-01-06,,true,2024-12-23,profile_enrichment
2982,1,9653,Orchard Studio,Program Director,Media,2017-06-14,2019-06-27,false,2019-06-27,crm_import
2983,1,9653,Mariner Media Group,Managing Director,Media,2019-06-28,,true,2023-03-06,crm_import
2984,1,10375,Clearwater Manufacturing,Operations Manager,Manufacturing,2016-12-18,,true,2021-07-03,profile_enrichment
2985,1,14186,Regional Health Partners,Senior Program Manager,Healthcare,2016-11-17,,true,2024-01-11,profile_enrichment
2986,1,12001,Summit Grove Partners,Director of Finance,Financial Services,2019-05-16,,true,2022-02-14,profile_enrichment
2987,1,10882,Redwood Holdings,Vice President of Operations,Manufacturing,2018-02-13,2022-09-16,false,2022-09-16,crm_import
2988,1,10882,Arcfield Manufacturing,Operations Manager,Manufacturing,2014-04-19,2018-02-12,false,2018-02-12,crm_import
2989,1,10882,Arcfield Manufacturing,Operations Analyst,Manufacturing,2008-05-24,2014-04-18,false,2014-04-18,profile_enrichment
2990,1,10882,Redwood Holdings,Director of Operations,Manufacturing,2023-05-01,,true,2026-03-04,crm_import
2991,1,15852,Clearwater Health Group,Chief Operating Officer,Healthcare,2011-01-03,,true,2019-12-27,profile_enrichment
2992,1,12729,Orchard Studio,Program Director,Media,2020-11-10,2025-04-18,false,2025-04-18,crm_import
2993,1,12729,Redwood Creative,Senior Producer,Media,2018-08-30,2020-11-09,false,2020-11-09,crm_import
2994,1,12729,Orchard Studio,Managing Director,Media,2025-04-19,,true,2026-04-23,profile_enrichment
2995,1,1083,Mariner Media Group,Managing Director,Media,2021-10-24,2025-12-03,false,2025-12-03,crm_import
2996,1,1083,Orchard Studio,Program Director,Media,2016-06-21,2021-10-23,false,2021-10-23,crm_import
2997,1,1083,Lakeshore Media,Senior Producer,Media,2013-05-10,2015-12-01,false,2015-12-01,crm_import
2998,1,1083,Mariner Media Group,President,Media,2026-06-17,,true,2026-06-25,profile_enrichment
2999,1,2143,Cedar & Finch Consulting,Counsel,Legal Services,2023-03-06,,true,2024-11-22,profile_enrichment
3000,1,15573,Community Innovation Council,Program Manager,Nonprofit,2006-04-11,2009-10-13,false,2009-10-13,crm_import
3001,1,15573,Metro Community Foundation,Senior Program Manager,Nonprofit,2010-03-24,,true,2026-05-02,profile_enrichment
3002,1,8643,Metro Community Foundation,Program Manager,Nonprofit,2025-07-10,,true,2026-03-06,crm_import
3003,1,18003,Cedar Ridge Education,Assistant Professor,Education,2016-10-12,2022-01-29,false,2022-01-29,crm_import
3004,1,18003,Northbridge Academy,Lecturer,Education,2012-07-08,2016-10-11,false,2016-10-11,profile_enrichment
3005,1,18003,Juniper Education Group,Associate Professor,Education,2022-01-30,,true,2023-09-23,profile_enrichment
3006,1,6092,Granite Advisory,,Financial Services,2015-08-30,,true,2022-07-17,crm_import
3007,1,2961,Granite Advisory,Finance Manager,Financial Services,2007-12-17,2013-10-29,false,2013-10-29,profile_enrichment
3008,1,2961,Granite Advisory,Associate,Financial Services,2013-10-30,,true,2021-04-02,crm_import
3009,1,11944,Clearwater Health Group,Senior Program Manager,Healthcare,2013-03-14,,true,2022-09-16,profile_enrichment
3010,1,10385,CivicWorks Collaborative,,Nonprofit,2021-08-31,,true,2024-08-31,profile_enrichment
3011,1,15067,Lakeshore Media,Managing Director,Media,2006-09-06,2011-09-15,false,2011-09-15,crm_import
3012,1,15067,Mariner Media Group,Producer,Media,2004-07-03,2006-09-05,false,2006-09-05,crm_import
3013,1,15067,Orchard Studio,Coordinator,Media,1999-11-01,2004-07-02,false,2004-07-02,crm_import
3014,1,15067,Lakeshore Media,Program Director,Media,2011-09-16,,true,2025-06-14,crm_import
3015,1,18706,Northbridge Academy,Associate Professor,Education,2014-08-17,2016-10-19,false,2016-10-19,crm_import
3016,1,18706,Open Learning Network,Assistant Professor,Education,2009-12-15,2014-08-16,false,2014-08-16,crm_import
3017,1,18706,Cedar Ridge Education,Lecturer,Education,2004-03-21,2009-12-14,false,2009-12-14,crm_import
3018,1,18706,Cedar Ridge Education,Professor,Education,2016-10-20,,true,2024-11-18,crm_import
3019,1,5177,Beacon Legal Group,Counsel,Legal Services,2014-11-12,,true,2018-12-03,crm_import
3020,1,3010,Mariner Media Group,Program Director,Media,2018-07-27,,true,2021-06-12,crm_import
3021,1,7563,Cedar Ridge Education,Department Chair,Education,2020-02-09,2025-08-20,false,2025-08-20,crm_import
3022,1,7563,Open Learning Network,Professor,Education,2017-06-14,2020-02-08,false,2020-02-08,crm_import
3023,1,7563,Cedar Ridge Education,Associate Professor,Education,2011-05-02,2016-04-21,false,2016-04-21,profile_enrichment
3024,1,7563,Cedar Ridge Education,Dean,Education,2025-08-21,,true,2026-08-26,profile_enrichment
3025,1,697,Open Learning Network,Assistant Professor,Education,2020-06-05,,true,2021-11-26,crm_import
3026,1,8833,Orchard Studio,Senior Producer,Media,2022-08-18,2025-06-03,false,2025-06-03,crm_import
3027,1,8833,Orchard Studio,Program Director,Media,2025-06-04,,true,2026-05-16,crm_import
3028,1,4857,Granite Advisory,Director of Finance,Financial Services,2007-06-27,2010-07-29,false,2010-07-29,crm_import
3029,1,4857,Summit Grove Partners,Vice President of Finance,Financial Services,2010-07-30,,true,2023-08-15,profile_enrichment
3030,1,5792,Harborline Health,Director of Operations,Healthcare,2014-07-21,,true,2015-01-20,crm_import
3031,1,8078,Lakeshore Media,Program Director,Media,2024-01-19,,true,2025-08-24,profile_enrichment
3032,1,19287,Cedar & Finch Consulting,General Counsel,Legal Services,2015-03-06,,true,2016-07-07,profile_enrichment
3033,1,6449,Mariner Labs,Director of Engineering,Technology,2020-11-25,,true,2024-04-25,profile_enrichment
3034,1,6500,Open Learning Network,Associate Professor,Education,2010-11-02,2015-03-25,false,2015-03-25,crm_import
3035,1,6500,Cedar Ridge Education,Assistant Professor,Education,2006-08-16,2010-11-01,false,2010-11-01,crm_import
3036,1,6500,Cedar Ridge Education,Lecturer,Education,2002-01-03,2006-08-15,false,2006-08-15,profile_enrichment
3037,1,6500,Cedar Ridge Education,Professor,Education,2015-03-26,,true,2018-07-23,profile_enrichment
3038,1,12565,Orchard Studio,Senior Producer,Media,2018-05-11,2023-11-25,false,2023-11-25,crm_import
3039,1,12565,Redwood Creative,Producer,Media,2012-11-04,2018-05-10,false,2018-05-10,profile_enrichment
3040,1,12565,Redwood Creative,Program Director,Media,2023-11-26,,true,2024-10-19,profile_enrichment
3041,1,8147,Mariner Labs,Senior Software Engineer,Technology,2011-10-06,2016-02-24,false,2016-02-24,crm_import
3042,1,8147,Blue Lantern Technologies,Engineering Manager,Technology,2016-02-25,,true,2025-02-18,profile_enrichment
3043,1,2915,Granite Industrial Group,Director of Operations,Manufacturing,2010-04-17,,true,2024-05-28,profile_enrichment
3044,1,18390,Beacon Software Group,Engineering Manager,Technology,2016-07-22,,true,2025-09-14,crm_import
3045,1,15987,Redwood Creative,Producer,Media,2012-07-31,2015-04-17,false,2015-04-17,crm_import
3046,1,15987,Mariner Media Group,Senior Producer,Media,2015-04-18,,true,2015-11-10,profile_enrichment
3047,1,11023,Granite Industrial Group,Senior Operations Manager,Manufacturing,2020-09-02,,true,2024-08-27,crm_import
3048,1,11124,Metro Community Foundation,Vice President of Programs,Nonprofit,2021-10-16,2024-10-29,false,2024-10-29,crm_import
3049,1,11124,Youth Arts Collaborative,Director of Programs,Nonprofit,2015-06-21,2020-05-11,false,2020-05-11,crm_import
3050,1,11124,Metro Community Foundation,Executive Director,Nonprofit,2024-10-30,,true,2026-08-11,crm_import
3051,1,8916,Cedar & Finch Consulting,Managing Counsel,Legal Services,2023-06-01,2025-07-11,false,2025-07-11,crm_import
3052,1,8916,Cedar & Finch Consulting,General Counsel,Legal Services,2026-05-13,,true,2026-05-15,crm_import
3053,1,10043,Silver Maple Holdings,Chief Financial Officer,Financial Services,2012-05-15,2015-06-10,false,2015-06-10,crm_import
3054,1,10043,Silver Maple Holdings,Chief Financial Officer,Financial Services,2015-06-11,,true,2026-02-26,profile_enrichment
3055,1,11297,Northbridge Academy,Assistant Professor,Education,2009-04-03,2013-04-05,false,2013-04-05,profile_enrichment
3056,1,11297,Juniper Education Group,Lecturer,Education,2005-03-19,2008-11-29,false,2008-11-29,crm_import
3057,1,11297,Open Learning Network,Associate Professor,Education,2013-04-06,,true,2023-01-30,profile_enrichment
3058,1,15708,Summit Grove Partners,Vice President of Finance,Financial Services,2006-02-23,2009-06-04,false,2009-06-04,profile_enrichment
3059,1,15708,Summit Grove Partners,Director of Finance,Financial Services,2002-09-09,2006-02-22,false,2006-02-22,crm_import
3060,1,15708,Granite Advisory,Senior Finance Manager,Financial Services,2000-04-22,2002-09-08,false,2002-09-08,crm_import
3061,1,15708,Summit Grove Partners,Chief Financial Officer,Financial Services,2010-02-26,,true,2021-05-03,profile_enrichment
3062,1,8083,Arcfield Manufacturing,Director of Operations,Manufacturing,2012-02-03,,true,2025-08-02,crm_import
3063,1,17980,Open Learning Network,Dean,Education,2019-10-15,,true,2019-10-29,profile_enrichment
3064,1,11385,Open Learning Network,Professor,Education,2011-06-22,2014-01-22,false,2014-01-22,profile_enrichment
3065,1,11385,Open Learning Network,Associate Professor,Education,2008-08-14,2011-06-21,false,2011-06-21,profile_enrichment
3066,1,11385,Northbridge Academy,Department Chair,Education,2014-01-23,,true,2025-03-03,profile_enrichment
3067,1,19434,Arcfield Medical,Director of Operations,Healthcare,2013-06-15,,true,2022-02-11,crm_import
3068,1,5391,Redwood Creative,Program Director,Media,2025-10-22,,true,2026-04-06,profile_enrichment
3069,1,9921,Cedar Ridge Education,Dean,Education,2026-04-07,,true,2026-05-31,crm_import
3070,1,10128,Youth Arts Collaborative,Director of Programs,Nonprofit,2006-01-03,2009-10-19,false,2009-10-19,crm_import
3071,1,10128,Metro Community Foundation,Senior Program Manager,Nonprofit,2001-05-11,2006-01-02,false,2006-01-02,crm_import
3072,1,10128,Community Innovation Council,Program Manager,Nonprofit,1995-02-02,2000-12-14,false,2000-12-14,profile_enrichment
3073,1,10128,Youth Arts Collaborative,Vice President of Programs,Nonprofit,2010-01-23,,true,2014-09-15,profile_enrichment
3074,1,18959,Orchard Studio,Senior Producer,Media,2007-09-30,2013-01-05,false,2013-01-05,crm_import
3075,1,18959,Mariner Media Group,Program Director,Media,2013-01-06,,true,2017-08-13,profile_enrichment
3076,1,14312,Arcfield Medical,Chief Operating Officer,Healthcare,2022-02-25,,true,2023-08-14,crm_import
3077,1,8529,Regional Health Partners,Senior Program Manager,Healthcare,2022-03-08,2024-09-30,false,2024-09-30,crm_import
3078,1,8529,Regional Health Partners,Director of Operations,Healthcare,2024-10-01,,true,2025-08-12,profile_enrichment
3079,1,12418,Arcfield Manufacturing,Vice President of Operations,Manufacturing,2022-08-14,2025-11-28,false,2025-11-28,crm_import
3080,1,12418,Arcfield Manufacturing,President,Manufacturing,2025-11-29,,true,2026-01-16,profile_enrichment
3081,1,1910,Redwood Holdings,Vice President of Operations,Manufacturing,2019-06-14,,true,2020-11-23,crm_import
3082,1,5127,Arcfield Manufacturing,Senior Operations Manager,Manufacturing,2021-05-05,,true,2021-05-28,crm_import
3083,1,13260,Clearwater Manufacturing,Vice President of Operations,Manufacturing,2008-03-19,2013-01-25,false,2013-01-25,crm_import
3084,1,13260,Clearwater Manufacturing,Director of Operations,Manufacturing,2005-12-19,2008-03-18,false,2008-03-18,crm_import
3085,1,13260,Clearwater Manufacturing,President,Manufacturing,2013-01-26,,true,2025-12-21,profile_enrichment
3086,1,2527,Orchard Studio,President,Media,2010-04-20,,true,2026-01-19,crm_import
3087,1,12244,Regional Health Partners,Vice President of Operations,Healthcare,2017-07-22,,true,2019-10-11,profile_enrichment
3088,1,15706,Clearwater Manufacturing,Vice President of Operations,Manufacturing,2012-08-28,,true,2014-02-10,profile_enrichment
3089,1,4809,Metro Community Foundation,Program Manager,Nonprofit,2017-09-06,2022-11-17,false,2022-11-17,crm_import
3090,1,4809,Youth Arts Collaborative,Senior Program Manager,Nonprofit,2022-11-18,,true,2023-05-12,profile_enrichment
3091,1,16908,Beacon Software Group,Analyst,Technology,2016-11-16,2020-02-15,false,2020-02-15,profile_enrichment
3092,1,16908,Mariner Labs,Analyst,Technology,2012-10-26,2016-11-15,false,2016-11-15,crm_import
3093,1,16908,Mariner Labs,Analyst,Technology,2009-03-24,2012-03-27,false,2012-03-27,crm_import
3094,1,16908,Northstar Systems,Software Engineer,Technology,2020-02-16,,true,2023-10-15,crm_import
3095,1,6117,Mariner Labs,Vice President of Engineering,Technology,2011-07-08,2014-07-11,false,2014-07-11,crm_import
3096,1,6117,Blue Lantern Technologies,Senior Software Engineer,Technology,2006-10-15,2011-07-07,false,2011-07-07,profile_enrichment
3097,1,6117,Blue Lantern Technologies,Director of Engineering,Technology,2015-02-09,,true,2024-06-15,profile_enrichment
3098,1,14987,Granite Industrial Group,Vice President of Operations,Manufacturing,2018-02-27,2023-05-29,false,2023-05-29,crm_import
3099,1,14987,Arcfield Manufacturing,President,Manufacturing,2023-05-30,,true,2023-12-23,profile_enrichment
3100,1,12334,Clearwater Manufacturing,Senior Operations Manager,Manufacturing,2020-07-26,,true,2023-05-11,crm_import
3101,1,298,Stonebridge Financial,Finance Manager,Financial Services,2018-04-03,2023-09-15,false,2023-09-15,crm_import
3102,1,298,Stonebridge Financial,Associate,Financial Services,2016-03-27,2018-04-02,false,2018-04-02,crm_import
3103,1,298,Summit Grove Partners,Senior Finance Manager,Financial Services,2024-10-18,,true,2026-01-05,crm_import
3104,1,4934,Blue Lantern Technologies,Vice President of Engineering,Technology,2025-05-07,,true,2026-03-22,profile_enrichment
3105,1,13534,Arcfield Medical,Chief Operating Officer,Healthcare,2021-01-03,,true,2023-06-26,profile_enrichment
3106,1,11583,Cedar & Finch Consulting,Associate Counsel,Legal Services,2016-08-30,2019-08-30,false,2019-08-30,crm_import
3107,1,11583,Beacon Legal Group,Legal Analyst,Legal Services,2012-04-22,2016-08-29,false,2016-08-29,crm_import
3108,1,11583,Pinecrest Partners,Counsel,Legal Services,2020-09-30,,true,2023-02-16,profile_enrichment
3109,1,8510,Cedar & Finch Consulting,Legal Analyst,Legal Services,2010-11-01,2016-01-17,false,2016-01-17,crm_import
3110,1,8510,Cedar & Finch Consulting,Associate Counsel,Legal Services,2016-01-18,,true,2017-02-15,crm_import
3111,1,4717,Redwood Creative,Managing Director,Media,2012-11-02,,true,2023-03-14,profile_enrichment
3112,1,2932,Granite Advisory,Finance Manager,Financial Services,2016-07-25,,true,2024-12-16,crm_import
3113,1,15753,CivicWorks Collaborative,,Nonprofit,2020-05-08,,true,2024-10-16,crm_import
3114,1,8873,Northstar Systems,Senior Software Engineer,Technology,2008-02-03,2012-12-25,false,2012-12-25,crm_import
3115,1,8873,Beacon Software Group,Software Engineer,Technology,2004-04-11,2008-02-02,false,2008-02-02,crm_import
3116,1,8873,Mariner Labs,Engineering Manager,Technology,2012-12-26,,true,2019-10-10,crm_import
3117,1,2383,Youth Arts Collaborative,Board Member,Education,2017-05-16,2019-12-30,false,2019-12-30,profile_enrichment
3118,1,2383,Community Innovation Council,Executive Director,Nonprofit,2019-07-23,,true,2024-04-04,profile_enrichment
3119,1,6414,Cedar Ridge Education,Dean,Education,2018-05-01,,true,2020-07-17,crm_import
3120,1,468,Northstar Systems,Director of Engineering,Technology,2014-08-01,2020-05-10,false,2020-05-10,profile_enrichment
3121,1,468,Mariner Labs,Vice President of Engineering,Technology,2020-05-11,,true,2020-06-12,profile_enrichment
3122,1,19582,Cedar & Finch Consulting,Managing Counsel,Legal Services,2008-07-03,2012-08-17,false,2012-08-17,crm_import
3123,1,19582,Pinecrest Partners,Senior Counsel,Legal Services,2004-01-18,2008-07-02,false,2008-07-02,crm_import
3124,1,19582,Cedar & Finch Consulting,General Counsel,Legal Services,2012-08-18,,true,2024-11-08,profile_enrichment
3125,1,8586,Arcfield Medical,Program Analyst,Healthcare,2021-01-07,2025-06-22,false,2025-06-22,crm_import
3126,1,8586,Clearwater Health Group,Program Analyst,Healthcare,2017-07-31,2021-01-06,false,2021-01-06,profile_enrichment
3127,1,8586,Clearwater Health Group,Program Analyst,Healthcare,2013-07-27,2016-12-24,false,2016-12-24,crm_import
3128,1,8586,Regional Health Partners,Program Manager,Healthcare,2025-06-23,,true,2026-05-14,profile_enrichment
3129,1,13888,Youth Arts Collaborative,Senior Program Manager,Nonprofit,2021-02-28,2024-10-15,false,2024-10-15,profile_enrichment
3130,1,13888,Youth Arts Collaborative,Director of Programs,Nonprofit,2025-03-03,,true,2025-07-24,crm_import
3131,1,3798,Silver Maple Holdings,Senior Finance Manager,Financial Services,2025-04-17,,true,2026-06-28,profile_enrichment
3132,1,10340,Stonebridge Financial,Vice President of Finance,Financial Services,2022-09-06,2024-12-12,false,2024-12-12,crm_import
3133,1,10340,Stonebridge Financial,Chief Financial Officer,Financial Services,2024-12-13,,true,2026-03-19,crm_import
3134,1,16005,Clearwater Manufacturing,Vice President of Operations,Manufacturing,2014-11-04,,true,2020-03-02,crm_import
3135,1,4091,Granite Advisory,Director of Finance,Financial Services,2019-06-13,,true,2021-12-14,profile_enrichment
3136,1,19604,Beacon Software Group,Analyst,Technology,2017-06-11,2023-04-30,false,2023-04-30,crm_import
3137,1,19604,Blue Lantern Technologies,Software Engineer,Technology,2023-05-01,,true,2024-01-16,crm_import
3138,1,3327,Juniper Education Group,Associate Professor,Education,2007-06-04,2010-02-21,false,2010-02-21,profile_enrichment
3139,1,3327,Northbridge Academy,Assistant Professor,Education,2005-01-16,2007-06-03,false,2007-06-03,crm_import
3140,1,3327,Cedar Ridge Education,Lecturer,Education,2000-10-27,2005-01-15,false,2005-01-15,crm_import
3141,1,3327,Open Learning Network,Professor,Education,2010-02-22,,true,2024-06-19,profile_enrichment
3142,1,5124,Redwood Creative,Program Director,Media,2023-12-16,,true,2025-08-18,crm_import
3143,1,6771,Granite Industrial Group,President,Manufacturing,2014-10-05,,true,2022-02-26,profile_enrichment
3144,1,12293,Community Innovation Council,,Nonprofit,2025-09-06,,true,2026-04-18,profile_enrichment
3145,1,5468,CivicWorks Collaborative,Vice President of Programs,Nonprofit,2021-05-30,2025-11-09,false,2025-11-09,profile_enrichment
3146,1,5468,Youth Arts Collaborative,Director of Programs,Nonprofit,2018-07-05,2021-05-29,false,2021-05-29,crm_import
3147,1,5468,Youth Arts Collaborative,Senior Program Manager,Nonprofit,2015-08-05,2017-08-09,false,2017-08-09,crm_import
3148,1,5468,CivicWorks Collaborative,Executive Director,Nonprofit,2025-11-10,,true,2026-06-27,crm_import
3149,1,9097,Redwood Holdings,Vice President of Operations,Manufacturing,2017-07-17,,true,2025-03-27,profile_enrichment
3150,1,17999,Clearwater Health Group,Program Manager,Healthcare,2019-12-20,2024-08-22,false,2024-08-22,crm_import
3151,1,17999,Arcfield Medical,Program Analyst,Healthcare,2017-09-07,2019-12-19,false,2019-12-19,profile_enrichment
3152,1,17999,Arcfield Medical,Senior Program Manager,Healthcare,2024-08-23,,true,2026-04-28,profile_enrichment
3153,1,3688,Clearwater Manufacturing,Vice President of Operations,Manufacturing,2014-05-25,,true,2014-06-25,profile_enrichment
3154,1,7718,Orchard Studio,Senior Producer,Media,2019-08-09,2025-06-27,false,2025-06-27,profile_enrichment
3155,1,7718,Redwood Creative,Producer,Media,2015-01-28,2019-08-08,false,2019-08-08,profile_enrichment
3156,1,7718,Orchard Studio,Program Director,Media,2025-06-28,,true,2025-12-30,profile_enrichment
3157,1,9663,Youth Arts Collaborative,Volunteer Treasurer,Education,2010-12-18,2014-10-24,false,2014-10-24,profile_enrichment
3158,1,9663,Lakeshore Media,Senior Producer,Media,2014-06-10,,true,2026-07-23,profile_enrichment
3159,1,16665,Mariner Media Group,Program Director,Media,2015-03-20,,true,2022-12-15,profile_enrichment
3160,1,15432,Arcfield Medical,Senior Program Manager,Healthcare,2016-08-21,2022-08-15,false,2022-08-15,crm_import
3161,1,15432,Arcfield Medical,Program Manager,Healthcare,2011-10-06,2016-08-20,false,2016-08-20,crm_import
3162,1,15432,Arcfield Medical,Director of Operations,Healthcare,2022-08-16,,true,2023-01-07,crm_import
3163,1,13991,Redwood Holdings,Operations Manager,Manufacturing,2013-06-08,,true,2021-04-29,profile_enrichment
3164,1,9681,Harbor Street Counsel,Associate Counsel,Legal Services,2010-05-02,,true,2020-08-23,profile_enrichment
3165,1,154,Silver Maple Holdings,Director of Finance,Financial Services,2014-11-03,,true,2014-11-20,profile_enrichment
3166,1,17870,Arcfield Manufacturing,Operations Analyst,Manufacturing,2010-01-10,2015-02-25,false,2015-02-25,crm_import
3167,1,17870,Clearwater Manufacturing,Operations Analyst,Manufacturing,2005-08-14,2010-01-09,false,2010-01-09,crm_import
3168,1,17870,Arcfield Manufacturing,Operations Manager,Manufacturing,2016-02-22,,true,2020-06-18,crm_import
3169,1,13463,Regional Health Partners,Director of Operations,Healthcare,2024-11-28,,true,2026-03-01,crm_import
3170,1,5843,Clearwater Health Group,Director of Operations,Healthcare,2020-06-11,2025-09-25,false,2025-09-25,crm_import
3171,1,5843,Clearwater Health Group,Vice President of Operations,Healthcare,2025-09-26,,true,2026-06-08,profile_enrichment
3172,1,244,Northbridge Academy,,Education,2011-11-26,,true,2014-07-04,crm_import
3173,1,15188,Lakeshore Media,Program Director,Media,2020-01-18,2025-05-12,false,2025-05-12,crm_import
3174,1,15188,Mariner Media Group,Senior Producer,Media,2015-01-11,2020-01-17,false,2020-01-17,crm_import
3175,1,15188,Lakeshore Media,Managing Director,Media,2025-05-13,,true,2026-01-12,profile_enrichment
3176,1,13402,Beacon Legal Group,Counsel,Legal Services,2015-08-05,2019-07-12,false,2019-07-12,profile_enrichment
3177,1,13402,Pinecrest Partners,Senior Counsel,Legal Services,2019-11-25,,true,2019-12-14,profile_enrichment
3178,1,16910,Youth Arts Collaborative,Vice President of Programs,Nonprofit,2013-06-11,,true,2023-01-02,profile_enrichment
3179,1,19511,Silver Maple Holdings,Finance Manager,Financial Services,2010-05-06,,true,2015-01-05,crm_import
3180,1,4183,Regional Health Partners,Program Analyst,Healthcare,2013-12-01,2017-03-02,false,2017-03-02,crm_import
3181,1,4183,Clearwater Health Group,Program Analyst,Healthcare,2008-04-05,2012-12-07,false,2012-12-07,crm_import
3182,1,4183,Harborline Health,Program Manager,Healthcare,2018-07-27,,true,2023-04-25,crm_import
3183,1,15066,Metro Community Foundation,Director of Programs,Nonprofit,2020-09-11,2026-01-09,false,2026-01-09,crm_import
3184,1,15066,Metro Community Foundation,Vice President of Programs,Nonprofit,2026-01-10,,true,2026-06-04,profile_enrichment
3185,1,557,Community Innovation Council,Vice President of Programs,Nonprofit,2018-04-19,,true,2022-11-17,profile_enrichment
3186,1,7038,Open Learning Network,Assistant Professor,Education,2022-08-29,,true,2023-01-13,profile_enrichment
3187,1,15185,Harbor Street Counsel,General Counsel,Legal Services,2012-04-09,,true,2025-11-07,crm_import
3188,1,10341,Orchard Studio,President,Media,2025-04-04,,true,2025-06-01,profile_enrichment
3189,1,19176,Northstar Systems,Chief Technology Officer,Technology,2010-08-08,,true,2014-11-01,profile_enrichment
3190,1,5335,Orchard Studio,Senior Producer,Media,2023-05-01,2026-01-26,false,2026-01-26,crm_import
3191,1,5335,Orchard Studio,Program Director,Media,2026-01-27,,true,2026-07-29,profile_enrichment
3192,1,16529,Pinecrest Partners,Associate Counsel,Legal Services,2009-10-29,2012-11-16,false,2012-11-16,profile_enrichment
3193,1,16529,Pinecrest Partners,Counsel,Legal Services,2012-11-17,,true,2016-06-25,profile_enrichment
3194,1,19893,Arcfield Manufacturing,President,Manufacturing,2018-08-11,,true,2022-06-11,crm_import
3195,1,9128,Harbor Street Counsel,Senior Counsel,Legal Services,2012-01-01,2014-09-30,false,2014-09-30,crm_import
3196,1,9128,Beacon Legal Group,Counsel,Legal Services,2006-06-25,2011-12-31,false,2011-12-31,crm_import
3197,1,9128,Beacon Legal Group,Associate Counsel,Legal Services,2002-06-28,2006-06-24,false,2006-06-24,crm_import
3198,1,9128,Beacon Legal Group,Managing Counsel,Legal Services,2014-10-01,,true,2019-09-29,profile_enrichment
3199,1,6383,Granite Advisory,Vice President of Finance,Financial Services,2022-01-01,2025-01-23,false,2025-01-23,crm_import
3200,1,6383,Granite Advisory,Chief Financial Officer,Financial Services,2025-01-24,,true,2025-10-27,crm_import
3201,1,12487,Stonebridge Financial,Finance Manager,Financial Services,2017-02-26,,true,2020-03-02,profile_enrichment
3202,1,10055,Community Innovation Council,Director of Programs,Nonprofit,2013-02-15,,true,2014-09-27,profile_enrichment
3203,1,19635,Redwood Creative,Producer,Media,2008-11-07,2012-02-23,false,2012-02-23,crm_import
3204,1,19635,Redwood Creative,Coordinator,Media,2004-05-04,2008-11-06,false,2008-11-06,crm_import
3205,1,19635,Redwood Creative,Coordinator,Media,2001-07-25,2004-05-03,false,2004-05-03,profile_enrichment
3206,1,19635,Open Learning Network,Board Member,Consulting,2009-08-21,2012-08-12,false,2012-08-12,profile_enrichment
3207,1,19635,Lakeshore Media,Senior Producer,Media,2012-02-24,,true,2012-10-23,profile_enrichment
3208,1,5566,Orchard Studio,Program Director,Media,2019-12-15,2025-11-23,false,2025-11-23,crm_import
3209,1,5566,Orchard Studio,Senior Producer,Media,2017-05-14,2019-12-14,false,2019-12-14,crm_import
3210,1,5566,Redwood Creative,Producer,Media,2013-02-26,2017-05-13,false,2017-05-13,crm_import
3211,1,5566,Orchard Studio,Managing Director,Media,2026-01-26,,true,2026-03-09,crm_import
3212,1,9759,Redwood Holdings,Vice President of Operations,Manufacturing,2020-02-07,2025-12-12,false,2025-12-12,crm_import
3213,1,9759,Arcfield Manufacturing,Director of Operations,Manufacturing,2016-12-03,2020-02-06,false,2020-02-06,crm_import
3214,1,9759,Clearwater Manufacturing,Senior Operations Manager,Manufacturing,2013-08-14,2016-12-02,false,2016-12-02,crm_import
3215,1,9759,Granite Industrial Group,President,Manufacturing,2025-12-13,,true,2026-03-11,profile_enrichment
3216,1,3594,Beacon Software Group,Director of Engineering,Technology,2015-11-28,,true,2025-01-28,crm_import
3217,1,18043,Juniper Education Group,Department Chair,Education,2021-08-08,2024-11-26,false,2024-11-26,crm_import
3218,1,18043,Juniper Education Group,Dean,Education,2024-11-27,,true,2025-06-15,crm_import
3219,1,11130,Orchard Studio,Managing Director,Media,2021-05-02,,true,2022-05-09,profile_enrichment
3220,1,14318,Granite Industrial Group,Operations Manager,Manufacturing,2021-06-07,,true,2021-10-07,profile_enrichment
3221,1,13514,Metro Community Foundation,Executive Director,Nonprofit,2012-05-16,2017-12-23,false,2017-12-23,crm_import
3222,1,13514,Youth Arts Collaborative,Executive Director,Nonprofit,2018-06-05,,true,2022-03-22,profile_enrichment
3223,1,13551,Arcfield Manufacturing,Vice President of Operations,Manufacturing,2018-08-15,,true,2026-03-17,crm_import
3224,1,2750,Mariner Labs,Senior Software Engineer,Technology,2020-07-14,2022-07-30,false,2022-07-30,crm_import
3225,1,2750,Northstar Systems,Software Engineer,Technology,2017-02-18,2019-04-10,false,2019-04-10,crm_import
3226,1,2750,Beacon Software Group,Engineering Manager,Technology,2022-07-31,,true,2023-07-23,crm_import
3227,1,10747,Orchard Studio,Managing Director,Media,2016-10-29,,true,2022-05-15,profile_enrichment
3228,1,6105,Cedar & Finch Consulting,Associate Counsel,Legal Services,2024-04-28,,true,2026-05-21,profile_enrichment
3229,1,17302,Harborline Health,Program Analyst,Healthcare,2013-11-15,2016-06-09,false,2016-06-09,profile_enrichment
3230,1,17302,Clearwater Health Group,Program Analyst,Healthcare,2008-08-06,2013-11-14,false,2013-11-14,crm_import
3231,1,17302,Arcfield Medical,Program Analyst,Healthcare,2003-12-13,2008-08-05,false,2008-08-05,crm_import
3232,1,17302,Clearwater Health Group,Program Manager,Healthcare,2017-03-26,,true,2020-04-07,profile_enrichment
3233,1,6959,Clearwater Manufacturing,Director of Operations,Manufacturing,2024-07-31,,true,2025-12-10,profile_enrichment
3234,1,3740,Arcfield Manufacturing,Senior Operations Manager,Manufacturing,2013-10-04,,true,2019-08-16,profile_enrichment
3235,1,6012,Harborline Health,Program Manager,Healthcare,2013-10-22,2018-09-06,false,2018-09-06,crm_import
3236,1,6012,Arcfield Medical,Program Analyst,Healthcare,2006-10-11,2012-09-12,false,2012-09-12,profile_enrichment
3237,1,6012,Clearwater Health Group,Senior Program Manager,Healthcare,2018-09-07,,true,2021-10-12,crm_import
3238,1,10694,Youth Arts Collaborative,,Nonprofit,2012-07-05,,true,2022-08-09,crm_import
3239,1,14067,Arcfield Medical,Vice President of Operations,Healthcare,2003-12-22,2009-09-02,false,2009-09-02,crm_import
3240,1,14067,Regional Health Partners,Chief Operating Officer,Healthcare,2010-09-08,,true,2013-02-16,crm_import
3241,1,15285,Blue Lantern Technologies,Software Engineer,Technology,2020-06-18,,true,2023-05-31,profile_enrichment
3242,1,10397,Clearwater Manufacturing,Operations Manager,Manufacturing,2024-07-08,,true,2025-03-16,crm_import
3243,1,16537,Juniper Education Group,Department Chair,Education,2014-07-08,,true,2021-03-08,profile_enrichment
3244,1,18944,Youth Arts Collaborative,Executive Director,Nonprofit,2023-02-22,,true,2024-02-27,profile_enrichment
3245,1,6206,Harborline Health,Vice President of Operations,Healthcare,2010-06-28,,true,2020-02-03,crm_import
3246,1,8621,Lakeshore Media,Producer,Media,2013-03-19,,true,2022-06-05,profile_enrichment
3247,1,1592,Pinecrest Partners,Managing Counsel,Legal Services,2014-04-10,2019-11-17,false,2019-11-17,crm_import
3248,1,1592,Beacon Legal Group,General Counsel,Legal Services,2019-11-18,,true,2023-07-23,profile_enrichment
3249,1,7676,Stonebridge Financial,Director of Finance,Financial Services,2017-03-26,2022-09-23,false,2022-09-23,crm_import
3250,1,7676,Silver Maple Holdings,Senior Finance Manager,Financial Services,2012-04-20,2017-03-25,false,2017-03-25,crm_import
3251,1,7676,Summit Grove Partners,Finance Manager,Financial Services,2008-07-13,2012-04-19,false,2012-04-19,crm_import
3252,1,7676,Silver Maple Holdings,Vice President of Finance,Financial Services,2022-09-24,,true,2024-03-12,profile_enrichment
3253,1,13075,Metro Community Foundation,Director of Programs,Nonprofit,2018-11-22,,true,2026-05-04,profile_enrichment
3254,1,2762,Mariner Media Group,Program Director,Media,2020-06-24,2025-05-15,false,2025-05-15,crm_import
3255,1,2762,Orchard Studio,Senior Producer,Media,2017-11-13,2020-06-23,false,2020-06-23,crm_import
3256,1,2762,Mariner Media Group,Managing Director,Media,2025-05-16,,true,2025-08-17,profile_enrichment
3257,1,4555,Arcfield Manufacturing,Operations Manager,Manufacturing,2020-10-27,2025-07-26,false,2025-07-26,crm_import
3258,1,4555,Granite Industrial Group,Operations Analyst,Manufacturing,2018-06-03,2020-10-26,false,2020-10-26,crm_import
3259,1,4555,Redwood Holdings,Operations Analyst,Manufacturing,2012-01-22,2017-05-17,false,2017-05-17,profile_enrichment
3260,1,4555,Redwood Holdings,Senior Operations Manager,Manufacturing,2025-07-27,,true,2026-06-09,profile_enrichment
3261,1,11624,Clearwater Health Group,Senior Program Manager,Healthcare,2008-10-21,2014-08-06,false,2014-08-06,profile_enrichment
3262,1,11624,Clearwater Health Group,Program Manager,Healthcare,2004-04-04,2008-10-20,false,2008-10-20,crm_import
3263,1,11624,Regional Health Partners,Director of Operations,Healthcare,2014-08-07,,true,2016-09-17,profile_enrichment
3264,1,2764,Northstar Systems,Director of Engineering,Technology,2014-12-16,2019-11-05,false,2019-11-05,crm_import
3265,1,2764,Beacon Software Group,Engineering Manager,Technology,2010-09-28,2013-10-22,false,2013-10-22,crm_import
3266,1,2764,Northstar Systems,Senior Software Engineer,Technology,2007-02-22,2010-09-27,false,2010-09-27,crm_import
3267,1,2764,Northstar Systems,Vice President of Engineering,Technology,2019-11-06,,true,2021-02-14,profile_enrichment
3268,1,7375,Stonebridge Financial,Director of Finance,Financial Services,2012-10-26,2016-05-31,false,2016-05-31,profile_enrichment
3269,1,7375,Silver Maple Holdings,Senior Finance Manager,Financial Services,2010-03-08,2012-10-25,false,2012-10-25,crm_import
3270,1,7375,Granite Advisory,Finance Manager,Financial Services,2005-02-05,2010-03-07,false,2010-03-07,crm_import
3271,1,7375,Silver Maple Holdings,Vice President of Finance,Financial Services,2016-06-01,,true,2021-12-09,profile_enrichment
3272,1,14567,Clearwater Manufacturing,Operations Manager,Manufacturing,2014-08-26,2017-10-21,false,2017-10-21,crm_import
3273,1,14567,Granite Industrial Group,Senior Operations Manager,Manufacturing,2017-10-22,,true,2024-11-11,profile_enrichment
3274,1,3487,Granite Advisory,Director of Finance,Financial Services,2018-07-07,2021-03-29,false,2021-03-29,crm_import
3275,1,3487,Summit Grove Partners,Senior Finance Manager,Financial Services,2014-07-16,2018-07-06,false,2018-07-06,crm_import
3276,1,3487,Summit Grove Partners,Finance Manager,Financial Services,2009-07-03,2014-07-15,false,2014-07-15,crm_import
3277,1,3487,Granite Advisory,Vice President of Finance,Financial Services,2021-03-30,,true,2023-11-25,crm_import
3278,1,7800,Harbor Street Counsel,Managing Counsel,Legal Services,2007-10-11,2010-09-29,false,2010-09-29,profile_enrichment
3279,1,7800,Cedar & Finch Consulting,Senior Counsel,Legal Services,2004-08-05,2007-10-10,false,2007-10-10,profile_enrichment
3280,1,7800,Cedar & Finch Consulting,General Counsel,Legal Services,2010-09-30,,true,2013-03-08,profile_enrichment
3281,1,15945,Juniper Education Group,Department Chair,Education,2010-07-01,2015-06-12,false,2015-06-12,profile_enrichment
3282,1,15945,Cedar Ridge Education,Professor,Education,2004-12-26,2010-06-30,false,2010-06-30,profile_enrichment
3283,1,15945,Northbridge Academy,Dean,Education,2015-06-13,,true,2017-12-17,crm_import
3284,1,2680,Mariner Labs,Vice President of Engineering,Technology,2019-06-25,,true,2022-06-28,crm_import
3285,1,7874,Northbridge Academy,Professor,Education,2011-05-25,,true,2021-09-02,profile_enrichment
3286,1,12205,Silver Maple Holdings,Finance Manager,Financial Services,2019-12-22,2023-11-18,false,2023-11-18,crm_import
3287,1,12205,Silver Maple Holdings,Associate,Financial Services,2015-02-02,2019-12-21,false,2019-12-21,profile_enrichment
3288,1,12205,Stonebridge Financial,Analyst,Financial Services,2012-02-07,2015-02-01,false,2015-02-01,crm_import
3289,1,12205,Silver Maple Holdings,Senior Finance Manager,Financial Services,2025-03-19,,true,2025-04-24,profile_enrichment
3290,1,18553,Harborline Health,Vice President of Operations,Healthcare,2021-07-21,2026-06-08,false,2026-06-08,crm_import
3291,1,18553,Harborline Health,Director of Operations,Healthcare,2018-07-26,2021-07-20,false,2021-07-20,crm_import
3292,1,18553,Regional Health Partners,Senior Program Manager,Healthcare,2014-12-08,2018-07-25,false,2018-07-25,profile_enrichment
3293,1,18553,Harborline Health,Chief Operating Officer,Healthcare,2026-06-09,,true,2026-08-22,profile_enrichment
3294,1,14863,Cedar & Finch Consulting,Senior Counsel,Legal Services,2016-09-04,,true,2018-09-17,crm_import
3295,1,11333,Beacon Legal Group,Associate Counsel,Legal Services,2010-02-05,,true,2017-12-21,crm_import
3296,1,3423,Harbor Street Counsel,Counsel,Legal Services,2016-05-18,,true,2017-09-06,profile_enrichment
3297,1,16469,Lakeshore Media,Senior Producer,Media,2008-05-10,2014-04-21,false,2014-04-21,crm_import
3298,1,16469,Redwood Creative,Producer,Media,2004-09-25,2008-05-09,false,2008-05-09,profile_enrichment
3299,1,16469,Redwood Creative,Coordinator,Media,2001-03-06,2004-09-24,false,2004-09-24,crm_import
3300,1,16469,Mariner Media Group,Program Director,Media,2014-04-22,,true,2016-10-14,profile_enrichment
3301,1,16385,CivicWorks Collaborative,Program Manager,Nonprofit,2018-05-22,,true,2020-02-26,crm_import
3302,1,14500,Community Innovation Council,Senior Program Manager,Nonprofit,2022-04-15,2025-10-28,false,2025-10-28,crm_import
3303,1,14500,Community Innovation Council,Director of Programs,Nonprofit,2025-10-29,,true,2025-11-25,crm_import
3304,1,18518,Metro Community Foundation,Senior Program Manager,Nonprofit,2020-09-15,2025-01-05,false,2025-01-05,crm_import
3305,1,18518,Youth Arts Collaborative,Program Manager,Nonprofit,2016-05-12,2020-03-14,false,2020-03-14,profile_enrichment
3306,1,18518,Metro Community Foundation,Director of Programs,Nonprofit,2025-05-12,,true,2026-04-28,crm_import
3307,1,4754,Stonebridge Financial,Finance Manager,Financial Services,2007-09-01,2013-04-30,false,2013-04-30,crm_import
3308,1,4754,Granite Advisory,Associate,Financial Services,2003-09-21,2007-08-31,false,2007-08-31,crm_import
3309,1,4754,Silver Maple Holdings,Analyst,Financial Services,1997-12-13,2003-09-20,false,2003-09-20,crm_import
3310,1,4754,Granite Advisory,Senior Finance Manager,Financial Services,2013-05-01,,true,2023-08-08,profile_enrichment
3311,1,2293,Clearwater Health Group,Senior Program Manager,Healthcare,2009-08-13,2013-07-05,false,2013-07-05,crm_import
3312,1,2293,Arcfield Medical,Program Manager,Healthcare,2006-03-20,2009-08-12,false,2009-08-12,crm_import
3313,1,2293,Arcfield Medical,Program Analyst,Healthcare,2003-12-04,2006-03-19,false,2006-03-19,crm_import
3314,1,2293,Clearwater Health Group,Director of Operations,Healthcare,2014-12-19,,true,2026-06-14,profile_enrichment
3315,1,19367,Beacon Software Group,Senior Software Engineer,Technology,2012-05-16,2018-03-19,false,2018-03-19,crm_import
3316,1,19367,Blue Lantern Technologies,Engineering Manager,Technology,2018-03-20,,true,2023-07-16,crm_import
3317,1,19859,Silver Maple Holdings,Associate,Financial Services,2010-01-21,2013-11-15,false,2013-11-15,profile_enrichment
3318,1,19859,Silver Maple Holdings,Analyst,Financial Services,2006-01-21,2010-01-20,false,2010-01-20,crm_import
3319,1,19859,Summit Grove Partners,Analyst,Financial Services,2002-09-09,2005-11-07,false,2005-11-07,crm_import
3320,1,19859,Granite Advisory,Finance Manager,Financial Services,2013-11-16,,true,2019-12-31,crm_import
3321,1,9356,Beacon Software Group,Director of Engineering,Technology,2020-04-16,2024-10-09,false,2024-10-09,crm_import
3322,1,9356,Northstar Systems,Engineering Manager,Technology,2014-08-09,2020-04-15,false,2020-04-15,crm_import
3323,1,9356,Beacon Software Group,Vice President of Engineering,Technology,2024-10-10,,true,2025-07-28,profile_enrichment
3324,1,4317,CivicWorks Collaborative,Program Coordinator,Nonprofit,2016-12-11,2019-08-05,false,2019-08-05,crm_import
3325,1,4317,Youth Arts Collaborative,Program Coordinator,Nonprofit,2014-05-19,2016-12-10,false,2016-12-10,crm_import
3326,1,4317,Youth Arts Collaborative,Program Coordinator,Nonprofit,2009-03-03,2014-05-18,false,2014-05-18,crm_import
3327,1,4317,Community Innovation Council,,Nonprofit,2019-08-06,,true,2025-11-14,profile_enrichment
3328,1,16705,Lakeshore Media,Managing Director,Media,2021-07-07,2024-12-12,false,2024-12-12,crm_import
3329,1,16705,Orchard Studio,Program Director,Media,2015-11-01,2020-09-16,false,2020-09-16,crm_import
3330,1,16705,Lakeshore Media,President,Media,2024-12-13,,true,2025-12-02,crm_import
3331,1,19508,Harbor Street Counsel,Senior Counsel,Legal Services,2010-04-18,2015-01-12,false,2015-01-12,crm_import
3332,1,19508,Harbor Street Counsel,Counsel,Legal Services,2008-02-16,2010-04-17,false,2010-04-17,crm_import
3333,1,19508,Cedar & Finch Consulting,Associate Counsel,Legal Services,2003-05-01,2006-09-07,false,2006-09-07,crm_import
3334,1,19508,Pinecrest Partners,Managing Counsel,Legal Services,2015-06-07,,true,2019-10-05,profile_enrichment
3335,1,18931,Regional Health Partners,Vice President of Operations,Healthcare,2024-12-29,,true,2025-01-23,profile_enrichment
3336,1,17768,Granite Advisory,Finance Manager,Financial Services,2021-10-16,2025-08-09,false,2025-08-09,crm_import
3337,1,17768,Silver Maple Holdings,Associate,Financial Services,2017-09-05,2021-10-15,false,2021-10-15,crm_import
3338,1,17768,Stonebridge Financial,Senior Finance Manager,Financial Services,2025-08-10,,true,2026-01-01,profile_enrichment
3339,1,10394,Lakeshore Media,President,Media,2017-12-12,,true,2024-10-21,profile_enrichment
3340,1,9355,Stonebridge Financial,Senior Finance Manager,Financial Services,2016-09-08,2022-08-10,false,2022-08-10,crm_import
3341,1,9355,Summit Grove Partners,Director of Finance,Financial Services,2022-08-11,,true,2023-09-03,crm_import
3342,1,2322,Redwood Holdings,Vice President of Operations,Manufacturing,2022-07-23,2026-07-09,false,2026-07-09,profile_enrichment
3343,1,2322,Redwood Holdings,President,Manufacturing,2026-07-10,,true,2026-08-11,crm_import
3344,1,1666,Pinecrest Partners,Counsel,Legal Services,2006-01-22,2010-04-15,false,2010-04-15,crm_import
3345,1,1666,Pinecrest Partners,Associate Counsel,Legal Services,2003-09-16,2006-01-21,false,2006-01-21,crm_import
3346,1,1666,Cedar & Finch Consulting,Senior Counsel,Legal Services,2010-06-16,,true,2021-07-04,crm_import
3347,1,17614,Northstar Systems,Software Engineer,Technology,2024-05-28,,true,2025-09-16,crm_import
3348,1,16430,Northstar Systems,Director of Engineering,Technology,2006-06-09,2011-08-17,false,2011-08-17,crm_import
3349,1,16430,Northstar Systems,Vice President of Engineering,Technology,2011-08-18,,true,2022-05-26,profile_enrichment
3350,1,16427,Beacon Software Group,Engineering Manager,Technology,2021-11-15,2026-01-25,false,2026-01-25,crm_import
3351,1,16427,Beacon Software Group,Director of Engineering,Technology,2026-01-26,,true,2026-08-02,profile_enrichment
3352,1,369,Harborline Health,Chief Operating Officer,Healthcare,2011-04-05,,true,2012-01-20,crm_import
3353,1,7804,Mariner Media Group,Producer,Media,2020-09-29,2024-09-02,false,2024-09-02,crm_import
3354,1,7804,Redwood Creative,Coordinator,Media,2018-02-04,2020-09-28,false,2020-09-28,crm_import
3355,1,7804,Orchard Studio,Coordinator,Media,2015-02-05,2017-07-19,false,2017-07-19,profile_enrichment
3356,1,7804,Lakeshore Media,Senior Producer,Media,2024-09-03,,true,2024-09-15,profile_enrichment
3357,1,1191,Harbor Street Counsel,Senior Counsel,Legal Services,2019-06-14,2024-09-11,false,2024-09-11,crm_import
3358,1,1191,Beacon Legal Group,Counsel,Legal Services,2015-02-19,2019-06-13,false,2019-06-13,crm_import
3359,1,1191,Beacon Legal Group,Associate Counsel,Legal Services,2012-11-04,2015-02-18,false,2015-02-18,crm_import
3360,1,1191,Harbor Street Counsel,Managing Counsel,Legal Services,2025-11-20,,true,2026-01-06,crm_import
3361,1,9925,Juniper Education Group,,Education,2011-12-24,,true,2020-09-02,crm_import
3362,1,4052,Beacon Software Group,Chief Technology Officer,Technology,2022-10-11,,true,2024-10-18,profile_enrichment
3363,1,17578,Granite Industrial Group,Operations Analyst,Manufacturing,2012-03-03,2017-03-17,false,2017-03-17,crm_import
3364,1,17578,Redwood Holdings,Operations Manager,Manufacturing,2017-03-18,,true,2017-08-23,profile_enrichment
3365,1,18510,Granite Industrial Group,Director of Operations,Manufacturing,2020-10-17,2024-03-04,false,2024-03-04,crm_import
3366,1,18510,Arcfield Manufacturing,Senior Operations Manager,Manufacturing,2017-02-04,2020-10-16,false,2020-10-16,crm_import
3367,1,18510,Granite Industrial Group,Vice President of Operations,Manufacturing,2025-02-20,,true,2026-08-27,profile_enrichment
3368,1,4261,Granite Industrial Group,Senior Operations Manager,Manufacturing,2016-05-31,2021-05-03,false,2021-05-03,crm_import
3369,1,4261,Clearwater Manufacturing,Operations Manager,Manufacturing,2014-01-13,2016-05-30,false,2016-05-30,crm_import
3370,1,4261,Redwood Holdings,Operations Analyst,Manufacturing,2010-08-02,2014-01-12,false,2014-01-12,profile_enrichment
3371,1,4261,Arcfield Manufacturing,Director of Operations,Manufacturing,2021-05-04,,true,2025-04-09,crm_import
3372,1,14296,Blue Lantern Technologies,Director of Engineering,Technology,2010-03-17,,true,2011-07-04,profile_enrichment
3373,1,10805,Harbor Street Counsel,General Counsel,Legal Services,2026-03-07,,true,2026-07-07,crm_import
3374,1,495,Summit Grove Partners,Vice President of Finance,Financial Services,2022-02-11,2025-05-06,false,2025-05-06,crm_import
3375,1,495,Summit Grove Partners,Chief Financial Officer,Financial Services,2025-05-07,,true,2026-07-14,profile_enrichment
3376,1,18713,Beacon Legal Group,Senior Counsel,Legal Services,2020-04-16,,true,2024-07-09,profile_enrichment
3377,1,13420,Youth Arts Collaborative,Vice President of Programs,Nonprofit,2013-08-15,,true,2014-09-25,crm_import
3378,1,18419,CivicWorks Collaborative,Senior Program Manager,Nonprofit,2023-05-25,2025-06-07,false,2025-06-07,crm_import
3379,1,18419,Youth Arts Collaborative,Program Manager,Nonprofit,2021-03-11,2023-05-24,false,2023-05-24,crm_import
3380,1,18419,Youth Arts Collaborative,Program Coordinator,Nonprofit,2018-07-15,2021-03-10,false,2021-03-10,profile_enrichment
3381,1,18419,CivicWorks Collaborative,Director of Programs,Nonprofit,2025-06-08,,true,2026-02-24,profile_enrichment
3382,1,1136,Beacon Legal Group,Senior Counsel,Legal Services,2008-11-29,2011-07-26,false,2011-07-26,crm_import
3383,1,1136,Beacon Legal Group,Managing Counsel,Legal Services,2011-07-27,,true,2016-06-05,profile_enrichment
3384,1,11423,Community Innovation Council,Director of Programs,Nonprofit,2017-12-16,,true,2025-11-21,profile_enrichment
3385,1,4710,Harborline Health,Chief Operating Officer,Healthcare,2013-05-19,,true,2022-08-12,profile_enrichment
3386,1,7843,Open Learning Network,Associate Professor,Education,2022-06-15,2024-09-07,false,2024-09-07,crm_import
3387,1,7843,Juniper Education Group,Professor,Education,2024-09-08,,true,2024-10-06,profile_enrichment
3388,1,11936,Redwood Holdings,President,Manufacturing,2012-03-01,2015-04-03,false,2015-04-03,profile_enrichment
3389,1,11936,Clearwater Manufacturing,,Manufacturing,2015-04-04,,true,2015-04-16,crm_import
3390,1,17565,Community Innovation Council,Program Manager,Nonprofit,2025-10-06,,true,2026-01-28,crm_import
3391,1,7410,Community Innovation Council,Vice President of Programs,Nonprofit,2014-08-27,,true,2026-08-12,crm_import
3392,1,19062,Youth Arts Collaborative,Part-Time Lecturer,Education,2014-04-13,2017-08-31,false,2017-08-31,profile_enrichment
3393,1,19062,Pinecrest Partners,Managing Counsel,Legal Services,2017-04-07,,true,2025-08-28,profile_enrichment
3394,1,15642,Granite Advisory,Associate,Financial Services,2021-06-24,,true,2024-11-29,crm_import
3395,1,7825,Lakeshore Media,Producer,Media,2015-06-07,2018-04-27,false,2018-04-27,crm_import
3396,1,7825,Orchard Studio,Coordinator,Media,2010-08-11,2014-08-06,false,2014-08-06,crm_import
3397,1,7825,Redwood Creative,Coordinator,Media,2006-07-22,2010-08-10,false,2010-08-10,profile_enrichment
3398,1,7825,Lakeshore Media,Senior Producer,Media,2018-04-28,,true,2024-07-22,crm_import
3399,1,5487,Lakeshore Media,Program Director,Media,2020-01-26,,true,2025-07-17,profile_enrichment
3400,1,8454,Beacon Software Group,Vice President of Engineering,Technology,2014-08-07,,true,2016-01-21,profile_enrichment
3401,1,15664,Lakeshore Media,Managing Director,Media,2020-05-14,,true,2021-02-18,profile_enrichment
3402,1,16857,Juniper Education Group,Associate Professor,Education,2013-09-15,,true,2021-05-26,profile_enrichment
3403,1,16562,CivicWorks Collaborative,Senior Program Manager,Nonprofit,2012-10-13,2015-03-04,false,2015-03-04,crm_import
3404,1,16562,Youth Arts Collaborative,Program Manager,Nonprofit,2006-02-21,2011-10-06,false,2011-10-06,crm_import
3405,1,16562,CivicWorks Collaborative,Program Coordinator,Nonprofit,1999-12-13,2005-07-05,false,2005-07-05,crm_import
3406,1,16562,Community Innovation Council,Director of Programs,Nonprofit,2015-03-05,,true,2023-12-09,crm_import
3407,1,7085,Stonebridge Financial,Chief Financial Officer,Financial Services,2026-03-06,,true,2026-03-06,profile_enrichment
3408,1,13293,Granite Industrial Group,Director of Operations,Manufacturing,2020-04-01,2025-03-19,false,2025-03-19,crm_import
3409,1,13293,Redwood Holdings,Operations Analyst,Manufacturing,2017-05-22,2020-03-31,false,2020-03-31,crm_import
3410,1,13293,Clearwater Manufacturing,Senior Operations Manager,Manufacturing,2025-03-20,,true,2026-07-09,profile_enrichment
3411,1,3332,Pinecrest Partners,Senior Counsel,Legal Services,2018-06-20,,true,2023-06-17,profile_enrichment
3412,1,9855,Community Innovation Council,Senior Program Manager,Nonprofit,2017-05-25,,true,2022-07-02,crm_import
3413,1,3425,Granite Industrial Group,Director of Operations,Manufacturing,2018-12-11,2021-06-21,false,2021-06-21,profile_enrichment
3414,1,3425,Granite Industrial Group,Senior Operations Manager,Manufacturing,2015-03-06,2018-12-10,false,2018-12-10,crm_import
3415,1,3425,Redwood Holdings,Operations Manager,Manufacturing,2012-05-21,2015-03-05,false,2015-03-05,crm_import
3416,1,3425,Redwood Holdings,,Manufacturing,2021-06-22,,true,2021-11-05,crm_import
3417,1,12607,Open Learning Network,Dean,Education,2017-07-02,2022-09-23,false,2022-09-23,crm_import
3418,1,12607,Northbridge Academy,Associate Professor,Education,2011-09-16,2017-07-01,false,2017-07-01,crm_import
3419,1,12607,Open Learning Network,Assistant Professor,Education,2007-12-20,2011-09-15,false,2011-09-15,crm_import
3420,1,12607,Cedar Ridge Education,Department Chair,Education,2022-09-24,,true,2024-07-16,profile_enrichment
3421,1,5153,Mariner Media Group,President,Media,2024-12-25,,true,2025-03-25,crm_import
3422,1,6130,Stonebridge Financial,Director of Finance,Financial Services,2010-05-29,,true,2014-03-04,crm_import
3423,1,4850,Regional Health Partners,Senior Program Manager,Healthcare,2008-01-05,2012-03-06,false,2012-03-06,profile_enrichment
3424,1,4850,Clearwater Health Group,Program Manager,Healthcare,2004-07-31,2008-01-04,false,2008-01-04,crm_import
3425,1,4850,Community Innovation Council,Part-Time Lecturer,Education,2010-05-04,2012-10-28,false,2012-10-28,profile_enrichment
3426,1,4850,Harborline Health,Director of Operations,Healthcare,2012-06-12,,true,2012-10-20,profile_enrichment
3427,1,1670,Regional Health Partners,Chief Operating Officer,Healthcare,2023-08-29,,true,2024-06-01,crm_import
3428,1,2294,Clearwater Manufacturing,Director of Operations,Manufacturing,2012-08-11,2015-10-23,false,2015-10-23,crm_import
3429,1,2294,Redwood Holdings,Senior Operations Manager,Manufacturing,2007-02-09,2011-12-19,false,2011-12-19,crm_import
3430,1,2294,Granite Industrial Group,Operations Manager,Manufacturing,2002-11-08,2006-01-04,false,2006-01-04,crm_import
3431,1,2294,Arcfield Manufacturing,Vice President of Operations,Manufacturing,2015-10-24,,true,2022-09-07,profile_enrichment
3432,1,5897,Clearwater Health Group,Senior Program Manager,Healthcare,2014-06-24,,true,2020-05-22,profile_enrichment
3433,1,8958,Community Innovation Council,Director of Programs,Nonprofit,2021-12-01,2026-05-05,false,2026-05-05,crm_import
3434,1,8958,Community Innovation Council,Vice President of Programs,Nonprofit,2026-05-06,,true,2026-05-27,profile_enrichment
3435,1,18765,Orchard Studio,Senior Producer,Media,2019-05-21,,true,2020-01-29,crm_import
3436,1,13810,Cedar & Finch Consulting,Counsel,Legal Services,2012-04-30,,true,2019-03-20,crm_import
3437,1,1224,Mariner Labs,Chief Technology Officer,Technology,2013-08-01,,true,2018-04-03,profile_enrichment
3438,1,3444,Clearwater Health Group,Chief Operating Officer,Healthcare,2026-05-06,,true,2026-06-02,profile_enrichment
3439,1,9987,Silver Maple Holdings,Chief Financial Officer,Financial Services,2014-05-18,,true,2023-09-12,profile_enrichment
3440,1,15078,Community Innovation Council,Program Coordinator,Nonprofit,2017-10-16,2022-04-02,false,2022-04-02,crm_import
3441,1,15078,CivicWorks Collaborative,Program Coordinator,Nonprofit,2012-11-10,2017-10-15,false,2017-10-15,crm_import
3442,1,15078,Youth Arts Collaborative,Program Coordinator,Nonprofit,2007-11-08,2012-11-09,false,2012-11-09,profile_enrichment
3443,1,15078,CivicWorks Collaborative,Program Manager,Nonprofit,2022-04-03,,true,2022-07-17,profile_enrichment
3444,1,8543,Open Learning Network,Assistant Professor,Education,2025-06-13,,true,2026-01-18,profile_enrichment
3445,1,454,Northstar Systems,Vice President of Engineering,Technology,2013-06-14,2018-04-08,false,2018-04-08,crm_import
3446,1,454,Blue Lantern Technologies,Chief Technology Officer,Technology,2018-04-09,,true,2024-05-04,profile_enrichment
3447,1,19884,Metro Community Foundation,Strategic Advisor,Nonprofit,2010-12-08,2015-02-03,false,2015-02-03,profile_enrichment
3448,1,19884,Redwood Creative,Program Director,Media,2014-08-29,,true,2018-09-26,profile_enrichment
3449,1,14402,CivicWorks Collaborative,Director of Programs,Nonprofit,2012-12-07,,true,2020-01-05,profile_enrichment
3450,1,19291,Clearwater Manufacturing,,Manufacturing,2020-01-11,,true,2026-08-09,profile_enrichment
3451,1,7430,Open Learning Network,Dean,Education,2026-04-04,,true,2026-07-06,crm_import
3452,1,17038,Arcfield Medical,Director of Operations,Healthcare,2010-11-16,,true,2015-07-21,profile_enrichment
3453,1,7336,Granite Industrial Group,Director of Operations,Manufacturing,2005-04-13,2009-05-08,false,2009-05-08,crm_import
3454,1,7336,Clearwater Manufacturing,Senior Operations Manager,Manufacturing,1999-10-05,2005-04-12,false,2005-04-12,crm_import
3455,1,7336,Arcfield Manufacturing,Operations Manager,Manufacturing,1995-02-15,1999-10-04,false,1999-10-04,crm_import
3456,1,7336,Granite Industrial Group,Vice President of Operations,Manufacturing,2010-04-20,,true,2023-05-04,profile_enrichment
3457,1,17897,Open Learning Network,Department Chair,Education,2019-08-29,2024-04-14,false,2024-04-14,crm_import
3458,1,17897,Northbridge Academy,Dean,Education,2024-04-15,,true,2025-08-22,profile_enrichment
3459,1,7416,Granite Advisory,Senior Finance Manager,Financial Services,2014-06-30,2017-03-15,false,2017-03-15,crm_import
3460,1,7416,Granite Advisory,Finance Manager,Financial Services,2010-09-01,2014-06-29,false,2014-06-29,crm_import
3461,1,7416,Stonebridge Financial,Associate,Financial Services,2007-09-15,2010-08-31,false,2010-08-31,crm_import
3462,1,7416,Silver Maple Holdings,Director of Finance,Financial Services,2017-03-16,,true,2022-02-09,crm_import
3463,1,190,Lakeshore Media,,Media,2019-05-30,,true,2023-04-06,crm_import
3464,1,798,Granite Industrial Group,President,Manufacturing,2012-01-19,,true,2013-08-07,crm_import
3465,1,9310,Harbor Street Counsel,Senior Counsel,Legal Services,2020-08-06,2025-06-07,false,2025-06-07,crm_import
3466,1,9310,Harbor Street Counsel,Managing Counsel,Legal Services,2025-06-08,,true,2026-05-07,profile_enrichment
3467,1,12958,Redwood Holdings,Operations Analyst,Manufacturing,2011-10-26,2017-09-20,false,2017-09-20,profile_enrichment
3468,1,12958,Redwood Holdings,Operations Analyst,Manufacturing,2005-09-23,2010-11-29,false,2010-11-29,crm_import
3469,1,12958,Granite Industrial Group,Operations Manager,Manufacturing,2017-09-21,,true,2022-06-06,crm_import
3470,1,19856,Cedar Ridge Education,Associate Professor,Education,2019-05-18,2025-03-29,false,2025-03-29,profile_enrichment
3471,1,19856,Cedar Ridge Education,Professor,Education,2025-03-30,,true,2025-04-08,profile_enrichment
3472,1,16636,Mariner Media Group,Program Director,Media,2003-12-12,2009-10-29,false,2009-10-29,crm_import
3473,1,16636,Redwood Creative,Senior Producer,Media,1998-09-13,2003-12-11,false,2003-12-11,crm_import
3474,1,16636,Mariner Media Group,Managing Director,Media,2011-04-11,,true,2020-12-05,profile_enrichment
3475,1,2700,Open Learning Network,Dean,Education,2008-10-21,2012-08-11,false,2012-08-11,crm_import
3476,1,2700,Open Learning Network,Dean,Education,2012-08-12,,true,2015-11-02,crm_import
3477,1,14756,Community Innovation Council,Senior Program Manager,Nonprofit,2021-01-19,2025-08-14,false,2025-08-14,crm_import
3478,1,14756,Youth Arts Collaborative,Program Manager,Nonprofit,2016-07-28,2020-02-28,false,2020-02-28,crm_import
3479,1,14756,CivicWorks Collaborative,Program Coordinator,Nonprofit,2013-01-18,2016-07-27,false,2016-07-27,crm_import
3480,1,14756,Community Innovation Council,Director of Programs,Nonprofit,2025-08-15,,true,2026-01-10,profile_enrichment
3481,1,5066,Beacon Software Group,Vice President of Engineering,Technology,2020-07-23,2025-06-23,false,2025-06-23,profile_enrichment
3482,1,5066,Beacon Software Group,Chief Technology Officer,Technology,2025-06-24,,true,2025-11-13,profile_enrichment
3483,1,19470,Stonebridge Financial,Analyst,Financial Services,2017-11-24,2020-07-12,false,2020-07-12,crm_import
3484,1,19470,Granite Advisory,Analyst,Financial Services,2013-05-04,2017-11-23,false,2017-11-23,profile_enrichment
3485,1,19470,Stonebridge Financial,Analyst,Financial Services,2008-04-23,2013-05-03,false,2013-05-03,profile_enrichment
3486,1,19470,Stonebridge Financial,,Financial Services,2021-02-14,,true,2026-07-15,profile_enrichment
3487,1,16190,Lakeshore Media,Program Director,Media,2010-11-17,2015-11-27,false,2015-11-27,crm_import
3488,1,16190,Redwood Creative,Senior Producer,Media,2008-09-28,2010-11-16,false,2010-11-16,crm_import
3489,1,16190,Mariner Media Group,Managing Director,Media,2015-11-28,,true,2016-04-19,crm_import
3490,1,10039,Redwood Holdings,Vice President of Operations,Manufacturing,2015-02-18,,true,2020-09-26,crm_import
3491,1,6184,Harbor Street Counsel,Associate Counsel,Legal Services,2021-07-22,,true,2025-07-06,profile_enrichment
3492,1,12866,CivicWorks Collaborative,Vice President of Programs,Nonprofit,2020-06-30,2024-11-10,false,2024-11-10,crm_import
3493,1,12866,CivicWorks Collaborative,Executive Director,Nonprofit,2026-02-24,,true,2026-07-15,crm_import
3494,1,8955,Metro Community Foundation,Vice President of Programs,Nonprofit,2020-06-18,2026-04-27,false,2026-04-27,crm_import
3495,1,8955,Community Innovation Council,Director of Programs,Nonprofit,2016-10-01,2020-06-17,false,2020-06-17,profile_enrichment
3496,1,8955,Metro Community Foundation,Executive Director,Nonprofit,2026-04-28,,true,2026-08-01,crm_import
3497,1,10673,Beacon Software Group,Senior Software Engineer,Technology,2006-12-01,2011-02-25,false,2011-02-25,crm_import
3498,1,10673,Northstar Systems,Software Engineer,Technology,2003-06-23,2006-11-30,false,2006-11-30,crm_import
3499,1,10673,Mariner Labs,,Technology,2011-02-26,,true,2021-03-16,crm_import
3500,1,9661,Harborline Health,Program Manager,Healthcare,2021-05-07,,true,2024-01-02,profile_enrichment
3501,1,9916,Harbor Street Counsel,Counsel,Legal Services,2017-06-06,,true,2023-05-12,profile_enrichment
3502,1,10156,Granite Advisory,Senior Finance Manager,Financial Services,2015-04-16,,true,2023-07-16,profile_enrichment
3503,1,9523,Pinecrest Partners,General Counsel,Legal Services,2019-01-03,,true,2022-01-21,profile_enrichment
3504,1,10580,Metro Community Foundation,Senior Program Manager,Nonprofit,2021-01-14,2025-08-22,false,2025-08-22,crm_import
3505,1,10580,Metro Community Foundation,Program Manager,Nonprofit,2018-06-30,2021-01-13,false,2021-01-13,crm_import
3506,1,10580,Community Innovation Council,Program Coordinator,Nonprofit,2013-03-27,2018-02-16,false,2018-02-16,crm_import
3507,1,10580,Metro Community Foundation,Director of Programs,Nonprofit,2025-08-23,,true,2026-05-06,crm_import
3508,1,8868,Blue Lantern Technologies,Chief Technology Officer,Technology,2020-06-02,2022-11-29,false,2022-11-29,crm_import
3509,1,8868,Mariner Labs,Director of Engineering,Technology,2017-07-26,2020-06-01,false,2020-06-01,crm_import
3510,1,8868,Mariner Labs,Chief Technology Officer,Technology,2022-11-30,,true,2025-04-04,profile_enrichment
3511,1,3848,Silver Maple Holdings,Finance Manager,Financial Services,2019-04-16,2024-11-08,false,2024-11-08,crm_import
3512,1,3848,Silver Maple Holdings,Senior Finance Manager,Financial Services,2024-11-09,,true,2025-08-25,profile_enrichment
3513,1,15220,Northbridge Academy,Department Chair,Education,2025-09-14,,true,2026-03-01,profile_enrichment
3514,1,10831,CivicWorks Collaborative,Vice President of Programs,Nonprofit,2020-07-02,2024-03-26,false,2024-03-26,crm_import
3515,1,10831,CivicWorks Collaborative,Executive Director,Nonprofit,2025-05-10,,true,2025-06-08,crm_import
3516,1,19304,Mariner Labs,Engineering Manager,Technology,2022-05-26,2025-06-11,false,2025-06-11,crm_import
3517,1,19304,Beacon Software Group,Senior Software Engineer,Technology,2020-04-28,2022-05-25,false,2022-05-25,crm_import
3518,1,19304,Mariner Labs,Director of Engineering,Technology,2025-06-12,,true,2025-09-14,profile_enrichment
3519,1,5183,Redwood Holdings,Director of Operations,Manufacturing,2021-08-09,2025-02-23,false,2025-02-23,crm_import
3520,1,5183,Redwood Holdings,Vice President of Operations,Manufacturing,2025-02-24,,true,2026-02-22,profile_enrichment
3521,1,10150,Arcfield Manufacturing,Senior Operations Manager,Manufacturing,2020-09-04,2024-09-10,false,2024-09-10,profile_enrichment
3522,1,10150,Granite Industrial Group,Operations Manager,Manufacturing,2015-12-11,2020-09-03,false,2020-09-03,crm_import
3523,1,10150,Granite Industrial Group,Operations Analyst,Manufacturing,2013-04-09,2015-12-10,false,2015-12-10,crm_import
3524,1,10150,Arcfield Manufacturing,Director of Operations,Manufacturing,2024-09-11,,true,2025-02-21,profile_enrichment
3525,1,8406,Summit Grove Partners,Analyst,Financial Services,2019-07-30,2022-03-31,false,2022-03-31,crm_import
3526,1,8406,Stonebridge Financial,Associate,Financial Services,2022-04-01,,true,2023-10-01,crm_import
3527,1,10545,Beacon Software Group,Vice President of Engineering,Technology,2021-05-11,2026-01-08,false,2026-01-08,crm_import
3528,1,10545,Mariner Labs,Director of Engineering,Technology,2015-09-23,2021-05-10,false,2021-05-10,profile_enrichment
3529,1,10545,Northstar Systems,Engineering Manager,Technology,2012-07-29,2015-09-22,false,2015-09-22,crm_import
3530,1,10545,Beacon Software Group,Chief Technology Officer,Technology,2026-01-09,,true,2026-07-13,crm_import
3531,1,11729,Orchard Studio,President,Media,2023-01-07,,true,2024-03-06,crm_import
3532,1,9642,Northstar Systems,Director of Engineering,Technology,2019-03-15,2024-06-03,false,2024-06-03,profile_enrichment
3533,1,9642,Beacon Software Group,Engineering Manager,Technology,2015-09-27,2018-02-25,false,2018-02-25,profile_enrichment
3534,1,9642,Beacon Software Group,Vice President of Engineering,Technology,2024-07-28,,true,2025-04-12,profile_enrichment
3535,1,4505,Harbor Street Counsel,Managing Counsel,Legal Services,2012-01-06,,true,2014-01-16,crm_import
3536,1,16606,Beacon Software Group,Engineering Manager,Technology,2020-04-06,2025-08-07,false,2025-08-07,crm_import
3537,1,16606,Northstar Systems,Senior Software Engineer,Technology,2015-04-11,2020-04-05,false,2020-04-05,crm_import
3538,1,16606,Mariner Labs,Software Engineer,Technology,2013-03-01,2015-04-10,false,2015-04-10,crm_import
3539,1,16606,Beacon Software Group,Director of Engineering,Technology,2025-08-08,,true,2026-06-08,crm_import
3540,1,19916,Pinecrest Partners,Managing Counsel,Legal Services,2021-05-19,,true,2021-10-08,crm_import
3541,1,8519,CivicWorks Collaborative,Director of Programs,Nonprofit,2014-11-21,,true,2022-12-19,profile_enrichment
3542,1,14612,Orchard Studio,Producer,Media,2011-05-10,,true,2013-01-03,profile_enrichment
3543,1,2881,Beacon Software Group,Senior Software Engineer,Technology,2006-07-23,2012-05-27,false,2012-05-27,crm_import
3544,1,2881,Beacon Software Group,Software Engineer,Technology,2003-06-25,2006-07-22,false,2006-07-22,profile_enrichment
3545,1,2881,Mariner Labs,Analyst,Technology,1999-02-24,2003-06-24,false,2003-06-24,profile_enrichment
3546,1,2881,Mariner Labs,Engineering Manager,Technology,2013-05-06,,true,2014-07-20,profile_enrichment
3547,1,11490,Beacon Software Group,Senior Software Engineer,Technology,2018-08-11,,true,2025-10-08,profile_enrichment
3548,1,12351,Cedar Ridge Education,Assistant Professor,Education,2020-11-09,,true,2022-03-26,profile_enrichment
3549,1,19487,Arcfield Manufacturing,Vice President of Operations,Manufacturing,2020-04-23,2025-05-04,false,2025-05-04,crm_import
3550,1,19487,Arcfield Manufacturing,President,Manufacturing,2025-11-06,,true,2025-12-06,profile_enrichment
3551,1,13715,Blue Lantern Technologies,Chief Technology Officer,Technology,2013-08-09,,true,2025-03-26,profile_enrichment
3552,1,9364,Arcfield Medical,Vice President of Operations,Healthcare,2024-01-17,,true,2025-09-18,profile_enrichment
3553,1,11367,Cedar Ridge Education,Department Chair,Education,2012-09-13,,true,2019-07-07,profile_enrichment
3554,1,330,Cedar Ridge Education,Assistant Professor,Education,2024-07-27,,true,2025-12-14,profile_enrichment
3555,1,3247,Summit Grove Partners,Associate,Financial Services,2011-04-20,,true,2016-05-13,profile_enrichment
3556,1,5568,Pinecrest Partners,Associate Counsel,Legal Services,2010-12-23,,true,2017-10-19,crm_import
3557,1,5481,Mariner Media Group,Producer,Media,2011-07-04,,true,2023-02-19,crm_import
3558,1,19777,Redwood Holdings,Vice President of Operations,Manufacturing,2020-11-04,,true,2022-01-08,profile_enrichment
3559,1,17707,Summit Grove Partners,Associate,Financial Services,2022-02-26,,true,2026-07-27,profile_enrichment
3560,1,12183,Community Innovation Council,Executive Director,Nonprofit,2015-03-12,,true,2021-08-29,profile_enrichment
3561,1,16618,Clearwater Health Group,Chief Operating Officer,Healthcare,2020-09-28,,true,2023-05-17,crm_import
3562,1,9186,Mariner Labs,Vice President of Engineering,Technology,2024-11-16,,true,2025-06-30,profile_enrichment
3563,1,19824,Northbridge Academy,Associate Professor,Education,2015-04-13,2020-09-30,false,2020-09-30,crm_import
3564,1,19824,Cedar Ridge Education,Professor,Education,2020-10-01,,true,2021-07-29,profile_enrichment
3565,1,15449,Summit Grove Partners,Chief Financial Officer,Financial Services,2016-05-27,,true,2017-09-05,profile_enrichment
3566,1,4540,Lakeshore Media,Senior Producer,Media,2008-09-17,2013-11-21,false,2013-11-21,crm_import
3567,1,4540,Lakeshore Media,Program Director,Media,2013-11-22,,true,2019-03-05,crm_import
3568,1,11925,Juniper Education Group,Assistant Professor,Education,2023-01-21,,true,2025-09-17,profile_enrichment
3569,1,16863,Pinecrest Partners,Managing Counsel,Legal Services,2021-11-03,2026-06-03,false,2026-06-03,crm_import
3570,1,16863,Harbor Street Counsel,Associate Counsel,Legal Services,2018-09-06,2021-11-02,false,2021-11-02,crm_import
3571,1,16863,Beacon Legal Group,Senior Counsel,Legal Services,2026-06-04,,true,2026-08-20,profile_enrichment
3572,1,1387,CivicWorks Collaborative,Director of Programs,Nonprofit,2014-01-08,,true,2026-04-05,profile_enrichment
3573,1,2498,Northstar Systems,Chief Technology Officer,Technology,2016-06-21,,true,2019-05-12,profile_enrichment
3574,1,455,Summit Grove Partners,Associate,Financial Services,2017-12-18,2021-01-20,false,2021-01-20,crm_import
3575,1,455,Summit Grove Partners,Analyst,Financial Services,2015-05-09,2017-12-17,false,2017-12-17,profile_enrichment
3576,1,455,Summit Grove Partners,Analyst,Financial Services,2012-05-08,2014-09-11,false,2014-09-11,profile_enrichment
3577,1,455,Granite Advisory,Finance Manager,Financial Services,2021-01-21,,true,2021-11-03,profile_enrichment
3578,1,6061,Harbor Street Counsel,Managing Counsel,Legal Services,2026-03-29,,true,2026-08-28,profile_enrichment
3579,1,5255,Harborline Health,Director of Operations,Healthcare,2017-01-02,2020-03-30,false,2020-03-30,crm_import
3580,1,5255,Harborline Health,Senior Program Manager,Healthcare,2011-08-19,2016-07-15,false,2016-07-15,crm_import
3581,1,5255,Clearwater Health Group,Vice President of Operations,Healthcare,2020-03-31,,true,2022-01-13,profile_enrichment
3582,1,9972,Northstar Systems,Chief Technology Officer,Technology,2015-11-18,,true,2026-05-19,profile_enrichment
3583,1,13243,Pinecrest Partners,Associate Counsel,Legal Services,2016-01-15,2020-08-30,false,2020-08-30,crm_import
3584,1,13243,Cedar & Finch Consulting,Counsel,Legal Services,2020-08-31,,true,2022-05-14,profile_enrichment
3585,1,6486,Arcfield Medical,Director of Operations,Healthcare,2019-12-25,,true,2020-11-20,profile_enrichment
3586,1,13992,Granite Advisory,Vice President of Finance,Financial Services,2008-06-02,2014-03-15,false,2014-03-15,crm_import
3587,1,13992,Summit Grove Partners,Chief Financial Officer,Financial Services,2014-03-16,,true,2019-10-01,profile_enrichment
3588,1,12368,Beacon Software Group,Director of Engineering,Technology,2014-12-19,,true,2024-12-16,profile_enrichment
3589,1,6722,Mariner Media Group,Coordinator,Media,2019-11-03,2025-07-02,false,2025-07-02,profile_enrichment
3590,1,6722,Lakeshore Media,Producer,Media,2026-01-30,,true,2026-03-14,profile_enrichment
3591,1,14227,Lakeshore Media,President,Media,2022-01-08,,true,2023-07-20,profile_enrichment
3592,1,13237,Pinecrest Partners,Counsel,Legal Services,2013-06-05,2018-09-29,false,2018-09-29,crm_import
3593,1,13237,Cedar & Finch Consulting,Associate Counsel,Legal Services,2008-05-01,2013-06-04,false,2013-06-04,crm_import
3594,1,13237,Open Learning Network,Strategic Advisor,Nonprofit,2017-06-01,2018-11-06,false,2018-11-06,profile_enrichment
3595,1,13237,Pinecrest Partners,Senior Counsel,Legal Services,2018-09-30,,true,2025-07-03,crm_import
3596,1,11053,Mariner Media Group,President,Media,2011-05-18,,true,2012-06-15,profile_enrichment
3597,1,5210,Regional Health Partners,Director of Operations,Healthcare,2013-11-30,,true,2023-06-16,crm_import
3598,1,17646,Clearwater Manufacturing,Operations Analyst,Manufacturing,2022-09-24,2024-12-04,false,2024-12-04,crm_import
3599,1,17646,Clearwater Manufacturing,Operations Manager,Manufacturing,2026-03-13,,true,2026-04-01,crm_import
3600,1,3335,Summit Grove Partners,Director of Finance,Financial Services,2013-07-08,2016-01-15,false,2016-01-15,crm_import
3601,1,3335,Granite Advisory,Senior Finance Manager,Financial Services,2007-09-02,2012-08-29,false,2012-08-29,profile_enrichment
3602,1,3335,Silver Maple Holdings,Finance Manager,Financial Services,2001-11-29,2007-09-01,false,2007-09-01,crm_import
3603,1,3335,Stonebridge Financial,Vice President of Finance,Financial Services,2016-01-16,,true,2022-09-15,crm_import
3604,1,770,Neighborhood Business Alliance,Strategic Advisor,Education,2012-06-01,2016-10-24,false,2016-10-24,profile_enrichment
3605,1,770,Cedar Ridge Education,Assistant Professor,Education,2016-05-22,,true,2018-06-18,profile_enrichment
3606,1,12143,Youth Arts Collaborative,Strategic Advisor,Nonprofit,2011-06-13,2015-03-11,false,2015-03-11,profile_enrichment
3607,1,12143,Juniper Education Group,Assistant Professor,Education,2014-12-04,,true,2016-08-17,profile_enrichment
3608,1,1937,Blue Lantern Technologies,Director of Engineering,Technology,2020-12-12,2025-02-01,false,2025-02-01,crm_import
3609,1,1937,Mariner Labs,Engineering Manager,Technology,2015-02-26,2020-12-11,false,2020-12-11,crm_import
3610,1,1937,Blue Lantern Technologies,Vice President of Engineering,Technology,2025-02-02,,true,2026-02-28,profile_enrichment
3611,1,6561,Redwood Holdings,President,Manufacturing,2020-05-16,,true,2024-03-27,profile_enrichment
3612,1,6086,Youth Arts Collaborative,Senior Program Manager,Nonprofit,2026-04-30,,true,2026-07-23,crm_import
3613,1,5174,Arcfield Medical,Director of Operations,Healthcare,2020-08-16,2024-04-14,false,2024-04-14,crm_import
3614,1,5174,Arcfield Medical,Senior Program Manager,Healthcare,2016-05-12,2020-08-15,false,2020-08-15,crm_import
3615,1,5174,Regional Health Partners,Vice President of Operations,Healthcare,2024-04-15,,true,2025-08-01,crm_import
3616,1,3633,Northstar Systems,Director of Engineering,Technology,2017-04-12,2023-01-14,false,2023-01-14,crm_import
3617,1,3633,Northstar Systems,Engineering Manager,Technology,2014-01-10,2017-04-11,false,2017-04-11,crm_import
3618,1,3633,Beacon Software Group,Senior Software Engineer,Technology,2009-04-26,2013-09-12,false,2013-09-12,crm_import
3619,1,3633,Mariner Labs,Vice President of Engineering,Technology,2023-01-15,,true,2023-03-13,profile_enrichment
3620,1,19390,Open Learning Network,Dean,Education,2024-08-22,,true,2024-10-22,crm_import
3621,1,11133,Cedar & Finch Consulting,Senior Counsel,Legal Services,2012-10-13,,true,2023-12-08,crm_import
3622,1,13525,Mariner Media Group,Program Director,Media,2022-12-30,2025-10-09,false,2025-10-09,profile_enrichment
3623,1,13525,Mariner Media Group,Managing Director,Media,2025-10-10,,true,2026-04-29,profile_enrichment
3624,1,1462,Mariner Media Group,Program Director,Media,2017-05-29,2023-03-05,false,2023-03-05,crm_import
3625,1,1462,Redwood Creative,Managing Director,Media,2023-03-06,,true,2023-05-20,profile_enrichment
3626,1,14014,Redwood Creative,Senior Producer,Media,2020-11-20,2026-02-18,false,2026-02-18,crm_import
3627,1,14014,Redwood Creative,Program Director,Media,2026-02-19,,true,2026-06-01,profile_enrichment
3628,1,8853,Regional Health Partners,Chief Operating Officer,Healthcare,2013-07-29,,true,2015-06-08,crm_import
3629,1,8914,Harborline Health,Director of Operations,Healthcare,2021-11-03,,true,2024-02-25,crm_import
3630,1,10586,Open Learning Network,Department Chair,Education,2016-07-30,2020-09-18,false,2020-09-18,crm_import
3631,1,10586,Northbridge Academy,Professor,Education,2013-08-25,2016-07-29,false,2016-07-29,crm_import
3632,1,10586,Northbridge Academy,Associate Professor,Education,2009-07-02,2013-05-25,false,2013-05-25,profile_enrichment
3633,1,10586,Regional Health Initiative,Board Member,Consulting,2019-02-11,2022-03-28,false,2022-03-28,profile_enrichment
3634,1,10586,Northbridge Academy,Dean,Education,2021-10-08,,true,2024-06-22,profile_enrichment
3635,1,10426,Harbor Street Counsel,Associate Counsel,Legal Services,2006-02-24,2010-01-17,false,2010-01-17,crm_import
3636,1,10426,Beacon Legal Group,Legal Analyst,Legal Services,2001-12-27,2006-02-23,false,2006-02-23,crm_import
3637,1,10426,Beacon Legal Group,Legal Analyst,Legal Services,1996-02-11,2001-09-28,false,2001-09-28,profile_enrichment
3638,1,10426,Beacon Legal Group,Counsel,Legal Services,2010-04-19,,true,2015-07-28,profile_enrichment
3639,1,16840,Arcfield Manufacturing,Senior Operations Manager,Manufacturing,2023-05-30,2025-12-18,false,2025-12-18,crm_import
3640,1,16840,Arcfield Manufacturing,Director of Operations,Manufacturing,2025-12-19,,true,2026-04-16,profile_enrichment
3641,1,19855,Orchard Studio,President,Media,2013-02-24,,true,2022-04-02,crm_import
3642,1,17824,Juniper Education Group,Department Chair,Education,2016-01-31,,true,2019-08-11,profile_enrichment
3643,1,10202,Cedar & Finch Consulting,Senior Counsel,Legal Services,2020-12-01,2026-02-04,false,2026-02-04,crm_import
3644,1,10202,Pinecrest Partners,Counsel,Legal Services,2018-07-24,2020-11-30,false,2020-11-30,crm_import
3645,1,10202,Cedar & Finch Consulting,Managing Counsel,Legal Services,2026-02-05,,true,2026-07-12,profile_enrichment
3646,1,11418,Metro Community Foundation,Vice President of Programs,Nonprofit,2022-07-13,2026-04-20,false,2026-04-20,crm_import
3647,1,11418,Community Innovation Council,Director of Programs,Nonprofit,2017-05-18,2021-08-06,false,2021-08-06,crm_import
3648,1,11418,Metro Community Foundation,Executive Director,Nonprofit,2026-04-21,,true,2026-07-08,profile_enrichment
3649,1,16779,Beacon Legal Group,Senior Counsel,Legal Services,2020-07-02,2024-09-20,false,2024-09-20,profile_enrichment
3650,1,16779,Cedar & Finch Consulting,Counsel,Legal Services,2014-11-28,2020-07-01,false,2020-07-01,crm_import
3651,1,16779,Cedar & Finch Consulting,Associate Counsel,Legal Services,2009-09-23,2014-11-27,false,2014-11-27,crm_import
3652,1,16779,Beacon Legal Group,Managing Counsel,Legal Services,2025-08-27,,true,2026-07-20,crm_import
3653,1,9005,Youth Arts Collaborative,Program Manager,Nonprofit,2022-11-06,,true,2026-06-22,profile_enrichment
3654,1,6405,Clearwater Manufacturing,Operations Manager,Manufacturing,2026-05-14,,true,2026-06-21,profile_enrichment
3655,1,17267,Cedar & Finch Consulting,Managing Counsel,Legal Services,2022-06-11,2024-11-14,false,2024-11-14,profile_enrichment
3656,1,17267,Harbor Street Counsel,Senior Counsel,Legal Services,2017-05-01,2022-06-10,false,2022-06-10,crm_import
3657,1,17267,Cedar & Finch Consulting,Counsel,Legal Services,2012-01-29,2017-04-30,false,2017-04-30,profile_enrichment
3658,1,17267,Cedar & Finch Consulting,General Counsel,Legal Services,2025-03-09,,true,2026-03-19,crm_import
3659,1,17127,Cedar Ridge Education,Department Chair,Education,2023-10-16,,true,2025-09-26,crm_import
3660,1,8673,Cedar Ridge Education,Assistant Professor,Education,2022-09-25,,true,2025-01-05,profile_enrichment
3661,1,12833,Northbridge Academy,Professor,Education,2020-04-14,2025-09-20,false,2025-09-20,crm_import
3662,1,12833,Cedar Ridge Education,Associate Professor,Education,2016-03-14,2020-04-13,false,2020-04-13,crm_import
3663,1,12833,Open Learning Network,Assistant Professor,Education,2014-03-08,2016-03-13,false,2016-03-13,crm_import
3664,1,12833,Northbridge Academy,Department Chair,Education,2025-09-21,,true,2026-03-28,profile_enrichment
3665,1,6089,Open Learning Network,Associate Professor,Education,2022-10-22,,true,2024-10-13,profile_enrichment
3666,1,12117,Community Innovation Council,Vice President of Programs,Nonprofit,2019-03-28,2025-02-26,false,2025-02-26,profile_enrichment
3667,1,12117,Youth Arts Collaborative,Director of Programs,Nonprofit,2015-08-15,2017-11-24,false,2017-11-24,profile_enrichment
3668,1,12117,Youth Arts Collaborative,Senior Program Manager,Nonprofit,2012-12-31,2015-08-14,false,2015-08-14,profile_enrichment
3669,1,12117,Community Innovation Council,Executive Director,Nonprofit,2025-02-27,,true,2025-11-05,profile_enrichment
3670,1,2587,Redwood Creative,Senior Producer,Media,2007-10-02,2013-08-16,false,2013-08-16,profile_enrichment
3671,1,2587,Lakeshore Media,Producer,Media,2003-05-26,2007-10-01,false,2007-10-01,profile_enrichment
3672,1,2587,Redwood Creative,Program Director,Media,2014-11-21,,true,2024-10-02,crm_import
3673,1,5444,Cedar & Finch Consulting,Counsel,Legal Services,2010-03-23,2014-07-05,false,2014-07-05,crm_import
3674,1,5444,Cedar & Finch Consulting,Associate Counsel,Legal Services,2007-02-20,2010-03-22,false,2010-03-22,crm_import
3675,1,5444,Harbor Street Counsel,Legal Analyst,Legal Services,2001-05-17,2007-02-19,false,2007-02-19,profile_enrichment
3676,1,5444,Cedar & Finch Consulting,Senior Counsel,Legal Services,2014-07-06,,true,2019-03-16,crm_import
3677,1,11416,Harborline Health,Director of Operations,Healthcare,2016-11-29,2019-12-30,false,2019-12-30,crm_import
3678,1,11416,Clearwater Health Group,Senior Program Manager,Healthcare,2011-02-24,2016-11-28,false,2016-11-28,crm_import
3679,1,11416,Clearwater Health Group,Vice President of Operations,Healthcare,2019-12-31,,true,2023-12-27,crm_import
3680,1,13952,Harbor Street Counsel,Managing Counsel,Legal Services,2017-07-23,2020-04-27,false,2020-04-27,crm_import
3681,1,13952,Cedar & Finch Consulting,Senior Counsel,Legal Services,2014-04-27,2016-10-13,false,2016-10-13,crm_import
3682,1,13952,Pinecrest Partners,Counsel,Legal Services,2010-01-11,2013-02-06,false,2013-02-06,profile_enrichment
3683,1,13952,Cedar & Finch Consulting,General Counsel,Legal Services,2020-04-28,,true,2022-05-10,crm_import
3684,1,10520,Granite Industrial Group,Operations Manager,Manufacturing,2016-04-15,2021-05-25,false,2021-05-25,crm_import
3685,1,10520,Granite Industrial Group,Senior Operations Manager,Manufacturing,2021-05-26,,true,2022-08-16,profile_enrichment
3686,1,8628,Beacon Software Group,Director of Engineering,Technology,2022-12-30,,true,2023-01-13,crm_import
3687,1,19755,Silver Maple Holdings,Associate,Financial Services,2015-05-13,,true,2018-07-08,profile_enrichment
3688,1,9990,Arcfield Manufacturing,Operations Manager,Manufacturing,2017-05-30,2019-10-11,false,2019-10-11,crm_import
3689,1,9990,Arcfield Manufacturing,Operations Analyst,Manufacturing,2014-11-14,2017-05-29,false,2017-05-29,crm_import
3690,1,9990,Arcfield Manufacturing,Senior Operations Manager,Manufacturing,2020-05-20,,true,2020-05-23,profile_enrichment
3691,1,12258,Clearwater Manufacturing,Vice President of Operations,Manufacturing,2019-06-04,2025-02-04,false,2025-02-04,crm_import
3692,1,12258,Clearwater Manufacturing,President,Manufacturing,2025-02-05,,true,2025-05-21,profile_enrichment
3693,1,14805,Northstar Systems,Engineering Manager,Technology,2016-04-30,2021-10-30,false,2021-10-30,crm_import
3694,1,14805,Mariner Labs,Director of Engineering,Technology,2021-10-31,,true,2024-12-30,profile_enrichment
3695,1,1941,Summit Grove Partners,Senior Finance Manager,Financial Services,2014-01-07,,true,2017-06-24,crm_import
3696,1,14082,Mariner Labs,Senior Software Engineer,Technology,2023-10-25,2026-08-10,false,2026-08-10,crm_import
3697,1,14082,Northstar Systems,Software Engineer,Technology,2021-06-10,2023-10-24,false,2023-10-24,profile_enrichment
3698,1,14082,Mariner Labs,Engineering Manager,Technology,2026-08-11,,true,2026-08-29,profile_enrichment
3699,1,7963,Granite Advisory,Director of Finance,Financial Services,2011-12-26,,true,2016-10-11,crm_import
3700,1,4310,Clearwater Manufacturing,Operations Analyst,Manufacturing,2016-12-26,2022-12-13,false,2022-12-13,profile_enrichment
3701,1,4310,Clearwater Manufacturing,Operations Analyst,Manufacturing,2011-03-22,2016-12-25,false,2016-12-25,profile_enrichment
3702,1,4310,Clearwater Manufacturing,Operations Analyst,Manufacturing,2008-07-02,2011-03-21,false,2011-03-21,crm_import
3703,1,4310,Redwood Holdings,Operations Manager,Manufacturing,2022-12-14,,true,2025-10-15,profile_enrichment
3704,1,9659,Northstar Systems,Chief Technology Officer,Technology,2018-04-20,,true,2018-08-16,profile_enrichment
3705,1,13798,Redwood Holdings,Senior Operations Manager,Manufacturing,2015-12-15,,true,2020-05-02,profile_enrichment
3706,1,13036,Cedar Ridge Education,Professor,Education,2019-06-29,2025-02-07,false,2025-02-07,profile_enrichment
3707,1,13036,Juniper Education Group,Associate Professor,Education,2016-09-08,2019-06-28,false,2019-06-28,crm_import
3708,1,13036,Juniper Education Group,Assistant Professor,Education,2012-01-28,2016-09-07,false,2016-09-07,profile_enrichment
3709,1,13036,Cedar Ridge Education,Department Chair,Education,2026-03-20,,true,2026-03-29,profile_enrichment
3710,1,2546,Mariner Media Group,Senior Producer,Media,2012-04-28,,true,2016-04-23,crm_import
3711,1,18718,Harborline Health,Vice President of Operations,Healthcare,2011-04-26,,true,2019-03-25,profile_enrichment
3712,1,2458,Harborline Health,Senior Program Manager,Healthcare,2014-03-26,,true,2022-09-08,profile_enrichment
3713,1,3246,Cedar Ridge Education,Department Chair,Education,2012-06-01,2015-05-27,false,2015-05-27,crm_import
3714,1,3246,Northbridge Academy,Dean,Education,2015-05-28,,true,2017-04-17,profile_enrichment
3715,1,15847,Arcfield Medical,Director of Operations,Healthcare,2022-07-07,,true,2026-04-01,profile_enrichment
3716,1,14528,Northbridge Academy,Assistant Professor,Education,2023-06-15,,true,2026-04-12,profile_enrichment
3717,1,11468,Granite Advisory,Senior Finance Manager,Financial Services,2017-11-14,,true,2020-09-20,profile_enrichment
3718,1,17003,Arcfield Medical,Vice President of Operations,Healthcare,2014-01-08,2017-01-18,false,2017-01-18,profile_enrichment
3719,1,17003,Arcfield Medical,Director of Operations,Healthcare,2009-01-16,2014-01-07,false,2014-01-07,crm_import
3720,1,17003,Clearwater Health Group,Senior Program Manager,Healthcare,2003-07-16,2008-01-13,false,2008-01-13,profile_enrichment
3721,1,17003,Regional Health Partners,Chief Operating Officer,Healthcare,2017-01-19,,true,2023-04-10,profile_enrichment
3722,1,12018,Granite Industrial Group,Director of Operations,Manufacturing,2010-05-09,,true,2024-07-19,profile_enrichment
3723,1,7387,Summit Grove Partners,Vice President of Finance,Financial Services,2020-03-05,,true,2022-12-15,crm_import
3724,1,11312,Blue Lantern Technologies,Vice President of Engineering,Technology,2021-05-22,2024-09-21,false,2024-09-21,crm_import
3725,1,11312,Beacon Software Group,Director of Engineering,Technology,2018-12-25,2021-05-21,false,2021-05-21,crm_import
3726,1,11312,Blue Lantern Technologies,Engineering Manager,Technology,2014-04-23,2018-12-24,false,2018-12-24,crm_import
3727,1,11312,Blue Lantern Technologies,Chief Technology Officer,Technology,2026-01-27,,true,2026-08-07,profile_enrichment
3728,1,2192,Mariner Media Group,Program Director,Media,2022-08-26,2024-11-20,false,2024-11-20,crm_import
3729,1,2192,Mariner Media Group,Managing Director,Media,2025-04-19,,true,2025-06-06,profile_enrichment
3730,1,10549,Northstar Systems,,Technology,2026-03-11,,true,2026-04-22,profile_enrichment
3731,1,18740,Pinecrest Partners,Legal Analyst,Legal Services,2007-06-12,2011-06-13,false,2011-06-13,crm_import
3732,1,18740,Harbor Street Counsel,,Legal Services,2012-04-20,,true,2022-12-13,profile_enrichment
3733,1,9125,Blue Lantern Technologies,Software Engineer,Technology,2007-08-02,2011-10-25,false,2011-10-25,crm_import
3734,1,9125,Beacon Software Group,Senior Software Engineer,Technology,2013-03-14,,true,2015-11-15,crm_import
3735,1,13344,Granite Industrial Group,Senior Operations Manager,Manufacturing,2023-09-11,2026-05-21,false,2026-05-21,profile_enrichment
3736,1,13344,Granite Industrial Group,Operations Manager,Manufacturing,2021-03-04,2023-09-10,false,2023-09-10,crm_import
3737,1,13344,Granite Industrial Group,Director of Operations,Manufacturing,2026-05-22,,true,2026-06-17,profile_enrichment
3738,1,4398,Juniper Education Group,Assistant Professor,Education,2005-12-15,2011-02-06,false,2011-02-06,profile_enrichment
3739,1,4398,Juniper Education Group,Lecturer,Education,2003-11-28,2005-12-14,false,2005-12-14,profile_enrichment
3740,1,4398,Cedar Ridge Education,Associate Professor,Education,2011-02-07,,true,2019-02-24,crm_import
3741,1,15770,Pinecrest Partners,Counsel,Legal Services,2021-06-03,2024-09-24,false,2024-09-24,crm_import
3742,1,15770,Pinecrest Partners,Senior Counsel,Legal Services,2024-09-25,,true,2025-04-03,crm_import
3743,1,18766,Arcfield Medical,Director of Operations,Healthcare,2019-11-15,2024-11-02,false,2024-11-02,crm_import
3744,1,18766,Arcfield Medical,Vice President of Operations,Healthcare,2025-08-06,,true,2025-12-25,profile_enrichment
3745,1,19106,Metro Community Foundation,Executive Director,Nonprofit,2021-01-04,,true,2021-05-18,crm_import
3746,1,11937,Open Learning Network,Department Chair,Education,2020-05-10,2026-04-27,false,2026-04-27,crm_import
3747,1,11937,Open Learning Network,Dean,Education,2026-04-28,,true,2026-07-05,profile_enrichment
3748,1,7194,Northbridge Academy,Department Chair,Education,2011-05-23,2016-06-13,false,2016-06-13,crm_import
3749,1,7194,Open Learning Network,Professor,Education,2007-09-14,2011-05-22,false,2011-05-22,profile_enrichment
3750,1,7194,Open Learning Network,Associate Professor,Education,2002-03-04,2007-09-13,false,2007-09-13,crm_import
3751,1,7194,Open Learning Network,Dean,Education,2017-11-27,,true,2024-06-15,crm_import
3752,1,7075,Summit Grove Partners,Director of Finance,Financial Services,2022-11-20,2026-07-28,false,2026-07-28,profile_enrichment
3753,1,7075,Summit Grove Partners,Senior Finance Manager,Financial Services,2017-05-10,2022-11-19,false,2022-11-19,crm_import
3754,1,7075,Stonebridge Financial,Finance Manager,Financial Services,2014-06-27,2017-03-10,false,2017-03-10,crm_import
3755,1,7075,Summit Grove Partners,Vice President of Finance,Financial Services,2026-07-29,,true,2026-08-10,profile_enrichment
3756,1,176,Blue Lantern Technologies,Software Engineer,Technology,2012-08-19,2014-10-05,false,2014-10-05,profile_enrichment
3757,1,176,Beacon Software Group,Analyst,Technology,2009-04-18,2012-08-18,false,2012-08-18,profile_enrichment
3758,1,176,Blue Lantern Technologies,Senior Software Engineer,Technology,2014-10-06,,true,2024-05-06,profile_enrichment
3759,1,13394,Clearwater Health Group,Director of Operations,Healthcare,2017-02-13,,true,2020-12-27,profile_enrichment
3760,1,10188,Cedar & Finch Consulting,Counsel,Legal Services,2020-12-20,,true,2026-02-26,profile_enrichment
3761,1,8652,Pinecrest Partners,Counsel,Legal Services,2018-08-23,2021-08-22,false,2021-08-22,crm_import
3762,1,8652,Pinecrest Partners,Senior Counsel,Legal Services,2021-08-23,,true,2024-02-08,profile_enrichment
3763,1,8950,Cedar & Finch Consulting,Associate Counsel,Legal Services,2022-04-10,,true,2024-12-14,profile_enrichment
3764,1,6581,Clearwater Manufacturing,Senior Operations Manager,Manufacturing,2012-06-10,,true,2014-05-02,crm_import
3765,1,3075,Arcfield Medical,Chief Operating Officer,Healthcare,2018-03-01,,true,2022-04-18,profile_enrichment
3766,1,10703,Community Innovation Council,Program Coordinator,Nonprofit,2005-08-19,2011-04-13,false,2011-04-13,crm_import
3767,1,10703,Community Innovation Council,Program Coordinator,Nonprofit,2002-08-01,2005-08-18,false,2005-08-18,profile_enrichment
3768,1,10703,Youth Arts Collaborative,Program Coordinator,Nonprofit,1998-08-20,2002-07-31,false,2002-07-31,crm_import
3769,1,10703,Youth Arts Collaborative,Program Manager,Nonprofit,2011-04-14,,true,2018-11-28,profile_enrichment
3770,1,18034,Metro Community Foundation,Senior Program Manager,Nonprofit,2020-06-22,2025-09-01,false,2025-09-01,crm_import
3771,1,18034,CivicWorks Collaborative,Program Manager,Nonprofit,2018-01-13,2020-06-21,false,2020-06-21,crm_import
3772,1,18034,Metro Community Foundation,Director of Programs,Nonprofit,2025-09-02,,true,2026-03-25,profile_enrichment
3773,1,4616,Clearwater Manufacturing,Operations Analyst,Manufacturing,2015-02-25,2017-03-16,false,2017-03-16,crm_import
3774,1,4616,Arcfield Manufacturing,Operations Manager,Manufacturing,2018-09-02,,true,2019-04-02,profile_enrichment
3775,1,16950,Granite Advisory,Associate,Financial Services,2024-03-10,,true,2024-07-25,profile_enrichment
3776,1,12843,Arcfield Medical,Program Manager,Healthcare,2018-05-30,,true,2024-12-24,profile_enrichment
3777,1,2214,Mariner Media Group,Senior Producer,Media,2007-10-26,2010-05-10,false,2010-05-10,profile_enrichment
3778,1,2214,Mariner Media Group,Producer,Media,2005-03-10,2007-10-25,false,2007-10-25,crm_import
3779,1,2214,Redwood Creative,Program Director,Media,2010-05-11,,true,2018-06-21,crm_import
3780,1,47,Blue Lantern Technologies,Director of Engineering,Technology,2022-02-03,2024-12-07,false,2024-12-07,crm_import
3781,1,47,Beacon Software Group,Engineering Manager,Technology,2017-11-07,2021-06-10,false,2021-06-10,profile_enrichment
3782,1,47,Mariner Labs,Senior Software Engineer,Technology,2013-10-08,2017-07-25,false,2017-07-25,profile_enrichment
3783,1,47,Blue Lantern Technologies,Vice President of Engineering,Technology,2024-12-08,,true,2025-05-24,profile_enrichment
3784,1,14823,Redwood Holdings,Operations Manager,Manufacturing,2017-07-15,,true,2022-01-04,profile_enrichment
3785,1,1269,Harborline Health,Vice President of Operations,Healthcare,2007-01-31,2011-03-30,false,2011-03-30,profile_enrichment
3786,1,1269,Regional Health Partners,Director of Operations,Healthcare,2003-10-05,2007-01-30,false,2007-01-30,crm_import
3787,1,1269,Arcfield Medical,Chief Operating Officer,Healthcare,2011-07-13,,true,2014-09-14,profile_enrichment
3788,1,563,Regional Health Partners,Senior Program Manager,Healthcare,2019-09-17,2025-01-20,false,2025-01-20,profile_enrichment
3789,1,563,Regional Health Partners,Program Manager,Healthcare,2016-01-13,2019-09-16,false,2019-09-16,crm_import
3790,1,563,Harborline Health,Program Analyst,Healthcare,2010-06-19,2016-01-12,false,2016-01-12,profile_enrichment
3791,1,563,Arcfield Medical,,Healthcare,2025-01-21,,true,2025-05-11,crm_import
3792,1,6085,Arcfield Manufacturing,Director of Operations,Manufacturing,2015-06-27,,true,2015-10-03,profile_enrichment
3793,1,15360,Cedar Ridge Education,Associate Professor,Education,2023-05-21,,true,2024-12-07,profile_enrichment
3794,1,723,Beacon Legal Group,General Counsel,Legal Services,2012-03-14,,true,2024-01-08,crm_import
3795,1,14206,Open Learning Network,Department Chair,Education,2024-02-19,2026-04-29,false,2026-04-29,crm_import
3796,1,14206,Open Learning Network,Dean,Education,2026-04-30,,true,2026-05-08,profile_enrichment
3797,1,4289,Granite Industrial Group,Operations Analyst,Manufacturing,2022-07-13,2025-03-01,false,2025-03-01,crm_import
3798,1,4289,Clearwater Manufacturing,Operations Manager,Manufacturing,2025-03-02,,true,2026-06-26,profile_enrichment
3799,1,12249,Beacon Legal Group,Senior Counsel,Legal Services,2025-06-02,,true,2025-09-07,crm_import
3800,1,7084,Redwood Creative,Managing Director,Media,2022-05-06,2026-04-29,false,2026-04-29,crm_import
3801,1,7084,Lakeshore Media,Program Director,Media,2016-09-19,2022-05-05,false,2022-05-05,crm_import
3802,1,7084,Redwood Creative,President,Media,2026-04-30,,true,2026-08-11,profile_enrichment
3803,1,1572,Regional Health Partners,Vice President of Operations,Healthcare,2008-02-03,2012-03-27,false,2012-03-27,profile_enrichment
3804,1,1572,Arcfield Medical,Program Manager,Healthcare,2003-04-26,2008-02-02,false,2008-02-02,profile_enrichment
3805,1,1572,Arcfield Medical,Program Analyst,Healthcare,1998-02-09,2003-04-25,false,2003-04-25,crm_import
3806,1,1572,Arcfield Medical,Director of Operations,Healthcare,2012-03-28,,true,2020-05-18,profile_enrichment
3807,1,9630,Silver Maple Holdings,Finance Manager,Financial Services,2020-12-20,,true,2026-03-26,crm_import
3808,1,5338,Arcfield Medical,Senior Program Manager,Healthcare,2022-01-29,,true,2022-04-03,profile_enrichment
3809,1,11681,Mariner Media Group,Program Director,Media,2021-11-18,2025-01-20,false,2025-01-20,profile_enrichment
3810,1,11681,Orchard Studio,Senior Producer,Media,2015-07-30,2020-07-10,false,2020-07-10,crm_import
3811,1,11681,Mariner Media Group,Managing Director,Media,2025-10-02,,true,2026-06-01,profile_enrichment
3812,1,11417,Harborline Health,Vice President of Operations,Healthcare,2011-06-29,,true,2024-12-18,crm_import
3813,1,7475,Community Innovation Council,Senior Program Manager,Nonprofit,2004-12-27,2010-09-17,false,2010-09-17,crm_import
3814,1,7475,CivicWorks Collaborative,Program Manager,Nonprofit,2001-07-20,2004-11-01,false,2004-11-01,profile_enrichment
3815,1,7475,CivicWorks Collaborative,Director of Programs,Nonprofit,2010-09-18,,true,2011-01-20,profile_enrichment
3816,1,12269,Arcfield Medical,,Healthcare,2021-07-06,,true,2026-04-22,profile_enrichment
3817,1,11197,Redwood Holdings,Senior Operations Manager,Manufacturing,2019-09-13,,true,2021-08-27,profile_enrichment
3818,1,16682,Cedar & Finch Consulting,Legal Analyst,Legal Services,2021-03-04,2025-10-21,false,2025-10-21,crm_import
3819,1,16682,Beacon Legal Group,Associate Counsel,Legal Services,2025-10-22,,true,2026-01-25,crm_import
3820,1,8109,Cedar & Finch Consulting,Managing Counsel,Legal Services,2016-09-30,,true,2018-01-11,profile_enrichment
3821,1,3503,Granite Industrial Group,Director of Operations,Manufacturing,2023-07-18,,true,2024-01-19,crm_import
3822,1,17567,Youth Arts Collaborative,Vice President of Programs,Nonprofit,2022-06-13,2026-08-06,false,2026-08-06,crm_import
3823,1,17567,Community Innovation Council,Director of Programs,Nonprofit,2020-02-24,2022-03-24,false,2022-03-24,profile_enrichment
3824,1,17567,Community Innovation Council,Senior Program Manager,Nonprofit,2016-04-21,2019-05-09,false,2019-05-09,profile_enrichment
3825,1,17567,Youth Arts Collaborative,Executive Director,Nonprofit,2026-08-07,,true,2026-08-24,profile_enrichment
3826,1,16844,Arcfield Manufacturing,Director of Operations,Manufacturing,2024-04-16,2026-05-15,false,2026-05-15,crm_import
3827,1,16844,Arcfield Manufacturing,Vice President of Operations,Manufacturing,2026-08-04,,true,2026-08-29,crm_import
3828,1,3507,Northstar Systems,Engineering Manager,Technology,2013-07-07,2015-08-24,false,2015-08-24,crm_import
3829,1,3507,Blue Lantern Technologies,Senior Software Engineer,Technology,2010-04-27,2013-07-06,false,2013-07-06,crm_import
3830,1,3507,Blue Lantern Technologies,Software Engineer,Technology,2007-08-07,2009-10-11,false,2009-10-11,crm_import
3831,1,3507,Beacon Software Group,Director of Engineering,Technology,2015-08-25,,true,2018-04-19,profile_enrichment
3832,1,16796,Beacon Legal Group,Associate Counsel,Legal Services,2013-10-08,,true,2014-12-02,profile_enrichment
3833,1,12779,Pinecrest Partners,Senior Counsel,Legal Services,2015-05-22,2018-07-31,false,2018-07-31,crm_import
3834,1,12779,Cedar & Finch Consulting,Managing Counsel,Legal Services,2019-06-03,,true,2023-05-06,crm_import
3835,1,8132,Youth Arts Collaborative,Senior Program Manager,Nonprofit,2007-10-14,2010-07-20,false,2010-07-20,profile_enrichment
3836,1,8132,CivicWorks Collaborative,Program Manager,Nonprofit,2002-05-04,2007-10-13,false,2007-10-13,crm_import
3837,1,8132,CivicWorks Collaborative,Program Coordinator,Nonprofit,1999-09-17,2001-12-17,false,2001-12-17,crm_import
3838,1,8132,CivicWorks Collaborative,Director of Programs,Nonprofit,2010-11-19,,true,2016-01-17,profile_enrichment
3839,1,9509,Lakeshore Media,Senior Producer,Media,2010-05-19,2015-10-28,false,2015-10-28,crm_import
3840,1,9509,Lakeshore Media,Producer,Media,2007-10-02,2010-01-01,false,2010-01-01,crm_import
3841,1,9509,Mariner Media Group,Coordinator,Media,2002-09-09,2007-10-01,false,2007-10-01,crm_import
3842,1,9509,Lakeshore Media,Program Director,Media,2015-10-29,,true,2023-09-18,crm_import
3843,1,4048,Redwood Creative,Managing Director,Media,2017-03-25,,true,2022-05-30,crm_import
3844,1,992,Harbor Street Counsel,Senior Counsel,Legal Services,2016-06-17,,true,2016-08-05,profile_enrichment
3845,1,7776,Arcfield Manufacturing,Senior Operations Manager,Manufacturing,2017-05-15,,true,2019-10-12,profile_enrichment
3846,1,4271,Clearwater Health Group,Chief Operating Officer,Healthcare,2022-08-31,2024-12-25,false,2024-12-25,crm_import
3847,1,4271,Arcfield Medical,Senior Program Manager,Healthcare,2020-01-24,2022-08-30,false,2022-08-30,crm_import
3848,1,4271,Clearwater Health Group,Program Manager,Healthcare,2016-09-24,2020-01-23,false,2020-01-23,crm_import
3849,1,4271,Youth Arts Collaborative,Part-Time Lecturer,Consulting,2023-10-19,2025-03-08,false,2025-03-08,profile_enrichment
3850,1,4271,Regional Health Partners,Vice President of Operations,Healthcare,2024-12-26,,true,2025-08-19,profile_enrichment
3851,1,2007,Juniper Education Group,Associate Professor,Education,2010-09-22,2014-08-24,false,2014-08-24,crm_import
3852,1,2007,Northbridge Academy,Professor,Education,2014-08-25,,true,2023-02-06,profile_enrichment
3853,1,11648,CivicWorks Collaborative,Executive Director,Nonprofit,2015-10-12,,true,2025-06-05,profile_enrichment
3854,1,10503,Stonebridge Financial,Vice President of Finance,Financial Services,2012-01-17,,true,2020-04-14,profile_enrichment
3855,1,16031,Cedar & Finch Consulting,Associate Counsel,Legal Services,2014-06-11,2016-08-25,false,2016-08-25,profile_enrichment
3856,1,16031,Harbor Street Counsel,Counsel,Legal Services,2017-05-13,,true,2023-02-11,profile_enrichment
3857,1,12121,Juniper Education Group,Department Chair,Education,2016-08-18,,true,2024-03-29,crm_import
3858,1,16209,Beacon Legal Group,Associate Counsel,Legal Services,2023-08-14,,true,2024-11-21,profile_enrichment
3859,1,4170,Mariner Media Group,Managing Director,Media,2021-01-04,2024-08-21,false,2024-08-21,crm_import
3860,1,4170,Mariner Media Group,President,Media,2025-05-11,,true,2026-06-25,crm_import
3861,1,7372,Redwood Creative,President,Media,2012-01-20,,true,2025-06-24,profile_enrichment
3862,1,4712,Cedar Ridge Education,Associate Professor,Education,2025-12-18,,true,2026-01-02,profile_enrichment
3863,1,3845,Blue Lantern Technologies,Engineering Manager,Technology,2020-02-24,2025-07-28,false,2025-07-28,crm_import
3864,1,3845,Blue Lantern Technologies,Senior Software Engineer,Technology,2014-10-21,2019-04-15,false,2019-04-15,crm_import
3865,1,3845,Beacon Software Group,Director of Engineering,Technology,2025-07-29,,true,2025-10-14,crm_import
3866,1,16248,Clearwater Health Group,Senior Program Manager,Healthcare,2012-03-05,,true,2026-05-03,profile_enrichment
3867,1,1061,Beacon Software Group,Engineering Manager,Technology,2021-03-28,2023-07-01,false,2023-07-01,profile_enrichment
3868,1,1061,Blue Lantern Technologies,Senior Software Engineer,Technology,2017-04-06,2021-03-27,false,2021-03-27,crm_import
3869,1,1061,Beacon Software Group,Director of Engineering,Technology,2023-07-02,,true,2024-07-23,profile_enrichment
3870,1,2182,Clearwater Manufacturing,Vice President of Operations,Manufacturing,2019-01-11,2024-02-05,false,2024-02-05,crm_import
3871,1,2182,Granite Industrial Group,Director of Operations,Manufacturing,2014-05-26,2019-01-10,false,2019-01-10,crm_import
3872,1,2182,Arcfield Manufacturing,Senior Operations Manager,Manufacturing,2008-05-16,2013-01-24,false,2013-01-24,profile_enrichment
3873,1,2182,Granite Industrial Group,President,Manufacturing,2024-11-06,,true,2025-10-14,profile_enrichment
3874,1,6436,Arcfield Medical,Chief Operating Officer,Healthcare,2023-07-05,,true,2025-04-07,profile_enrichment
3875,1,14961,Open Learning Network,Department Chair,Education,2011-04-16,,true,2016-01-10,crm_import
3876,1,18548,Mariner Labs,Senior Software Engineer,Technology,2022-06-14,,true,2024-06-19,profile_enrichment
3877,1,17509,Beacon Software Group,Analyst,Technology,2008-08-15,2012-08-26,false,2012-08-26,crm_import
3878,1,17509,Mariner Labs,Software Engineer,Technology,2012-08-27,,true,2014-04-05,crm_import
3879,1,19626,Granite Advisory,Chief Financial Officer,Financial Services,2021-04-06,,true,2024-07-12,crm_import
3880,1,3181,Clearwater Health Group,Program Manager,Healthcare,2018-08-21,,true,2019-09-13,crm_import
3881,1,3206,Northbridge Academy,Professor,Education,2016-08-22,2019-12-04,false,2019-12-04,crm_import
3882,1,3206,Open Learning Network,Associate Professor,Education,2012-10-20,2016-06-12,false,2016-06-12,profile_enrichment
3883,1,3206,Juniper Education Group,Department Chair,Education,2019-12-05,,true,2023-08-11,profile_enrichment
3884,1,16370,Silver Maple Holdings,Analyst,Financial Services,2013-12-20,2017-06-04,false,2017-06-04,crm_import
3885,1,16370,Summit Grove Partners,Associate,Financial Services,2017-06-05,,true,2019-09-29,crm_import
3886,1,12784,Pinecrest Partners,Associate Counsel,Legal Services,2012-01-25,,true,2014-04-15,crm_import
3887,1,5839,Pinecrest Partners,Associate Counsel,Legal Services,2008-03-24,2010-10-16,false,2010-10-16,crm_import
3888,1,5839,Pinecrest Partners,Counsel,Legal Services,2010-10-17,,true,2019-04-09,profile_enrichment
3889,1,18968,Stonebridge Financial,Chief Financial Officer,Financial Services,2024-09-22,,true,2024-09-25,profile_enrichment
3890,1,17643,Silver Maple Holdings,Associate,Financial Services,2010-08-07,2013-07-08,false,2013-07-08,profile_enrichment
3891,1,17643,Stonebridge Financial,Analyst,Financial Services,2007-12-06,2010-08-06,false,2010-08-06,crm_import
3892,1,17643,Summit Grove Partners,Analyst,Financial Services,2002-06-10,2007-12-05,false,2007-12-05,crm_import
3893,1,17643,Granite Advisory,Finance Manager,Financial Services,2013-07-09,,true,2015-05-02,profile_enrichment
3894,1,13951,Lakeshore Media,President,Media,2011-10-03,,true,2023-02-10,profile_enrichment
3895,1,9740,Cedar Ridge Education,Professor,Education,2014-02-06,,true,2026-07-06,profile_enrichment
3896,1,1247,Metro Community Foundation,Senior Program Manager,Nonprofit,2018-03-17,2022-10-06,false,2022-10-06,profile_enrichment
3897,1,1247,Metro Community Foundation,Director of Programs,Nonprofit,2022-10-07,,true,2023-04-06,profile_enrichment
3898,1,4213,Redwood Holdings,Operations Manager,Manufacturing,2005-12-23,2011-09-28,false,2011-09-28,crm_import
3899,1,4213,Granite Industrial Group,Senior Operations Manager,Manufacturing,2011-11-26,,true,2022-06-24,profile_enrichment
3900,1,19160,Northbridge Academy,Dean,Education,2018-12-04,,true,2021-11-06,profile_enrichment
3901,1,2463,Lakeshore Media,President,Media,2016-06-22,,true,2020-01-06,profile_enrichment
3902,1,14251,Cedar & Finch Consulting,Counsel,Legal Services,2014-05-11,,true,2016-12-21,profile_enrichment
3903,1,19158,Summit Grove Partners,Senior Finance Manager,Financial Services,2023-07-11,2025-08-29,false,2025-08-29,crm_import
3904,1,19158,Silver Maple Holdings,Finance Manager,Financial Services,2019-06-27,2023-07-10,false,2023-07-10,crm_import
3905,1,19158,Granite Advisory,Associate,Financial Services,2016-04-03,2019-06-26,false,2019-06-26,crm_import
3906,1,19158,Summit Grove Partners,Director of Finance,Financial Services,2025-08-30,,true,2026-01-06,profile_enrichment
3907,1,12164,Blue Lantern Technologies,Analyst,Technology,2011-03-17,2014-04-23,false,2014-04-23,crm_import
3908,1,12164,Northstar Systems,Analyst,Technology,2006-09-14,2010-11-19,false,2010-11-19,crm_import
3909,1,12164,Beacon Software Group,Software Engineer,Technology,2014-04-24,,true,2023-06-22,profile_enrichment
3910,1,7679,Lakeshore Media,Managing Director,Media,2025-12-23,,true,2026-05-04,profile_enrichment
3911,1,4033,Harbor Street Counsel,Senior Counsel,Legal Services,2025-07-23,,true,2026-04-11,crm_import
3912,1,15380,Redwood Holdings,Senior Operations Manager,Manufacturing,2020-05-21,2024-10-02,false,2024-10-02,crm_import
3913,1,15380,Arcfield Manufacturing,Operations Manager,Manufacturing,2017-03-15,2020-05-20,false,2020-05-20,profile_enrichment
3914,1,15380,Granite Industrial Group,Operations Analyst,Manufacturing,2014-09-22,2016-11-28,false,2016-11-28,crm_import
3915,1,15380,Redwood Holdings,Director of Operations,Manufacturing,2024-10-03,,true,2026-04-20,profile_enrichment
3916,1,3213,Mariner Labs,Engineering Manager,Technology,2023-11-18,,true,2023-11-24,profile_enrichment
3917,1,7257,Cedar & Finch Consulting,Managing Counsel,Legal Services,2017-09-15,2021-06-16,false,2021-06-16,crm_import
3918,1,7257,Pinecrest Partners,Senior Counsel,Legal Services,2013-10-22,2017-09-14,false,2017-09-14,crm_import
3919,1,7257,Pinecrest Partners,Counsel,Legal Services,2008-10-05,2013-10-21,false,2013-10-21,crm_import
3920,1,7257,Beacon Legal Group,General Counsel,Legal Services,2021-06-17,,true,2024-01-26,crm_import
3921,1,10625,Redwood Creative,Senior Producer,Media,2021-05-20,,true,2023-04-07,profile_enrichment
3922,1,10267,Silver Maple Holdings,Director of Finance,Financial Services,2016-05-30,,true,2026-06-30,crm_import
3923,1,3093,CivicWorks Collaborative,Program Manager,Nonprofit,2022-06-13,2026-06-21,false,2026-06-21,crm_import
3924,1,3093,Metro Community Foundation,Program Coordinator,Nonprofit,2018-03-15,2022-06-12,false,2022-06-12,crm_import
3925,1,3093,CivicWorks Collaborative,Program Coordinator,Nonprofit,2012-12-26,2018-03-14,false,2018-03-14,profile_enrichment
3926,1,3093,Metro Community Foundation,Senior Program Manager,Nonprofit,2026-06-22,,true,2026-08-02,profile_enrichment
3927,1,733,Stonebridge Financial,Senior Finance Manager,Financial Services,2016-07-07,,true,2019-02-20,profile_enrichment
3928,1,15856,Metro Community Foundation,Vice President of Programs,Nonprofit,2022-09-01,2025-10-19,false,2025-10-19,crm_import
3929,1,15856,Community Innovation Council,Director of Programs,Nonprofit,2019-04-25,2022-08-31,false,2022-08-31,profile_enrichment
3930,1,15856,Youth Arts Collaborative,Senior Program Manager,Nonprofit,2015-04-17,2017-11-14,false,2017-11-14,crm_import
3931,1,15856,Metro Community Foundation,Executive Director,Nonprofit,2025-10-20,,true,2026-02-04,profile_enrichment
3932,1,9877,Beacon Software Group,Director of Engineering,Technology,2006-11-29,2011-04-16,false,2011-04-16,profile_enrichment
3933,1,9877,Blue Lantern Technologies,Engineering Manager,Technology,2002-11-29,2006-11-28,false,2006-11-28,crm_import
3934,1,9877,Beacon Software Group,Vice President of Engineering,Technology,2011-04-17,,true,2012-12-25,profile_enrichment
3935,1,9119,Granite Industrial Group,Director of Operations,Manufacturing,2015-01-13,2019-01-12,false,2019-01-12,profile_enrichment
3936,1,9119,Arcfield Manufacturing,Senior Operations Manager,Manufacturing,2010-02-26,2015-01-12,false,2015-01-12,crm_import
3937,1,9119,Redwood Holdings,Vice President of Operations,Manufacturing,2019-01-13,,true,2025-01-15,crm_import
3938,1,15383,Pinecrest Partners,Managing Counsel,Legal Services,2005-10-29,2010-08-20,false,2010-08-20,profile_enrichment
3939,1,15383,Harbor Street Counsel,Associate Counsel,Legal Services,2002-02-28,2005-10-28,false,2005-10-28,profile_enrichment
3940,1,15383,Cedar & Finch Consulting,Legal Analyst,Legal Services,1996-09-17,2002-02-27,false,2002-02-27,crm_import
3941,1,15383,Harbor Street Counsel,Senior Counsel,Legal Services,2010-08-21,,true,2021-10-24,profile_enrichment
3942,1,6979,Pinecrest Partners,General Counsel,Legal Services,2025-12-03,,true,2026-08-05,profile_enrichment
3943,1,6276,Clearwater Manufacturing,Vice President of Operations,Manufacturing,2025-12-09,,true,2026-07-22,profile_enrichment
3944,1,16109,Northbridge Academy,Department Chair,Education,2020-09-20,,true,2026-05-16,crm_import
3945,1,17387,Youth Arts Collaborative,Senior Program Manager,Nonprofit,2022-11-03,2026-01-07,false,2026-01-07,profile_enrichment
3946,1,17387,CivicWorks Collaborative,Program Manager,Nonprofit,2017-11-25,2022-11-02,false,2022-11-02,profile_enrichment
3947,1,17387,Youth Arts Collaborative,Director of Programs,Nonprofit,2026-01-08,,true,2026-06-11,profile_enrichment
3948,1,3877,Granite Advisory,Analyst,Financial Services,2021-12-12,2024-03-28,false,2024-03-28,profile_enrichment
3949,1,3877,Summit Grove Partners,Analyst,Financial Services,2016-02-19,2021-12-11,false,2021-12-11,crm_import
3950,1,3877,Granite Advisory,Analyst,Financial Services,2012-07-21,2016-02-18,false,2016-02-18,crm_import
3951,1,3877,Stonebridge Financial,Associate,Financial Services,2024-03-29,,true,2026-02-04,crm_import
3952,1,3853,Regional Health Partners,Director of Operations,Healthcare,2007-11-25,2013-09-16,false,2013-09-16,profile_enrichment
3953,1,3853,Clearwater Health Group,Senior Program Manager,Healthcare,2004-04-26,2007-11-24,false,2007-11-24,crm_import
3954,1,3853,Regional Health Partners,Program Manager,Healthcare,2000-12-16,2003-09-02,false,2003-09-02,crm_import
3955,1,3853,Arcfield Medical,Vice President of Operations,Healthcare,2013-09-17,,true,2023-04-21,crm_import
3956,1,1304,Clearwater Manufacturing,Director of Operations,Manufacturing,2011-12-11,,true,2022-06-01,crm_import
3957,1,18598,Northstar Systems,Chief Technology Officer,Technology,2024-07-01,,true,2024-10-12,crm_import
3958,1,17378,Regional Health Initiative,Volunteer Treasurer,Education,2022-05-02,2023-08-30,false,2023-08-30,profile_enrichment
3959,1,17378,Redwood Creative,Program Director,Media,2023-06-02,,true,2025-11-26,profile_enrichment
3960,1,11744,Silver Maple Holdings,Associate,Financial Services,2014-05-23,,true,2018-02-04,crm_import
3961,1,10554,Redwood Creative,Producer,Media,2014-01-08,,true,2020-11-22,crm_import
3962,1,4966,Mariner Labs,Director of Engineering,Technology,2026-01-26,,true,2026-04-11,profile_enrichment
3963,1,12131,Redwood Holdings,Director of Operations,Manufacturing,2021-07-27,,true,2022-10-27,crm_import
3964,1,16468,Northstar Systems,,Technology,2015-08-24,,true,2021-06-30,profile_enrichment
3965,1,4718,Metro Community Foundation,Senior Program Manager,Nonprofit,2010-03-25,2014-07-26,false,2014-07-26,crm_import
3966,1,4718,CivicWorks Collaborative,Program Manager,Nonprofit,2007-07-21,2010-03-24,false,2010-03-24,crm_import
3967,1,4718,Community Innovation Council,Program Coordinator,Nonprofit,2004-11-14,2007-07-20,false,2007-07-20,crm_import
3968,1,4718,CivicWorks Collaborative,,Nonprofit,2014-07-27,,true,2018-05-08,profile_enrichment
3969,1,12684,Cedar & Finch Consulting,Legal Analyst,Legal Services,2022-01-09,2024-09-12,false,2024-09-12,profile_enrichment
3970,1,12684,Harbor Street Counsel,Legal Analyst,Legal Services,2019-05-06,2022-01-08,false,2022-01-08,crm_import
3971,1,12684,Harbor Street Counsel,Associate Counsel,Legal Services,2024-09-13,,true,2026-07-30,profile_enrichment
3972,1,4027,Redwood Holdings,Director of Operations,Manufacturing,2019-02-08,,true,2025-01-19,profile_enrichment
3973,1,18299,Cedar & Finch Consulting,Associate Counsel,Legal Services,2016-02-07,2019-09-22,false,2019-09-22,crm_import
3974,1,18299,Harbor Street Counsel,Legal Analyst,Legal Services,2012-12-20,2016-02-06,false,2016-02-06,profile_enrichment
3975,1,18299,Beacon Legal Group,Legal Analyst,Legal Services,2007-04-10,2012-12-19,false,2012-12-19,crm_import
3976,1,18299,Pinecrest Partners,Counsel,Legal Services,2019-09-23,,true,2020-11-03,profile_enrichment
3977,1,5254,Pinecrest Partners,Counsel,Legal Services,2021-02-28,,true,2026-02-26,profile_enrichment
3978,1,1946,Metro Community Foundation,Senior Program Manager,Nonprofit,2019-07-20,2023-09-21,false,2023-09-21,crm_import
3979,1,1946,Community Innovation Council,Program Manager,Nonprofit,2015-05-03,2019-07-19,false,2019-07-19,profile_enrichment
3980,1,1946,Metro Community Foundation,Director of Programs,Nonprofit,2024-10-07,,true,2026-07-01,profile_enrichment
3981,1,13039,Metro Community Foundation,Executive Director,Nonprofit,2022-03-26,,true,2023-06-25,crm_import
3982,1,4687,Northbridge Academy,Professor,Education,2022-08-29,2025-09-24,false,2025-09-24,crm_import
3983,1,4687,Juniper Education Group,Associate Professor,Education,2020-05-04,2022-08-28,false,2022-08-28,profile_enrichment
3984,1,4687,Northbridge Academy,Department Chair,Education,2026-02-19,,true,2026-06-10,crm_import
3985,1,10349,Lakeshore Media,President,Media,2011-01-11,,true,2021-02-01,profile_enrichment
3986,1,7652,Redwood Holdings,Vice President of Operations,Manufacturing,2015-04-04,,true,2019-06-23,crm_import
3987,1,13364,Northbridge Academy,Professor,Education,2025-03-14,,true,2026-01-17,profile_enrichment
3988,1,11384,Arcfield Medical,,Healthcare,2016-03-17,,true,2020-10-18,profile_enrichment
3989,1,11077,Northstar Systems,Vice President of Engineering,Technology,2008-05-31,2014-02-08,false,2014-02-08,crm_import
3990,1,11077,Blue Lantern Technologies,Director of Engineering,Technology,2005-03-22,2008-05-30,false,2008-05-30,crm_import
3991,1,11077,Mariner Labs,Chief Technology Officer,Technology,2014-08-29,,true,2015-04-24,crm_import
3992,1,5978,Blue Lantern Technologies,Senior Software Engineer,Technology,2018-05-06,2021-07-14,false,2021-07-14,crm_import
3993,1,5978,Northstar Systems,Software Engineer,Technology,2012-02-20,2017-05-14,false,2017-05-14,crm_import
3994,1,5978,Neighborhood Business Alliance,Part-Time Lecturer,Nonprofit,2018-10-29,2021-09-10,false,2021-09-10,profile_enrichment
3995,1,5978,Beacon Software Group,Engineering Manager,Technology,2021-07-15,,true,2024-07-04,crm_import
3996,1,17183,Harborline Health,Senior Program Manager,Healthcare,2020-05-29,,true,2024-11-17,profile_enrichment
3997,1,9471,Metro Community Foundation,Director of Programs,Nonprofit,2023-03-01,,true,2023-05-27,profile_enrichment
3998,1,14063,Mariner Labs,Director of Engineering,Technology,2021-01-24,2025-03-01,false,2025-03-01,crm_import
3999,1,14063,Blue Lantern Technologies,Software Engineer,Technology,2015-05-25,2021-01-23,false,2021-01-23,profile_enrichment
4000,1,14063,Mariner Labs,Analyst,Technology,2012-11-19,2015-05-24,false,2015-05-24,crm_import
4001,1,14063,Beacon Software Group,Engineering Manager,Technology,2025-03-02,,true,2025-05-14,profile_enrichment
4002,1,4834,Clearwater Manufacturing,Operations Manager,Manufacturing,2010-09-09,,true,2011-06-20,crm_import
4003,1,14094,Northstar Systems,Software Engineer,Technology,2026-03-02,,true,2026-06-15,profile_enrichment
4004,1,19121,Redwood Holdings,Operations Analyst,Manufacturing,2020-10-02,2023-01-13,false,2023-01-13,crm_import
4005,1,19121,Granite Industrial Group,Operations Analyst,Manufacturing,2015-12-11,2020-10-01,false,2020-10-01,crm_import
4006,1,19121,Arcfield Manufacturing,Operations Manager,Manufacturing,2024-06-28,,true,2026-01-26,profile_enrichment
4007,1,5855,Redwood Creative,Managing Director,Media,2015-10-29,,true,2016-11-17,crm_import
4008,1,12135,Arcfield Medical,Program Manager,Healthcare,2008-01-29,2010-10-13,false,2010-10-13,crm_import
4009,1,12135,Harborline Health,Program Analyst,Healthcare,2002-04-05,2007-04-21,false,2007-04-21,crm_import
4010,1,12135,Regional Health Partners,Program Analyst,Healthcare,1997-06-11,2001-03-14,false,2001-03-14,profile_enrichment
4011,1,12135,Regional Health Partners,Senior Program Manager,Healthcare,2010-10-14,,true,2018-03-06,profile_enrichment
4012,1,13651,Summit Grove Partners,Chief Financial Officer,Financial Services,2025-08-19,,true,2026-07-08,crm_import
4013,1,7868,Redwood Creative,Producer,Media,2022-03-29,,true,2026-03-20,crm_import
4014,1,1167,Beacon Legal Group,Associate Counsel,Legal Services,2025-06-02,,true,2025-07-11,crm_import
4015,1,3486,Arcfield Medical,,Healthcare,2026-01-08,,true,2026-07-09,profile_enrichment
4016,1,19729,Community Innovation Council,Vice President of Programs,Nonprofit,2018-07-06,,true,2021-04-19,profile_enrichment
4017,1,2238,Community Innovation Council,Executive Director,Nonprofit,2019-12-10,2024-05-02,false,2024-05-02,crm_import
4018,1,2238,Community Innovation Council,Director of Programs,Nonprofit,2016-05-12,2019-12-09,false,2019-12-09,crm_import
4019,1,2238,Community Innovation Council,Senior Program Manager,Nonprofit,2010-06-14,2015-05-02,false,2015-05-02,profile_enrichment
4020,1,2238,Youth Arts Collaborative,Executive Director,Nonprofit,2025-04-23,,true,2025-12-23,profile_enrichment
4021,1,16041,Mariner Media Group,Producer,Media,2011-07-29,,true,2013-10-05,profile_enrichment
4022,1,2908,Arcfield Medical,Director of Operations,Healthcare,2021-06-17,,true,2024-02-17,profile_enrichment
4023,1,1485,Juniper Education Group,Assistant Professor,Education,2011-03-30,2016-12-04,false,2016-12-04,crm_import
4024,1,1485,Juniper Education Group,Associate Professor,Education,2016-12-05,,true,2022-08-24,crm_import
4025,1,11813,Stonebridge Financial,Director of Finance,Financial Services,2022-07-01,2024-10-09,false,2024-10-09,crm_import
4026,1,11813,Stonebridge Financial,Senior Finance Manager,Financial Services,2018-04-09,2022-06-30,false,2022-06-30,crm_import
4027,1,11813,Stonebridge Financial,Vice President of Finance,Financial Services,2024-10-10,,true,2026-07-14,profile_enrichment
4028,1,17588,Arcfield Manufacturing,Vice President of Operations,Manufacturing,2021-06-01,2025-11-20,false,2025-11-20,crm_import
4029,1,17588,Granite Industrial Group,Director of Operations,Manufacturing,2016-05-09,2021-05-31,false,2021-05-31,crm_import
4030,1,17588,Redwood Holdings,President,Manufacturing,2025-11-21,,true,2026-02-14,profile_enrichment
4031,1,7513,Youth Arts Collaborative,Director of Programs,Nonprofit,2018-10-12,,true,2019-02-06,crm_import
4032,1,8439,Granite Industrial Group,Vice President of Operations,Manufacturing,2019-05-10,,true,2021-11-09,crm_import
4033,1,3442,Cedar Ridge Education,Associate Professor,Education,2011-12-13,2015-01-31,false,2015-01-31,crm_import
4034,1,3442,Northbridge Academy,Assistant Professor,Education,2008-03-15,2011-03-19,false,2011-03-19,crm_import
4035,1,3442,Juniper Education Group,Lecturer,Education,2004-06-21,2008-03-14,false,2008-03-14,profile_enrichment
4036,1,3442,Open Learning Network,Professor,Education,2015-02-01,,true,2018-10-29,profile_enrichment
4037,1,5201,Northstar Systems,Senior Software Engineer,Technology,2015-06-30,2021-01-30,false,2021-01-30,crm_import
4038,1,5201,Beacon Software Group,Engineering Manager,Technology,2021-01-31,,true,2021-12-24,crm_import
4039,1,6506,Cedar Ridge Education,Associate Professor,Education,2018-02-05,,true,2023-03-07,profile_enrichment
4040,1,487,Community Innovation Council,Senior Program Manager,Nonprofit,2006-12-05,2011-09-13,false,2011-09-13,crm_import
4041,1,487,Metro Community Foundation,Program Manager,Nonprofit,2003-09-18,2006-12-04,false,2006-12-04,profile_enrichment
4042,1,487,CivicWorks Collaborative,Program Coordinator,Nonprofit,1998-07-27,2003-09-17,false,2003-09-17,crm_import
4043,1,487,Metro Community Foundation,Director of Programs,Nonprofit,2011-09-14,,true,2016-09-15,crm_import
4044,1,13662,Clearwater Health Group,Chief Operating Officer,Healthcare,2022-07-04,,true,2024-07-27,profile_enrichment
4045,1,4668,Regional Health Partners,Vice President of Operations,Healthcare,2023-06-10,2026-05-25,false,2026-05-25,crm_import
4046,1,4668,Harborline Health,Director of Operations,Healthcare,2017-09-21,2023-06-09,false,2023-06-09,crm_import
4047,1,4668,Clearwater Health Group,Senior Program Manager,Healthcare,2013-10-31,2017-09-20,false,2017-09-20,crm_import
4048,1,4668,Regional Health Partners,Chief Operating Officer,Healthcare,2026-05-26,,true,2026-08-02,profile_enrichment
4049,1,10226,Northstar Systems,Software Engineer,Technology,2021-07-25,,true,2023-12-13,crm_import
4050,1,19769,Blue Lantern Technologies,Chief Technology Officer,Technology,2005-01-09,2010-05-29,false,2010-05-29,crm_import
4051,1,19769,Northstar Systems,Engineering Manager,Technology,2000-02-05,2005-01-08,false,2005-01-08,profile_enrichment
4052,1,19769,Northstar Systems,Senior Software Engineer,Technology,1994-09-20,2000-02-04,false,2000-02-04,crm_import
4053,1,19769,Mariner Labs,,Technology,2011-07-22,,true,2013-05-31,profile_enrichment
4054,1,2217,Cedar & Finch Consulting,Senior Counsel,Legal Services,2016-09-29,,true,2018-05-13,crm_import
4055,1,18012,Lakeshore Media,Managing Director,Media,2014-10-30,,true,2024-10-14,crm_import
4056,1,19805,Lakeshore Media,Program Director,Media,2022-12-27,,true,2024-06-05,crm_import
4057,1,5160,Northbridge Academy,Department Chair,Education,2023-10-23,,true,2024-10-07,profile_enrichment
4058,1,16022,Harborline Health,Senior Program Manager,Healthcare,2016-05-14,,true,2022-12-28,crm_import
4059,1,11691,Arcfield Medical,Program Manager,Healthcare,2025-03-20,,true,2025-10-17,profile_enrichment
4060,1,1598,Northstar Systems,Software Engineer,Technology,2023-01-03,,true,2023-02-02,profile_enrichment
4061,1,16400,Arcfield Medical,Senior Program Manager,Healthcare,2012-01-26,2014-06-19,false,2014-06-19,crm_import
4062,1,16400,Arcfield Medical,Director of Operations,Healthcare,2014-06-20,,true,2025-10-06,profile_enrichment
4063,1,9363,Clearwater Health Group,Vice President of Operations,Healthcare,2021-07-22,,true,2022-10-08,profile_enrichment
4064,1,10635,Harborline Health,,Healthcare,2024-02-02,,true,2024-10-01,crm_import
4065,1,18180,Metro Community Foundation,Director of Programs,Nonprofit,2012-08-13,2014-10-20,false,2014-10-20,crm_import
4066,1,18180,Community Innovation Council,Senior Program Manager,Nonprofit,2010-07-27,2012-08-12,false,2012-08-12,crm_import
4067,1,18180,CivicWorks Collaborative,Program Manager,Nonprofit,2004-04-03,2009-10-27,false,2009-10-27,profile_enrichment
4068,1,18180,Metro Community Foundation,Vice President of Programs,Nonprofit,2014-10-21,,true,2018-12-14,profile_enrichment
4069,1,18252,Stonebridge Financial,,Financial Services,2020-10-24,,true,2021-08-26,crm_import
4070,1,7791,Open Learning Network,Assistant Professor,Education,2013-04-26,,true,2024-05-15,profile_enrichment
4071,1,13458,Beacon Software Group,Chief Technology Officer,Technology,2010-11-20,,true,2023-07-10,crm_import
4072,1,14387,Regional Health Partners,Director of Operations,Healthcare,2010-06-12,,true,2016-04-04,profile_enrichment
4073,1,10008,CivicWorks Collaborative,Executive Director,Nonprofit,2025-02-04,,true,2025-07-12,profile_enrichment
4074,1,10266,Granite Advisory,Director of Finance,Financial Services,2020-05-10,2023-05-07,false,2023-05-07,crm_import
4075,1,10266,Summit Grove Partners,Senior Finance Manager,Financial Services,2016-08-09,2019-03-29,false,2019-03-29,crm_import
4076,1,10266,Stonebridge Financial,Finance Manager,Financial Services,2012-01-05,2016-08-08,false,2016-08-08,crm_import
4077,1,10266,Stonebridge Financial,Vice President of Finance,Financial Services,2024-09-06,,true,2024-10-01,crm_import
4078,1,18477,Granite Advisory,Analyst,Financial Services,2005-06-05,2010-04-01,false,2010-04-01,crm_import
4079,1,18477,Summit Grove Partners,Analyst,Financial Services,2000-04-04,2005-06-04,false,2005-06-04,crm_import
4080,1,18477,Summit Grove Partners,Associate,Financial Services,2011-04-12,,true,2014-08-14,profile_enrichment
4081,1,19891,Arcfield Medical,Vice President of Operations,Healthcare,2021-09-26,2025-11-06,false,2025-11-06,profile_enrichment
4082,1,19891,Regional Health Partners,Director of Operations,Healthcare,2017-10-27,2021-09-25,false,2021-09-25,crm_import
4083,1,19891,Regional Health Partners,Chief Operating Officer,Healthcare,2025-11-07,,true,2026-05-11,profile_enrichment
4084,1,15292,Blue Lantern Technologies,Senior Software Engineer,Technology,2013-04-14,,true,2018-01-14,profile_enrichment
4085,1,2440,Youth Arts Collaborative,Program Manager,Nonprofit,2018-01-30,,true,2024-06-15,crm_import
4086,1,8079,Cedar Ridge Education,Department Chair,Education,2020-04-19,,true,2021-01-05,profile_enrichment
4087,1,11155,Community Innovation Council,Senior Program Manager,Nonprofit,2014-04-13,,true,2022-04-19,crm_import
4088,1,9884,Blue Lantern Technologies,Software Engineer,Technology,2015-05-05,2020-10-06,false,2020-10-06,crm_import
4089,1,9884,Northstar Systems,Analyst,Technology,2010-01-17,2015-05-04,false,2015-05-04,crm_import
4090,1,9884,Beacon Software Group,Senior Software Engineer,Technology,2020-10-07,,true,2022-06-25,profile_enrichment
4091,1,10004,Juniper Education Group,Department Chair,Education,2015-08-20,,true,2024-12-24,profile_enrichment
4092,1,12632,Lakeshore Media,President,Media,2019-02-02,,true,2019-02-27,crm_import
4093,1,2706,Juniper Education Group,Department Chair,Education,2017-02-03,,true,2018-05-18,profile_enrichment
4094,1,8494,Clearwater Health Group,Vice President of Operations,Healthcare,2008-09-28,2012-06-09,false,2012-06-09,crm_import
4095,1,8494,Arcfield Medical,Chief Operating Officer,Healthcare,2013-08-01,,true,2017-10-12,profile_enrichment
4096,1,7637,Regional Health Partners,Vice President of Operations,Healthcare,2025-08-29,,true,2026-03-02,profile_enrichment
4097,1,8665,Lakeshore Media,Managing Director,Media,2010-01-24,,true,2020-05-09,profile_enrichment
4098,1,17264,Harborline Health,Director of Operations,Healthcare,2020-09-29,2023-09-05,false,2023-09-05,crm_import
4099,1,17264,Arcfield Medical,Senior Program Manager,Healthcare,2016-11-08,2020-07-11,false,2020-07-11,crm_import
4100,1,17264,Regional Health Partners,Vice President of Operations,Healthcare,2023-09-06,,true,2026-01-19,crm_import
4101,1,16494,Blue Lantern Technologies,Vice President of Engineering,Technology,2013-05-20,2019-01-13,false,2019-01-13,crm_import
4102,1,16494,Northstar Systems,Director of Engineering,Technology,2009-11-26,2013-05-19,false,2013-05-19,profile_enrichment
4103,1,16494,Beacon Software Group,Engineering Manager,Technology,2004-05-08,2009-11-25,false,2009-11-25,crm_import
4104,1,16494,Beacon Software Group,Chief Technology Officer,Technology,2019-01-14,,true,2023-08-20,profile_enrichment
4105,1,16552,Regional Health Partners,Program Manager,Healthcare,2006-12-07,2011-10-17,false,2011-10-17,crm_import
4106,1,16552,Regional Health Partners,Program Analyst,Healthcare,2002-09-30,2006-12-06,false,2006-12-06,crm_import
4107,1,16552,Clearwater Health Group,Senior Program Manager,Healthcare,2011-10-18,,true,2019-10-17,profile_enrichment
4108,1,2200,Open Learning Network,Professor,Education,2006-01-18,2010-10-12,false,2010-10-12,crm_import
4109,1,2200,Cedar Ridge Education,Associate Professor,Education,2001-03-28,2006-01-17,false,2006-01-17,crm_import
4110,1,2200,Juniper Education Group,Department Chair,Education,2010-10-13,,true,2020-09-06,profile_enrichment
4111,1,8904,Blue Lantern Technologies,Engineering Manager,Technology,2019-01-17,,true,2020-01-14,profile_enrichment
4112,1,18921,Orchard Studio,Program Director,Media,2021-08-27,,true,2022-12-30,profile_enrichment
4113,1,9601,Granite Advisory,Director of Finance,Financial Services,2025-06-30,,true,2025-10-31,crm_import
4114,1,17595,Clearwater Health Group,Senior Program Manager,Healthcare,2019-07-29,2022-03-29,false,2022-03-29,profile_enrichment
4115,1,17595,Clearwater Health Group,Program Analyst,Healthcare,2014-10-22,2019-07-28,false,2019-07-28,crm_import
4116,1,17595,Regional Health Partners,Program Manager,Healthcare,2022-03-30,,true,2024-04-07,profile_enrichment
4117,1,8288,Orchard Studio,Producer,Media,2016-02-12,2020-04-05,false,2020-04-05,crm_import
4118,1,8288,Mariner Media Group,Coordinator,Media,2011-04-15,2016-02-11,false,2016-02-11,crm_import
4119,1,8288,Lakeshore Media,Senior Producer,Media,2020-04-06,,true,2024-07-12,profile_enrichment
4120,1,14847,Metro Community Foundation,Director of Programs,Nonprofit,2020-10-07,,true,2024-07-08,crm_import
4121,1,6840,Lakeshore Media,Program Director,Media,2021-03-30,,true,2022-03-05,profile_enrichment
4122,1,4952,Clearwater Manufacturing,Operations Manager,Manufacturing,2019-07-13,2024-07-04,false,2024-07-04,profile_enrichment
4123,1,4952,Arcfield Manufacturing,Operations Analyst,Manufacturing,2014-03-06,2019-07-12,false,2019-07-12,crm_import
4124,1,4952,Granite Industrial Group,Operations Analyst,Manufacturing,2010-05-13,2012-11-16,false,2012-11-16,crm_import
4125,1,4952,Arcfield Manufacturing,Senior Operations Manager,Manufacturing,2024-07-05,,true,2026-04-30,crm_import
4126,1,4208,Mariner Media Group,,Media,2012-09-09,,true,2023-09-10,profile_enrichment
4127,1,19191,Granite Industrial Group,Operations Manager,Manufacturing,2013-10-17,,true,2021-09-26,profile_enrichment
4128,1,6280,Clearwater Manufacturing,Senior Operations Manager,Manufacturing,2009-08-01,2012-11-08,false,2012-11-08,crm_import
4129,1,6280,Arcfield Manufacturing,Operations Manager,Manufacturing,2007-07-26,2009-07-31,false,2009-07-31,crm_import
4130,1,6280,Redwood Holdings,Operations Analyst,Manufacturing,2002-11-21,2007-07-25,false,2007-07-25,crm_import
4131,1,6280,Redwood Holdings,Director of Operations,Manufacturing,2012-11-09,,true,2017-01-06,profile_enrichment
4132,1,17332,Cedar & Finch Consulting,Associate Counsel,Legal Services,2022-06-11,,true,2024-11-25,profile_enrichment
4133,1,2243,Granite Advisory,Senior Finance Manager,Financial Services,2022-03-18,2024-11-17,false,2024-11-17,crm_import
4134,1,2243,Silver Maple Holdings,Finance Manager,Financial Services,2016-05-09,2021-12-22,false,2021-12-22,profile_enrichment
4135,1,2243,Granite Advisory,Associate,Financial Services,2011-12-27,2016-05-08,false,2016-05-08,profile_enrichment
4136,1,2243,Summit Grove Partners,Director of Finance,Financial Services,2024-11-18,,true,2025-09-21,profile_enrichment
4137,1,11930,Pinecrest Partners,Associate Counsel,Legal Services,2004-08-17,2010-04-01,false,2010-04-01,crm_import
4138,1,11930,Harbor Street Counsel,Legal Analyst,Legal Services,2000-04-05,2004-08-16,false,2004-08-16,crm_import
4139,1,11930,Cedar & Finch Consulting,,Legal Services,2010-06-26,,true,2012-08-25,profile_enrichment
4140,1,19982,Blue Lantern Technologies,Vice President of Engineering,Technology,2011-03-16,2015-09-27,false,2015-09-27,crm_import
4141,1,19982,Beacon Software Group,Director of Engineering,Technology,2004-05-21,2009-12-15,false,2009-12-15,profile_enrichment
4142,1,19982,Beacon Software Group,Chief Technology Officer,Technology,2015-09-28,,true,2026-07-07,crm_import
4143,1,2282,Cedar Ridge Education,Professor,Education,2024-08-30,,true,2025-05-05,profile_enrichment
4144,1,1981,Cedar Ridge Education,Assistant Professor,Education,2007-03-30,2012-12-03,false,2012-12-03,crm_import
4145,1,1981,Northbridge Academy,Lecturer,Education,2005-03-04,2007-03-29,false,2007-03-29,crm_import
4146,1,1981,Juniper Education Group,Associate Professor,Education,2012-12-04,,true,2021-01-24,crm_import
4147,1,3835,Blue Lantern Technologies,Software Engineer,Technology,2015-11-08,,true,2016-06-29,crm_import
4148,1,3175,Orchard Studio,Producer,Media,2025-05-19,,true,2025-12-14,profile_enrichment
4149,1,7735,Harborline Health,Director of Operations,Healthcare,2021-04-25,2024-08-25,false,2024-08-25,crm_import
4150,1,7735,Arcfield Medical,Senior Program Manager,Healthcare,2019-03-05,2021-04-24,false,2021-04-24,crm_import
4151,1,7735,Regional Health Partners,Program Manager,Healthcare,2015-07-02,2019-03-04,false,2019-03-04,crm_import
4152,1,7735,Clearwater Health Group,Vice President of Operations,Healthcare,2026-01-08,,true,2026-07-24,profile_enrichment
4153,1,8532,Summit Grove Partners,Vice President of Finance,Financial Services,2012-06-18,2017-11-08,false,2017-11-08,profile_enrichment
4154,1,8532,Summit Grove Partners,Director of Finance,Financial Services,2006-06-29,2012-06-17,false,2012-06-17,crm_import
4155,1,8532,Silver Maple Holdings,Chief Financial Officer,Financial Services,2017-11-09,,true,2021-06-06,profile_enrichment
4156,1,17076,Harborline Health,Director of Operations,Healthcare,2014-06-18,2020-02-08,false,2020-02-08,crm_import
4157,1,17076,Arcfield Medical,Senior Program Manager,Healthcare,2010-10-23,2014-06-17,false,2014-06-17,crm_import
4158,1,17076,Harborline Health,Vice President of Operations,Healthcare,2020-02-09,,true,2020-06-07,profile_enrichment
4159,1,15882,Granite Advisory,Associate,Financial Services,2018-03-22,2022-09-06,false,2022-09-06,profile_enrichment
4160,1,15882,Granite Advisory,Finance Manager,Financial Services,2022-09-07,,true,2026-03-30,crm_import
4161,1,714,Stonebridge Financial,Analyst,Financial Services,2008-03-16,2012-03-19,false,2012-03-19,crm_import
4162,1,714,Granite Advisory,Analyst,Financial Services,2005-12-17,2008-03-15,false,2008-03-15,crm_import
4163,1,714,Summit Grove Partners,Associate,Financial Services,2012-08-18,,true,2022-12-19,profile_enrichment
4164,1,1918,Cedar Ridge Education,Associate Professor,Education,2016-02-14,2019-08-22,false,2019-08-22,crm_import
4165,1,1918,Open Learning Network,Assistant Professor,Education,2013-09-01,2016-02-13,false,2016-02-13,crm_import
4166,1,1918,Open Learning Network,Lecturer,Education,2008-12-12,2012-08-14,false,2012-08-14,crm_import
4167,1,1918,Open Learning Network,Professor,Education,2019-08-23,,true,2026-07-11,profile_enrichment
4168,1,4664,Orchard Studio,Producer,Media,2024-06-02,,true,2024-10-30,profile_enrichment
4169,1,18858,Open Learning Network,Lecturer,Education,2011-10-14,2013-12-29,false,2013-12-29,profile_enrichment
4170,1,18858,Northbridge Academy,Lecturer,Education,2006-06-29,2011-10-13,false,2011-10-13,crm_import
4171,1,18858,Northbridge Academy,Assistant Professor,Education,2013-12-30,,true,2022-06-23,crm_import
4172,1,12868,Mariner Labs,Director of Engineering,Technology,2011-07-24,,true,2024-07-09,profile_enrichment
4173,1,15372,Granite Industrial Group,Director of Operations,Manufacturing,2014-10-01,2020-09-22,false,2020-09-22,crm_import
4174,1,15372,Arcfield Manufacturing,Senior Operations Manager,Manufacturing,2010-01-20,2014-09-30,false,2014-09-30,profile_enrichment
4175,1,15372,Clearwater Manufacturing,Vice President of Operations,Manufacturing,2020-09-23,,true,2024-04-05,profile_enrichment
4176,1,18511,Lakeshore Media,Producer,Media,2018-12-04,2023-08-14,false,2023-08-14,crm_import
4177,1,18511,Mariner Media Group,Senior Producer,Media,2023-08-15,,true,2026-05-01,profile_enrichment
4178,1,1109,Arcfield Medical,Vice President of Operations,Healthcare,2007-03-09,2012-10-29,false,2012-10-29,crm_import
4179,1,1109,Arcfield Medical,Director of Operations,Healthcare,2002-02-11,2007-03-08,false,2007-03-08,crm_import
4180,1,1109,Harborline Health,Senior Program Manager,Healthcare,1998-09-01,2002-02-10,false,2002-02-10,crm_import
4181,1,1109,Harborline Health,Chief Operating Officer,Healthcare,2012-10-30,,true,2013-11-06,crm_import
4182,1,1072,Cedar & Finch Consulting,Managing Counsel,Legal Services,2007-01-16,2010-06-27,false,2010-06-27,crm_import
4183,1,1072,Harbor Street Counsel,Senior Counsel,Legal Services,2003-07-12,2007-01-15,false,2007-01-15,crm_import
4184,1,1072,Pinecrest Partners,General Counsel,Legal Services,2010-06-28,,true,2020-07-21,crm_import
4185,1,3885,Community Innovation Council,Senior Program Manager,Nonprofit,2006-10-29,2012-01-10,false,2012-01-10,crm_import
4186,1,3885,Metro Community Foundation,Director of Programs,Nonprofit,2012-01-11,,true,2020-07-14,profile_enrichment
4187,1,7449,Beacon Software Group,Director of Engineering,Technology,2013-01-08,2016-12-26,false,2016-12-26,crm_import
4188,1,7449,Blue Lantern Technologies,Engineering Manager,Technology,2010-03-16,2013-01-07,false,2013-01-07,crm_import
4189,1,7449,Northstar Systems,Senior Software Engineer,Technology,2004-01-13,2008-12-07,false,2008-12-07,crm_import
4190,1,7449,Blue Lantern Technologies,Vice President of Engineering,Technology,2016-12-27,,true,2018-02-02,profile_enrichment
4191,1,17929,Summit Grove Partners,Director of Finance,Financial Services,2021-05-05,2024-05-15,false,2024-05-15,profile_enrichment
4192,1,17929,Silver Maple Holdings,Senior Finance Manager,Financial Services,2016-09-03,2021-05-04,false,2021-05-04,crm_import
4193,1,17929,Silver Maple Holdings,Vice President of Finance,Financial Services,2024-05-16,,true,2024-08-26,crm_import
4194,1,8266,Harborline Health,,Healthcare,2017-04-16,,true,2022-07-28,profile_enrichment
4195,1,2071,Clearwater Manufacturing,Operations Manager,Manufacturing,2016-08-07,,true,2024-01-04,crm_import
4196,1,13003,Mariner Media Group,Producer,Media,2024-07-31,,true,2025-07-10,crm_import
4197,1,2318,Arcfield Manufacturing,Senior Operations Manager,Manufacturing,2019-01-20,,true,2020-07-08,profile_enrichment
4198,1,512,Granite Industrial Group,Vice President of Operations,Manufacturing,2012-06-09,,true,2019-06-12,crm_import
4199,1,11582,Harbor Street Counsel,Counsel,Legal Services,2019-10-19,,true,2025-12-24,profile_enrichment
4200,1,17457,Redwood Holdings,Operations Manager,Manufacturing,2018-07-28,2022-10-04,false,2022-10-04,crm_import
4201,1,17457,Redwood Holdings,Senior Operations Manager,Manufacturing,2022-10-05,,true,2026-02-27,crm_import
4202,1,3829,Mariner Labs,Senior Software Engineer,Technology,2010-09-23,,true,2022-06-12,profile_enrichment
4203,1,8310,Stonebridge Financial,Chief Financial Officer,Financial Services,2026-02-23,,true,2026-07-04,profile_enrichment
4204,1,8009,Youth Arts Collaborative,Director of Programs,Nonprofit,2012-12-07,,true,2015-03-08,profile_enrichment
4205,1,2420,Mariner Labs,Engineering Manager,Technology,2020-06-16,,true,2023-10-16,profile_enrichment
4206,1,472,Silver Maple Holdings,Vice President of Finance,Financial Services,2012-10-06,2015-09-23,false,2015-09-23,crm_import
4207,1,472,Stonebridge Financial,Finance Manager,Financial Services,2009-08-03,2012-01-10,false,2012-01-10,crm_import
4208,1,472,Granite Advisory,Director of Finance,Financial Services,2015-09-24,,true,2015-11-14,profile_enrichment
4209,1,14858,Beacon Legal Group,Senior Counsel,Legal Services,2021-12-23,,true,2024-10-17,profile_enrichment
4210,1,13472,Mariner Labs,Senior Software Engineer,Technology,2022-01-19,,true,2023-01-23,crm_import
4211,1,19218,Arcfield Manufacturing,Operations Manager,Manufacturing,2018-10-28,2022-11-10,false,2022-11-10,crm_import
4212,1,19218,Clearwater Manufacturing,Operations Analyst,Manufacturing,2015-02-24,2018-10-27,false,2018-10-27,profile_enrichment
4213,1,19218,Granite Industrial Group,Senior Operations Manager,Manufacturing,2022-11-11,,true,2024-01-11,crm_import
4214,1,12782,Northbridge Academy,Professor,Education,2014-02-26,2019-04-24,false,2019-04-24,profile_enrichment
4215,1,12782,Northbridge Academy,Associate Professor,Education,2008-08-26,2014-02-25,false,2014-02-25,profile_enrichment
4216,1,12782,Northbridge Academy,Department Chair,Education,2019-04-25,,true,2023-04-29,crm_import
4217,1,1622,Granite Industrial Group,Director of Operations,Manufacturing,2016-11-10,,true,2025-07-16,profile_enrichment
4218,1,18890,Summit Grove Partners,Senior Finance Manager,Financial Services,2015-08-13,2018-11-11,false,2018-11-11,crm_import
4219,1,18890,Stonebridge Financial,Analyst,Financial Services,2012-07-20,2015-08-12,false,2015-08-12,crm_import
4220,1,18890,Summit Grove Partners,Analyst,Financial Services,2010-02-16,2012-07-19,false,2012-07-19,profile_enrichment
4221,1,18890,Silver Maple Holdings,Finance Manager,Financial Services,2018-11-12,,true,2025-09-16,profile_enrichment
4222,1,17294,Lakeshore Media,Senior Producer,Media,2021-03-28,2024-04-19,false,2024-04-19,crm_import
4223,1,17294,Orchard Studio,Producer,Media,2018-10-25,2021-03-27,false,2021-03-27,crm_import
4224,1,17294,Mariner Media Group,Program Director,Media,2024-04-20,,true,2025-05-08,crm_import
4225,1,5372,Arcfield Medical,Program Manager,Healthcare,2014-09-03,,true,2020-02-13,profile_enrichment
4226,1,9792,CivicWorks Collaborative,Senior Program Manager,Nonprofit,2017-11-07,2023-06-06,false,2023-06-06,crm_import
4227,1,9792,Metro Community Foundation,Program Manager,Nonprofit,2012-11-08,2017-11-06,false,2017-11-06,crm_import
4228,1,9792,Community Innovation Council,Program Coordinator,Nonprofit,2007-01-22,2012-11-07,false,2012-11-07,crm_import
4229,1,9792,Youth Arts Collaborative,Director of Programs,Nonprofit,2023-06-07,,true,2024-07-04,crm_import
4230,1,18310,Metro Community Foundation,Senior Program Manager,Nonprofit,2009-02-25,2014-02-23,false,2014-02-23,crm_import
4231,1,18310,Community Innovation Council,Program Manager,Nonprofit,2003-05-11,2009-02-24,false,2009-02-24,crm_import
4232,1,18310,Youth Arts Collaborative,Director of Programs,Nonprofit,2014-02-24,,true,2014-12-23,profile_enrichment
4233,1,6706,Harborline Health,Vice President of Operations,Healthcare,2010-07-27,,true,2022-01-09,profile_enrichment
4234,1,7971,Mariner Labs,Senior Software Engineer,Technology,2022-06-30,,true,2025-08-12,profile_enrichment
4235,1,17341,Pinecrest Partners,Legal Analyst,Legal Services,2012-07-12,2014-11-07,false,2014-11-07,profile_enrichment
4236,1,17341,Beacon Legal Group,Associate Counsel,Legal Services,2014-11-08,,true,2024-09-14,profile_enrichment
4237,1,17548,Open Learning Network,Dean,Education,2011-02-09,,true,2013-12-24,profile_enrichment
4238,1,17902,Harborline Health,Vice President of Operations,Healthcare,2025-11-09,,true,2026-05-30,profile_enrichment
4239,1,2406,Blue Lantern Technologies,Software Engineer,Technology,2011-04-14,2016-06-18,false,2016-06-18,profile_enrichment
4240,1,2406,Blue Lantern Technologies,Analyst,Technology,2008-10-25,2011-01-31,false,2011-01-31,profile_enrichment
4241,1,2406,Blue Lantern Technologies,Analyst,Technology,2005-01-04,2008-10-24,false,2008-10-24,crm_import
4242,1,2406,Mariner Labs,Senior Software Engineer,Technology,2016-11-14,,true,2024-04-25,profile_enrichment
4243,1,2486,Blue Lantern Technologies,Analyst,Technology,2013-03-24,2015-06-30,false,2015-06-30,crm_import
4244,1,2486,Blue Lantern Technologies,Analyst,Technology,2009-06-03,2013-03-23,false,2013-03-23,profile_enrichment
4245,1,2486,Blue Lantern Technologies,Analyst,Technology,2007-02-22,2009-06-02,false,2009-06-02,crm_import
4246,1,2486,Northstar Systems,Software Engineer,Technology,2015-09-11,,true,2019-07-21,profile_enrichment
4247,1,6583,Youth Arts Collaborative,Vice President of Programs,Nonprofit,2016-02-14,2019-12-04,false,2019-12-04,profile_enrichment
4248,1,6583,Youth Arts Collaborative,Director of Programs,Nonprofit,2013-11-04,2016-02-13,false,2016-02-13,profile_enrichment
4249,1,6583,Youth Arts Collaborative,Executive Director,Nonprofit,2019-12-05,,true,2021-09-14,profile_enrichment
4250,1,11687,Beacon Legal Group,Counsel,Legal Services,2018-02-02,2020-05-14,false,2020-05-14,crm_import
4251,1,11687,Cedar & Finch Consulting,Associate Counsel,Legal Services,2013-06-03,2018-02-01,false,2018-02-01,crm_import
4252,1,11687,Cedar & Finch Consulting,Senior Counsel,Legal Services,2020-05-15,,true,2026-04-20,crm_import
4253,1,2505,Arcfield Medical,Director of Operations,Healthcare,2011-05-07,,true,2017-05-04,profile_enrichment
4254,1,18752,Open Learning Network,Dean,Education,2025-10-22,,true,2026-07-17,profile_enrichment
4255,1,5758,Open Learning Network,Professor,Education,2019-07-20,,true,2024-07-27,profile_enrichment
4256,1,531,Metro Community Foundation,Senior Program Manager,Nonprofit,2014-12-22,,true,2020-04-09,profile_enrichment
4257,1,14070,Youth Arts Collaborative,Program Coordinator,Nonprofit,2020-07-24,2023-04-03,false,2023-04-03,crm_import
4258,1,14070,Youth Arts Collaborative,Program Manager,Nonprofit,2023-08-28,,true,2025-05-21,crm_import
4259,1,13058,Cedar & Finch Consulting,Associate Counsel,Legal Services,2020-12-21,,true,2024-02-04,crm_import
4260,1,14335,Granite Industrial Group,President,Manufacturing,2024-08-06,,true,2025-07-03,profile_enrichment
4261,1,7079,Orchard Studio,President,Media,2024-04-18,,true,2026-01-02,profile_enrichment
4262,1,17924,Youth Arts Collaborative,Executive Director,Nonprofit,2023-05-30,,true,2025-09-26,profile_enrichment
4263,1,6634,Summit Grove Partners,,Financial Services,2018-08-25,,true,2025-12-14,crm_import
4264,1,18351,Northstar Systems,Director of Engineering,Technology,2011-10-24,,true,2019-02-04,profile_enrichment
4265,1,6554,Stonebridge Financial,Associate,Financial Services,2025-02-11,,true,2026-05-01,profile_enrichment
4266,1,269,Redwood Holdings,Senior Operations Manager,Manufacturing,2024-06-09,,true,2024-10-28,profile_enrichment
4267,1,1601,Stonebridge Financial,Analyst,Financial Services,2007-01-11,2011-12-12,false,2011-12-12,crm_import
4268,1,1601,Granite Advisory,Associate,Financial Services,2011-12-13,,true,2025-03-08,crm_import
4269,1,17344,Cedar & Finch Consulting,Counsel,Legal Services,2013-09-23,,true,2016-07-11,profile_enrichment
4270,1,7506,Juniper Education Group,Dean,Education,2017-02-03,,true,2021-08-15,profile_enrichment
4271,1,14938,Harbor Street Counsel,Senior Counsel,Legal Services,2017-04-29,,true,2023-02-22,crm_import
4272,1,12016,Redwood Holdings,President,Manufacturing,2010-04-12,,true,2010-10-19,profile_enrichment
4273,1,16875,Lakeshore Media,President,Media,2015-04-18,,true,2015-05-06,profile_enrichment
4274,1,1301,Orchard Studio,Producer,Media,2023-12-13,,true,2025-10-26,crm_import
4275,1,7872,Northbridge Academy,Professor,Education,2021-02-09,,true,2023-01-07,profile_enrichment
4276,1,10485,Juniper Education Group,Professor,Education,2021-12-08,2025-04-16,false,2025-04-16,crm_import
4277,1,10485,Cedar Ridge Education,Associate Professor,Education,2025-04-17,,true,2025-11-05,profile_enrichment
4278,1,10837,Clearwater Manufacturing,Vice President of Operations,Manufacturing,2013-10-27,2017-09-19,false,2017-09-19,crm_import
4279,1,10837,Granite Industrial Group,Operations Manager,Manufacturing,2008-02-28,2013-10-26,false,2013-10-26,crm_import
4280,1,10837,Granite Industrial Group,Operations Analyst,Manufacturing,2003-03-15,2008-02-27,false,2008-02-27,profile_enrichment
4281,1,10837,Redwood Holdings,Director of Operations,Manufacturing,2017-09-20,,true,2021-07-30,profile_enrichment
4282,1,18893,Mariner Labs,Engineering Manager,Technology,2024-11-24,,true,2025-09-15,profile_enrichment
4283,1,13835,Clearwater Health Group,Senior Program Manager,Healthcare,2015-04-01,,true,2022-11-05,profile_enrichment
4284,1,6306,Redwood Holdings,President,Manufacturing,2022-07-23,,true,2024-11-07,profile_enrichment
4285,1,15593,Community Innovation Council,Volunteer Treasurer,Nonprofit,2017-08-01,2020-09-28,false,2020-09-28,profile_enrichment
4286,1,15593,Northbridge Academy,Department Chair,Education,2020-06-06,,true,2021-02-12,profile_enrichment
4287,1,13885,CivicWorks Collaborative,Director of Programs,Nonprofit,2018-02-27,2022-10-08,false,2022-10-08,profile_enrichment
4288,1,13885,Youth Arts Collaborative,Senior Program Manager,Nonprofit,2015-09-15,2018-02-26,false,2018-02-26,profile_enrichment
4289,1,13885,Metro Community Foundation,Vice President of Programs,Nonprofit,2023-03-06,,true,2024-06-03,crm_import
4290,1,19286,Mariner Labs,Engineering Manager,Technology,2011-11-21,,true,2021-01-05,crm_import
4291,1,58,Stonebridge Financial,Finance Manager,Financial Services,2023-08-01,,true,2026-05-14,crm_import
4292,1,2003,Mariner Labs,Director of Engineering,Technology,2016-11-03,2022-10-21,false,2022-10-21,crm_import
4293,1,2003,Blue Lantern Technologies,Engineering Manager,Technology,2011-06-12,2016-11-02,false,2016-11-02,crm_import
4294,1,2003,Mariner Labs,Senior Software Engineer,Technology,2007-11-03,2011-06-11,false,2011-06-11,crm_import
4295,1,2003,Blue Lantern Technologies,Vice President of Engineering,Technology,2022-10-22,,true,2025-02-24,crm_import
4296,1,17188,Clearwater Health Group,Senior Program Manager,Healthcare,2025-07-28,,true,2025-10-11,profile_enrichment
4297,1,6239,Clearwater Health Group,Director of Operations,Healthcare,2011-12-08,,true,2014-03-20,profile_enrichment
4298,1,3742,Mariner Media Group,Program Director,Media,2024-03-24,,true,2024-08-26,profile_enrichment
4299,1,11143,Granite Industrial Group,Senior Operations Manager,Manufacturing,2017-05-19,2020-10-18,false,2020-10-18,crm_import
4300,1,11143,Granite Industrial Group,Operations Manager,Manufacturing,2010-12-14,2016-03-02,false,2016-03-02,crm_import
4301,1,11143,Clearwater Manufacturing,Director of Operations,Manufacturing,2020-10-19,,true,2025-03-19,crm_import
4302,1,10430,Arcfield Medical,Vice President of Operations,Healthcare,2018-06-19,,true,2024-01-10,crm_import
4303,1,4882,Mariner Labs,Software Engineer,Technology,2016-03-30,,true,2019-02-14,profile_enrichment
4304,1,12902,Regional Health Partners,Program Manager,Healthcare,2021-07-15,2024-01-10,false,2024-01-10,profile_enrichment
4305,1,12902,Clearwater Health Group,Program Analyst,Healthcare,2016-12-07,2021-07-14,false,2021-07-14,crm_import
4306,1,12902,Regional Health Partners,Program Analyst,Healthcare,2012-02-08,2016-12-06,false,2016-12-06,crm_import
4307,1,12902,Clearwater Health Group,Senior Program Manager,Healthcare,2024-01-11,,true,2025-11-15,profile_enrichment
4308,1,1833,Community Innovation Council,Vice President of Programs,Nonprofit,2016-03-14,2020-10-19,false,2020-10-19,crm_import
4309,1,1833,Youth Arts Collaborative,Director of Programs,Nonprofit,2011-05-16,2016-03-13,false,2016-03-13,crm_import
4310,1,1833,Metro Community Foundation,Senior Program Manager,Nonprofit,2008-04-16,2011-05-15,false,2011-05-15,crm_import
4311,1,1833,Metro Community Foundation,Executive Director,Nonprofit,2020-10-20,,true,2026-05-27,crm_import
4312,1,3517,Regional Health Partners,Director of Operations,Healthcare,2025-03-08,,true,2026-05-12,profile_enrichment
4313,1,8819,Beacon Legal Group,General Counsel,Legal Services,2025-08-14,,true,2025-08-27,profile_enrichment
4314,1,6645,Clearwater Health Group,Vice President of Operations,Healthcare,2025-05-13,,true,2026-07-12,profile_enrichment
4315,1,19165,Northstar Systems,Senior Software Engineer,Technology,2024-08-17,,true,2026-05-28,profile_enrichment
4316,1,10218,Metro Community Foundation,Vice President of Programs,Nonprofit,2014-07-09,,true,2018-10-04,crm_import
4317,1,10071,Juniper Education Group,Dean,Education,2023-11-18,,true,2026-06-22,profile_enrichment
4318,1,12889,Mariner Labs,Vice President of Engineering,Technology,2023-02-18,2025-11-22,false,2025-11-22,crm_import
4319,1,12889,Mariner Labs,Director of Engineering,Technology,2019-01-05,2023-02-17,false,2023-02-17,crm_import
4320,1,12889,Beacon Software Group,Chief Technology Officer,Technology,2025-11-23,,true,2025-12-02,crm_import
4321,1,6080,Community Innovation Council,Program Manager,Nonprofit,2022-10-24,2026-01-22,false,2026-01-22,crm_import
4322,1,6080,CivicWorks Collaborative,Program Coordinator,Nonprofit,2018-02-09,2022-02-26,false,2022-02-26,profile_enrichment
4323,1,6080,Community Innovation Council,Program Coordinator,Nonprofit,2015-11-16,2018-02-08,false,2018-02-08,crm_import
4324,1,6080,Community Innovation Council,Senior Program Manager,Nonprofit,2026-01-23,,true,2026-04-18,profile_enrichment
4325,1,4919,Youth Arts Collaborative,Part-Time Lecturer,Education,2013-06-09,2017-01-29,false,2017-01-29,profile_enrichment
4326,1,4919,Silver Maple Holdings,Finance Manager,Financial Services,2016-12-29,,true,2019-11-28,crm_import
4327,1,2204,Orchard Studio,Managing Director,Media,2016-08-29,,true,2022-09-08,crm_import
4328,1,717,Cedar Ridge Education,Department Chair,Education,2020-05-28,,true,2024-12-25,profile_enrichment
4329,1,4761,Harborline Health,Vice President of Operations,Healthcare,2015-02-04,2017-09-10,false,2017-09-10,profile_enrichment
4330,1,4761,Regional Health Partners,Director of Operations,Healthcare,2011-05-06,2014-10-08,false,2014-10-08,profile_enrichment
4331,1,4761,Regional Health Partners,Chief Operating Officer,Healthcare,2017-09-11,,true,2023-04-27,crm_import
4332,1,5934,Beacon Legal Group,Counsel,Legal Services,2018-08-11,,true,2024-12-14,profile_enrichment
4333,1,11643,Granite Industrial Group,President,Manufacturing,2015-01-12,,true,2021-11-05,crm_import
4334,1,13956,Clearwater Manufacturing,Operations Manager,Manufacturing,2020-05-26,,true,2023-08-26,crm_import
4335,1,5429,Juniper Education Group,Dean,Education,2020-11-23,2024-01-22,false,2024-01-22,crm_import
4336,1,5429,Juniper Education Group,,Education,2024-01-23,,true,2026-06-21,crm_import
4337,1,14317,Cedar & Finch Consulting,Senior Counsel,Legal Services,2012-08-08,,true,2023-06-23,crm_import
4338,1,11031,Lakeshore Media,Coordinator,Media,2015-02-25,2020-01-24,false,2020-01-24,crm_import
4339,1,11031,Lakeshore Media,Producer,Media,2020-01-25,,true,2026-02-17,profile_enrichment
4340,1,10564,Northstar Systems,Director of Engineering,Technology,2013-04-06,,true,2024-03-21,profile_enrichment
4341,1,17325,Redwood Creative,Managing Director,Media,2016-07-06,2018-08-12,false,2018-08-12,crm_import
4342,1,17325,Lakeshore Media,Program Director,Media,2012-10-01,2016-07-05,false,2016-07-05,profile_enrichment
4343,1,17325,Mariner Media Group,Senior Producer,Media,2009-02-26,2011-10-17,false,2011-10-17,crm_import
4344,1,17325,Mariner Media Group,President,Media,2018-11-03,,true,2019-03-20,crm_import
4345,1,2882,Arcfield Manufacturing,President,Manufacturing,2011-09-12,,true,2016-01-10,crm_import
4346,1,18833,Arcfield Manufacturing,Operations Manager,Manufacturing,2021-03-19,,true,2024-12-09,profile_enrichment
4347,1,17655,Northstar Systems,Vice President of Engineering,Technology,2023-03-02,,true,2023-10-31,profile_enrichment
4348,1,2609,Arcfield Manufacturing,President,Manufacturing,2012-02-12,,true,2018-10-27,profile_enrichment
4349,1,9491,Blue Lantern Technologies,Director of Engineering,Technology,2012-08-06,,true,2014-06-23,profile_enrichment
4350,1,2986,Blue Lantern Technologies,Senior Software Engineer,Technology,2007-05-20,2010-11-06,false,2010-11-06,crm_import
4351,1,2986,Beacon Software Group,Software Engineer,Technology,2001-09-08,2007-05-19,false,2007-05-19,crm_import
4352,1,2986,Northstar Systems,Engineering Manager,Technology,2011-08-23,,true,2022-01-31,profile_enrichment
4353,1,14034,Community Innovation Council,Senior Program Manager,Nonprofit,2015-10-23,,true,2019-09-24,profile_enrichment
4354,1,15727,Mariner Media Group,Program Director,Media,2022-02-05,2024-12-24,false,2024-12-24,crm_import
4355,1,15727,Lakeshore Media,Managing Director,Media,2024-12-25,,true,2025-08-02,profile_enrichment
4356,1,16114,Open Learning Network,Professor,Education,2017-09-21,,true,2020-02-29,crm_import
4357,1,12650,Cedar & Finch Consulting,Counsel,Legal Services,2016-11-19,2022-11-10,false,2022-11-10,profile_enrichment
4358,1,12650,Pinecrest Partners,Associate Counsel,Legal Services,2011-10-17,2016-11-18,false,2016-11-18,crm_import
4359,1,12650,Harbor Street Counsel,Legal Analyst,Legal Services,2006-07-08,2011-10-16,false,2011-10-16,crm_import
4360,1,12650,Cedar & Finch Consulting,Senior Counsel,Legal Services,2022-11-11,,true,2023-12-12,profile_enrichment
4361,1,7621,Lakeshore Media,Managing Director,Media,2020-11-01,,true,2022-04-04,crm_import
4362,1,15367,Beacon Software Group,Software Engineer,Technology,2022-11-30,,true,2023-11-30,crm_import
4363,1,4212,Beacon Software Group,Software Engineer,Technology,2025-10-16,,true,2026-08-18,crm_import
4364,1,13999,Summit Grove Partners,Senior Finance Manager,Financial Services,2026-06-10,,true,2026-06-13,profile_enrichment
4365,1,6555,Clearwater Health Group,Program Manager,Healthcare,2021-04-08,,true,2024-10-08,profile_enrichment
4366,1,181,Northstar Systems,Engineering Manager,Technology,2020-04-22,,true,2025-11-10,profile_enrichment
4367,1,689,Harborline Health,Director of Operations,Healthcare,2016-07-02,2018-12-01,false,2018-12-01,crm_import
4368,1,689,Clearwater Health Group,Program Analyst,Healthcare,2013-02-18,2016-07-01,false,2016-07-01,crm_import
4369,1,689,Regional Health Partners,Program Analyst,Healthcare,2007-05-29,2013-02-17,false,2013-02-17,crm_import
4370,1,689,Harborline Health,Senior Program Manager,Healthcare,2018-12-02,,true,2021-07-30,profile_enrichment
4371,1,2964,Regional Health Partners,Vice President of Operations,Healthcare,2021-02-06,,true,2024-04-18,profile_enrichment
4372,1,14680,Beacon Legal Group,Counsel,Legal Services,2012-03-05,,true,2015-11-07,profile_enrichment
4373,1,8280,Juniper Education Group,Professor,Education,2013-12-01,,true,2017-07-17,profile_enrichment
4374,1,7771,Silver Maple Holdings,Associate,Financial Services,2013-10-09,,true,2015-01-16,crm_import
4375,1,15265,Cedar Ridge Education,Associate Professor,Education,2020-10-13,2023-10-19,false,2023-10-19,crm_import
4376,1,15265,Open Learning Network,Professor,Education,2023-10-20,,true,2023-11-16,profile_enrichment
4377,1,6379,Stonebridge Financial,Chief Financial Officer,Financial Services,2013-12-14,,true,2017-09-27,profile_enrichment
4378,1,3435,Stonebridge Financial,Senior Finance Manager,Financial Services,2013-02-09,2015-04-18,false,2015-04-18,crm_import
4379,1,3435,Summit Grove Partners,Finance Manager,Financial Services,2008-11-20,2013-02-08,false,2013-02-08,crm_import
4380,1,3435,Silver Maple Holdings,Associate,Financial Services,2006-05-18,2008-11-19,false,2008-11-19,crm_import
4381,1,3435,Granite Advisory,Director of Finance,Financial Services,2015-04-19,,true,2021-10-24,profile_enrichment
4382,1,15004,Granite Industrial Group,Director of Operations,Manufacturing,2010-06-18,2015-07-13,false,2015-07-13,profile_enrichment
4383,1,15004,Clearwater Manufacturing,Senior Operations Manager,Manufacturing,2007-04-25,2010-06-17,false,2010-06-17,profile_enrichment
4384,1,15004,Granite Industrial Group,Operations Manager,Manufacturing,2004-12-14,2007-04-24,false,2007-04-24,crm_import
4385,1,15004,Granite Industrial Group,Vice President of Operations,Manufacturing,2016-05-15,,true,2022-01-03,crm_import
4386,1,3837,Juniper Education Group,Dean,Education,2012-04-16,,true,2014-08-16,crm_import
4387,1,9224,Northbridge Academy,Professor,Education,2018-09-19,,true,2024-03-18,crm_import
4388,1,10299,Juniper Education Group,Assistant Professor,Education,2025-10-01,,true,2025-12-03,profile_enrichment
4389,1,12982,Orchard Studio,President,Media,2013-03-18,2018-05-10,false,2018-05-10,crm_import
4390,1,12982,Mariner Media Group,Program Director,Media,2008-05-10,2013-03-17,false,2013-03-17,crm_import
4391,1,12982,Redwood Creative,Senior Producer,Media,2003-11-05,2008-05-09,false,2008-05-09,crm_import
4392,1,12982,Mariner Media Group,President,Media,2018-05-11,,true,2022-05-16,profile_enrichment
4393,1,18277,Arcfield Manufacturing,Vice President of Operations,Manufacturing,2011-10-04,2014-05-16,false,2014-05-16,profile_enrichment
4394,1,18277,Arcfield Manufacturing,President,Manufacturing,2014-05-17,,true,2014-05-22,profile_enrichment
4395,1,1695,Beacon Software Group,Engineering Manager,Technology,2019-07-09,,true,2019-09-24,crm_import
4396,1,14955,Harborline Health,Senior Program Manager,Healthcare,2010-02-03,,true,2020-12-18,profile_enrichment
4397,1,7447,Lakeshore Media,Managing Director,Media,2024-01-29,,true,2024-04-07,crm_import
4398,1,14944,Cedar & Finch Consulting,Associate Counsel,Legal Services,2019-06-13,2023-12-01,false,2023-12-01,crm_import
4399,1,14944,Cedar & Finch Consulting,Legal Analyst,Legal Services,2014-11-10,2019-06-12,false,2019-06-12,crm_import
4400,1,14944,Harbor Street Counsel,Legal Analyst,Legal Services,2009-10-24,2014-03-01,false,2014-03-01,crm_import
4401,1,14944,Cedar & Finch Consulting,Counsel,Legal Services,2023-12-02,,true,2024-07-18,profile_enrichment
4402,1,12165,CivicWorks Collaborative,Vice President of Programs,Nonprofit,2015-02-09,,true,2016-01-30,crm_import
4403,1,6333,Open Learning Network,Lecturer,Education,2007-08-10,2010-01-16,false,2010-01-16,profile_enrichment
4404,1,6333,Open Learning Network,Lecturer,Education,2004-08-01,2007-08-09,false,2007-08-09,crm_import
4405,1,6333,Juniper Education Group,Lecturer,Education,1999-03-03,2004-07-31,false,2004-07-31,crm_import
4406,1,6333,Cedar Ridge Education,Assistant Professor,Education,2010-01-17,,true,2023-04-14,crm_import
4407,1,12728,Regional Health Partners,Vice President of Operations,Healthcare,2021-01-16,,true,2021-01-20,profile_enrichment
4408,1,6015,Stonebridge Financial,Vice President of Finance,Financial Services,2014-09-15,,true,2018-12-03,crm_import
4409,1,9852,Juniper Education Group,Department Chair,Education,2015-05-04,,true,2023-10-04,profile_enrichment
4410,1,3655,Cedar & Finch Consulting,Senior Counsel,Legal Services,2011-10-16,2013-10-25,false,2013-10-25,crm_import
4411,1,3655,Harbor Street Counsel,Counsel,Legal Services,2006-04-22,2011-10-15,false,2011-10-15,crm_import
4412,1,3655,Pinecrest Partners,Managing Counsel,Legal Services,2013-10-26,,true,2014-11-03,profile_enrichment
4413,1,12444,Arcfield Manufacturing,,Manufacturing,2023-05-27,,true,2024-05-08,profile_enrichment
4414,1,6406,Open Learning Network,Assistant Professor,Education,2011-01-30,,true,2024-04-03,crm_import
4415,1,11451,Beacon Software Group,Vice President of Engineering,Technology,2011-06-06,,true,2017-09-16,crm_import
4416,1,4400,Silver Maple Holdings,Senior Finance Manager,Financial Services,2022-02-14,,true,2026-04-09,crm_import
4417,1,1753,Pinecrest Partners,,Legal Services,2023-11-11,,true,2024-05-24,profile_enrichment
4418,1,12887,Open Learning Network,Professor,Education,2018-08-13,2021-12-12,false,2021-12-12,crm_import
4419,1,12887,Cedar Ridge Education,Associate Professor,Education,2014-12-10,2018-08-12,false,2018-08-12,crm_import
4420,1,12887,Open Learning Network,Assistant Professor,Education,2012-02-14,2014-03-21,false,2014-03-21,crm_import
4421,1,12887,Northbridge Academy,Department Chair,Education,2021-12-13,,true,2024-07-16,crm_import
4422,1,7864,Metro Community Foundation,Senior Program Manager,Nonprofit,2025-04-05,,true,2026-03-19,profile_enrichment
4423,1,11707,Granite Advisory,Senior Finance Manager,Financial Services,2018-08-14,2021-05-18,false,2021-05-18,profile_enrichment
4424,1,11707,Silver Maple Holdings,Finance Manager,Financial Services,2013-09-21,2017-08-08,false,2017-08-08,profile_enrichment
4425,1,11707,Granite Advisory,Director of Finance,Financial Services,2021-05-19,,true,2026-04-05,crm_import
4426,1,2757,Metro Community Foundation,Director of Programs,Nonprofit,2010-09-18,,true,2022-10-13,crm_import
4427,1,11074,Redwood Holdings,Operations Manager,Manufacturing,2020-08-09,2022-11-04,false,2022-11-04,profile_enrichment
4428,1,11074,Granite Industrial Group,Operations Analyst,Manufacturing,2016-03-27,2020-08-08,false,2020-08-08,crm_import
4429,1,11074,Redwood Holdings,Senior Operations Manager,Manufacturing,2022-11-05,,true,2024-10-31,crm_import
4430,1,6075,Cedar Ridge Education,Assistant Professor,Education,2014-02-04,2019-11-25,false,2019-11-25,crm_import
4431,1,6075,Cedar Ridge Education,Lecturer,Education,2007-06-12,2012-09-17,false,2012-09-17,profile_enrichment
4432,1,6075,Cedar Ridge Education,Associate Professor,Education,2019-11-26,,true,2021-05-22,profile_enrichment
4433,1,18160,Stonebridge Financial,Chief Financial Officer,Financial Services,2013-12-24,,true,2024-08-01,profile_enrichment
4434,1,19294,Clearwater Health Group,Program Analyst,Healthcare,2017-08-17,2021-11-01,false,2021-11-01,profile_enrichment
4435,1,19294,Harborline Health,Program Analyst,Healthcare,2013-02-16,2017-08-16,false,2017-08-16,crm_import
4436,1,19294,Harborline Health,Program Manager,Healthcare,2021-11-02,,true,2022-01-20,crm_import
4437,1,8587,CivicWorks Collaborative,Executive Director,Nonprofit,2023-03-04,,true,2025-10-29,profile_enrichment
4438,1,17124,Juniper Education Group,Lecturer,Education,2019-08-31,2024-05-04,false,2024-05-04,crm_import
4439,1,17124,Juniper Education Group,Lecturer,Education,2014-05-03,2019-08-30,false,2019-08-30,crm_import
4440,1,17124,Northbridge Academy,Lecturer,Education,2011-10-12,2014-05-02,false,2014-05-02,crm_import
4441,1,17124,Open Learning Network,Assistant Professor,Education,2024-05-05,,true,2024-05-28,crm_import
4442,1,5049,Pinecrest Partners,Associate Counsel,Legal Services,2022-02-19,,true,2023-12-01,profile_enrichment
4443,1,5094,Lakeshore Media,Managing Director,Media,2010-04-18,2015-05-18,false,2015-05-18,profile_enrichment
4444,1,5094,Orchard Studio,President,Media,2015-11-15,,true,2022-03-19,crm_import
4445,1,6838,Redwood Creative,Producer,Media,2013-09-28,,true,2017-04-19,profile_enrichment
4446,1,11392,Lakeshore Media,Managing Director,Media,2021-12-18,,true,2024-11-06,profile_enrichment
4447,1,12270,Clearwater Health Group,Program Analyst,Healthcare,2005-03-21,2010-07-17,false,2010-07-17,crm_import
4448,1,12270,Clearwater Health Group,Program Manager,Healthcare,2011-12-22,,true,2021-02-16,profile_enrichment
4449,1,1227,Northstar Systems,Software Engineer,Technology,2024-06-18,,true,2024-08-20,profile_enrichment
4450,1,5040,Granite Industrial Group,Vice President of Operations,Manufacturing,2018-05-22,,true,2019-10-30,profile_enrichment
4451,1,12412,Northbridge Academy,,Education,2011-11-11,,true,2014-04-17,profile_enrichment
4452,1,7626,Mariner Media Group,,Media,2011-10-20,,true,2017-12-15,profile_enrichment
4453,1,17797,Clearwater Health Group,Chief Operating Officer,Healthcare,2021-03-24,,true,2022-12-10,profile_enrichment
4454,1,14276,Northstar Systems,Engineering Manager,Technology,2026-04-13,,true,2026-04-13,profile_enrichment
4455,1,13812,Granite Advisory,Finance Manager,Financial Services,2006-03-16,2011-09-19,false,2011-09-19,profile_enrichment
4456,1,13812,Summit Grove Partners,Associate,Financial Services,2000-06-09,2006-03-15,false,2006-03-15,crm_import
4457,1,13812,Stonebridge Financial,Analyst,Financial Services,1998-02-09,2000-06-08,false,2000-06-08,crm_import
4458,1,13812,Stonebridge Financial,Senior Finance Manager,Financial Services,2011-09-20,,true,2023-03-25,profile_enrichment
4459,1,5571,Stonebridge Financial,Director of Finance,Financial Services,2025-11-14,,true,2026-07-02,profile_enrichment
4460,1,5857,Blue Lantern Technologies,Engineering Manager,Technology,2018-07-06,2023-08-21,false,2023-08-21,profile_enrichment
4461,1,5857,Mariner Labs,Senior Software Engineer,Technology,2014-01-05,2018-07-05,false,2018-07-05,crm_import
4462,1,5857,Blue Lantern Technologies,Software Engineer,Technology,2010-01-29,2014-01-04,false,2014-01-04,crm_import
4463,1,5857,Mariner Labs,Director of Engineering,Technology,2023-08-22,,true,2024-04-01,crm_import
4464,1,2819,Silver Maple Holdings,Senior Finance Manager,Financial Services,2019-03-13,,true,2020-04-17,crm_import
4465,1,4625,Beacon Software Group,Engineering Manager,Technology,2010-02-27,2012-08-05,false,2012-08-05,profile_enrichment
4466,1,4625,Beacon Software Group,Senior Software Engineer,Technology,2008-02-26,2010-02-26,false,2010-02-26,profile_enrichment
4467,1,4625,Blue Lantern Technologies,Software Engineer,Technology,2002-02-26,2008-02-25,false,2008-02-25,profile_enrichment
4468,1,4625,Northstar Systems,Director of Engineering,Technology,2012-08-06,,true,2017-05-29,profile_enrichment
4469,1,6282,Granite Advisory,Vice President of Finance,Financial Services,2016-03-21,,true,2018-09-11,profile_enrichment
4470,1,12823,Northstar Systems,Director of Engineering,Technology,2023-05-10,2025-09-05,false,2025-09-05,profile_enrichment
4471,1,12823,Beacon Software Group,Software Engineer,Technology,2017-09-06,2023-05-09,false,2023-05-09,crm_import
4472,1,12823,Northstar Systems,Analyst,Technology,2015-06-12,2017-09-05,false,2017-09-05,crm_import
4473,1,12823,Blue Lantern Technologies,,Technology,2026-03-27,,true,2026-07-26,profile_enrichment
4474,1,1394,Arcfield Manufacturing,Operations Analyst,Manufacturing,2019-04-27,2021-07-21,false,2021-07-21,crm_import
4475,1,1394,Redwood Holdings,Operations Manager,Manufacturing,2021-07-22,,true,2024-11-02,crm_import
4476,1,3796,Stonebridge Financial,Associate,Financial Services,2024-08-03,,true,2024-10-18,crm_import
4477,1,16962,Northbridge Academy,Professor,Education,2006-09-26,2012-02-12,false,2012-02-12,crm_import
4478,1,16962,Cedar Ridge Education,Associate Professor,Education,2002-10-18,2005-09-20,false,2005-09-20,profile_enrichment
4479,1,16962,Juniper Education Group,Assistant Professor,Education,1999-04-03,2002-10-17,false,2002-10-17,crm_import
4480,1,16962,Cedar Ridge Education,Department Chair,Education,2012-02-13,,true,2012-02-19,profile_enrichment
4481,1,79,Open Learning Network,Dean,Education,2017-07-24,,true,2025-05-25,profile_enrichment
4482,1,2341,Beacon Software Group,Senior Software Engineer,Technology,2012-11-03,2017-11-22,false,2017-11-22,profile_enrichment
4483,1,2341,Beacon Software Group,Software Engineer,Technology,2008-05-18,2012-11-02,false,2012-11-02,crm_import
4484,1,2341,Mariner Labs,Analyst,Technology,2004-12-29,2008-05-17,false,2008-05-17,crm_import
4485,1,2341,Northstar Systems,Engineering Manager,Technology,2017-11-23,,true,2020-02-21,profile_enrichment
4486,1,2620,Cedar Ridge Education,Associate Professor,Education,2010-10-19,,true,2021-08-15,crm_import
4487,1,7189,Arcfield Medical,,Healthcare,2024-08-09,,true,2025-02-22,profile_enrichment
4488,1,16368,Harbor Street Counsel,Senior Counsel,Legal Services,2018-02-18,,true,2025-03-27,crm_import
4489,1,10887,CivicWorks Collaborative,Program Coordinator,Nonprofit,2019-11-26,2024-11-13,false,2024-11-13,crm_import
4490,1,10887,CivicWorks Collaborative,Program Manager,Nonprofit,2024-11-14,,true,2025-06-07,crm_import
4491,1,9525,Open Learning Network,Associate Professor,Education,2021-07-16,,true,2026-02-16,profile_enrichment
4492,1,11289,Stonebridge Financial,Director of Finance,Financial Services,2018-05-31,2022-07-17,false,2022-07-17,profile_enrichment
4493,1,11289,Summit Grove Partners,Vice President of Finance,Financial Services,2022-07-18,,true,2023-05-30,crm_import
4494,1,1318,Redwood Creative,Program Director,Media,2006-11-18,2012-01-14,false,2012-01-14,crm_import
4495,1,1318,Redwood Creative,Senior Producer,Media,2003-03-10,2006-11-17,false,2006-11-17,crm_import
4496,1,1318,Mariner Media Group,Managing Director,Media,2012-01-15,,true,2026-05-31,profile_enrichment
4497,1,10597,Beacon Software Group,Director of Engineering,Technology,2021-09-20,,true,2023-10-08,crm_import
4498,1,17590,Cedar Ridge Education,Dean,Education,2013-10-31,,true,2023-03-05,profile_enrichment
4499,1,10018,Granite Industrial Group,Vice President of Operations,Manufacturing,2018-08-30,,true,2018-10-26,profile_enrichment
4500,1,12136,Stonebridge Financial,Vice President of Finance,Financial Services,2023-05-01,,true,2025-05-11,profile_enrichment
4501,1,12515,Juniper Education Group,Professor,Education,2011-07-02,,true,2013-04-18,profile_enrichment
4502,1,10115,Stonebridge Financial,Director of Finance,Financial Services,2014-05-29,2018-03-27,false,2018-03-27,profile_enrichment
4503,1,10115,Summit Grove Partners,Vice President of Finance,Financial Services,2018-03-28,,true,2018-11-18,crm_import
4504,1,2712,Arcfield Manufacturing,President,Manufacturing,2024-04-04,,true,2026-05-08,crm_import
4505,1,8037,Regional Health Partners,Vice President of Operations,Healthcare,2016-04-24,,true,2023-05-31,profile_enrichment
4506,1,19285,Beacon Legal Group,Counsel,Legal Services,2013-03-06,,true,2022-05-13,profile_enrichment
4507,1,10727,Regional Health Partners,Chief Operating Officer,Healthcare,2017-04-10,,true,2022-03-15,profile_enrichment
4508,1,16628,Beacon Software Group,Chief Technology Officer,Technology,2025-04-20,,true,2026-04-11,crm_import
4509,1,19942,Cedar & Finch Consulting,Associate Counsel,Legal Services,2011-12-26,2014-05-23,false,2014-05-23,profile_enrichment
4510,1,19942,Pinecrest Partners,Legal Analyst,Legal Services,2009-05-10,2011-12-25,false,2011-12-25,crm_import
4511,1,19942,Harbor Street Counsel,Legal Analyst,Legal Services,2004-05-30,2008-02-12,false,2008-02-12,crm_import
4512,1,19942,Harbor Street Counsel,Counsel,Legal Services,2015-04-23,,true,2023-12-28,profile_enrichment
4513,1,15108,Silver Maple Holdings,Associate,Financial Services,2025-09-10,,true,2026-06-04,profile_enrichment
4514,1,3168,Metro Community Foundation,Vice President of Programs,Nonprofit,2014-04-06,2020-02-20,false,2020-02-20,profile_enrichment
4515,1,3168,Community Innovation Council,Director of Programs,Nonprofit,2009-03-27,2014-04-05,false,2014-04-05,crm_import
4516,1,3168,Community Innovation Council,Executive Director,Nonprofit,2020-02-21,,true,2026-01-22,profile_enrichment
4517,1,6148,Northbridge Academy,Dean,Education,2010-10-13,,true,2022-09-21,profile_enrichment
4518,1,13928,Clearwater Manufacturing,Vice President of Operations,Manufacturing,2013-10-07,2016-04-17,false,2016-04-17,crm_import
4519,1,13928,Clearwater Manufacturing,Director of Operations,Manufacturing,2010-08-15,2012-10-10,false,2012-10-10,crm_import
4520,1,13928,Clearwater Manufacturing,President,Manufacturing,2016-04-18,,true,2025-12-23,profile_enrichment
4521,1,450,Community Innovation Council,Vice President of Programs,Nonprofit,2008-10-16,2013-02-25,false,2013-02-25,crm_import
4522,1,450,Community Innovation Council,Director of Programs,Nonprofit,2003-08-31,2008-10-15,false,2008-10-15,profile_enrichment
4523,1,450,Youth Arts Collaborative,Executive Director,Nonprofit,2013-02-26,,true,2018-01-03,profile_enrichment
4524,1,10937,Beacon Legal Group,Senior Counsel,Legal Services,2025-07-10,,true,2025-10-31,crm_import
4525,1,16030,Redwood Holdings,President,Manufacturing,2013-03-06,2016-04-04,false,2016-04-04,profile_enrichment
4526,1,16030,Granite Industrial Group,President,Manufacturing,2016-04-05,,true,2018-12-31,crm_import
4527,1,15606,Metro Community Foundation,Executive Director,Nonprofit,2024-02-19,,true,2025-10-11,crm_import
4528,1,5132,Arcfield Manufacturing,Director of Operations,Manufacturing,2006-11-26,2011-11-08,false,2011-11-08,crm_import
4529,1,5132,Granite Industrial Group,Operations Analyst,Manufacturing,2003-12-02,2006-11-25,false,2006-11-25,crm_import
4530,1,5132,Redwood Holdings,Operations Analyst,Manufacturing,1999-12-16,2003-12-01,false,2003-12-01,profile_enrichment
4531,1,5132,Granite Industrial Group,Senior Operations Manager,Manufacturing,2011-11-09,,true,2024-08-22,crm_import
4532,1,764,Arcfield Medical,Vice President of Operations,Healthcare,2019-04-24,2021-10-08,false,2021-10-08,profile_enrichment
4533,1,764,Regional Health Partners,Director of Operations,Healthcare,2016-05-27,2019-04-23,false,2019-04-23,crm_import
4534,1,764,Harborline Health,Senior Program Manager,Healthcare,2014-04-08,2016-05-26,false,2016-05-26,profile_enrichment
4535,1,764,Regional Health Partners,Chief Operating Officer,Healthcare,2021-10-09,,true,2024-08-04,profile_enrichment
4536,1,3749,Clearwater Health Group,Program Manager,Healthcare,2016-12-02,,true,2023-11-05,profile_enrichment
4537,1,11765,Pinecrest Partners,Associate Counsel,Legal Services,2007-08-28,2012-07-23,false,2012-07-23,crm_import
4538,1,11765,Cedar & Finch Consulting,Legal Analyst,Legal Services,2002-03-30,2006-09-30,false,2006-09-30,crm_import
4539,1,11765,Harbor Street Counsel,Counsel,Legal Services,2012-07-24,,true,2019-02-05,crm_import
4540,1,636,CivicWorks Collaborative,Director of Programs,Nonprofit,2005-01-11,2009-07-14,false,2009-07-14,crm_import
4541,1,636,Youth Arts Collaborative,Vice President of Programs,Nonprofit,2010-06-11,,true,2017-12-15,crm_import
4542,1,14559,Regional Health Partners,Senior Program Manager,Healthcare,2021-12-29,2026-04-27,false,2026-04-27,crm_import
4543,1,14559,Clearwater Health Group,Program Manager,Healthcare,2018-03-20,2021-12-28,false,2021-12-28,profile_enrichment
4544,1,14559,Regional Health Partners,Program Analyst,Healthcare,2013-11-07,2018-03-19,false,2018-03-19,crm_import
4545,1,14559,Metro Community Foundation,Part-Time Lecturer,Consulting,2025-04-09,2026-05-29,false,2026-05-29,profile_enrichment
4546,1,14559,Regional Health Partners,Director of Operations,Healthcare,2026-04-28,,true,2026-07-04,profile_enrichment
4547,1,13269,Harbor Street Counsel,General Counsel,Legal Services,2023-12-12,,true,2024-10-15,profile_enrichment
4548,1,17079,Summit Grove Partners,Senior Finance Manager,Financial Services,2008-03-01,2012-10-19,false,2012-10-19,crm_import
4549,1,17079,Granite Advisory,Finance Manager,Financial Services,2005-08-26,2008-02-29,false,2008-02-29,crm_import
4550,1,17079,Granite Advisory,Director of Finance,Financial Services,2013-05-06,,true,2024-03-15,crm_import
4551,1,437,Clearwater Manufacturing,Director of Operations,Manufacturing,2016-03-25,2018-05-19,false,2018-05-19,crm_import
4552,1,437,Redwood Holdings,Senior Operations Manager,Manufacturing,2013-07-23,2016-03-24,false,2016-03-24,profile_enrichment
4553,1,437,Arcfield Manufacturing,Vice President of Operations,Manufacturing,2018-05-20,,true,2024-09-26,profile_enrichment
4554,1,13571,Granite Industrial Group,Operations Analyst,Manufacturing,2015-10-17,2019-03-05,false,2019-03-05,crm_import
4555,1,13571,Arcfield Manufacturing,Operations Manager,Manufacturing,2019-03-06,,true,2025-11-21,profile_enrichment
4556,1,318,Granite Industrial Group,Director of Operations,Manufacturing,2020-12-25,,true,2025-10-28,profile_enrichment
4557,1,18674,Mariner Labs,Senior Software Engineer,Technology,2011-03-05,,true,2018-02-08,profile_enrichment
4558,1,19837,Cedar Ridge Education,Assistant Professor,Education,2023-09-09,,true,2024-04-04,crm_import
4559,1,2911,Orchard Studio,Producer,Media,2017-02-28,2020-05-01,false,2020-05-01,crm_import
4560,1,2911,Redwood Creative,Senior Producer,Media,2020-05-02,,true,2026-06-11,profile_enrichment
4561,1,15379,Northstar Systems,Engineering Manager,Technology,2013-01-15,,true,2021-10-30,profile_enrichment
4562,1,731,Silver Maple Holdings,Director of Finance,Financial Services,2023-11-06,,true,2025-12-11,profile_enrichment
4563,1,6847,Northstar Systems,Senior Software Engineer,Technology,2014-09-01,2019-08-21,false,2019-08-21,crm_import
4564,1,6847,Blue Lantern Technologies,Engineering Manager,Technology,2019-08-22,,true,2023-11-01,profile_enrichment
4565,1,4548,CivicWorks Collaborative,Vice President of Programs,Nonprofit,2024-09-01,,true,2025-07-13,crm_import
4566,1,1245,Regional Health Partners,Senior Program Manager,Healthcare,2010-05-06,2016-03-31,false,2016-03-31,profile_enrichment
4567,1,1245,Arcfield Medical,Program Manager,Healthcare,2006-06-06,2010-05-05,false,2010-05-05,crm_import
4568,1,1245,Clearwater Health Group,Program Analyst,Healthcare,2002-01-27,2006-06-05,false,2006-06-05,profile_enrichment
4569,1,1245,Clearwater Health Group,Director of Operations,Healthcare,2016-04-01,,true,2020-12-02,profile_enrichment
4570,1,5229,Mariner Labs,Senior Software Engineer,Technology,2012-08-16,,true,2021-07-03,profile_enrichment
4571,1,5660,Beacon Software Group,Chief Technology Officer,Technology,2014-06-30,,true,2022-04-08,profile_enrichment
4572,1,4953,Northbridge Academy,Associate Professor,Education,2016-06-28,,true,2017-10-17,crm_import
4573,1,19364,Blue Lantern Technologies,Director of Engineering,Technology,2024-12-29,,true,2026-01-21,profile_enrichment
4574,1,16184,Mariner Labs,Engineering Manager,Technology,2016-08-05,2021-11-02,false,2021-11-02,profile_enrichment
4575,1,16184,Northstar Systems,Director of Engineering,Technology,2021-11-03,,true,2024-05-04,crm_import
4576,1,14799,Harbor Street Counsel,Associate Counsel,Legal Services,2020-02-15,,true,2024-05-09,profile_enrichment
4577,1,12904,Harbor Street Counsel,Senior Counsel,Legal Services,2012-05-04,,true,2023-01-30,profile_enrichment
4578,1,19683,Granite Advisory,Finance Manager,Financial Services,2012-10-02,,true,2015-01-13,profile_enrichment
4579,1,5021,Northbridge Academy,Associate Professor,Education,2006-12-12,2012-11-01,false,2012-11-01,profile_enrichment
4580,1,5021,Cedar Ridge Education,Assistant Professor,Education,2001-04-30,2005-08-17,false,2005-08-17,crm_import
4581,1,5021,Northbridge Academy,Lecturer,Education,1996-10-15,2000-10-30,false,2000-10-30,profile_enrichment
4582,1,5021,Northbridge Academy,Professor,Education,2012-11-02,,true,2018-05-27,profile_enrichment
4583,1,12453,Youth Arts Collaborative,Program Manager,Nonprofit,2025-12-05,,true,2025-12-11,profile_enrichment
4584,1,1356,Youth Arts Collaborative,Vice President of Programs,Nonprofit,2020-02-05,,true,2021-02-02,crm_import
4585,1,16447,Clearwater Manufacturing,Senior Operations Manager,Manufacturing,2010-10-07,2015-09-01,false,2015-09-01,crm_import
4586,1,16447,Granite Industrial Group,Director of Operations,Manufacturing,2016-03-05,,true,2026-07-06,profile_enrichment
4587,1,12035,Granite Industrial Group,President,Manufacturing,2017-06-21,,true,2022-06-20,crm_import
4588,1,14175,Northbridge Academy,Assistant Professor,Education,2021-07-20,2023-09-17,false,2023-09-17,profile_enrichment
4589,1,14175,Cedar Ridge Education,Associate Professor,Education,2023-09-18,,true,2025-07-01,profile_enrichment
4590,1,5494,Metro Community Foundation,Vice President of Programs,Nonprofit,2004-11-23,2010-03-30,false,2010-03-30,crm_import
4591,1,5494,Metro Community Foundation,Director of Programs,Nonprofit,2001-05-07,2004-07-31,false,2004-07-31,crm_import
4592,1,5494,CivicWorks Collaborative,Senior Program Manager,Nonprofit,1997-06-13,2001-05-06,false,2001-05-06,crm_import
4593,1,5494,Metro Community Foundation,Executive Director,Nonprofit,2010-03-31,,true,2022-01-20,profile_enrichment
4594,1,19117,Juniper Education Group,Professor,Education,2015-01-27,,true,2023-05-31,crm_import
4595,1,19215,Harbor Street Counsel,Legal Analyst,Legal Services,2008-07-27,2011-03-03,false,2011-03-03,crm_import
4596,1,19215,Pinecrest Partners,Associate Counsel,Legal Services,2012-01-12,,true,2023-11-11,profile_enrichment
4597,1,19190,Clearwater Health Group,Chief Operating Officer,Healthcare,2025-01-16,,true,2025-04-25,profile_enrichment
4598,1,6451,Juniper Education Group,Professor,Education,2008-05-15,2010-07-05,false,2010-07-05,profile_enrichment
4599,1,6451,Juniper Education Group,Associate Professor,Education,2003-02-05,2008-05-14,false,2008-05-14,profile_enrichment
4600,1,6451,Open Learning Network,Assistant Professor,Education,1998-08-13,2003-02-04,false,2003-02-04,crm_import
4601,1,6451,Cedar Ridge Education,Department Chair,Education,2010-07-06,,true,2020-09-29,profile_enrichment
4602,1,13801,Granite Advisory,Director of Finance,Financial Services,2026-05-03,,true,2026-05-10,profile_enrichment
4603,1,14015,Community Innovation Council,Director of Programs,Nonprofit,2024-08-04,,true,2025-03-05,crm_import
4604,1,9068,Cedar & Finch Consulting,Managing Counsel,Legal Services,2015-11-24,,true,2018-06-30,crm_import
4605,1,11896,Northstar Systems,Engineering Manager,Technology,2020-12-19,,true,2025-06-10,crm_import
4606,1,2275,Arcfield Medical,Program Manager,Healthcare,2016-03-13,2019-10-05,false,2019-10-05,profile_enrichment
4607,1,2275,Regional Health Partners,Program Analyst,Healthcare,2012-01-05,2016-03-12,false,2016-03-12,profile_enrichment
4608,1,2275,Harborline Health,Senior Program Manager,Healthcare,2019-12-30,,true,2024-06-22,crm_import
4609,1,18939,Stonebridge Financial,Vice President of Finance,Financial Services,2017-09-13,2021-12-22,false,2021-12-22,crm_import
4610,1,18939,Summit Grove Partners,Director of Finance,Financial Services,2014-02-28,2017-09-12,false,2017-09-12,crm_import
4611,1,18939,Granite Advisory,Senior Finance Manager,Financial Services,2009-08-29,2014-02-27,false,2014-02-27,crm_import
4612,1,18939,Summit Grove Partners,Chief Financial Officer,Financial Services,2021-12-23,,true,2024-08-11,crm_import
4613,1,17422,Open Learning Network,Lecturer,Education,2015-09-19,2019-08-12,false,2019-08-12,crm_import
4614,1,17422,Juniper Education Group,,Education,2019-08-13,,true,2025-03-29,profile_enrichment
4615,1,17751,Granite Advisory,Associate,Financial Services,2012-10-16,2015-10-05,false,2015-10-05,crm_import
4616,1,17751,Silver Maple Holdings,Analyst,Financial Services,2007-07-28,2012-10-15,false,2012-10-15,profile_enrichment
4617,1,17751,Silver Maple Holdings,Finance Manager,Financial Services,2015-10-06,,true,2017-04-05,crm_import
4618,1,8978,Blue Lantern Technologies,Engineering Manager,Technology,2025-08-29,,true,2026-07-25,crm_import
4619,1,3072,Harbor Street Counsel,General Counsel,Legal Services,2020-12-10,,true,2021-01-15,crm_import
4620,1,10598,Beacon Software Group,Analyst,Technology,2015-06-12,2018-05-11,false,2018-05-11,crm_import
4621,1,10598,Blue Lantern Technologies,Analyst,Technology,2011-06-28,2015-06-11,false,2015-06-11,crm_import
4622,1,10598,Northstar Systems,Analyst,Technology,2007-02-09,2011-06-27,false,2011-06-27,crm_import
4623,1,10598,Northstar Systems,Software Engineer,Technology,2018-05-12,,true,2018-11-28,crm_import
4624,1,4007,Granite Industrial Group,Director of Operations,Manufacturing,2016-05-21,,true,2021-05-05,crm_import
4625,1,14963,Redwood Holdings,Director of Operations,Manufacturing,2018-06-02,,true,2025-03-26,profile_enrichment
4626,1,9437,Open Learning Network,Dean,Education,2019-12-21,2024-08-18,false,2024-08-18,crm_import
4627,1,9437,Open Learning Network,Associate Professor,Education,2014-02-01,2019-12-20,false,2019-12-20,crm_import
4628,1,9437,Juniper Education Group,Department Chair,Education,2025-04-02,,true,2025-09-01,crm_import
4629,1,118,Northbridge Academy,Dean,Education,2011-03-25,,true,2012-12-31,profile_enrichment
4630,1,16988,Beacon Legal Group,Managing Counsel,Legal Services,2022-06-18,,true,2023-10-06,profile_enrichment
4631,1,6563,Granite Advisory,,Financial Services,2019-02-04,,true,2021-02-06,profile_enrichment
4632,1,12002,Granite Advisory,Associate,Financial Services,2014-05-13,,true,2022-02-17,profile_enrichment
4633,1,3046,Regional Health Partners,Program Manager,Healthcare,2023-12-15,2026-07-10,false,2026-07-10,crm_import
4634,1,3046,Regional Health Partners,Program Analyst,Healthcare,2020-11-02,2023-12-14,false,2023-12-14,crm_import
4635,1,3046,Regional Health Partners,Senior Program Manager,Healthcare,2026-07-11,,true,2026-07-21,profile_enrichment
4636,1,719,Orchard Studio,Producer,Media,2022-03-22,,true,2023-07-09,profile_enrichment
4637,1,5736,Harborline Health,Chief Operating Officer,Healthcare,2017-07-25,,true,2018-02-21,crm_import
4638,1,2288,Juniper Education Group,Dean,Education,2019-11-02,2025-03-11,false,2025-03-11,crm_import
4639,1,2288,Cedar Ridge Education,Dean,Education,2025-03-12,,true,2025-08-08,crm_import
4640,1,2009,Open Learning Network,Strategic Advisor,Consulting,2019-11-21,2021-08-23,false,2021-08-23,profile_enrichment
4641,1,2009,Arcfield Manufacturing,Operations Manager,Manufacturing,2021-06-01,,true,2021-08-07,profile_enrichment
4642,1,19879,Harbor Street Counsel,Counsel,Legal Services,2013-06-10,,true,2024-09-24,crm_import
4643,1,17596,Juniper Education Group,Dean,Education,2023-08-01,,true,2023-08-16,profile_enrichment
4644,1,6497,Redwood Holdings,Vice President of Operations,Manufacturing,2023-08-14,,true,2025-11-01,profile_enrichment
4645,1,4137,Mariner Labs,Engineering Manager,Technology,2024-04-01,,true,2026-08-09,profile_enrichment
4646,1,14444,Arcfield Medical,Director of Operations,Healthcare,2022-07-07,,true,2025-11-26,crm_import
4647,1,9833,Cedar Ridge Education,Professor,Education,2018-11-02,,true,2023-11-08,profile_enrichment
4648,1,6888,Regional Health Partners,Program Manager,Healthcare,2014-04-11,,true,2018-02-14,profile_enrichment
4649,1,4199,Blue Lantern Technologies,Engineering Manager,Technology,2015-10-08,2021-07-23,false,2021-07-23,crm_import
4650,1,4199,Mariner Labs,Senior Software Engineer,Technology,2010-10-06,2015-10-07,false,2015-10-07,crm_import
4651,1,4199,Youth Arts Collaborative,Volunteer Treasurer,Consulting,2019-05-03,2021-10-24,false,2021-10-24,profile_enrichment
4652,1,4199,Northstar Systems,Director of Engineering,Technology,2021-07-24,,true,2021-11-13,profile_enrichment
4653,1,19719,Lakeshore Media,Program Director,Media,2016-03-31,,true,2017-05-27,crm_import
4654,1,12434,Youth Arts Collaborative,Director of Programs,Nonprofit,2019-08-26,2022-09-07,false,2022-09-07,profile_enrichment
4655,1,12434,CivicWorks Collaborative,Senior Program Manager,Nonprofit,2013-08-05,2019-01-23,false,2019-01-23,profile_enrichment
4656,1,12434,CivicWorks Collaborative,Program Manager,Nonprofit,2010-03-25,2013-08-04,false,2013-08-04,crm_import
4657,1,12434,Community Innovation Council,Vice President of Programs,Nonprofit,2022-09-08,,true,2023-05-07,profile_enrichment
4658,1,8945,Granite Advisory,Director of Finance,Financial Services,2014-03-17,,true,2020-01-22,crm_import
4659,1,11374,Redwood Holdings,President,Manufacturing,2014-09-27,,true,2026-05-18,profile_enrichment
4660,1,6496,Orchard Studio,Producer,Media,2011-09-14,,true,2024-10-26,crm_import
4661,1,12489,Metro Community Foundation,Director of Programs,Nonprofit,2011-11-02,2014-05-08,false,2014-05-08,profile_enrichment
4662,1,12489,Community Innovation Council,Senior Program Manager,Nonprofit,2006-12-02,2011-11-01,false,2011-11-01,crm_import
4663,1,12489,Youth Arts Collaborative,Program Manager,Nonprofit,2002-07-27,2006-12-01,false,2006-12-01,profile_enrichment
4664,1,12489,Youth Arts Collaborative,Vice President of Programs,Nonprofit,2014-05-09,,true,2024-07-06,profile_enrichment
4665,1,3863,Mariner Labs,Analyst,Technology,2014-11-13,2019-10-13,false,2019-10-13,crm_import
4666,1,3863,Blue Lantern Technologies,Analyst,Technology,2010-07-08,2014-11-12,false,2014-11-12,crm_import
4667,1,3863,Blue Lantern Technologies,Software Engineer,Technology,2019-10-14,,true,2019-11-03,crm_import
4668,1,16401,Harborline Health,Vice President of Operations,Healthcare,2007-12-27,2013-02-18,false,2013-02-18,crm_import
4669,1,16401,Arcfield Medical,Director of Operations,Healthcare,2004-05-26,2007-12-26,false,2007-12-26,crm_import
4670,1,16401,Harborline Health,Senior Program Manager,Healthcare,2000-11-17,2004-05-25,false,2004-05-25,crm_import
4671,1,16401,Clearwater Health Group,Chief Operating Officer,Healthcare,2013-12-10,,true,2019-03-30,profile_enrichment
4672,1,17967,Silver Maple Holdings,Finance Manager,Financial Services,2011-09-05,2015-04-06,false,2015-04-06,crm_import
4673,1,17967,Silver Maple Holdings,Senior Finance Manager,Financial Services,2015-04-07,,true,2017-02-02,profile_enrichment
4674,1,10670,Clearwater Manufacturing,Senior Operations Manager,Manufacturing,2020-05-31,,true,2024-11-14,profile_enrichment
4675,1,231,Community Innovation Council,Senior Program Manager,Nonprofit,2014-07-03,2018-11-25,false,2018-11-25,crm_import
4676,1,231,Youth Arts Collaborative,Program Manager,Nonprofit,2008-11-04,2014-07-02,false,2014-07-02,crm_import
4677,1,231,Youth Arts Collaborative,Program Coordinator,Nonprofit,2003-09-30,2008-07-12,false,2008-07-12,profile_enrichment
4678,1,231,Metro Community Foundation,Director of Programs,Nonprofit,2018-11-26,,true,2024-10-19,crm_import
4679,1,1418,Youth Arts Collaborative,Vice President of Programs,Nonprofit,2023-08-04,,true,2024-12-28,profile_enrichment
4680,1,10951,Open Learning Network,Assistant Professor,Education,2024-09-22,,true,2026-04-16,profile_enrichment
4681,1,5340,Blue Lantern Technologies,Software Engineer,Technology,2015-11-19,2018-09-25,false,2018-09-25,crm_import
4682,1,5340,Mariner Labs,Analyst,Technology,2011-10-22,2015-11-18,false,2015-11-18,crm_import
4683,1,5340,Blue Lantern Technologies,Senior Software Engineer,Technology,2019-03-09,,true,2023-05-21,profile_enrichment
4684,1,8447,Granite Advisory,,Financial Services,2025-05-05,,true,2025-05-17,profile_enrichment
4685,1,844,Summit Grove Partners,Senior Finance Manager,Financial Services,2014-12-13,2017-10-16,false,2017-10-16,crm_import
4686,1,844,Silver Maple Holdings,Director of Finance,Financial Services,2017-10-17,,true,2021-09-08,profile_enrichment
4687,1,10701,Regional Health Partners,Director of Operations,Healthcare,2024-11-01,,true,2025-05-14,profile_enrichment
4688,1,1445,Summit Grove Partners,Chief Financial Officer,Financial Services,2014-06-20,,true,2026-03-22,profile_enrichment
4689,1,6661,Harborline Health,Program Manager,Healthcare,2020-03-17,,true,2020-04-04,profile_enrichment
4690,1,18683,Granite Industrial Group,Operations Analyst,Manufacturing,2021-09-30,2024-01-09,false,2024-01-09,crm_import
4691,1,18683,Granite Industrial Group,Operations Analyst,Manufacturing,2016-10-27,2021-09-29,false,2021-09-29,crm_import
4692,1,18683,Arcfield Manufacturing,Operations Manager,Manufacturing,2024-01-10,,true,2026-07-14,profile_enrichment
4693,1,16739,Northstar Systems,Vice President of Engineering,Technology,2017-02-09,,true,2017-02-16,crm_import
4694,1,12786,Open Learning Network,Dean,Education,2022-08-30,,true,2024-11-08,crm_import
4695,1,3519,Juniper Education Group,Dean,Education,2026-01-09,,true,2026-01-29,profile_enrichment
4696,1,19045,Beacon Legal Group,Counsel,Legal Services,2011-10-24,2013-10-25,false,2013-10-25,crm_import
4697,1,19045,Harbor Street Counsel,Associate Counsel,Legal Services,2006-06-27,2011-10-23,false,2011-10-23,crm_import
4698,1,19045,Beacon Legal Group,Legal Analyst,Legal Services,2002-05-17,2006-04-28,false,2006-04-28,profile_enrichment
4699,1,19045,Pinecrest Partners,Senior Counsel,Legal Services,2015-04-06,,true,2025-01-01,profile_enrichment
4700,1,19902,Granite Advisory,Finance Manager,Financial Services,2023-04-05,,true,2026-04-04,profile_enrichment
4701,1,17131,Redwood Holdings,Vice President of Operations,Manufacturing,2006-07-15,2012-06-25,false,2012-06-25,crm_import
4702,1,17131,Arcfield Manufacturing,Operations Manager,Manufacturing,2003-02-21,2006-07-14,false,2006-07-14,crm_import
4703,1,17131,Clearwater Manufacturing,Director of Operations,Manufacturing,2012-06-26,,true,2023-08-20,profile_enrichment
4704,1,3917,Northbridge Academy,,Education,2020-12-24,,true,2026-08-23,profile_enrichment
4705,1,13556,Harborline Health,Director of Operations,Healthcare,2018-08-12,2021-05-17,false,2021-05-17,profile_enrichment
4706,1,13556,Clearwater Health Group,Vice President of Operations,Healthcare,2021-05-18,,true,2024-09-29,profile_enrichment
4707,1,15281,Pinecrest Partners,Counsel,Legal Services,2017-07-06,2023-05-12,false,2023-05-12,crm_import
4708,1,15281,Cedar & Finch Consulting,Associate Counsel,Legal Services,2014-02-01,2017-07-05,false,2017-07-05,crm_import
4709,1,15281,Cedar & Finch Consulting,Legal Analyst,Legal Services,2010-04-04,2014-01-31,false,2014-01-31,crm_import
4710,1,15281,Harbor Street Counsel,Senior Counsel,Legal Services,2023-05-13,,true,2024-02-29,profile_enrichment
4711,1,11358,Harborline Health,Director of Operations,Healthcare,2019-07-15,,true,2022-09-06,profile_enrichment
4712,1,13758,Granite Industrial Group,Vice President of Operations,Manufacturing,2020-03-04,,true,2022-11-06,profile_enrichment
4713,1,5952,Summit Grove Partners,Associate,Financial Services,2013-08-08,,true,2020-04-10,crm_import
4714,1,4698,Stonebridge Financial,Senior Finance Manager,Financial Services,2010-06-04,,true,2017-12-05,profile_enrichment
4715,1,9515,Regional Health Partners,Chief Operating Officer,Healthcare,2016-02-20,,true,2018-01-08,profile_enrichment
4716,1,15692,Silver Maple Holdings,Vice President of Finance,Financial Services,2015-07-08,,true,2023-11-26,profile_enrichment
4717,1,10241,Summit Grove Partners,Vice President of Finance,Financial Services,2025-11-17,,true,2026-03-18,profile_enrichment
4718,1,9462,Lakeshore Media,Managing Director,Media,2018-02-03,,true,2025-09-13,profile_enrichment
4719,1,6808,Northbridge Academy,Associate Professor,Education,2013-01-06,2016-05-12,false,2016-05-12,crm_import
4720,1,6808,Juniper Education Group,Assistant Professor,Education,2009-09-16,2013-01-05,false,2013-01-05,crm_import
4721,1,6808,Northbridge Academy,Professor,Education,2016-05-13,,true,2018-08-01,profile_enrichment
4722,1,8682,Harbor Street Counsel,Counsel,Legal Services,2015-11-06,,true,2025-12-24,profile_enrichment
4723,1,13494,Granite Industrial Group,Vice President of Operations,Manufacturing,2018-08-08,,true,2019-09-29,profile_enrichment
4724,1,11066,Silver Maple Holdings,Director of Finance,Financial Services,2021-04-06,,true,2023-04-14,crm_import
4725,1,10463,Clearwater Manufacturing,Operations Manager,Manufacturing,2023-05-16,,true,2023-07-27,crm_import
4726,1,3902,Granite Industrial Group,President,Manufacturing,2019-04-23,2022-05-22,false,2022-05-22,crm_import
4727,1,3902,Redwood Holdings,Director of Operations,Manufacturing,2015-01-04,2018-01-24,false,2018-01-24,crm_import
4728,1,3902,Granite Industrial Group,Senior Operations Manager,Manufacturing,2011-12-14,2015-01-03,false,2015-01-03,profile_enrichment
4729,1,3902,Redwood Holdings,President,Manufacturing,2022-05-23,,true,2026-03-18,crm_import
4730,1,16546,Clearwater Manufacturing,Operations Manager,Manufacturing,2017-12-21,2020-04-27,false,2020-04-27,crm_import
4731,1,16546,Arcfield Manufacturing,Operations Analyst,Manufacturing,2013-08-16,2017-12-20,false,2017-12-20,crm_import
4732,1,16546,Granite Industrial Group,Operations Analyst,Manufacturing,2010-02-28,2013-08-15,false,2013-08-15,crm_import
4733,1,16546,Arcfield Manufacturing,Senior Operations Manager,Manufacturing,2020-04-28,,true,2025-08-11,profile_enrichment
4734,1,8295,Beacon Software Group,Engineering Manager,Technology,2017-07-24,2019-09-28,false,2019-09-28,crm_import
4735,1,8295,Mariner Labs,Director of Engineering,Technology,2021-02-04,,true,2025-01-24,crm_import
4736,1,13345,Mariner Media Group,Producer,Media,2025-12-01,,true,2026-05-20,crm_import
4737,1,8128,Stonebridge Financial,Analyst,Financial Services,2020-05-16,2023-12-29,false,2023-12-29,profile_enrichment
4738,1,8128,Stonebridge Financial,Analyst,Financial Services,2017-01-12,2019-12-27,false,2019-12-27,crm_import
4739,1,8128,Summit Grove Partners,Associate,Financial Services,2023-12-30,,true,2024-08-26,profile_enrichment
4740,1,2116,Harborline Health,Director of Operations,Healthcare,2013-02-08,2017-05-18,false,2017-05-18,crm_import
4741,1,2116,Harborline Health,Vice President of Operations,Healthcare,2017-05-19,,true,2020-06-06,crm_import
4742,1,13120,Regional Health Partners,Director of Operations,Healthcare,2022-07-03,,true,2022-09-19,profile_enrichment
4743,1,1195,Community Innovation Council,Program Coordinator,Nonprofit,2013-02-27,2017-08-24,false,2017-08-24,profile_enrichment
4744,1,1195,CivicWorks Collaborative,Program Coordinator,Nonprofit,2008-01-02,2013-02-26,false,2013-02-26,crm_import
4745,1,1195,Metro Community Foundation,Program Coordinator,Nonprofit,2001-08-04,2006-10-11,false,2006-10-11,profile_enrichment
4746,1,1195,Metro Community Foundation,Program Manager,Nonprofit,2018-12-01,,true,2021-11-20,crm_import
4747,1,1268,Northbridge Academy,Associate Professor,Education,2023-05-13,,true,2023-12-26,crm_import
4748,1,9869,Blue Lantern Technologies,Software Engineer,Technology,2018-03-31,,true,2024-02-29,profile_enrichment
4749,1,6309,Clearwater Manufacturing,Operations Manager,Manufacturing,2010-06-24,2013-12-31,false,2013-12-31,crm_import
4750,1,6309,Clearwater Manufacturing,Operations Analyst,Manufacturing,2004-07-12,2010-06-23,false,2010-06-23,crm_import
4751,1,6309,Granite Industrial Group,Operations Analyst,Manufacturing,2000-09-09,2004-07-11,false,2004-07-11,crm_import
4752,1,6309,Granite Industrial Group,Senior Operations Manager,Manufacturing,2014-01-01,,true,2022-05-27,profile_enrichment
4753,1,2566,Beacon Legal Group,Managing Counsel,Legal Services,2013-10-03,,true,2019-05-02,profile_enrichment
4754,1,9151,CivicWorks Collaborative,Senior Program Manager,Nonprofit,2011-09-15,2017-01-13,false,2017-01-13,crm_import
4755,1,9151,Youth Arts Collaborative,Program Manager,Nonprofit,2007-09-02,2011-09-14,false,2011-09-14,crm_import
4756,1,9151,Metro Community Foundation,Director of Programs,Nonprofit,2017-01-14,,true,2026-03-14,crm_import
4757,1,19068,Beacon Software Group,Director of Engineering,Technology,2013-01-05,,true,2023-11-24,crm_import
4758,1,6667,Mariner Media Group,Managing Director,Media,2019-05-04,,true,2019-11-11,profile_enrichment
4759,1,12863,Beacon Legal Group,Counsel,Legal Services,2019-01-26,,true,2019-08-18,profile_enrichment
4760,1,13381,Northstar Systems,Director of Engineering,Technology,2013-03-02,,true,2019-02-24,profile_enrichment
4761,1,9499,CivicWorks Collaborative,Executive Director,Nonprofit,2022-08-20,,true,2022-09-29,profile_enrichment
4762,1,3698,Northstar Systems,Chief Technology Officer,Technology,2018-08-16,2022-09-26,false,2022-09-26,crm_import
4763,1,3698,Northstar Systems,Director of Engineering,Technology,2015-11-08,2018-08-15,false,2018-08-15,profile_enrichment
4764,1,3698,Mariner Labs,Engineering Manager,Technology,2009-12-25,2015-11-07,false,2015-11-07,crm_import
4765,1,3698,Blue Lantern Technologies,Chief Technology Officer,Technology,2022-09-27,,true,2024-01-12,profile_enrichment
4766,1,1691,Cedar & Finch Consulting,Senior Counsel,Legal Services,2020-01-14,,true,2023-04-12,crm_import
4767,1,658,Granite Industrial Group,Vice President of Operations,Manufacturing,2010-08-18,2016-08-10,false,2016-08-10,crm_import
4768,1,658,Redwood Holdings,President,Manufacturing,2016-08-11,,true,2021-09-08,crm_import
4769,1,3653,Lakeshore Media,President,Media,2010-04-23,,true,2015-04-20,profile_enrichment
4770,1,12107,Harborline Health,Program Analyst,Healthcare,2016-10-15,2020-01-03,false,2020-01-03,crm_import
4771,1,12107,Arcfield Medical,Program Analyst,Healthcare,2010-10-24,2016-10-14,false,2016-10-14,profile_enrichment
4772,1,12107,Clearwater Health Group,Program Manager,Healthcare,2020-01-04,,true,2022-02-11,profile_enrichment
4773,1,1652,Granite Advisory,Analyst,Financial Services,2017-09-07,2020-07-04,false,2020-07-04,crm_import
4774,1,1652,Summit Grove Partners,Analyst,Financial Services,2011-07-20,2016-03-22,false,2016-03-22,crm_import
4775,1,1652,Stonebridge Financial,Analyst,Financial Services,2007-05-19,2010-05-22,false,2010-05-22,crm_import
4776,1,1652,Silver Maple Holdings,,Financial Services,2020-07-05,,true,2025-01-07,crm_import
4777,1,356,Beacon Software Group,Software Engineer,Technology,2010-08-15,,true,2015-06-07,profile_enrichment
4778,1,4724,Northbridge Academy,Department Chair,Education,2023-05-06,,true,2024-03-02,crm_import
4779,1,12512,Community Innovation Council,Program Manager,Nonprofit,2023-08-14,,true,2026-08-16,crm_import
4780,1,19225,Beacon Legal Group,Senior Counsel,Legal Services,2012-08-29,2014-10-03,false,2014-10-03,crm_import
4781,1,19225,Cedar & Finch Consulting,Legal Analyst,Legal Services,2009-08-24,2012-08-28,false,2012-08-28,crm_import
4782,1,19225,Cedar & Finch Consulting,Legal Analyst,Legal Services,2006-02-08,2009-08-23,false,2009-08-23,profile_enrichment
4783,1,19225,Harbor Street Counsel,Counsel,Legal Services,2014-10-04,,true,2020-10-27,profile_enrichment
4784,1,11680,Arcfield Manufacturing,Operations Manager,Manufacturing,2020-02-23,2023-09-07,false,2023-09-07,crm_import
4785,1,11680,Arcfield Manufacturing,Operations Analyst,Manufacturing,2015-03-27,2020-02-22,false,2020-02-22,profile_enrichment
4786,1,11680,Arcfield Manufacturing,Operations Analyst,Manufacturing,2010-09-05,2015-03-26,false,2015-03-26,crm_import
4787,1,11680,Redwood Holdings,Senior Operations Manager,Manufacturing,2023-09-08,,true,2024-08-25,profile_enrichment
4788,1,5596,Northstar Systems,Analyst,Technology,2010-07-06,2015-01-24,false,2015-01-24,crm_import
4789,1,5596,Blue Lantern Technologies,Analyst,Technology,2006-03-29,2010-07-05,false,2010-07-05,crm_import
4790,1,5596,Northstar Systems,Software Engineer,Technology,2015-01-25,,true,2020-11-23,profile_enrichment
4791,1,17024,Clearwater Health Group,Director of Operations,Healthcare,2014-11-04,,true,2018-03-16,profile_enrichment
4792,1,10584,Silver Maple Holdings,Associate,Financial Services,2017-11-11,,true,2020-08-19,crm_import
4793,1,14595,Northstar Systems,Analyst,Technology,2019-11-13,2023-12-07,false,2023-12-07,profile_enrichment
4794,1,14595,Blue Lantern Technologies,Software Engineer,Technology,2023-12-08,,true,2026-07-12,crm_import
4795,1,6885,Redwood Holdings,,Manufacturing,2016-04-19,,true,2017-08-23,crm_import
4796,1,9440,Clearwater Manufacturing,Senior Operations Manager,Manufacturing,2016-08-18,,true,2022-06-29,profile_enrichment
4797,1,4799,Orchard Studio,Producer,Media,2011-03-16,,true,2014-10-21,profile_enrichment
4798,1,7900,Northbridge Academy,Dean,Education,2022-11-27,,true,2024-03-01,crm_import
4799,1,11135,Youth Arts Collaborative,Vice President of Programs,Nonprofit,2011-11-10,2016-09-04,false,2016-09-04,profile_enrichment
4800,1,11135,CivicWorks Collaborative,Executive Director,Nonprofit,2016-09-05,,true,2023-12-22,crm_import
4801,1,15145,Northstar Systems,Senior Software Engineer,Technology,2026-06-02,,true,2026-07-27,profile_enrichment
4802,1,11119,Cedar & Finch Consulting,General Counsel,Legal Services,2019-12-26,,true,2023-08-19,profile_enrichment
4803,1,16246,Cedar & Finch Consulting,Senior Counsel,Legal Services,2009-01-06,2012-02-05,false,2012-02-05,crm_import
4804,1,16246,Beacon Legal Group,Counsel,Legal Services,2003-02-04,2009-01-05,false,2009-01-05,crm_import
4805,1,16246,Cedar & Finch Consulting,Associate Counsel,Legal Services,1997-08-06,2003-02-03,false,2003-02-03,crm_import
4806,1,16246,Cedar & Finch Consulting,Managing Counsel,Legal Services,2012-02-06,,true,2026-01-28,crm_import
4807,1,1308,Regional Health Partners,Program Manager,Healthcare,2023-10-17,,true,2025-07-08,crm_import
4808,1,5376,Redwood Creative,Producer,Media,2022-08-11,,true,2024-11-25,crm_import
4809,1,7879,Open Learning Network,Professor,Education,2012-02-23,,true,2020-08-23,profile_enrichment
4810,1,14605,Summit Grove Partners,Senior Finance Manager,Financial Services,2022-01-28,2024-07-24,false,2024-07-24,profile_enrichment
4811,1,14605,Silver Maple Holdings,Finance Manager,Financial Services,2018-02-12,2021-09-21,false,2021-09-21,crm_import
4812,1,14605,Stonebridge Financial,Director of Finance,Financial Services,2024-07-25,,true,2025-11-30,profile_enrichment
4813,1,13680,Mariner Media Group,Coordinator,Media,2012-06-08,2018-06-05,false,2018-06-05,crm_import
4814,1,13680,Orchard Studio,Producer,Media,2019-04-13,,true,2019-04-19,crm_import
4815,1,19386,Silver Maple Holdings,Senior Finance Manager,Financial Services,2022-09-23,,true,2023-12-06,profile_enrichment
4816,1,15662,Silver Maple Holdings,Finance Manager,Financial Services,2007-01-24,2012-04-13,false,2012-04-13,crm_import
4817,1,15662,Summit Grove Partners,Associate,Financial Services,2001-11-08,2007-01-23,false,2007-01-23,crm_import
4818,1,15662,Stonebridge Financial,Senior Finance Manager,Financial Services,2012-04-14,,true,2026-05-20,profile_enrichment
4819,1,19305,Open Learning Network,Professor,Education,2010-02-05,2015-04-22,false,2015-04-22,crm_import
4820,1,19305,Juniper Education Group,Department Chair,Education,2015-04-23,,true,2016-11-23,crm_import
4821,1,2144,Harbor Street Counsel,Senior Counsel,Legal Services,2014-07-05,2019-09-09,false,2019-09-09,crm_import
4822,1,2144,Cedar & Finch Consulting,Counsel,Legal Services,2011-07-08,2014-02-17,false,2014-02-17,crm_import
4823,1,2144,Harbor Street Counsel,Associate Counsel,Legal Services,2007-08-09,2011-07-07,false,2011-07-07,crm_import
4824,1,2144,Beacon Legal Group,Managing Counsel,Legal Services,2019-09-10,,true,2026-03-04,profile_enrichment
4825,1,5811,Clearwater Health Group,Director of Operations,Healthcare,2020-08-03,,true,2022-02-01,profile_enrichment
4826,1,4241,Cedar Ridge Education,,Education,2021-07-05,,true,2025-12-30,profile_enrichment
4827,1,6683,Harbor Street Counsel,Managing Counsel,Legal Services,2023-06-16,,true,2025-04-10,profile_enrichment
4828,1,10687,Youth Arts Collaborative,Executive Director,Nonprofit,2022-11-10,,true,2023-08-14,crm_import
4829,1,7734,Lakeshore Media,Producer,Media,2011-10-22,2017-06-29,false,2017-06-29,profile_enrichment
4830,1,7734,Orchard Studio,Senior Producer,Media,2017-06-30,,true,2022-07-21,crm_import
4831,1,5029,Pinecrest Partners,Associate Counsel,Legal Services,2010-10-28,,true,2024-02-24,profile_enrichment
4832,1,7067,Cedar Ridge Education,Dean,Education,2010-09-25,,true,2016-11-08,crm_import
4833,1,3805,Arcfield Manufacturing,,Manufacturing,2023-06-08,,true,2026-05-06,profile_enrichment
4834,1,16143,Youth Arts Collaborative,Director of Programs,Nonprofit,2023-03-28,,true,2025-11-26,profile_enrichment
4835,1,4827,Pinecrest Partners,General Counsel,Legal Services,2014-05-07,,true,2019-11-14,crm_import
4836,1,12673,Community Innovation Council,Program Manager,Nonprofit,2010-05-11,,true,2019-02-15,profile_enrichment
4837,1,11580,Granite Advisory,Analyst,Financial Services,2013-10-05,2015-11-05,false,2015-11-05,crm_import
4838,1,11580,Granite Advisory,Analyst,Financial Services,2007-10-18,2013-10-04,false,2013-10-04,crm_import
4839,1,11580,Summit Grove Partners,Analyst,Financial Services,2002-04-17,2007-10-17,false,2007-10-17,crm_import
4840,1,11580,Stonebridge Financial,Associate,Financial Services,2015-11-06,,true,2015-12-26,profile_enrichment
4841,1,7383,Cedar Ridge Education,Assistant Professor,Education,2018-07-16,2021-06-20,false,2021-06-20,crm_import
4842,1,7383,Juniper Education Group,Associate Professor,Education,2021-06-21,,true,2026-06-07,crm_import
4843,1,6646,Beacon Software Group,Software Engineer,Technology,2023-12-20,,true,2025-05-18,profile_enrichment
4844,1,3114,Mariner Labs,Engineering Manager,Technology,2018-02-15,2021-10-06,false,2021-10-06,profile_enrichment
4845,1,3114,Beacon Software Group,Director of Engineering,Technology,2021-10-07,,true,2024-06-23,crm_import
4846,1,18622,CivicWorks Collaborative,Vice President of Programs,Nonprofit,2016-10-22,,true,2020-03-15,crm_import
4847,1,8620,Cedar & Finch Consulting,Associate Counsel,Legal Services,2008-10-04,2011-12-07,false,2011-12-07,profile_enrichment
4848,1,8620,Beacon Legal Group,,Legal Services,2011-12-08,,true,2023-05-31,profile_enrichment
4849,1,19228,Mariner Labs,Software Engineer,Technology,2020-12-02,,true,2023-05-08,crm_import
4850,1,14351,Granite Industrial Group,President,Manufacturing,2017-11-19,,true,2021-01-21,crm_import
4851,1,19857,Blue Lantern Technologies,Chief Technology Officer,Technology,2018-06-13,,true,2026-03-20,profile_enrichment
4852,1,13738,CivicWorks Collaborative,Program Coordinator,Nonprofit,2012-02-05,2015-05-10,false,2015-05-10,crm_import
4853,1,13738,Metro Community Foundation,Program Coordinator,Nonprofit,2007-03-22,2012-02-04,false,2012-02-04,profile_enrichment
4854,1,13738,Metro Community Foundation,Program Coordinator,Nonprofit,2001-08-15,2007-03-21,false,2007-03-21,profile_enrichment
4855,1,13738,Community Innovation Council,Program Manager,Nonprofit,2015-05-11,,true,2021-11-07,crm_import
4856,1,5451,Cedar & Finch Consulting,Managing Counsel,Legal Services,2017-12-23,,true,2024-08-22,crm_import
4857,1,10753,Harborline Health,Program Analyst,Healthcare,2012-01-05,2017-04-02,false,2017-04-02,crm_import
4858,1,10753,Clearwater Health Group,Program Analyst,Healthcare,2006-03-28,2011-02-10,false,2011-02-10,crm_import
4859,1,10753,Arcfield Medical,Program Manager,Healthcare,2017-04-03,,true,2026-01-05,crm_import
4860,1,809,Metro Community Foundation,Strategic Advisor,Education,2015-09-08,2018-06-06,false,2018-06-06,profile_enrichment
4861,1,809,Granite Advisory,Finance Manager,Financial Services,2018-01-08,,true,2019-06-16,profile_enrichment
4862,1,9964,Open Learning Network,Assistant Professor,Education,2021-09-24,,true,2024-12-15,crm_import
4863,1,5134,CivicWorks Collaborative,Director of Programs,Nonprofit,2007-06-02,2010-02-22,false,2010-02-22,crm_import
4864,1,5134,CivicWorks Collaborative,Vice President of Programs,Nonprofit,2010-02-23,,true,2026-02-17,profile_enrichment
4865,1,10198,Northstar Systems,Software Engineer,Technology,2020-02-12,,true,2025-05-10,profile_enrichment
4866,1,15744,Northstar Systems,Software Engineer,Technology,2011-03-22,,true,2011-05-04,profile_enrichment
4867,1,7579,Beacon Legal Group,Managing Counsel,Legal Services,2016-11-18,,true,2026-02-04,profile_enrichment
4868,1,1967,Northbridge Academy,Associate Professor,Education,2007-09-17,2011-11-04,false,2011-11-04,crm_import
4869,1,1967,Northbridge Academy,Assistant Professor,Education,2004-05-21,2007-09-16,false,2007-09-16,crm_import
4870,1,1967,Juniper Education Group,Lecturer,Education,2000-02-05,2004-05-20,false,2004-05-20,crm_import
4871,1,1967,Northbridge Academy,Professor,Education,2012-07-08,,true,2014-10-24,profile_enrichment
4872,1,6760,CivicWorks Collaborative,Director of Programs,Nonprofit,2016-04-25,,true,2023-08-24,profile_enrichment
4873,1,18315,Open Learning Network,Assistant Professor,Education,2019-11-16,2023-08-13,false,2023-08-13,crm_import
4874,1,18315,Northbridge Academy,Lecturer,Education,2015-07-14,2019-01-22,false,2019-01-22,crm_import
4875,1,18315,Juniper Education Group,Associate Professor,Education,2023-08-14,,true,2023-12-17,crm_import
4876,1,6430,Juniper Education Group,Professor,Education,2012-01-26,,true,2017-08-02,crm_import
4877,1,12580,Mariner Labs,Analyst,Technology,2017-05-13,2020-11-19,false,2020-11-19,profile_enrichment
4878,1,12580,Northstar Systems,Software Engineer,Technology,2021-05-30,,true,2025-10-30,crm_import
4879,1,14757,Lakeshore Media,Producer,Media,2011-09-27,,true,2025-06-06,profile_enrichment
4880,1,889,Juniper Education Group,Professor,Education,2020-05-04,,true,2025-06-22,crm_import
4881,1,491,Granite Industrial Group,Vice President of Operations,Manufacturing,2014-03-31,,true,2018-09-01,profile_enrichment
4882,1,4982,Arcfield Medical,Program Manager,Healthcare,2021-07-03,2025-11-11,false,2025-11-11,profile_enrichment
4883,1,4982,Clearwater Health Group,Program Analyst,Healthcare,2018-06-20,2020-11-03,false,2020-11-03,crm_import
4884,1,4982,Harborline Health,Senior Program Manager,Healthcare,2026-04-01,,true,2026-05-17,crm_import
4885,1,1123,Arcfield Manufacturing,Operations Manager,Manufacturing,2011-07-30,,true,2011-12-13,profile_enrichment
4886,1,5417,Redwood Creative,Managing Director,Media,2011-05-20,,true,2020-12-11,crm_import
4887,1,14918,Beacon Software Group,,Technology,2024-03-28,,true,2026-03-17,crm_import
4888,1,4075,Cedar Ridge Education,Department Chair,Education,2018-03-20,2022-02-04,false,2022-02-04,crm_import
4889,1,4075,Open Learning Network,Dean,Education,2023-06-22,,true,2023-08-28,crm_import
4890,1,4395,Arcfield Medical,Vice President of Operations,Healthcare,2009-01-01,2012-07-19,false,2012-07-19,crm_import
4891,1,4395,Clearwater Health Group,Director of Operations,Healthcare,2004-08-30,2008-12-31,false,2008-12-31,crm_import
4892,1,4395,Arcfield Medical,Chief Operating Officer,Healthcare,2012-07-20,,true,2025-08-30,profile_enrichment
4893,1,16892,Mariner Labs,Senior Software Engineer,Technology,2007-10-29,2012-10-05,false,2012-10-05,crm_import
4894,1,16892,Beacon Software Group,Software Engineer,Technology,2004-07-11,2007-10-28,false,2007-10-28,crm_import
4895,1,16892,Blue Lantern Technologies,Analyst,Technology,2001-04-21,2004-07-10,false,2004-07-10,profile_enrichment
4896,1,16892,Mariner Labs,Engineering Manager,Technology,2013-06-30,,true,2022-12-11,crm_import
4897,1,10009,Beacon Legal Group,Managing Counsel,Legal Services,2011-10-04,2017-04-15,false,2017-04-15,crm_import
4898,1,10009,Cedar & Finch Consulting,Senior Counsel,Legal Services,2006-08-11,2011-07-22,false,2011-07-22,crm_import
4899,1,10009,Pinecrest Partners,General Counsel,Legal Services,2018-07-15,,true,2025-08-03,profile_enrichment
4900,1,9797,Granite Industrial Group,Director of Operations,Manufacturing,2014-11-13,,true,2016-07-14,profile_enrichment
4901,1,12940,Harborline Health,Program Analyst,Healthcare,2014-01-13,2016-02-22,false,2016-02-22,crm_import
4902,1,12940,Clearwater Health Group,Program Analyst,Healthcare,2008-08-25,2014-01-12,false,2014-01-12,profile_enrichment
4903,1,12940,Harborline Health,Program Manager,Healthcare,2016-02-23,,true,2021-03-19,profile_enrichment
4904,1,3851,Beacon Software Group,Vice President of Engineering,Technology,2012-11-11,,true,2021-04-30,profile_enrichment
4905,1,8101,Redwood Holdings,Senior Operations Manager,Manufacturing,2019-08-29,2022-10-01,false,2022-10-01,crm_import
4906,1,8101,Clearwater Manufacturing,Director of Operations,Manufacturing,2024-02-06,,true,2025-10-10,profile_enrichment
4907,1,6937,Lakeshore Media,Program Director,Media,2016-01-29,,true,2018-02-06,profile_enrichment
4908,1,9219,Regional Health Partners,Vice President of Operations,Healthcare,2020-05-08,2024-12-09,false,2024-12-09,profile_enrichment
4909,1,9219,Clearwater Health Group,Director of Operations,Healthcare,2014-09-20,2020-05-07,false,2020-05-07,profile_enrichment
4910,1,9219,Clearwater Health Group,,Healthcare,2024-12-10,,true,2025-02-23,profile_enrichment
4911,1,13924,Community Innovation Council,Program Manager,Nonprofit,2020-04-15,2025-12-01,false,2025-12-01,crm_import
4912,1,13924,Metro Community Foundation,Senior Program Manager,Nonprofit,2025-12-02,,true,2026-01-25,profile_enrichment
4913,1,3609,Redwood Creative,Senior Producer,Media,2012-09-14,,true,2023-10-25,profile_enrichment
4914,1,15503,Stonebridge Financial,,Financial Services,2013-11-24,,true,2021-02-26,profile_enrichment
4915,1,3121,Metro Community Foundation,Senior Program Manager,Nonprofit,2017-01-12,,true,2023-11-16,crm_import
4916,1,13473,Stonebridge Financial,Vice President of Finance,Financial Services,2020-07-24,,true,2025-05-28,profile_enrichment
4917,1,17103,Mariner Media Group,Producer,Media,2023-12-03,,true,2025-09-18,profile_enrichment
4918,1,14812,Clearwater Health Group,Chief Operating Officer,Healthcare,2017-12-22,,true,2023-12-30,crm_import
4919,1,10396,Granite Advisory,Director of Finance,Financial Services,2018-11-01,2021-10-08,false,2021-10-08,crm_import
4920,1,10396,Granite Advisory,Senior Finance Manager,Financial Services,2014-01-14,2018-10-31,false,2018-10-31,profile_enrichment
4921,1,10396,Stonebridge Financial,Vice President of Finance,Financial Services,2021-10-09,,true,2024-03-19,profile_enrichment
4922,1,1207,Cedar Ridge Education,Lecturer,Education,2011-04-27,2014-07-11,false,2014-07-11,profile_enrichment
4923,1,1207,Northbridge Academy,Assistant Professor,Education,2015-11-06,,true,2025-08-31,crm_import
4924,1,5261,Juniper Education Group,Assistant Professor,Education,2015-04-30,2019-04-09,false,2019-04-09,crm_import
4925,1,5261,Northbridge Academy,Lecturer,Education,2011-11-17,2015-04-29,false,2015-04-29,profile_enrichment
4926,1,5261,Northbridge Academy,Lecturer,Education,2007-09-22,2011-06-10,false,2011-06-10,crm_import
4927,1,5261,Open Learning Network,Associate Professor,Education,2019-10-30,,true,2024-01-27,profile_enrichment
4928,1,4666,Harborline Health,Chief Operating Officer,Healthcare,2012-01-21,,true,2017-03-24,profile_enrichment
4929,1,1298,Harborline Health,Senior Program Manager,Healthcare,2019-01-07,,true,2026-07-11,crm_import
4930,1,6701,Beacon Software Group,Vice President of Engineering,Technology,2017-02-08,,true,2018-09-25,crm_import
4931,1,18876,Redwood Creative,Senior Producer,Media,2018-02-05,2022-05-02,false,2022-05-02,crm_import
4932,1,18876,Mariner Media Group,Coordinator,Media,2012-08-31,2018-02-04,false,2018-02-04,crm_import
4933,1,18876,Redwood Creative,Producer,Media,2022-05-03,,true,2025-08-19,profile_enrichment
4934,1,2829,Mariner Media Group,Managing Director,Media,2011-01-29,2016-07-04,false,2016-07-04,profile_enrichment
4935,1,2829,Lakeshore Media,President,Media,2016-07-05,,true,2025-12-15,profile_enrichment
4936,1,5575,Cedar & Finch Consulting,Legal Analyst,Legal Services,2006-08-21,2012-05-10,false,2012-05-10,crm_import
4937,1,5575,Beacon Legal Group,Associate Counsel,Legal Services,2012-05-11,,true,2014-04-24,profile_enrichment
4938,1,17532,Youth Arts Collaborative,Senior Program Manager,Nonprofit,2016-12-02,,true,2020-11-20,profile_enrichment
4939,1,13328,CivicWorks Collaborative,Senior Program Manager,Nonprofit,2023-03-25,2025-07-28,false,2025-07-28,crm_import
4940,1,13328,Community Innovation Council,Program Manager,Nonprofit,2019-07-24,2023-03-24,false,2023-03-24,crm_import
4941,1,13328,Metro Community Foundation,Director of Programs,Nonprofit,2025-07-29,,true,2025-11-20,crm_import
4942,1,16924,Harbor Street Counsel,General Counsel,Legal Services,2023-12-21,,true,2024-12-04,crm_import
4943,1,14532,Beacon Software Group,Software Engineer,Technology,2021-12-04,,true,2026-05-11,profile_enrichment
4944,1,10369,Blue Lantern Technologies,Director of Engineering,Technology,2015-07-21,,true,2021-04-21,crm_import
4945,1,19141,Stonebridge Financial,Analyst,Financial Services,2021-10-17,2025-06-04,false,2025-06-04,crm_import
4946,1,19141,Stonebridge Financial,Analyst,Financial Services,2019-08-27,2021-10-16,false,2021-10-16,profile_enrichment
4947,1,19141,Stonebridge Financial,Analyst,Financial Services,2016-01-08,2019-08-26,false,2019-08-26,profile_enrichment
4948,1,19141,Granite Advisory,Associate,Financial Services,2026-07-10,,true,2026-07-23,crm_import
4949,1,5820,Cedar Ridge Education,Associate Professor,Education,2016-04-15,2021-05-16,false,2021-05-16,crm_import
4950,1,5820,Cedar Ridge Education,Assistant Professor,Education,2013-10-24,2016-04-14,false,2016-04-14,profile_enrichment
4951,1,5820,Open Learning Network,Lecturer,Education,2007-11-14,2013-10-23,false,2013-10-23,crm_import
4952,1,5820,Juniper Education Group,Professor,Education,2021-05-17,,true,2026-01-06,crm_import
4953,1,5842,Granite Advisory,Finance Manager,Financial Services,2018-07-30,2022-06-28,false,2022-06-28,profile_enrichment
4954,1,5842,Summit Grove Partners,Associate,Financial Services,2013-03-03,2018-07-29,false,2018-07-29,crm_import
4955,1,5842,Silver Maple Holdings,Analyst,Financial Services,2007-04-05,2012-09-15,false,2012-09-15,profile_enrichment
4956,1,5842,Summit Grove Partners,Senior Finance Manager,Financial Services,2022-06-29,,true,2025-01-20,profile_enrichment
4957,1,4939,Harbor Street Counsel,Legal Analyst,Legal Services,2004-03-06,2010-01-29,false,2010-01-29,crm_import
4958,1,4939,Beacon Legal Group,Associate Counsel,Legal Services,2010-01-30,,true,2023-04-29,crm_import
4959,1,8251,Granite Industrial Group,Vice President of Operations,Manufacturing,2017-07-05,2020-02-02,false,2020-02-02,profile_enrichment
4960,1,8251,Arcfield Manufacturing,President,Manufacturing,2020-02-03,,true,2025-04-02,profile_enrichment
4961,1,6382,Mariner Labs,Director of Engineering,Technology,2016-06-18,,true,2018-09-16,crm_import
4962,1,14496,Granite Advisory,Vice President of Finance,Financial Services,2020-07-04,,true,2025-07-04,profile_enrichment
4963,1,13318,Youth Arts Collaborative,Vice President of Programs,Nonprofit,2017-11-13,,true,2020-11-16,profile_enrichment
4964,1,15090,Clearwater Health Group,Program Manager,Healthcare,2023-04-24,,true,2024-09-11,crm_import
4965,1,12670,Summit Grove Partners,Chief Financial Officer,Financial Services,2023-08-31,,true,2023-11-12,profile_enrichment
4966,1,4044,CivicWorks Collaborative,Vice President of Programs,Nonprofit,2010-01-28,,true,2014-08-12,profile_enrichment
4967,1,906,Stonebridge Financial,Senior Finance Manager,Financial Services,2022-07-09,,true,2025-10-15,profile_enrichment
4968,1,6469,Youth Arts Collaborative,Executive Director,Nonprofit,2019-05-19,,true,2026-03-19,crm_import
4969,1,19372,Clearwater Manufacturing,Vice President of Operations,Manufacturing,2016-07-28,,true,2021-01-27,profile_enrichment
4970,1,410,Mariner Media Group,Producer,Media,2016-12-30,,true,2024-02-03,crm_import
4971,1,10368,Orchard Studio,President,Media,2014-05-01,,true,2021-07-06,crm_import
4972,1,13231,Harbor Street Counsel,Managing Counsel,Legal Services,2023-10-14,,true,2025-04-21,profile_enrichment
4973,1,8924,Regional Health Partners,Program Manager,Healthcare,2022-05-06,,true,2024-06-12,profile_enrichment
4974,1,12792,Community Innovation Council,Senior Program Manager,Nonprofit,2014-02-08,2017-09-22,false,2017-09-22,crm_import
4975,1,12792,Youth Arts Collaborative,Director of Programs,Nonprofit,2017-09-23,,true,2020-11-04,crm_import
4976,1,19126,Beacon Legal Group,Senior Counsel,Legal Services,2007-10-05,2013-01-01,false,2013-01-01,crm_import
4977,1,19126,Harbor Street Counsel,Counsel,Legal Services,2003-07-27,2006-04-18,false,2006-04-18,crm_import
4978,1,19126,Beacon Legal Group,Associate Counsel,Legal Services,1997-10-17,2003-07-26,false,2003-07-26,crm_import
4979,1,19126,Pinecrest Partners,Managing Counsel,Legal Services,2013-01-02,,true,2023-11-23,profile_enrichment
4980,1,17667,Harbor Street Counsel,Counsel,Legal Services,2012-06-21,,true,2026-06-21,profile_enrichment
4981,1,15936,Youth Arts Collaborative,Program Manager,Nonprofit,2023-03-05,,true,2025-01-14,profile_enrichment
4982,1,12044,Cedar & Finch Consulting,Managing Counsel,Legal Services,2022-03-22,,true,2024-01-15,profile_enrichment
4983,1,5906,Stonebridge Financial,Vice President of Finance,Financial Services,2018-09-16,,true,2025-06-19,crm_import
4984,1,10525,CivicWorks Collaborative,Senior Program Manager,Nonprofit,2026-04-20,,true,2026-05-07,profile_enrichment
4985,1,13616,Harborline Health,Chief Operating Officer,Healthcare,2020-07-18,,true,2026-06-16,crm_import
4986,1,10119,Redwood Creative,Managing Director,Media,2005-08-30,2011-06-15,false,2011-06-15,crm_import
4987,1,10119,Mariner Media Group,Program Director,Media,2003-08-03,2005-08-29,false,2005-08-29,profile_enrichment
4988,1,10119,Mariner Media Group,President,Media,2012-11-03,,true,2014-01-25,crm_import
4989,1,3954,Northbridge Academy,Department Chair,Education,2018-02-04,,true,2023-12-11,crm_import
4990,1,19526,Metro Community Foundation,Executive Director,Nonprofit,2023-03-30,,true,2024-05-04,profile_enrichment
4991,1,2621,Blue Lantern Technologies,Engineering Manager,Technology,2012-10-11,,true,2020-07-18,profile_enrichment
4992,1,13278,Harborline Health,Senior Program Manager,Healthcare,2016-05-18,,true,2023-04-05,profile_enrichment
4993,1,16418,Northstar Systems,Vice President of Engineering,Technology,2010-03-23,2015-09-06,false,2015-09-06,crm_import
4994,1,16418,Blue Lantern Technologies,Director of Engineering,Technology,2005-02-24,2010-03-22,false,2010-03-22,profile_enrichment
4995,1,16418,Beacon Software Group,Engineering Manager,Technology,2000-09-16,2004-01-15,false,2004-01-15,crm_import
4996,1,16418,Beacon Software Group,Chief Technology Officer,Technology,2015-09-07,,true,2020-11-23,crm_import
4997,1,15894,Redwood Holdings,Operations Manager,Manufacturing,2006-07-29,2009-11-26,false,2009-11-26,crm_import
4998,1,15894,Redwood Holdings,Senior Operations Manager,Manufacturing,2011-01-06,,true,2020-12-30,profile_enrichment
4999,1,9023,Clearwater Health Group,Program Manager,Healthcare,2010-01-29,,true,2019-10-20,crm_import
5000,1,3826,Granite Industrial Group,Senior Operations Manager,Manufacturing,2021-11-09,,true,2024-01-28,profile_enrichment
5001,1,18121,Clearwater Manufacturing,Vice President of Operations,Manufacturing,2023-09-21,,true,2024-06-11,crm_import
5002,1,19421,Beacon Software Group,Senior Software Engineer,Technology,2026-04-15,,true,2026-05-30,profile_enrichment
5003,1,16776,CivicWorks Collaborative,Program Coordinator,Nonprofit,2009-09-01,2013-06-22,false,2013-06-22,profile_enrichment
5004,1,16776,Community Innovation Council,Program Coordinator,Nonprofit,2004-08-25,2009-08-31,false,2009-08-31,profile_enrichment
5005,1,16776,Community Innovation Council,Program Manager,Nonprofit,2013-06-23,,true,2023-03-04,profile_enrichment
5006,1,8379,Community Innovation Council,Executive Director,Nonprofit,2023-12-28,,true,2025-11-02,profile_enrichment
5007,1,7728,Beacon Software Group,Engineering Manager,Technology,2018-10-14,,true,2019-12-15,profile_enrichment
5008,1,13838,Stonebridge Financial,Director of Finance,Financial Services,2012-05-13,2015-02-24,false,2015-02-24,profile_enrichment
5009,1,13838,Stonebridge Financial,Senior Finance Manager,Financial Services,2008-05-02,2010-12-04,false,2010-12-04,crm_import
5010,1,13838,Silver Maple Holdings,Vice President of Finance,Financial Services,2015-02-25,,true,2019-03-03,crm_import
5011,1,17771,Silver Maple Holdings,Finance Manager,Financial Services,2010-12-15,2014-12-08,false,2014-12-08,crm_import
5012,1,17771,Silver Maple Holdings,Associate,Financial Services,2005-05-12,2010-12-14,false,2010-12-14,crm_import
5013,1,17771,Stonebridge Financial,Analyst,Financial Services,2001-02-05,2005-05-11,false,2005-05-11,crm_import
5014,1,17771,Metro Community Foundation,Volunteer Treasurer,Consulting,2012-07-01,2016-02-04,false,2016-02-04,profile_enrichment
5015,1,17771,Stonebridge Financial,,Financial Services,2015-10-09,,true,2018-09-08,profile_enrichment
5016,1,11623,Stonebridge Financial,Director of Finance,Financial Services,2012-01-18,,true,2018-06-04,profile_enrichment
5017,1,19203,Blue Lantern Technologies,Vice President of Engineering,Technology,2020-01-21,2025-05-07,false,2025-05-07,crm_import
5018,1,19203,Beacon Software Group,Senior Software Engineer,Technology,2014-06-20,2020-01-20,false,2020-01-20,profile_enrichment
5019,1,19203,Beacon Software Group,Software Engineer,Technology,2008-12-30,2014-06-19,false,2014-06-19,profile_enrichment
5020,1,19203,Northstar Systems,Director of Engineering,Technology,2025-05-08,,true,2026-07-13,crm_import
5021,1,7495,Arcfield Manufacturing,Operations Manager,Manufacturing,2015-09-24,,true,2018-02-23,profile_enrichment
5022,1,10904,Stonebridge Financial,Associate,Financial Services,2015-10-09,,true,2021-08-23,profile_enrichment
5023,1,5216,CivicWorks Collaborative,Program Coordinator,Nonprofit,2021-02-03,2024-11-20,false,2024-11-20,crm_import
5024,1,5216,Community Innovation Council,Program Manager,Nonprofit,2024-11-21,,true,2026-05-31,crm_import
5025,1,3070,Northstar Systems,Vice President of Engineering,Technology,2011-11-08,2017-03-02,false,2017-03-02,crm_import
5026,1,3070,Beacon Software Group,Director of Engineering,Technology,2006-05-11,2011-11-07,false,2011-11-07,profile_enrichment
5027,1,3070,Mariner Labs,Chief Technology Officer,Technology,2017-08-25,,true,2024-05-08,crm_import
5028,1,1513,Northstar Systems,Chief Technology Officer,Technology,2021-12-12,,true,2022-05-16,crm_import
5029,1,12529,Northbridge Academy,Assistant Professor,Education,2025-08-27,,true,2026-03-07,crm_import
5030,1,16907,Mariner Labs,Engineering Manager,Technology,2013-07-15,2019-01-29,false,2019-01-29,crm_import
5031,1,16907,Blue Lantern Technologies,Analyst,Technology,2009-02-09,2013-04-17,false,2013-04-17,crm_import
5032,1,16907,Northstar Systems,Analyst,Technology,2004-03-15,2009-02-08,false,2009-02-08,crm_import
5033,1,16907,Blue Lantern Technologies,,Technology,2019-08-26,,true,2026-01-13,profile_enrichment
5034,1,13595,Northstar Systems,Vice President of Engineering,Technology,2019-10-05,,true,2020-01-31,profile_enrichment
5035,1,8975,Mariner Labs,Vice President of Engineering,Technology,2025-09-02,,true,2026-06-07,crm_import
5036,1,13862,Mariner Media Group,Managing Director,Media,2018-11-17,,true,2021-03-17,profile_enrichment
5037,1,5546,Redwood Holdings,Senior Operations Manager,Manufacturing,2017-05-07,,true,2020-08-14,crm_import
5038,1,17393,Granite Industrial Group,Director of Operations,Manufacturing,2014-06-29,2019-11-21,false,2019-11-21,crm_import
5039,1,17393,Granite Industrial Group,Senior Operations Manager,Manufacturing,2009-09-04,2014-06-28,false,2014-06-28,crm_import
5040,1,17393,Granite Industrial Group,Vice President of Operations,Manufacturing,2019-11-22,,true,2021-02-13,crm_import
5041,1,3475,CivicWorks Collaborative,Director of Programs,Nonprofit,2016-11-28,,true,2024-12-01,profile_enrichment
5042,1,9667,Mariner Media Group,Producer,Media,2017-04-12,,true,2026-08-27,profile_enrichment
5043,1,13677,Mariner Labs,Senior Software Engineer,Technology,2012-05-11,2017-01-09,false,2017-01-09,crm_import
5044,1,13677,Blue Lantern Technologies,Software Engineer,Technology,2010-03-06,2012-05-10,false,2012-05-10,crm_import
5045,1,13677,Beacon Software Group,Engineering Manager,Technology,2017-01-10,,true,2018-05-20,profile_enrichment
5046,1,18295,Redwood Holdings,Director of Operations,Manufacturing,2020-08-22,,true,2024-09-26,crm_import
5047,1,4155,Community Innovation Council,Volunteer Treasurer,Consulting,2018-10-11,2021-03-05,false,2021-03-05,profile_enrichment
5048,1,4155,Stonebridge Financial,Chief Financial Officer,Financial Services,2020-10-08,,true,2025-08-06,profile_enrichment
5049,1,9694,Metro Community Foundation,Director of Programs,Nonprofit,2019-04-16,2023-02-17,false,2023-02-17,profile_enrichment
5050,1,9694,Metro Community Foundation,Senior Program Manager,Nonprofit,2016-02-20,2019-04-15,false,2019-04-15,crm_import
5051,1,9694,Community Innovation Council,Vice President of Programs,Nonprofit,2023-10-11,,true,2024-08-02,crm_import
5052,1,7889,Cedar Ridge Education,Department Chair,Education,2016-08-08,,true,2026-02-06,profile_enrichment
5053,1,7746,Juniper Education Group,Department Chair,Education,2017-12-16,,true,2019-09-19,crm_import
5054,1,623,Pinecrest Partners,Associate Counsel,Legal Services,2008-11-14,2011-05-11,false,2011-05-11,crm_import
5055,1,623,Cedar & Finch Consulting,Counsel,Legal Services,2012-09-10,,true,2021-09-19,crm_import
5056,1,11274,Harborline Health,Program Analyst,Healthcare,2006-11-06,2011-07-15,false,2011-07-15,crm_import
5057,1,11274,Harborline Health,Program Manager,Healthcare,2011-07-16,,true,2019-09-03,profile_enrichment
5058,1,2695,Beacon Legal Group,Senior Counsel,Legal Services,2020-03-27,,true,2022-03-06,crm_import
5059,1,11196,Arcfield Manufacturing,President,Manufacturing,2021-10-25,,true,2023-04-06,crm_import
5060,1,3227,Lakeshore Media,Managing Director,Media,2017-11-23,,true,2025-09-22,profile_enrichment
5061,1,4277,Harborline Health,Director of Operations,Healthcare,2010-06-28,,true,2025-05-09,profile_enrichment
5062,1,13944,Open Learning Network,Professor,Education,2018-06-27,,true,2023-10-24,crm_import
5063,1,7,Northstar Systems,Senior Software Engineer,Technology,2014-04-24,,true,2019-03-25,crm_import
5064,1,6335,Beacon Legal Group,General Counsel,Legal Services,2021-01-11,,true,2021-10-26,profile_enrichment
5065,1,5719,Juniper Education Group,Dean,Education,2010-08-20,,true,2022-06-29,profile_enrichment
5066,1,8631,Northstar Systems,Chief Technology Officer,Technology,2023-02-16,,true,2024-01-14,profile_enrichment
5067,1,2150,Northstar Systems,Senior Software Engineer,Technology,2011-03-18,2014-08-11,false,2014-08-11,crm_import
5068,1,2150,Mariner Labs,Software Engineer,Technology,2006-09-29,2011-03-17,false,2011-03-17,crm_import
5069,1,2150,Beacon Software Group,Analyst,Technology,2001-01-08,2005-10-14,false,2005-10-14,crm_import
5070,1,2150,Northstar Systems,Engineering Manager,Technology,2014-08-12,,true,2017-05-12,crm_import
5071,1,8761,Cedar Ridge Education,Professor,Education,2015-08-31,,true,2015-11-06,profile_enrichment
5072,1,505,Pinecrest Partners,Senior Counsel,Legal Services,2025-03-06,,true,2025-06-16,crm_import
5073,1,8703,Youth Arts Collaborative,Executive Director,Nonprofit,2017-11-01,,true,2023-02-10,crm_import
5074,1,17775,Regional Health Initiative,Part-Time Lecturer,Education,2020-08-25,2023-09-13,false,2023-09-13,profile_enrichment
5075,1,17775,Granite Industrial Group,Operations Manager,Manufacturing,2023-04-13,,true,2024-01-04,profile_enrichment
5076,1,15233,Orchard Studio,Producer,Media,2024-01-22,,true,2025-11-10,crm_import
5077,1,4411,Pinecrest Partners,General Counsel,Legal Services,2017-04-13,,true,2019-09-27,profile_enrichment
5078,1,14904,Blue Lantern Technologies,Director of Engineering,Technology,2017-03-13,2022-08-10,false,2022-08-10,crm_import
5079,1,14904,Blue Lantern Technologies,Engineering Manager,Technology,2011-07-27,2017-03-12,false,2017-03-12,profile_enrichment
5080,1,14904,Blue Lantern Technologies,Vice President of Engineering,Technology,2022-08-11,,true,2024-09-21,crm_import
5081,1,17872,Clearwater Manufacturing,Senior Operations Manager,Manufacturing,2019-07-29,,true,2026-03-24,profile_enrichment
5082,1,6203,Cedar Ridge Education,Department Chair,Education,2014-05-29,,true,2023-02-19,profile_enrichment
5083,1,4004,Juniper Education Group,Professor,Education,2018-03-20,,true,2020-07-03,profile_enrichment
5084,1,1039,Cedar Ridge Education,Dean,Education,2021-11-17,,true,2024-02-08,profile_enrichment
5085,1,7483,Northstar Systems,Engineering Manager,Technology,2013-02-01,2017-06-19,false,2017-06-19,profile_enrichment
5086,1,7483,Mariner Labs,Director of Engineering,Technology,2017-06-20,,true,2018-08-02,profile_enrichment
5087,1,7959,Community Innovation Council,Program Manager,Nonprofit,2014-08-13,2017-09-05,false,2017-09-05,crm_import
5088,1,7959,CivicWorks Collaborative,Program Coordinator,Nonprofit,2009-05-15,2014-08-12,false,2014-08-12,crm_import
5089,1,7959,Community Innovation Council,Senior Program Manager,Nonprofit,2017-09-06,,true,2022-09-18,profile_enrichment
5090,1,28,Mariner Labs,Chief Technology Officer,Technology,2008-08-08,2012-03-24,false,2012-03-24,crm_import
5091,1,28,Blue Lantern Technologies,Engineering Manager,Technology,2002-07-09,2007-06-28,false,2007-06-28,crm_import
5092,1,28,Northstar Systems,Senior Software Engineer,Technology,1997-01-03,2002-07-08,false,2002-07-08,crm_import
5093,1,28,Mariner Labs,Vice President of Engineering,Technology,2012-03-25,,true,2026-02-01,profile_enrichment
5094,1,19024,Granite Advisory,Chief Financial Officer,Financial Services,2013-10-06,,true,2015-10-07,profile_enrichment
5095,1,10298,Community Innovation Council,Vice President of Programs,Nonprofit,2011-08-13,2014-07-02,false,2014-07-02,crm_import
5096,1,10298,Community Innovation Council,Director of Programs,Nonprofit,2014-07-03,,true,2024-11-06,profile_enrichment
5097,1,3895,Granite Industrial Group,Vice President of Operations,Manufacturing,2016-12-21,2020-02-17,false,2020-02-17,crm_import
5098,1,3895,Redwood Holdings,Director of Operations,Manufacturing,2012-04-28,2016-12-20,false,2016-12-20,crm_import
5099,1,3895,Redwood Holdings,Senior Operations Manager,Manufacturing,2007-12-09,2011-10-03,false,2011-10-03,profile_enrichment
5100,1,3895,Granite Industrial Group,President,Manufacturing,2020-02-18,,true,2022-02-26,profile_enrichment
5101,1,5894,Pinecrest Partners,Senior Counsel,Legal Services,2014-06-23,,true,2022-08-15,profile_enrichment
5102,1,256,Lakeshore Media,Producer,Media,2015-01-26,,true,2015-02-20,profile_enrichment
5103,1,14026,Orchard Studio,Producer,Media,2015-12-06,,true,2021-10-30,crm_import
5104,1,10469,Blue Lantern Technologies,Director of Engineering,Technology,2015-12-29,2021-11-15,false,2021-11-15,crm_import
5105,1,10469,Beacon Software Group,Engineering Manager,Technology,2012-08-06,2015-12-28,false,2015-12-28,profile_enrichment
5106,1,10469,Northstar Systems,Vice President of Engineering,Technology,2021-11-16,,true,2022-07-16,crm_import
5107,1,5434,Orchard Studio,Managing Director,Media,2011-06-18,,true,2014-01-07,profile_enrichment
5108,1,4035,Arcfield Manufacturing,Operations Manager,Manufacturing,2013-01-18,,true,2016-10-22,profile_enrichment
5109,1,1204,Beacon Legal Group,Counsel,Legal Services,2016-01-25,2019-03-28,false,2019-03-28,crm_import
5110,1,1204,Pinecrest Partners,Associate Counsel,Legal Services,2011-08-12,2015-06-22,false,2015-06-22,crm_import
5111,1,1204,Cedar & Finch Consulting,Legal Analyst,Legal Services,2007-12-20,2011-08-11,false,2011-08-11,profile_enrichment
5112,1,1204,Cedar & Finch Consulting,Senior Counsel,Legal Services,2019-03-29,,true,2022-08-08,profile_enrichment
5113,1,18416,Juniper Education Group,Assistant Professor,Education,2016-09-13,2020-09-27,false,2020-09-27,crm_import
5114,1,18416,Cedar Ridge Education,Lecturer,Education,2010-12-31,2016-09-12,false,2016-09-12,crm_import
5115,1,18416,Northbridge Academy,Associate Professor,Education,2020-09-28,,true,2023-11-02,crm_import
5116,1,9794,Summit Grove Partners,Chief Financial Officer,Financial Services,2014-10-04,,true,2025-05-31,crm_import
5117,1,319,Arcfield Manufacturing,Senior Operations Manager,Manufacturing,2022-03-14,,true,2022-12-13,crm_import
5118,1,9717,Metro Community Foundation,Vice President of Programs,Nonprofit,2022-06-22,,true,2024-03-22,crm_import
5119,1,3100,Harbor Street Counsel,Counsel,Legal Services,2020-04-26,2023-07-05,false,2023-07-05,crm_import
5120,1,3100,Cedar & Finch Consulting,Legal Analyst,Legal Services,2015-01-03,2018-11-24,false,2018-11-24,crm_import
5121,1,3100,Beacon Legal Group,Legal Analyst,Legal Services,2012-04-23,2015-01-02,false,2015-01-02,profile_enrichment
5122,1,3100,Harbor Street Counsel,,Legal Services,2023-07-06,,true,2026-02-19,crm_import
5123,1,3872,Metro Community Foundation,Vice President of Programs,Nonprofit,2021-01-12,,true,2024-12-18,crm_import
5124,1,9276,Orchard Studio,President,Media,2022-05-10,,true,2025-04-08,crm_import
5125,1,5677,Redwood Creative,Managing Director,Media,2009-07-21,2011-10-23,false,2011-10-23,crm_import
5126,1,5677,Redwood Creative,Program Director,Media,2007-06-12,2009-07-20,false,2009-07-20,crm_import
5127,1,5677,Orchard Studio,President,Media,2012-02-18,,true,2026-07-24,profile_enrichment
5128,1,19789,Harbor Street Counsel,Associate Counsel,Legal Services,2018-11-27,2022-05-25,false,2022-05-25,crm_import
5129,1,19789,Harbor Street Counsel,Counsel,Legal Services,2022-05-26,,true,2023-06-27,profile_enrichment
5130,1,17403,Cedar Ridge Education,Assistant Professor,Education,2013-06-29,2017-07-14,false,2017-07-14,crm_import
5131,1,17403,Juniper Education Group,Associate Professor,Education,2017-07-15,,true,2025-08-04,crm_import
5132,1,10056,Redwood Creative,Managing Director,Media,2020-05-05,,true,2023-05-20,profile_enrichment
5133,1,7744,Lakeshore Media,Managing Director,Media,2014-06-12,,true,2020-03-03,profile_enrichment
5134,1,7426,Arcfield Medical,Vice President of Operations,Healthcare,2017-06-04,,true,2017-09-09,profile_enrichment
5135,1,4657,Granite Industrial Group,,Manufacturing,2014-03-01,,true,2018-03-10,profile_enrichment
5136,1,10732,Harborline Health,Chief Operating Officer,Healthcare,2016-10-23,,true,2017-12-25,crm_import
5137,1,12267,Mariner Labs,Director of Engineering,Technology,2017-04-18,2020-06-09,false,2020-06-09,crm_import
5138,1,12267,Mariner Labs,Engineering Manager,Technology,2014-01-23,2016-09-23,false,2016-09-23,crm_import
5139,1,12267,Mariner Labs,Vice President of Engineering,Technology,2020-06-10,,true,2024-05-15,profile_enrichment
5140,1,17652,Arcfield Manufacturing,Vice President of Operations,Manufacturing,2020-10-05,,true,2026-07-07,profile_enrichment
5141,1,13567,Mariner Media Group,Senior Producer,Media,2016-11-14,,true,2025-08-08,profile_enrichment
5142,1,2302,Regional Health Partners,Senior Program Manager,Healthcare,2008-11-24,2013-06-16,false,2013-06-16,crm_import
5143,1,2302,Clearwater Health Group,Director of Operations,Healthcare,2013-10-08,,true,2013-11-24,profile_enrichment
5144,1,5007,Summit Grove Partners,Finance Manager,Financial Services,2022-09-04,,true,2025-02-05,profile_enrichment
5145,1,14235,Granite Advisory,Senior Finance Manager,Financial Services,2019-06-07,2022-07-13,false,2022-07-13,crm_import
5146,1,14235,Summit Grove Partners,,Financial Services,2022-07-14,,true,2026-02-22,crm_import
5147,1,17324,Summit Grove Partners,Senior Finance Manager,Financial Services,2011-01-17,,true,2019-04-15,profile_enrichment
5148,1,16383,Community Innovation Council,Vice President of Programs,Nonprofit,2011-03-31,,true,2011-11-09,profile_enrichment
5149,1,6099,Summit Grove Partners,Chief Financial Officer,Financial Services,2010-05-30,,true,2025-07-20,crm_import
5150,1,4773,Cedar Ridge Education,Professor,Education,2022-11-21,2026-07-13,false,2026-07-13,crm_import
5151,1,4773,Cedar Ridge Education,Associate Professor,Education,2018-10-22,2022-11-20,false,2022-11-20,profile_enrichment
5152,1,4773,Northbridge Academy,,Education,2026-07-14,,true,2026-07-19,profile_enrichment
5153,1,15082,Beacon Legal Group,Senior Counsel,Legal Services,2011-10-13,2017-07-13,false,2017-07-13,crm_import
5154,1,15082,Cedar & Finch Consulting,Managing Counsel,Legal Services,2017-07-14,,true,2018-05-14,profile_enrichment
5155,1,10754,Arcfield Medical,Director of Operations,Healthcare,2012-01-09,2015-09-26,false,2015-09-26,crm_import
5156,1,10754,Harborline Health,Program Analyst,Healthcare,2006-06-12,2012-01-08,false,2012-01-08,crm_import
5157,1,10754,Regional Health Partners,Senior Program Manager,Healthcare,2015-09-27,,true,2025-03-29,profile_enrichment
5158,1,4143,Beacon Software Group,Senior Software Engineer,Technology,2025-03-10,,true,2025-03-21,crm_import
5159,1,11808,Harborline Health,Program Manager,Healthcare,2021-11-02,,true,2021-12-09,crm_import
5160,1,10906,Redwood Creative,Coordinator,Media,2009-06-16,2013-11-12,false,2013-11-12,crm_import
5161,1,10906,Mariner Media Group,Producer,Media,2015-03-25,,true,2026-03-20,crm_import
5162,1,16839,Stonebridge Financial,Associate,Financial Services,2011-06-03,,true,2018-06-30,profile_enrichment
5163,1,16838,Lakeshore Media,Program Director,Media,2023-03-16,,true,2026-07-31,crm_import
5164,1,4632,Harbor Street Counsel,Legal Analyst,Legal Services,2008-08-05,2012-12-16,false,2012-12-16,crm_import
5165,1,4632,Pinecrest Partners,Associate Counsel,Legal Services,2012-12-17,,true,2018-07-23,crm_import
5166,1,15741,Granite Industrial Group,President,Manufacturing,2017-02-10,,true,2025-11-26,profile_enrichment
5167,1,12678,Community Innovation Council,Program Coordinator,Nonprofit,2015-11-11,2019-11-20,false,2019-11-20,crm_import
5168,1,12678,CivicWorks Collaborative,Program Manager,Nonprofit,2019-11-21,,true,2024-07-12,crm_import
5169,1,17154,Cedar Ridge Education,Professor,Education,2020-09-08,,true,2026-08-10,profile_enrichment
5170,1,11454,Juniper Education Group,Lecturer,Education,2013-06-30,2016-12-17,false,2016-12-17,profile_enrichment
5171,1,11454,Juniper Education Group,Lecturer,Education,2009-04-10,2013-06-29,false,2013-06-29,profile_enrichment
5172,1,11454,Juniper Education Group,Lecturer,Education,2007-01-29,2009-04-09,false,2009-04-09,crm_import
5173,1,11454,Open Learning Network,Assistant Professor,Education,2016-12-18,,true,2019-04-10,profile_enrichment
5174,1,6214,Beacon Software Group,Vice President of Engineering,Technology,2025-05-21,,true,2025-06-20,crm_import
5175,1,10541,Lakeshore Media,Senior Producer,Media,2019-10-28,,true,2025-06-22,profile_enrichment
5176,1,12326,Granite Industrial Group,Senior Operations Manager,Manufacturing,2018-11-05,,true,2023-07-11,profile_enrichment
5177,1,16993,Harbor Street Counsel,Managing Counsel,Legal Services,2018-04-24,2021-02-06,false,2021-02-06,crm_import
5178,1,16993,Cedar & Finch Consulting,General Counsel,Legal Services,2021-02-07,,true,2023-08-18,crm_import
5179,1,10308,Cedar & Finch Consulting,Associate Counsel,Legal Services,2024-06-13,,true,2024-11-18,crm_import
5180,1,16759,Regional Health Partners,,Healthcare,2020-01-05,,true,2021-12-06,crm_import
5181,1,15578,Stonebridge Financial,Director of Finance,Financial Services,2014-08-08,2019-10-23,false,2019-10-23,profile_enrichment
5182,1,15578,Summit Grove Partners,Senior Finance Manager,Financial Services,2011-09-01,2014-08-07,false,2014-08-07,crm_import
5183,1,15578,Granite Advisory,Vice President of Finance,Financial Services,2021-02-24,,true,2022-12-26,crm_import
5184,1,14649,Redwood Holdings,Operations Manager,Manufacturing,2020-10-19,,true,2022-02-28,profile_enrichment
5185,1,11985,Stonebridge Financial,Vice President of Finance,Financial Services,2017-10-18,,true,2020-09-23,profile_enrichment
5186,1,14673,Mariner Media Group,Coordinator,Media,2007-08-05,2011-01-31,false,2011-01-31,crm_import
5187,1,14673,Mariner Media Group,Coordinator,Media,2005-05-14,2007-08-04,false,2007-08-04,crm_import
5188,1,14673,Redwood Creative,Coordinator,Media,2001-07-18,2005-05-13,false,2005-05-13,crm_import
5189,1,14673,Orchard Studio,Producer,Media,2011-02-01,,true,2021-12-13,profile_enrichment
5190,1,7922,Northstar Systems,,Technology,2024-02-15,,true,2026-03-02,crm_import
5191,1,13625,CivicWorks Collaborative,Senior Program Manager,Nonprofit,2017-06-08,2019-11-05,false,2019-11-05,crm_import
5192,1,13625,Youth Arts Collaborative,Program Manager,Nonprofit,2012-01-27,2017-06-07,false,2017-06-07,profile_enrichment
5193,1,13625,Youth Arts Collaborative,Director of Programs,Nonprofit,2019-11-06,,true,2020-08-07,profile_enrichment
5194,1,14833,Regional Health Partners,Director of Operations,Healthcare,2007-08-23,2010-02-13,false,2010-02-13,profile_enrichment
5195,1,14833,Clearwater Health Group,Senior Program Manager,Healthcare,2001-09-13,2007-08-22,false,2007-08-22,crm_import
5196,1,14833,Arcfield Medical,Vice President of Operations,Healthcare,2010-02-14,,true,2017-10-19,crm_import
5197,1,3302,Metro Community Foundation,Program Manager,Nonprofit,2014-04-06,,true,2025-01-27,profile_enrichment
5198,1,17740,Granite Advisory,Analyst,Financial Services,2008-03-19,2010-11-12,false,2010-11-12,crm_import
5199,1,17740,Granite Advisory,Analyst,Financial Services,2004-05-09,2008-03-18,false,2008-03-18,crm_import
5200,1,17740,Granite Advisory,Associate,Financial Services,2010-11-13,,true,2019-10-25,profile_enrichment
5201,1,12679,Harbor Street Counsel,,Legal Services,2010-09-14,,true,2010-12-12,crm_import
5202,1,7627,Beacon Software Group,Analyst,Technology,2008-12-01,2010-12-11,false,2010-12-11,crm_import
5203,1,7627,Open Learning Network,Strategic Advisor,Consulting,2008-04-06,2012-05-22,false,2012-05-22,profile_enrichment
5204,1,7627,Beacon Software Group,Software Engineer,Technology,2011-12-15,,true,2014-02-14,profile_enrichment
5205,1,14809,Redwood Holdings,Operations Manager,Manufacturing,2017-01-24,2020-09-20,false,2020-09-20,crm_import
5206,1,14809,Arcfield Manufacturing,Senior Operations Manager,Manufacturing,2021-09-12,,true,2024-02-25,profile_enrichment
5207,1,9891,Beacon Software Group,Chief Technology Officer,Technology,2014-07-27,2017-08-10,false,2017-08-10,crm_import
5208,1,9891,Blue Lantern Technologies,Director of Engineering,Technology,2009-10-30,2014-05-10,false,2014-05-10,crm_import
5209,1,9891,Beacon Software Group,Chief Technology Officer,Technology,2017-08-11,,true,2025-07-28,profile_enrichment
5210,1,17884,Open Learning Network,Lecturer,Education,2023-10-02,2026-02-25,false,2026-02-25,crm_import
5211,1,17884,Youth Arts Collaborative,Part-Time Lecturer,Nonprofit,2024-02-10,2026-06-03,false,2026-06-03,profile_enrichment
5212,1,17884,Cedar Ridge Education,Assistant Professor,Education,2026-02-26,,true,2026-04-04,crm_import
5213,1,11154,Cedar Ridge Education,Department Chair,Education,2024-08-13,,true,2026-07-06,profile_enrichment
5214,1,1145,Juniper Education Group,Associate Professor,Education,2017-11-09,,true,2023-04-29,crm_import
5215,1,19555,Silver Maple Holdings,Vice President of Finance,Financial Services,2013-09-16,,true,2017-10-22,profile_enrichment
5216,1,1156,Granite Advisory,Director of Finance,Financial Services,2011-06-17,,true,2023-12-28,profile_enrichment
5217,1,16966,Arcfield Manufacturing,Operations Manager,Manufacturing,2011-12-06,2014-09-04,false,2014-09-04,profile_enrichment
5218,1,16966,Arcfield Manufacturing,Operations Analyst,Manufacturing,2007-07-06,2011-12-05,false,2011-12-05,profile_enrichment
5219,1,16966,Granite Industrial Group,Operations Analyst,Manufacturing,2001-09-24,2007-07-05,false,2007-07-05,profile_enrichment
5220,1,16966,Granite Industrial Group,Senior Operations Manager,Manufacturing,2014-09-05,,true,2019-04-13,profile_enrichment
5221,1,19029,Summit Grove Partners,Senior Finance Manager,Financial Services,2010-04-11,2016-01-20,false,2016-01-20,crm_import
5222,1,19029,Summit Grove Partners,Finance Manager,Financial Services,2004-08-06,2009-09-02,false,2009-09-02,crm_import
5223,1,19029,Silver Maple Holdings,Associate,Financial Services,2001-05-14,2004-08-05,false,2004-08-05,crm_import
5224,1,19029,Silver Maple Holdings,Director of Finance,Financial Services,2016-01-21,,true,2017-06-09,crm_import
5225,1,7940,Summit Grove Partners,Senior Finance Manager,Financial Services,2019-08-07,2024-09-02,false,2024-09-02,profile_enrichment
5226,1,7940,Stonebridge Financial,Director of Finance,Financial Services,2025-04-11,,true,2026-05-06,profile_enrichment
5227,1,15081,Cedar Ridge Education,Assistant Professor,Education,2009-02-28,2012-05-22,false,2012-05-22,crm_import
5228,1,15081,Cedar Ridge Education,Associate Professor,Education,2012-05-23,,true,2019-02-05,profile_enrichment
5229,1,8066,Arcfield Medical,Senior Program Manager,Healthcare,2015-11-15,,true,2017-07-01,profile_enrichment
5230,1,5788,Harbor Street Counsel,Associate Counsel,Legal Services,2009-07-11,2013-01-29,false,2013-01-29,crm_import
5231,1,5788,Pinecrest Partners,Counsel,Legal Services,2013-03-20,,true,2015-03-28,profile_enrichment
5232,1,15019,Juniper Education Group,Assistant Professor,Education,2015-11-16,,true,2017-12-23,crm_import
5233,1,6466,Cedar & Finch Consulting,Managing Counsel,Legal Services,2021-03-19,,true,2024-01-02,profile_enrichment
5234,1,6756,Silver Maple Holdings,Director of Finance,Financial Services,2014-04-12,,true,2023-11-05,profile_enrichment
5235,1,5751,Arcfield Medical,Program Manager,Healthcare,2016-09-21,,true,2026-03-10,crm_import
5236,1,17144,Clearwater Manufacturing,Senior Operations Manager,Manufacturing,2006-03-03,2010-05-18,false,2010-05-18,profile_enrichment
5237,1,17144,Arcfield Manufacturing,Director of Operations,Manufacturing,2010-05-19,,true,2018-12-29,crm_import
5238,1,14029,Lakeshore Media,Managing Director,Media,2009-05-20,2012-04-11,false,2012-04-11,crm_import
5239,1,14029,Orchard Studio,Program Director,Media,2004-04-03,2009-05-19,false,2009-05-19,crm_import
5240,1,14029,Lakeshore Media,President,Media,2013-07-26,,true,2016-10-14,profile_enrichment
5241,1,17948,Redwood Creative,President,Media,2013-09-05,,true,2024-03-20,crm_import
5242,1,15528,Arcfield Manufacturing,Director of Operations,Manufacturing,2016-07-13,2019-05-18,false,2019-05-18,profile_enrichment
5243,1,15528,Redwood Holdings,Vice President of Operations,Manufacturing,2019-05-19,,true,2026-06-29,profile_enrichment
5244,1,4297,CivicWorks Collaborative,Program Manager,Nonprofit,2020-09-07,,true,2023-01-31,crm_import
5245,1,19603,CivicWorks Collaborative,Vice President of Programs,Nonprofit,2025-05-14,,true,2025-11-26,profile_enrichment
5246,1,9651,Granite Advisory,Vice President of Finance,Financial Services,2026-02-06,,true,2026-07-10,crm_import
5247,1,2953,CivicWorks Collaborative,Executive Director,Nonprofit,2019-11-08,,true,2025-12-04,profile_enrichment
5248,1,5440,CivicWorks Collaborative,Senior Program Manager,Nonprofit,2010-01-08,2015-11-10,false,2015-11-10,profile_enrichment
5249,1,5440,Metro Community Foundation,Director of Programs,Nonprofit,2015-11-11,,true,2017-06-21,crm_import
5250,1,13526,CivicWorks Collaborative,Senior Program Manager,Nonprofit,2018-05-21,,true,2021-04-20,profile_enrichment
5251,1,9455,Silver Maple Holdings,Vice President of Finance,Financial Services,2014-11-07,,true,2026-03-07,crm_import
5252,1,16646,Arcfield Manufacturing,Operations Manager,Manufacturing,2025-10-15,,true,2025-12-05,crm_import
5253,1,11238,Orchard Studio,President,Media,2016-02-29,,true,2017-01-03,profile_enrichment
5254,1,10797,Harborline Health,Chief Operating Officer,Healthcare,2018-08-15,,true,2020-03-03,profile_enrichment
5255,1,17297,Blue Lantern Technologies,Analyst,Technology,2013-07-03,2018-12-26,false,2018-12-26,crm_import
5256,1,17297,Mariner Labs,Analyst,Technology,2009-07-14,2013-07-02,false,2013-07-02,profile_enrichment
5257,1,17297,Beacon Software Group,Analyst,Technology,2003-09-09,2008-07-08,false,2008-07-08,profile_enrichment
5258,1,17297,Blue Lantern Technologies,Software Engineer,Technology,2018-12-27,,true,2025-07-27,crm_import
5259,1,9876,Northbridge Academy,Professor,Education,2023-08-09,,true,2024-10-05,crm_import
5260,1,19197,Lakeshore Media,Program Director,Media,2007-01-25,2010-04-17,false,2010-04-17,profile_enrichment
5261,1,19197,Mariner Media Group,Senior Producer,Media,2002-06-06,2007-01-24,false,2007-01-24,crm_import
5262,1,19197,Orchard Studio,,Media,2010-04-18,,true,2019-07-27,crm_import
5263,1,4938,Arcfield Manufacturing,President,Manufacturing,2020-08-05,,true,2024-07-10,crm_import
5264,1,5350,Granite Industrial Group,Operations Manager,Manufacturing,2013-12-31,,true,2019-10-12,profile_enrichment
5265,1,9433,Northstar Systems,Vice President of Engineering,Technology,2021-11-27,2025-03-14,false,2025-03-14,crm_import
5266,1,9433,Beacon Software Group,Director of Engineering,Technology,2017-04-21,2021-11-26,false,2021-11-26,crm_import
5267,1,9433,Northstar Systems,Chief Technology Officer,Technology,2025-03-15,,true,2026-01-27,crm_import
5268,1,16879,Arcfield Medical,Program Manager,Healthcare,2023-03-29,,true,2024-06-19,profile_enrichment
5269,1,15658,Beacon Software Group,Analyst,Technology,2010-07-01,2012-08-21,false,2012-08-21,crm_import
5270,1,15658,Mariner Labs,Analyst,Technology,2004-10-06,2009-07-22,false,2009-07-22,crm_import
5271,1,15658,Beacon Software Group,Software Engineer,Technology,2012-08-22,,true,2025-08-20,profile_enrichment
5272,1,8065,Stonebridge Financial,Vice President of Finance,Financial Services,2012-10-19,2018-02-10,false,2018-02-10,crm_import
5273,1,8065,Silver Maple Holdings,Director of Finance,Financial Services,2008-03-09,2012-10-18,false,2012-10-18,crm_import
5274,1,8065,Silver Maple Holdings,Chief Financial Officer,Financial Services,2018-02-11,,true,2018-05-26,crm_import
5275,1,13538,Beacon Legal Group,Associate Counsel,Legal Services,2022-02-15,2025-12-17,false,2025-12-17,crm_import
5276,1,13538,Beacon Legal Group,Legal Analyst,Legal Services,2020-01-23,2022-02-14,false,2022-02-14,crm_import
5277,1,13538,Cedar & Finch Consulting,Counsel,Legal Services,2025-12-18,,true,2026-04-05,profile_enrichment
5278,1,7327,Metro Community Foundation,Vice President of Programs,Nonprofit,2015-05-21,,true,2017-01-22,crm_import
5279,1,9689,Mariner Labs,Chief Technology Officer,Technology,2020-07-31,2024-07-18,false,2024-07-18,profile_enrichment
5280,1,9689,Beacon Software Group,Director of Engineering,Technology,2016-06-07,2020-07-30,false,2020-07-30,crm_import
5281,1,9689,Northstar Systems,Chief Technology Officer,Technology,2025-12-28,,true,2026-01-10,crm_import
5282,1,6287,Beacon Software Group,Analyst,Technology,2021-10-13,2025-12-05,false,2025-12-05,profile_enrichment
5283,1,6287,Beacon Software Group,Analyst,Technology,2018-01-19,2021-10-12,false,2021-10-12,crm_import
5284,1,6287,Beacon Software Group,Analyst,Technology,2013-09-24,2018-01-18,false,2018-01-18,profile_enrichment
5285,1,6287,Blue Lantern Technologies,Software Engineer,Technology,2025-12-06,,true,2026-07-27,profile_enrichment
5286,1,11530,Northstar Systems,Vice President of Engineering,Technology,2015-12-26,,true,2026-06-04,crm_import
5287,1,13024,Redwood Creative,Senior Producer,Media,2007-10-15,2010-04-08,false,2010-04-08,crm_import
5288,1,13024,Mariner Media Group,Producer,Media,2002-05-11,2007-10-14,false,2007-10-14,crm_import
5289,1,13024,Mariner Media Group,Coordinator,Media,1997-05-18,2002-05-10,false,2002-05-10,crm_import
5290,1,13024,Redwood Creative,Program Director,Media,2011-07-27,,true,2015-05-29,profile_enrichment
5291,1,3964,Community Innovation Council,,Nonprofit,2011-11-28,,true,2023-06-03,profile_enrichment
5292,1,12588,Northbridge Academy,Associate Professor,Education,2011-04-29,2016-11-01,false,2016-11-01,crm_import
5293,1,12588,Cedar Ridge Education,Assistant Professor,Education,2007-08-21,2011-04-28,false,2011-04-28,crm_import
5294,1,12588,Northbridge Academy,Lecturer,Education,2002-10-06,2006-04-09,false,2006-04-09,crm_import
5295,1,12588,Northbridge Academy,Professor,Education,2016-11-02,,true,2024-08-07,crm_import
5296,1,18358,Clearwater Manufacturing,Operations Analyst,Manufacturing,2005-04-03,2008-10-05,false,2008-10-05,profile_enrichment
5297,1,18358,Arcfield Manufacturing,Operations Analyst,Manufacturing,2002-01-29,2005-04-02,false,2005-04-02,crm_import
5298,1,18358,Clearwater Manufacturing,,Manufacturing,2010-02-16,,true,2015-07-17,profile_enrichment
5299,1,2496,Lakeshore Media,Producer,Media,2023-06-27,,true,2023-10-21,crm_import
5300,1,14635,Arcfield Manufacturing,Operations Manager,Manufacturing,2009-02-20,2013-06-19,false,2013-06-19,crm_import
5301,1,14635,Redwood Holdings,Operations Analyst,Manufacturing,2005-10-07,2008-07-21,false,2008-07-21,crm_import
5302,1,14635,Redwood Holdings,Senior Operations Manager,Manufacturing,2013-10-12,,true,2017-07-03,crm_import
5303,1,19908,Open Learning Network,Assistant Professor,Education,2011-08-11,,true,2018-02-20,crm_import
5304,1,2838,Northstar Systems,Software Engineer,Technology,2017-03-12,,true,2023-10-15,crm_import
5305,1,19464,Redwood Holdings,Operations Analyst,Manufacturing,2016-12-12,2019-01-29,false,2019-01-29,crm_import
5306,1,19464,Arcfield Manufacturing,Operations Analyst,Manufacturing,2013-12-16,2016-12-11,false,2016-12-11,crm_import
5307,1,19464,Clearwater Manufacturing,,Manufacturing,2019-01-30,,true,2020-05-26,profile_enrichment
5308,1,1704,Orchard Studio,Producer,Media,2005-06-02,2010-08-09,false,2010-08-09,profile_enrichment
5309,1,1704,Mariner Media Group,Coordinator,Media,2002-09-20,2005-06-01,false,2005-06-01,profile_enrichment
5310,1,1704,Mariner Media Group,Coordinator,Media,1999-05-12,2002-09-19,false,2002-09-19,crm_import
5311,1,1704,Lakeshore Media,Senior Producer,Media,2010-08-10,,true,2018-04-18,crm_import
5312,1,11511,Juniper Education Group,Dean,Education,2015-02-11,,true,2018-10-17,crm_import
5313,1,1181,Harbor Street Counsel,Senior Counsel,Legal Services,2013-09-14,2017-10-26,false,2017-10-26,crm_import
5314,1,1181,Pinecrest Partners,Managing Counsel,Legal Services,2017-10-27,,true,2023-08-11,crm_import
5315,1,1710,Arcfield Medical,Program Manager,Healthcare,2012-02-06,,true,2012-12-21,profile_enrichment
5316,1,5077,Clearwater Health Group,Program Analyst,Healthcare,2010-08-28,2014-04-07,false,2014-04-07,profile_enrichment
5317,1,5077,Youth Arts Collaborative,Volunteer Treasurer,Nonprofit,2010-08-02,2014-07-23,false,2014-07-23,profile_enrichment
5318,1,5077,Regional Health Partners,Program Manager,Healthcare,2014-04-08,,true,2021-05-23,profile_enrichment
5319,1,13303,Beacon Legal Group,,Legal Services,2024-07-18,,true,2024-12-01,crm_import
5320,1,2410,Silver Maple Holdings,Vice President of Finance,Financial Services,2018-04-16,,true,2024-04-22,profile_enrichment
5321,1,16315,Redwood Creative,President,Media,2013-06-02,,true,2025-05-08,profile_enrichment
5322,1,15246,Juniper Education Group,Department Chair,Education,2019-01-16,,true,2026-07-29,crm_import
5323,1,17726,Blue Lantern Technologies,Vice President of Engineering,Technology,2011-08-15,2017-03-09,false,2017-03-09,crm_import
5324,1,17726,Metro Community Foundation,Volunteer Treasurer,Nonprofit,2015-01-15,2017-04-13,false,2017-04-13,profile_enrichment
5325,1,17726,Northstar Systems,Chief Technology Officer,Technology,2017-03-10,,true,2017-08-23,profile_enrichment
5326,1,7526,Beacon Software Group,Director of Engineering,Technology,2023-04-06,,true,2026-02-17,profile_enrichment
5327,1,5421,Redwood Creative,Producer,Media,2016-08-20,2018-09-05,false,2018-09-05,profile_enrichment
5328,1,5421,Orchard Studio,Senior Producer,Media,2018-09-06,,true,2020-10-02,profile_enrichment
5329,1,2553,Clearwater Health Group,Senior Program Manager,Healthcare,2017-05-04,,true,2017-12-25,crm_import
5330,1,11453,CivicWorks Collaborative,Senior Program Manager,Nonprofit,2022-05-05,,true,2024-06-07,profile_enrichment
5331,1,7958,Cedar & Finch Consulting,Senior Counsel,Legal Services,2019-06-02,,true,2025-04-23,profile_enrichment
5332,1,3129,Metro Community Foundation,Volunteer Treasurer,Nonprofit,2018-12-31,2022-05-24,false,2022-05-24,profile_enrichment
5333,1,3129,Silver Maple Holdings,Director of Finance,Financial Services,2022-04-15,,true,2023-03-07,crm_import
5334,1,4546,Open Learning Network,Department Chair,Education,2014-01-28,,true,2021-12-16,crm_import
5335,1,19377,Community Innovation Council,Director of Programs,Nonprofit,2009-01-26,2012-07-30,false,2012-07-30,crm_import
5336,1,19377,CivicWorks Collaborative,Senior Program Manager,Nonprofit,2012-07-31,,true,2026-05-10,profile_enrichment
5337,1,16930,Cedar Ridge Education,Assistant Professor,Education,2018-03-29,2021-02-09,false,2021-02-09,crm_import
5338,1,16930,Cedar Ridge Education,Lecturer,Education,2015-10-09,2018-03-28,false,2018-03-28,crm_import
5339,1,16930,Cedar Ridge Education,Associate Professor,Education,2021-08-29,,true,2022-08-21,profile_enrichment
5340,1,971,CivicWorks Collaborative,Director of Programs,Nonprofit,2023-12-22,,true,2024-01-17,profile_enrichment
5341,1,12549,Juniper Education Group,Department Chair,Education,2005-04-07,2011-03-22,false,2011-03-22,profile_enrichment
5342,1,12549,Juniper Education Group,Professor,Education,1999-11-11,2005-04-06,false,2005-04-06,crm_import
5343,1,12549,Juniper Education Group,Associate Professor,Education,1994-11-14,1999-08-15,false,1999-08-15,crm_import
5344,1,12549,Northbridge Academy,Dean,Education,2011-03-23,,true,2022-10-21,crm_import
5345,1,15205,Silver Maple Holdings,Director of Finance,Financial Services,2006-03-06,2011-09-08,false,2011-09-08,crm_import
5346,1,15205,Summit Grove Partners,Senior Finance Manager,Financial Services,2001-04-22,2006-03-05,false,2006-03-05,crm_import
5347,1,15205,Summit Grove Partners,Finance Manager,Financial Services,1997-12-05,2001-04-21,false,2001-04-21,profile_enrichment
5348,1,15205,Silver Maple Holdings,Vice President of Finance,Financial Services,2011-09-09,,true,2021-12-14,profile_enrichment
5349,1,10881,Clearwater Manufacturing,,Manufacturing,2018-09-25,,true,2025-03-28,crm_import
5350,1,18124,Beacon Software Group,Analyst,Technology,2009-10-04,2013-01-25,false,2013-01-25,crm_import
5351,1,18124,Northstar Systems,Analyst,Technology,2006-05-19,2009-10-03,false,2009-10-03,profile_enrichment
5352,1,18124,Northstar Systems,Analyst,Technology,2002-02-15,2006-05-18,false,2006-05-18,profile_enrichment
5353,1,18124,Blue Lantern Technologies,Software Engineer,Technology,2014-04-07,,true,2021-10-25,crm_import
5354,1,603,Northbridge Academy,Dean,Education,2023-02-23,,true,2025-11-16,profile_enrichment
5355,1,14356,CivicWorks Collaborative,Director of Programs,Nonprofit,2016-12-31,,true,2021-08-01,profile_enrichment
5356,1,9751,Northbridge Academy,Department Chair,Education,2010-04-25,2016-01-17,false,2016-01-17,crm_import
5357,1,9751,Juniper Education Group,Professor,Education,2007-07-20,2010-04-24,false,2010-04-24,crm_import
5358,1,9751,Northbridge Academy,Associate Professor,Education,2003-02-22,2007-01-23,false,2007-01-23,crm_import
5359,1,9751,Open Learning Network,Dean,Education,2016-01-18,,true,2019-01-24,crm_import
5360,1,14099,Harbor Street Counsel,Senior Counsel,Legal Services,2021-09-14,,true,2024-07-22,profile_enrichment
5361,1,11602,Beacon Legal Group,Counsel,Legal Services,2018-07-14,,true,2018-08-29,crm_import
5362,1,14513,Silver Maple Holdings,Senior Finance Manager,Financial Services,2021-05-22,2025-06-23,false,2025-06-23,crm_import
5363,1,14513,Summit Grove Partners,Analyst,Financial Services,2016-10-26,2020-12-24,false,2020-12-24,crm_import
5364,1,14513,Stonebridge Financial,Finance Manager,Financial Services,2025-06-24,,true,2026-06-24,profile_enrichment
5365,1,18926,Orchard Studio,Program Director,Media,2011-05-14,,true,2023-12-06,crm_import
5366,1,12202,Blue Lantern Technologies,Software Engineer,Technology,2020-11-01,2023-07-26,false,2023-07-26,crm_import
5367,1,12202,Beacon Software Group,Analyst,Technology,2015-11-01,2020-10-31,false,2020-10-31,crm_import
5368,1,12202,Beacon Software Group,Analyst,Technology,2010-10-24,2015-10-31,false,2015-10-31,profile_enrichment
5369,1,12202,Blue Lantern Technologies,Senior Software Engineer,Technology,2024-01-23,,true,2025-09-16,crm_import
5370,1,7409,Granite Industrial Group,Vice President of Operations,Manufacturing,2013-11-06,2017-09-05,false,2017-09-05,profile_enrichment
5371,1,7409,Granite Industrial Group,President,Manufacturing,2017-09-06,,true,2023-10-09,profile_enrichment
5372,1,19637,Clearwater Manufacturing,Director of Operations,Manufacturing,2011-05-09,2013-10-09,false,2013-10-09,profile_enrichment
5373,1,19637,Granite Industrial Group,,Manufacturing,2013-10-10,,true,2020-06-20,crm_import
5374,1,2894,Summit Grove Partners,Senior Finance Manager,Financial Services,2017-01-05,,true,2020-03-17,crm_import
5375,1,3695,Metro Community Foundation,Director of Programs,Nonprofit,2016-05-07,,true,2017-07-08,crm_import
5376,1,9149,Cedar & Finch Consulting,Managing Counsel,Legal Services,2017-10-26,2022-07-05,false,2022-07-05,crm_import
5377,1,9149,Beacon Legal Group,Senior Counsel,Legal Services,2015-06-14,2017-10-25,false,2017-10-25,crm_import
5378,1,9149,Beacon Legal Group,Counsel,Legal Services,2011-06-24,2015-06-13,false,2015-06-13,crm_import
5379,1,9149,Beacon Legal Group,General Counsel,Legal Services,2022-07-06,,true,2026-06-18,crm_import
5380,1,7332,Mariner Labs,Software Engineer,Technology,2015-09-04,,true,2022-05-09,profile_enrichment
5381,1,1448,Harborline Health,Director of Operations,Healthcare,2022-03-07,,true,2023-03-24,profile_enrichment
5382,1,10186,Harbor Street Counsel,Associate Counsel,Legal Services,2006-11-10,2012-01-16,false,2012-01-16,crm_import
5383,1,10186,Beacon Legal Group,Legal Analyst,Legal Services,2000-11-02,2005-09-24,false,2005-09-24,crm_import
5384,1,10186,Pinecrest Partners,Counsel,Legal Services,2012-01-17,,true,2012-07-04,profile_enrichment
5385,1,11756,Beacon Legal Group,Legal Analyst,Legal Services,2019-12-06,2022-05-01,false,2022-05-01,crm_import
5386,1,11756,Harbor Street Counsel,Associate Counsel,Legal Services,2022-05-02,,true,2025-12-27,crm_import
5387,1,4196,Stonebridge Financial,Senior Finance Manager,Financial Services,2006-12-28,2012-07-21,false,2012-07-21,crm_import
5388,1,4196,Stonebridge Financial,Finance Manager,Financial Services,2012-07-22,,true,2017-10-03,profile_enrichment
5389,1,11978,Beacon Legal Group,General Counsel,Legal Services,2021-12-02,,true,2026-02-07,crm_import
5390,1,6909,Community Innovation Council,Senior Program Manager,Nonprofit,2022-01-25,,true,2022-12-30,profile_enrichment
5391,1,18693,Open Learning Network,Assistant Professor,Education,2025-10-20,,true,2026-03-17,profile_enrichment
5392,1,8728,Community Innovation Council,Program Manager,Nonprofit,2008-11-18,2011-12-13,false,2011-12-13,crm_import
5393,1,8728,Metro Community Foundation,Program Coordinator,Nonprofit,2003-06-15,2008-06-30,false,2008-06-30,profile_enrichment
5394,1,8728,Youth Arts Collaborative,Program Coordinator,Nonprofit,2001-01-11,2003-06-14,false,2003-06-14,profile_enrichment
5395,1,8728,Youth Arts Collaborative,Senior Program Manager,Nonprofit,2011-12-14,,true,2012-06-29,crm_import
5396,1,15070,Harbor Street Counsel,General Counsel,Legal Services,2021-02-25,,true,2021-12-17,profile_enrichment
5397,1,10778,Beacon Legal Group,General Counsel,Legal Services,2011-09-26,2015-03-21,false,2015-03-21,profile_enrichment
5398,1,10778,Pinecrest Partners,Counsel,Legal Services,2007-07-24,2011-09-25,false,2011-09-25,profile_enrichment
5399,1,10778,Beacon Legal Group,Associate Counsel,Legal Services,2001-12-23,2007-07-23,false,2007-07-23,profile_enrichment
5400,1,10778,Beacon Legal Group,Managing Counsel,Legal Services,2015-03-22,,true,2023-08-06,profile_enrichment
5401,1,9318,Blue Lantern Technologies,Analyst,Technology,2019-09-20,2024-11-06,false,2024-11-06,crm_import
5402,1,9318,Northstar Systems,Analyst,Technology,2016-04-12,2018-09-19,false,2018-09-19,profile_enrichment
5403,1,9318,Blue Lantern Technologies,Analyst,Technology,2014-04-09,2016-04-11,false,2016-04-11,profile_enrichment
5404,1,9318,Mariner Labs,Software Engineer,Technology,2024-11-07,,true,2026-01-19,profile_enrichment
5405,1,2348,Beacon Legal Group,Senior Counsel,Legal Services,2017-11-30,2023-04-21,false,2023-04-21,crm_import
5406,1,2348,Cedar & Finch Consulting,Counsel,Legal Services,2014-12-27,2017-11-29,false,2017-11-29,crm_import
5407,1,2348,Cedar & Finch Consulting,Associate Counsel,Legal Services,2012-03-15,2014-12-26,false,2014-12-26,profile_enrichment
5408,1,2348,Pinecrest Partners,Managing Counsel,Legal Services,2023-04-22,,true,2026-01-25,profile_enrichment
5409,1,15863,Orchard Studio,Program Director,Media,2023-03-23,2025-07-26,false,2025-07-26,profile_enrichment
5410,1,15863,Mariner Media Group,Senior Producer,Media,2017-09-03,2021-12-08,false,2021-12-08,crm_import
5411,1,15863,Orchard Studio,Producer,Media,2014-01-09,2017-09-02,false,2017-09-02,crm_import
5412,1,15863,Orchard Studio,Managing Director,Media,2025-07-27,,true,2026-02-23,crm_import
5413,1,5039,Granite Industrial Group,President,Manufacturing,2019-12-18,,true,2024-12-27,profile_enrichment
5414,1,16113,Redwood Holdings,Senior Operations Manager,Manufacturing,2018-12-06,2022-10-18,false,2022-10-18,crm_import
5415,1,16113,Granite Industrial Group,Director of Operations,Manufacturing,2022-10-19,,true,2024-11-25,crm_import
5416,1,18985,Metro Community Foundation,Volunteer Treasurer,Consulting,2017-11-20,2021-05-22,false,2021-05-22,profile_enrichment
5417,1,18985,Blue Lantern Technologies,Engineering Manager,Technology,2021-04-22,,true,2022-11-13,crm_import
5418,1,1171,Granite Advisory,Finance Manager,Financial Services,2009-12-30,2015-03-17,false,2015-03-17,crm_import
5419,1,1171,Granite Advisory,Associate,Financial Services,2004-11-23,2008-11-19,false,2008-11-19,crm_import
5420,1,1171,Stonebridge Financial,Analyst,Financial Services,2001-08-27,2004-11-22,false,2004-11-22,crm_import
5421,1,1171,Granite Advisory,Senior Finance Manager,Financial Services,2015-03-18,,true,2024-12-09,profile_enrichment
5422,1,12626,Community Innovation Council,Director of Programs,Nonprofit,2008-04-20,2012-04-16,false,2012-04-16,crm_import
5423,1,12626,CivicWorks Collaborative,Vice President of Programs,Nonprofit,2013-05-27,,true,2019-01-04,profile_enrichment
5424,1,10690,Orchard Studio,Program Director,Media,2018-03-09,2023-05-12,false,2023-05-12,profile_enrichment
5425,1,10690,Redwood Creative,Senior Producer,Media,2014-08-14,2018-03-08,false,2018-03-08,crm_import
5426,1,10690,Orchard Studio,Producer,Media,2011-12-20,2014-08-13,false,2014-08-13,crm_import
5427,1,10690,Redwood Creative,Managing Director,Media,2023-05-13,,true,2026-03-15,crm_import
5428,1,6969,Blue Lantern Technologies,Director of Engineering,Technology,2022-03-27,,true,2025-04-06,profile_enrichment
5429,1,8221,Redwood Holdings,Senior Operations Manager,Manufacturing,2025-01-01,,true,2026-08-23,profile_enrichment
5430,1,11694,Metro Community Foundation,Program Manager,Nonprofit,2014-08-24,,true,2025-08-24,crm_import
5431,1,425,Mariner Labs,Software Engineer,Technology,2017-06-13,2021-07-16,false,2021-07-16,crm_import
5432,1,425,Beacon Software Group,Analyst,Technology,2015-01-05,2017-06-12,false,2017-06-12,crm_import
5433,1,425,Blue Lantern Technologies,Senior Software Engineer,Technology,2021-07-17,,true,2024-10-03,crm_import
5434,1,14452,Cedar Ridge Education,Dean,Education,2012-08-29,,true,2022-10-17,crm_import
5435,1,15055,Clearwater Health Group,Chief Operating Officer,Healthcare,2014-03-07,,true,2021-05-09,crm_import
5436,1,12701,Redwood Holdings,Senior Operations Manager,Manufacturing,2012-06-08,,true,2013-11-06,profile_enrichment
5437,1,8308,Beacon Legal Group,Senior Counsel,Legal Services,2019-12-12,2025-10-06,false,2025-10-06,crm_import
5438,1,8308,Beacon Legal Group,Counsel,Legal Services,2015-06-18,2019-12-11,false,2019-12-11,crm_import
5439,1,8308,Harbor Street Counsel,Managing Counsel,Legal Services,2025-10-07,,true,2026-02-14,profile_enrichment
5440,1,4599,Orchard Studio,Managing Director,Media,2015-04-10,,true,2016-11-21,profile_enrichment
5441,1,13222,Granite Advisory,Chief Financial Officer,Financial Services,2013-08-22,,true,2026-03-17,profile_enrichment
5442,1,13245,Cedar & Finch Consulting,Managing Counsel,Legal Services,2010-04-08,,true,2021-06-17,profile_enrichment
5443,1,13897,Arcfield Medical,Senior Program Manager,Healthcare,2020-07-24,2026-03-02,false,2026-03-02,profile_enrichment
5444,1,13897,Harborline Health,Program Manager,Healthcare,2016-11-19,2020-07-23,false,2020-07-23,crm_import
5445,1,13897,Harborline Health,Program Analyst,Healthcare,2014-05-28,2016-11-18,false,2016-11-18,crm_import
5446,1,13897,Clearwater Health Group,Director of Operations,Healthcare,2026-03-03,,true,2026-05-13,profile_enrichment
5447,1,1961,Northstar Systems,Director of Engineering,Technology,2019-03-19,2022-11-20,false,2022-11-20,profile_enrichment
5448,1,1961,Northstar Systems,Engineering Manager,Technology,2016-09-24,2019-03-18,false,2019-03-18,profile_enrichment
5449,1,1961,Mariner Labs,Vice President of Engineering,Technology,2022-11-21,,true,2025-09-13,profile_enrichment
5450,1,7554,Clearwater Health Group,Senior Program Manager,Healthcare,2018-04-05,,true,2019-09-18,profile_enrichment
5451,1,3107,Northbridge Academy,Department Chair,Education,2021-01-27,,true,2023-12-04,crm_import
5452,1,5365,Blue Lantern Technologies,Vice President of Engineering,Technology,2012-12-12,,true,2016-02-25,profile_enrichment
5453,1,18148,Orchard Studio,Program Director,Media,2016-04-22,,true,2023-11-06,profile_enrichment
5454,1,17636,Redwood Holdings,Senior Operations Manager,Manufacturing,2022-10-07,2024-12-01,false,2024-12-01,crm_import
5455,1,17636,Arcfield Manufacturing,Operations Manager,Manufacturing,2018-03-28,2022-10-06,false,2022-10-06,crm_import
5456,1,17636,Redwood Holdings,Operations Analyst,Manufacturing,2012-11-24,2016-11-04,false,2016-11-04,crm_import
5457,1,17636,Granite Industrial Group,Director of Operations,Manufacturing,2025-11-30,,true,2026-07-09,profile_enrichment
5458,1,18410,Arcfield Manufacturing,Director of Operations,Manufacturing,2018-01-25,,true,2023-05-29,crm_import
5459,1,10928,Mariner Labs,Senior Software Engineer,Technology,2014-12-07,,true,2020-08-05,crm_import
5460,1,16766,Harborline Health,Chief Operating Officer,Healthcare,2016-05-12,,true,2024-08-01,crm_import
5461,1,11816,Redwood Holdings,Director of Operations,Manufacturing,2010-08-21,,true,2012-12-24,profile_enrichment
5462,1,8031,Beacon Software Group,Director of Engineering,Technology,2006-01-26,2011-02-24,false,2011-02-24,crm_import
5463,1,8031,Mariner Labs,Engineering Manager,Technology,2000-07-25,2006-01-25,false,2006-01-25,crm_import
5464,1,8031,Northstar Systems,Senior Software Engineer,Technology,1998-01-20,2000-07-24,false,2000-07-24,crm_import
5465,1,8031,Beacon Software Group,Vice President of Engineering,Technology,2012-01-15,,true,2022-07-01,profile_enrichment
5466,1,14137,Beacon Software Group,Analyst,Technology,2019-12-15,2024-08-27,false,2024-08-27,crm_import
5467,1,14137,Beacon Software Group,,Technology,2024-08-28,,true,2025-06-10,profile_enrichment
5468,1,6631,Youth Arts Collaborative,Board Member,Consulting,2017-09-19,2019-11-25,false,2019-11-25,profile_enrichment
5469,1,6631,Arcfield Manufacturing,President,Manufacturing,2019-10-07,,true,2026-03-28,crm_import
5470,1,9415,Juniper Education Group,Assistant Professor,Education,2016-01-25,,true,2017-06-14,profile_enrichment
5471,1,6291,Harbor Street Counsel,Legal Analyst,Legal Services,2018-10-30,2022-12-08,false,2022-12-08,crm_import
5472,1,6291,Cedar & Finch Consulting,Associate Counsel,Legal Services,2022-12-09,,true,2025-01-15,crm_import
5473,1,17992,Cedar Ridge Education,Assistant Professor,Education,2019-07-23,2023-12-30,false,2023-12-30,crm_import
5474,1,17992,Juniper Education Group,Lecturer,Education,2015-07-28,2019-07-22,false,2019-07-22,crm_import
5475,1,17992,Juniper Education Group,Lecturer,Education,2012-08-06,2015-07-27,false,2015-07-27,profile_enrichment
5476,1,17992,Cedar Ridge Education,Associate Professor,Education,2023-12-31,,true,2025-10-27,profile_enrichment
5477,1,14250,Arcfield Medical,Director of Operations,Healthcare,2020-07-13,,true,2024-03-19,profile_enrichment
5478,1,15510,Metro Community Foundation,Vice President of Programs,Nonprofit,2022-07-16,,true,2026-05-05,crm_import
5479,1,14375,Mariner Labs,Engineering Manager,Technology,2011-01-02,,true,2021-01-19,profile_enrichment
5480,1,9697,Pinecrest Partners,Counsel,Legal Services,2021-07-26,2025-11-29,false,2025-11-29,crm_import
5481,1,9697,Pinecrest Partners,Associate Counsel,Legal Services,2014-12-15,2020-09-05,false,2020-09-05,crm_import
5482,1,9697,Harbor Street Counsel,Legal Analyst,Legal Services,2010-08-10,2014-12-14,false,2014-12-14,crm_import
5483,1,9697,Pinecrest Partners,Senior Counsel,Legal Services,2025-11-30,,true,2026-04-29,crm_import
5484,1,14403,Mariner Labs,Director of Engineering,Technology,2026-04-03,,true,2026-04-25,crm_import
5485,1,17025,Orchard Studio,Producer,Media,2010-10-02,2014-10-04,false,2014-10-04,crm_import
5486,1,17025,Redwood Creative,Senior Producer,Media,2014-10-05,,true,2025-07-30,profile_enrichment
5487,1,16352,Open Learning Network,Associate Professor,Education,2017-07-05,,true,2022-02-22,crm_import
5488,1,6647,CivicWorks Collaborative,Director of Programs,Nonprofit,2011-09-29,2016-10-03,false,2016-10-03,crm_import
5489,1,6647,Community Innovation Council,Senior Program Manager,Nonprofit,2005-12-10,2011-09-28,false,2011-09-28,crm_import
5490,1,6647,Community Innovation Council,Vice President of Programs,Nonprofit,2016-10-04,,true,2016-12-20,crm_import
5491,1,15661,Harborline Health,Vice President of Operations,Healthcare,2010-11-12,2015-10-23,false,2015-10-23,crm_import
5492,1,15661,Harborline Health,Chief Operating Officer,Healthcare,2016-04-02,,true,2020-04-10,crm_import
5493,1,43,Youth Arts Collaborative,Director of Programs,Nonprofit,2024-12-15,,true,2025-03-13,crm_import
5494,1,7023,Redwood Holdings,Operations Manager,Manufacturing,2018-06-25,,true,2019-10-29,profile_enrichment
5495,1,8501,Stonebridge Financial,Chief Financial Officer,Financial Services,2024-10-28,,true,2025-01-11,crm_import
5496,1,17879,Lakeshore Media,Senior Producer,Media,2012-03-02,2015-11-13,false,2015-11-13,crm_import
5497,1,17879,Orchard Studio,Producer,Media,2008-01-15,2012-03-01,false,2012-03-01,crm_import
5498,1,17879,Mariner Media Group,Coordinator,Media,2002-04-14,2008-01-14,false,2008-01-14,crm_import
5499,1,17879,Redwood Creative,Program Director,Media,2015-11-14,,true,2016-11-28,crm_import
5500,1,15774,Summit Grove Partners,Associate,Financial Services,2011-04-24,,true,2013-02-18,crm_import
5501,1,19963,Community Innovation Council,Program Coordinator,Nonprofit,2012-10-14,2016-11-24,false,2016-11-24,crm_import
5502,1,19963,Metro Community Foundation,Program Coordinator,Nonprofit,2010-01-28,2012-10-13,false,2012-10-13,crm_import
5503,1,19963,Youth Arts Collaborative,Program Coordinator,Nonprofit,2006-01-30,2010-01-27,false,2010-01-27,crm_import
5504,1,19963,Metro Community Foundation,Program Manager,Nonprofit,2016-11-25,,true,2025-01-11,profile_enrichment
5505,1,4963,Lakeshore Media,Senior Producer,Media,2022-01-09,,true,2022-09-14,crm_import
5506,1,13548,Northstar Systems,Software Engineer,Technology,2022-07-28,,true,2025-11-13,profile_enrichment
5507,1,10568,Cedar & Finch Consulting,Legal Analyst,Legal Services,2021-07-04,2026-03-08,false,2026-03-08,crm_import
5508,1,10568,Cedar & Finch Consulting,Legal Analyst,Legal Services,2017-07-24,2020-12-02,false,2020-12-02,crm_import
5509,1,10568,Harbor Street Counsel,Legal Analyst,Legal Services,2011-08-20,2017-07-23,false,2017-07-23,crm_import
5510,1,10568,Harbor Street Counsel,Associate Counsel,Legal Services,2026-03-09,,true,2026-04-15,profile_enrichment
5511,1,7196,Cedar & Finch Consulting,Counsel,Legal Services,2006-10-05,2011-08-31,false,2011-08-31,crm_import
5512,1,7196,Beacon Legal Group,Legal Analyst,Legal Services,2001-09-16,2006-10-04,false,2006-10-04,crm_import
5513,1,7196,Pinecrest Partners,Associate Counsel,Legal Services,2012-02-14,,true,2023-06-02,crm_import
5514,1,5597,Clearwater Manufacturing,Operations Analyst,Manufacturing,2013-12-08,2016-01-13,false,2016-01-13,crm_import
5515,1,5597,Arcfield Manufacturing,Operations Analyst,Manufacturing,2007-08-24,2013-06-05,false,2013-06-05,crm_import
5516,1,5597,Redwood Holdings,Operations Manager,Manufacturing,2016-09-19,,true,2019-04-11,profile_enrichment
5517,1,18811,Beacon Software Group,Director of Engineering,Technology,2014-04-13,2019-06-23,false,2019-06-23,crm_import
5518,1,18811,Beacon Software Group,Engineering Manager,Technology,2010-05-26,2014-04-12,false,2014-04-12,profile_enrichment
5519,1,18811,Mariner Labs,Senior Software Engineer,Technology,2007-08-04,2010-05-25,false,2010-05-25,crm_import
5520,1,18811,Beacon Software Group,Vice President of Engineering,Technology,2019-06-24,,true,2022-01-07,profile_enrichment
5521,1,93,Blue Lantern Technologies,Director of Engineering,Technology,2007-02-02,2010-10-02,false,2010-10-02,crm_import
5522,1,93,Northstar Systems,Engineering Manager,Technology,2010-10-03,,true,2015-02-13,profile_enrichment
5523,1,752,Open Learning Network,Professor,Education,2026-01-24,,true,2026-05-20,crm_import
5524,1,17916,Stonebridge Financial,Finance Manager,Financial Services,2020-01-02,2024-01-31,false,2024-01-31,crm_import
5525,1,17916,Silver Maple Holdings,Associate,Financial Services,2016-08-28,2020-01-01,false,2020-01-01,crm_import
5526,1,17916,Granite Advisory,Senior Finance Manager,Financial Services,2024-02-01,,true,2026-08-14,crm_import
5527,1,14901,Granite Advisory,Vice President of Finance,Financial Services,2019-03-13,,true,2021-12-09,crm_import
5528,1,11036,Mariner Media Group,Managing Director,Media,2013-02-16,,true,2016-01-15,profile_enrichment
5529,1,14228,Granite Industrial Group,President,Manufacturing,2024-06-28,,true,2026-03-10,crm_import
5530,1,15532,Northstar Systems,Engineering Manager,Technology,2022-04-26,,true,2023-02-05,profile_enrichment
5531,1,6025,Open Learning Network,Associate Professor,Education,2017-08-27,2023-03-12,false,2023-03-12,crm_import
5532,1,6025,Open Learning Network,Assistant Professor,Education,2012-03-03,2016-06-13,false,2016-06-13,profile_enrichment
5533,1,6025,Juniper Education Group,Lecturer,Education,2008-02-20,2012-03-02,false,2012-03-02,profile_enrichment
5534,1,6025,Northbridge Academy,Professor,Education,2023-03-13,,true,2025-05-13,profile_enrichment
5535,1,16310,Pinecrest Partners,General Counsel,Legal Services,2018-02-28,,true,2024-02-17,profile_enrichment
5536,1,9544,Community Innovation Council,Senior Program Manager,Nonprofit,2013-12-03,2016-03-27,false,2016-03-27,crm_import
5537,1,9544,Youth Arts Collaborative,Program Manager,Nonprofit,2009-10-20,2013-12-02,false,2013-12-02,profile_enrichment
5538,1,9544,Community Innovation Council,Director of Programs,Nonprofit,2016-03-28,,true,2020-12-18,crm_import
5539,1,11807,Regional Health Partners,Program Manager,Healthcare,2022-12-06,,true,2025-01-15,profile_enrichment
5540,1,6174,Mariner Labs,Senior Software Engineer,Technology,2023-06-05,,true,2024-10-28,profile_enrichment
5541,1,6347,Metro Community Foundation,Executive Director,Nonprofit,2020-02-25,,true,2025-07-15,profile_enrichment
5542,1,4410,Youth Arts Collaborative,Vice President of Programs,Nonprofit,2008-10-20,2013-05-01,false,2013-05-01,crm_import
5543,1,4410,Community Innovation Council,Director of Programs,Nonprofit,2004-06-18,2008-10-19,false,2008-10-19,crm_import
5544,1,4410,Metro Community Foundation,Senior Program Manager,Nonprofit,1997-03-23,2003-02-04,false,2003-02-04,profile_enrichment
5545,1,4410,Youth Arts Collaborative,Executive Director,Nonprofit,2013-05-02,,true,2018-03-13,crm_import
5546,1,10183,Stonebridge Financial,Finance Manager,Financial Services,2024-03-12,,true,2024-07-05,crm_import
5547,1,48,Cedar Ridge Education,Assistant Professor,Education,2023-08-08,,true,2024-06-12,crm_import
5548,1,8255,Youth Arts Collaborative,Senior Program Manager,Nonprofit,2008-08-08,2012-07-16,false,2012-07-16,profile_enrichment
5549,1,8255,Youth Arts Collaborative,Director of Programs,Nonprofit,2013-11-21,,true,2013-12-09,profile_enrichment
5550,1,17573,CivicWorks Collaborative,Director of Programs,Nonprofit,2015-10-12,2021-05-23,false,2021-05-23,crm_import
5551,1,17573,CivicWorks Collaborative,Senior Program Manager,Nonprofit,2011-05-14,2015-10-11,false,2015-10-11,crm_import
5552,1,17573,CivicWorks Collaborative,Program Manager,Nonprofit,2008-05-02,2011-05-13,false,2011-05-13,crm_import
5553,1,17573,Metro Community Foundation,Vice President of Programs,Nonprofit,2021-05-24,,true,2024-07-09,profile_enrichment
5554,1,3616,Mariner Labs,Analyst,Technology,2018-09-25,2021-04-30,false,2021-04-30,profile_enrichment
5555,1,3616,Northstar Systems,Analyst,Technology,2012-12-21,2018-09-24,false,2018-09-24,crm_import
5556,1,3616,Beacon Software Group,Analyst,Technology,2007-11-20,2012-12-20,false,2012-12-20,crm_import
5557,1,3616,Mariner Labs,Software Engineer,Technology,2021-05-01,,true,2024-07-16,profile_enrichment
5558,1,8452,Blue Lantern Technologies,Chief Technology Officer,Technology,2017-02-14,,true,2025-12-17,profile_enrichment
5559,1,16502,CivicWorks Collaborative,Senior Program Manager,Nonprofit,2013-06-28,,true,2014-11-17,crm_import
5560,1,14277,Clearwater Manufacturing,Senior Operations Manager,Manufacturing,2013-08-15,,true,2018-01-16,crm_import
5561,1,6673,Beacon Software Group,Vice President of Engineering,Technology,2022-03-20,,true,2024-12-26,crm_import
5562,1,3218,Youth Arts Collaborative,Part-Time Lecturer,Consulting,2011-03-06,2014-11-09,false,2014-11-09,profile_enrichment
5563,1,3218,Youth Arts Collaborative,Director of Programs,Nonprofit,2014-09-02,,true,2017-02-15,crm_import
5564,1,876,Lakeshore Media,Producer,Media,2017-05-26,,true,2021-10-06,crm_import
5565,1,2776,Mariner Labs,Analyst,Technology,2017-11-02,2021-03-21,false,2021-03-21,crm_import
5566,1,2776,Beacon Software Group,Analyst,Technology,2012-10-23,2017-11-01,false,2017-11-01,crm_import
5567,1,2776,Beacon Software Group,Software Engineer,Technology,2021-03-22,,true,2025-03-18,crm_import
5568,1,19040,Juniper Education Group,Associate Professor,Education,2020-01-22,,true,2021-01-30,crm_import
5569,1,16643,CivicWorks Collaborative,,Nonprofit,2019-08-30,,true,2020-02-02,profile_enrichment
5570,1,8849,Metro Community Foundation,Vice President of Programs,Nonprofit,2023-04-14,,true,2025-08-23,crm_import
5571,1,15911,Clearwater Manufacturing,Director of Operations,Manufacturing,2020-08-24,,true,2022-04-12,profile_enrichment
5572,1,4365,Youth Arts Collaborative,Senior Program Manager,Nonprofit,2023-01-28,2025-04-26,false,2025-04-26,crm_import
5573,1,4365,Metro Community Foundation,Program Manager,Nonprofit,2019-10-02,2022-05-12,false,2022-05-12,crm_import
5574,1,4365,Community Innovation Council,Program Coordinator,Nonprofit,2016-12-19,2019-10-01,false,2019-10-01,crm_import
5575,1,4365,Youth Arts Collaborative,Director of Programs,Nonprofit,2025-12-25,,true,2026-08-06,profile_enrichment
5576,1,10658,Community Innovation Council,,Nonprofit,2020-07-02,,true,2023-08-14,crm_import
5577,1,8327,Summit Grove Partners,Finance Manager,Financial Services,2008-09-27,2013-09-11,false,2013-09-11,profile_enrichment
5578,1,8327,Summit Grove Partners,Senior Finance Manager,Financial Services,2013-09-12,,true,2024-01-21,profile_enrichment
5579,1,6139,CivicWorks Collaborative,,Nonprofit,2020-09-19,,true,2021-03-15,crm_import
5580,1,5052,Orchard Studio,President,Media,2026-01-10,,true,2026-02-09,crm_import
5581,1,16007,Summit Grove Partners,Associate,Financial Services,2024-03-05,,true,2025-09-29,profile_enrichment
5582,1,5279,Granite Industrial Group,Director of Operations,Manufacturing,2024-04-05,,true,2024-07-03,crm_import
5583,1,11498,Lakeshore Media,Senior Producer,Media,2010-04-15,2013-01-15,false,2013-01-15,crm_import
5584,1,11498,Lakeshore Media,Producer,Media,2003-08-11,2009-01-20,false,2009-01-20,crm_import
5585,1,11498,Orchard Studio,Program Director,Media,2013-01-16,,true,2026-02-15,profile_enrichment
5586,1,17361,Granite Industrial Group,Operations Manager,Manufacturing,2004-12-19,2010-01-27,false,2010-01-27,crm_import
5587,1,17361,Granite Industrial Group,Operations Analyst,Manufacturing,2000-05-14,2004-12-18,false,2004-12-18,crm_import
5588,1,17361,Arcfield Manufacturing,Operations Analyst,Manufacturing,1995-03-27,1999-12-31,false,1999-12-31,crm_import
5589,1,17361,Clearwater Manufacturing,Senior Operations Manager,Manufacturing,2010-01-28,,true,2021-08-03,crm_import
5590,1,12961,Community Innovation Council,Senior Program Manager,Nonprofit,2015-05-12,,true,2015-12-21,profile_enrichment
5591,1,14509,Arcfield Manufacturing,Operations Analyst,Manufacturing,2011-10-16,2013-12-18,false,2013-12-18,crm_import
5592,1,14509,Clearwater Manufacturing,Operations Analyst,Manufacturing,2007-02-25,2011-10-15,false,2011-10-15,crm_import
5593,1,14509,Arcfield Manufacturing,Operations Manager,Manufacturing,2013-12-19,,true,2020-12-20,profile_enrichment
5594,1,17203,Redwood Holdings,President,Manufacturing,2022-08-22,,true,2024-07-07,profile_enrichment
5595,1,3043,Clearwater Health Group,Program Manager,Healthcare,2010-01-14,,true,2015-01-27,profile_enrichment
5596,1,7006,Metro Community Foundation,Program Manager,Nonprofit,2019-10-26,,true,2020-12-08,profile_enrichment
5597,1,2402,Blue Lantern Technologies,Vice President of Engineering,Technology,2008-12-28,2013-08-05,false,2013-08-05,crm_import
5598,1,2402,Northstar Systems,Director of Engineering,Technology,2004-01-28,2008-12-27,false,2008-12-27,crm_import
5599,1,2402,Beacon Software Group,Chief Technology Officer,Technology,2013-08-06,,true,2015-05-19,profile_enrichment
5600,1,8801,Juniper Education Group,Department Chair,Education,2023-02-18,,true,2023-09-14,profile_enrichment
5601,1,9283,Community Innovation Council,Program Manager,Nonprofit,2020-02-17,,true,2023-05-12,crm_import
5602,1,4176,Blue Lantern Technologies,Senior Software Engineer,Technology,2022-11-29,,true,2024-09-12,crm_import
5603,1,10662,Cedar Ridge Education,Dean,Education,2021-07-26,,true,2023-07-30,profile_enrichment
5604,1,10326,Granite Industrial Group,President,Manufacturing,2011-07-05,,true,2023-11-21,profile_enrichment
5605,1,4575,Metro Community Foundation,Director of Programs,Nonprofit,2009-10-05,2015-01-08,false,2015-01-08,crm_import
5606,1,4575,CivicWorks Collaborative,Senior Program Manager,Nonprofit,2015-01-09,,true,2019-03-12,crm_import
5607,1,19334,Community Innovation Council,Senior Program Manager,Nonprofit,2006-02-03,2011-02-13,false,2011-02-13,crm_import
5608,1,19334,Youth Arts Collaborative,Director of Programs,Nonprofit,2011-02-14,,true,2013-08-30,profile_enrichment
5609,1,13527,Summit Grove Partners,Associate,Financial Services,2013-06-24,2019-03-15,false,2019-03-15,crm_import
5610,1,13527,Summit Grove Partners,Analyst,Financial Services,2007-09-12,2013-06-23,false,2013-06-23,crm_import
5611,1,13527,Silver Maple Holdings,Finance Manager,Financial Services,2020-04-12,,true,2024-04-25,crm_import
5612,1,5394,Granite Advisory,Senior Finance Manager,Financial Services,2026-05-12,,true,2026-08-19,profile_enrichment
5613,1,11131,Beacon Legal Group,Associate Counsel,Legal Services,2020-04-06,2023-11-07,false,2023-11-07,profile_enrichment
5614,1,11131,Beacon Legal Group,Counsel,Legal Services,2023-11-08,,true,2024-06-16,crm_import
5615,1,10389,Juniper Education Group,Assistant Professor,Education,2017-10-06,,true,2023-05-11,profile_enrichment
5616,1,18762,Blue Lantern Technologies,Vice President of Engineering,Technology,2010-07-23,,true,2016-06-05,crm_import
5617,1,7516,Blue Lantern Technologies,Senior Software Engineer,Technology,2010-12-17,2013-05-23,false,2013-05-23,profile_enrichment
5618,1,7516,Mariner Labs,Software Engineer,Technology,2003-12-02,2009-11-27,false,2009-11-27,crm_import
5619,1,7516,Mariner Labs,Engineering Manager,Technology,2014-03-20,,true,2023-02-09,crm_import
5620,1,10293,Harborline Health,Program Manager,Healthcare,2014-05-29,2017-06-25,false,2017-06-25,crm_import
5621,1,10293,Harborline Health,Program Analyst,Healthcare,2008-06-23,2013-08-29,false,2013-08-29,crm_import
5622,1,10293,Harborline Health,Senior Program Manager,Healthcare,2018-01-12,,true,2024-07-10,profile_enrichment
5623,1,2248,Cedar & Finch Consulting,Senior Counsel,Legal Services,2026-07-08,,true,2026-07-16,profile_enrichment
5624,1,19975,Harborline Health,Program Manager,Healthcare,2024-07-11,,true,2025-08-01,profile_enrichment
5625,1,765,Juniper Education Group,Professor,Education,2019-03-02,,true,2020-12-29,profile_enrichment
5626,1,8006,Cedar Ridge Education,Assistant Professor,Education,2025-05-09,,true,2026-03-10,profile_enrichment
5627,1,7365,Open Learning Network,Professor,Education,2013-05-19,,true,2019-12-31,profile_enrichment
5628,1,2556,Harbor Street Counsel,General Counsel,Legal Services,2010-11-18,,true,2014-05-20,crm_import
5629,1,16396,Beacon Software Group,Director of Engineering,Technology,2020-03-23,,true,2023-07-19,crm_import
5630,1,18788,Pinecrest Partners,Counsel,Legal Services,2012-03-22,2017-02-18,false,2017-02-18,crm_import
5631,1,18788,Cedar & Finch Consulting,Senior Counsel,Legal Services,2018-05-29,,true,2021-09-25,crm_import
5632,1,583,Northstar Systems,Chief Technology Officer,Technology,2015-10-20,,true,2023-05-26,profile_enrichment
5633,1,7612,CivicWorks Collaborative,Executive Director,Nonprofit,2010-02-22,,true,2010-11-24,profile_enrichment
5634,1,14745,Arcfield Manufacturing,Operations Manager,Manufacturing,2015-12-08,2021-02-17,false,2021-02-17,crm_import
5635,1,14745,Redwood Holdings,Senior Operations Manager,Manufacturing,2021-02-18,,true,2024-11-16,profile_enrichment
5636,1,4874,Mariner Labs,Director of Engineering,Technology,2012-09-03,,true,2024-10-28,profile_enrichment
5637,1,13735,Cedar Ridge Education,Professor,Education,2016-08-21,2021-05-30,false,2021-05-30,profile_enrichment
5638,1,13735,Juniper Education Group,Department Chair,Education,2021-05-31,,true,2021-09-06,profile_enrichment
5639,1,9570,Mariner Labs,Vice President of Engineering,Technology,2019-02-01,,true,2022-05-30,profile_enrichment
5640,1,5940,Arcfield Medical,Director of Operations,Healthcare,2020-08-03,2023-09-29,false,2023-09-29,crm_import
5641,1,5940,Regional Health Partners,Senior Program Manager,Healthcare,2016-01-13,2020-08-02,false,2020-08-02,crm_import
5642,1,5940,Harborline Health,Program Manager,Healthcare,2013-01-29,2016-01-12,false,2016-01-12,profile_enrichment
5643,1,5940,Regional Health Partners,Vice President of Operations,Healthcare,2023-09-30,,true,2025-11-27,crm_import
5644,1,17746,Beacon Legal Group,Legal Analyst,Legal Services,2018-10-01,2023-11-03,false,2023-11-03,crm_import
5645,1,17746,Pinecrest Partners,Legal Analyst,Legal Services,2013-09-09,2017-10-02,false,2017-10-02,crm_import
5646,1,17746,Beacon Legal Group,Legal Analyst,Legal Services,2010-04-09,2013-09-08,false,2013-09-08,crm_import
5647,1,17746,Cedar & Finch Consulting,Associate Counsel,Legal Services,2023-11-04,,true,2024-11-03,profile_enrichment
5648,1,186,Metro Community Foundation,Executive Director,Nonprofit,2021-07-15,,true,2025-08-25,crm_import
5649,1,11603,Clearwater Manufacturing,Vice President of Operations,Manufacturing,2007-07-31,2010-04-17,false,2010-04-17,profile_enrichment
5650,1,11603,Arcfield Manufacturing,Operations Manager,Manufacturing,2003-11-21,2007-07-30,false,2007-07-30,crm_import
5651,1,11603,Granite Industrial Group,Director of Operations,Manufacturing,2010-04-18,,true,2012-11-10,profile_enrichment
5652,1,4940,Arcfield Manufacturing,Director of Operations,Manufacturing,2018-02-20,2022-07-20,false,2022-07-20,crm_import
5653,1,4940,Clearwater Manufacturing,Vice President of Operations,Manufacturing,2022-07-21,,true,2026-08-26,crm_import
5654,1,4789,Arcfield Medical,Chief Operating Officer,Healthcare,2012-03-22,,true,2020-11-16,profile_enrichment
5655,1,9049,Redwood Holdings,President,Manufacturing,2015-11-12,,true,2016-04-14,crm_import
5656,1,3635,Beacon Software Group,Senior Software Engineer,Technology,2023-05-30,,true,2024-09-14,crm_import
5657,1,9279,Summit Grove Partners,Director of Finance,Financial Services,2018-04-26,,true,2020-07-06,profile_enrichment
5658,1,18590,Cedar & Finch Consulting,Senior Counsel,Legal Services,2012-07-14,,true,2014-02-25,profile_enrichment
5659,1,16577,Clearwater Manufacturing,Operations Manager,Manufacturing,2023-11-24,,true,2024-08-16,crm_import
5660,1,15476,Stonebridge Financial,Senior Finance Manager,Financial Services,2016-06-18,2019-12-24,false,2019-12-24,crm_import
5661,1,15476,Granite Advisory,Finance Manager,Financial Services,2011-12-24,2016-06-17,false,2016-06-17,crm_import
5662,1,15476,Silver Maple Holdings,Associate,Financial Services,2008-12-04,2011-12-23,false,2011-12-23,crm_import
5663,1,15476,Summit Grove Partners,Director of Finance,Financial Services,2019-12-25,,true,2022-12-28,profile_enrichment
5664,1,5266,Northstar Systems,Vice President of Engineering,Technology,2014-11-14,,true,2024-10-19,crm_import
5665,1,11922,Beacon Software Group,Senior Software Engineer,Technology,2022-03-21,,true,2025-05-29,profile_enrichment
5666,1,1794,Redwood Holdings,President,Manufacturing,2022-07-16,2025-06-16,false,2025-06-16,crm_import
5667,1,1794,Granite Industrial Group,Director of Operations,Manufacturing,2018-03-17,2022-07-15,false,2022-07-15,profile_enrichment
5668,1,1794,Granite Industrial Group,President,Manufacturing,2025-06-17,,true,2026-08-15,profile_enrichment
5669,1,10536,Youth Arts Collaborative,Vice President of Programs,Nonprofit,2021-10-28,2026-02-25,false,2026-02-25,profile_enrichment
5670,1,10536,Community Innovation Council,Executive Director,Nonprofit,2026-02-26,,true,2026-05-10,profile_enrichment
5671,1,15793,Arcfield Manufacturing,President,Manufacturing,2006-06-22,2011-05-09,false,2011-05-09,profile_enrichment
5672,1,15793,Clearwater Manufacturing,Director of Operations,Manufacturing,2001-01-21,2006-06-21,false,2006-06-21,crm_import
5673,1,15793,Arcfield Manufacturing,President,Manufacturing,2011-05-10,,true,2014-05-23,profile_enrichment
5674,1,7029,Blue Lantern Technologies,Director of Engineering,Technology,2010-01-16,,true,2023-07-15,profile_enrichment
5675,1,14579,Silver Maple Holdings,Senior Finance Manager,Financial Services,2021-04-09,,true,2023-06-15,profile_enrichment
5676,1,16555,Stonebridge Financial,Director of Finance,Financial Services,2016-05-10,,true,2018-10-28,profile_enrichment
5677,1,4627,Metro Community Foundation,Senior Program Manager,Nonprofit,2014-10-22,,true,2025-02-18,crm_import
5678,1,9425,Beacon Software Group,,Technology,2011-09-19,,true,2016-01-25,profile_enrichment
5679,1,17404,Stonebridge Financial,Associate,Financial Services,2011-08-30,2016-09-14,false,2016-09-14,profile_enrichment
5680,1,17404,Stonebridge Financial,Analyst,Financial Services,2008-10-14,2011-08-29,false,2011-08-29,crm_import
5681,1,17404,Granite Advisory,Analyst,Financial Services,2006-09-01,2008-10-13,false,2008-10-13,crm_import
5682,1,17404,Silver Maple Holdings,Finance Manager,Financial Services,2016-09-15,,true,2018-01-30,crm_import
5683,1,6944,Clearwater Health Group,Vice President of Operations,Healthcare,2023-03-25,,true,2023-07-24,crm_import
5684,1,2106,Clearwater Health Group,Program Manager,Healthcare,2024-06-27,,true,2026-04-07,profile_enrichment
5685,1,19696,Youth Arts Collaborative,Executive Director,Nonprofit,2014-10-01,,true,2016-07-31,profile_enrichment
5686,1,19838,Beacon Software Group,Director of Engineering,Technology,2026-02-18,,true,2026-03-10,crm_import
5687,1,4178,Mariner Media Group,Senior Producer,Media,2009-04-22,2013-07-06,false,2013-07-06,crm_import
5688,1,4178,Redwood Creative,Coordinator,Media,2006-11-18,2009-04-21,false,2009-04-21,crm_import
5689,1,4178,Mariner Media Group,Coordinator,Media,2004-10-09,2006-11-17,false,2006-11-17,profile_enrichment
5690,1,4178,Mariner Media Group,Producer,Media,2014-11-13,,true,2018-06-11,profile_enrichment
5691,1,11731,Beacon Legal Group,Managing Counsel,Legal Services,2020-09-16,2025-02-28,false,2025-02-28,crm_import
5692,1,11731,Beacon Legal Group,Senior Counsel,Legal Services,2014-12-23,2020-09-15,false,2020-09-15,crm_import
5693,1,11731,Beacon Legal Group,Counsel,Legal Services,2010-04-23,2014-07-06,false,2014-07-06,crm_import
5694,1,11731,Open Learning Network,Board Member,Nonprofit,2023-07-23,2025-06-07,false,2025-06-07,profile_enrichment
5695,1,11731,Cedar & Finch Consulting,General Counsel,Legal Services,2025-03-01,,true,2025-09-09,profile_enrichment
5696,1,12821,Community Innovation Council,Director of Programs,Nonprofit,2013-07-24,,true,2021-08-19,crm_import
5697,1,14435,Granite Industrial Group,Operations Manager,Manufacturing,2021-07-16,2024-12-26,false,2024-12-26,crm_import
5698,1,14435,Clearwater Manufacturing,Operations Analyst,Manufacturing,2016-08-21,2021-07-15,false,2021-07-15,profile_enrichment
5699,1,14435,Granite Industrial Group,Operations Analyst,Manufacturing,2009-06-24,2015-05-09,false,2015-05-09,profile_enrichment
5700,1,14435,Arcfield Manufacturing,Senior Operations Manager,Manufacturing,2024-12-27,,true,2026-01-18,profile_enrichment
5701,1,14462,Youth Arts Collaborative,Director of Programs,Nonprofit,2005-02-28,2011-01-13,false,2011-01-13,crm_import
5702,1,14462,Community Innovation Council,Senior Program Manager,Nonprofit,2000-04-20,2003-10-16,false,2003-10-16,profile_enrichment
5703,1,14462,Community Innovation Council,Vice President of Programs,Nonprofit,2012-04-27,,true,2020-03-09,crm_import
5704,1,19846,Clearwater Manufacturing,Director of Operations,Manufacturing,2019-10-20,2023-04-16,false,2023-04-16,crm_import
5705,1,19846,Redwood Holdings,Senior Operations Manager,Manufacturing,2014-04-05,2019-10-19,false,2019-10-19,profile_enrichment
5706,1,19846,Clearwater Manufacturing,Operations Manager,Manufacturing,2008-05-16,2012-10-29,false,2012-10-29,profile_enrichment
5707,1,19846,Redwood Holdings,,Manufacturing,2024-08-29,,true,2025-06-11,profile_enrichment
5708,1,10079,Arcfield Manufacturing,Director of Operations,Manufacturing,2022-12-27,,true,2023-07-15,crm_import
5709,1,2090,Clearwater Health Group,Senior Program Manager,Healthcare,2010-04-16,,true,2024-11-10,crm_import
5710,1,9216,Beacon Software Group,Engineering Manager,Technology,2021-02-05,2023-02-15,false,2023-02-15,crm_import
5711,1,9216,Northstar Systems,Director of Engineering,Technology,2023-02-16,,true,2025-10-12,profile_enrichment
5712,1,15529,Youth Arts Collaborative,Volunteer Treasurer,Consulting,2008-04-29,2011-05-03,false,2011-05-03,profile_enrichment
5713,1,15529,Harborline Health,Program Manager,Healthcare,2011-03-21,,true,2026-06-14,crm_import
5714,1,9965,Granite Advisory,Analyst,Financial Services,2021-05-26,2025-07-07,false,2025-07-07,crm_import
5715,1,9965,Summit Grove Partners,Analyst,Financial Services,2016-07-07,2020-12-10,false,2020-12-10,profile_enrichment
5716,1,9965,Silver Maple Holdings,Analyst,Financial Services,2012-07-26,2015-11-18,false,2015-11-18,crm_import
5717,1,9965,Granite Advisory,Associate,Financial Services,2025-07-08,,true,2026-08-17,profile_enrichment
5718,1,782,Cedar & Finch Consulting,Counsel,Legal Services,2018-08-20,,true,2024-03-03,profile_enrichment
5719,1,14203,Open Learning Network,Professor,Education,2026-02-12,,true,2026-06-12,profile_enrichment
5720,1,5519,Clearwater Health Group,Chief Operating Officer,Healthcare,2007-07-10,2012-09-15,false,2012-09-15,profile_enrichment
5721,1,5519,Arcfield Medical,Director of Operations,Healthcare,2003-08-27,2006-08-12,false,2006-08-12,crm_import
5722,1,5519,Harborline Health,Senior Program Manager,Healthcare,1999-05-25,2003-08-26,false,2003-08-26,crm_import
5723,1,5519,Arcfield Medical,Chief Operating Officer,Healthcare,2012-09-16,,true,2016-03-15,profile_enrichment
5724,1,16629,Lakeshore Media,Program Director,Media,2024-02-22,,true,2024-08-12,profile_enrichment
5725,1,19505,Community Innovation Council,Director of Programs,Nonprofit,2015-12-05,,true,2025-06-24,crm_import
5726,1,8779,Silver Maple Holdings,Senior Finance Manager,Financial Services,2020-02-01,,true,2022-02-19,profile_enrichment
5727,1,4307,Arcfield Manufacturing,Operations Manager,Manufacturing,2011-11-15,,true,2012-09-25,profile_enrichment
5728,1,14554,Harborline Health,Director of Operations,Healthcare,2012-05-19,,true,2013-06-12,profile_enrichment
5729,1,11323,Clearwater Manufacturing,Vice President of Operations,Manufacturing,2013-05-11,,true,2014-10-30,profile_enrichment
5730,1,12579,Northstar Systems,Engineering Manager,Technology,2016-12-29,,true,2017-08-26,crm_import
5731,1,14929,Granite Industrial Group,Vice President of Operations,Manufacturing,2023-08-07,,true,2023-09-25,crm_import
5732,1,9817,Metro Community Foundation,Executive Director,Nonprofit,2018-10-14,,true,2019-07-03,crm_import
5733,1,18756,Clearwater Health Group,Director of Operations,Healthcare,2023-04-23,,true,2023-09-20,profile_enrichment
5734,1,16761,Clearwater Manufacturing,Director of Operations,Manufacturing,2017-07-14,,true,2020-12-19,profile_enrichment
5735,1,13744,Redwood Creative,Producer,Media,2022-06-03,2025-02-24,false,2025-02-24,profile_enrichment
5736,1,13744,Mariner Media Group,Coordinator,Media,2017-10-12,2022-06-02,false,2022-06-02,crm_import
5737,1,13744,Orchard Studio,Senior Producer,Media,2025-02-25,,true,2026-02-09,crm_import
5738,1,15124,Blue Lantern Technologies,Chief Technology Officer,Technology,2012-11-13,,true,2021-08-08,profile_enrichment
5739,1,14827,Northbridge Academy,Lecturer,Education,2017-05-27,2019-11-01,false,2019-11-01,profile_enrichment
5740,1,14827,Juniper Education Group,Lecturer,Education,2013-11-07,2016-09-09,false,2016-09-09,profile_enrichment
5741,1,14827,Juniper Education Group,Lecturer,Education,2008-05-17,2012-08-25,false,2012-08-25,crm_import
5742,1,14827,Cedar Ridge Education,Assistant Professor,Education,2019-11-02,,true,2025-11-19,crm_import
5743,1,1249,Beacon Legal Group,Associate Counsel,Legal Services,2018-12-25,,true,2022-01-11,profile_enrichment
5744,1,17971,Youth Arts Collaborative,Senior Program Manager,Nonprofit,2006-11-16,2010-11-16,false,2010-11-16,profile_enrichment
5745,1,17971,Metro Community Foundation,Director of Programs,Nonprofit,2011-10-26,,true,2015-11-24,profile_enrichment
5746,1,18047,Orchard Studio,,Media,2026-02-16,,true,2026-06-23,crm_import
5747,1,15489,Granite Advisory,Vice President of Finance,Financial Services,2010-05-27,,true,2023-10-01,profile_enrichment
5748,1,19284,Cedar & Finch Consulting,Managing Counsel,Legal Services,2014-09-21,,true,2021-08-02,profile_enrichment
5749,1,18309,Community Innovation Council,Director of Programs,Nonprofit,2018-06-06,,true,2022-06-08,profile_enrichment
5750,1,16548,Arcfield Manufacturing,Director of Operations,Manufacturing,2018-03-06,,true,2024-05-26,profile_enrichment
5751,1,11609,Youth Arts Collaborative,Director of Programs,Nonprofit,2024-11-10,,true,2025-08-15,profile_enrichment
5752,1,18901,Arcfield Medical,Vice President of Operations,Healthcare,2022-07-05,,true,2023-11-09,profile_enrichment
5753,1,371,CivicWorks Collaborative,Program Manager,Nonprofit,2012-02-16,2016-10-20,false,2016-10-20,crm_import
5754,1,371,Community Innovation Council,Program Coordinator,Nonprofit,2007-07-25,2012-02-15,false,2012-02-15,crm_import
5755,1,371,CivicWorks Collaborative,Senior Program Manager,Nonprofit,2016-10-21,,true,2019-01-25,crm_import
5756,1,13365,Clearwater Health Group,Director of Operations,Healthcare,2013-03-02,2017-09-23,false,2017-09-23,crm_import
5757,1,13365,Arcfield Medical,Vice President of Operations,Healthcare,2017-09-24,,true,2022-12-02,profile_enrichment
5758,1,14613,Mariner Media Group,Managing Director,Media,2023-02-04,,true,2023-02-14,crm_import
5759,1,19103,Granite Industrial Group,Director of Operations,Manufacturing,2014-02-26,2018-03-28,false,2018-03-28,crm_import
5760,1,19103,Granite Industrial Group,,Manufacturing,2018-03-29,,true,2018-10-18,crm_import
5761,1,16230,Pinecrest Partners,Associate Counsel,Legal Services,2024-07-25,,true,2025-10-06,profile_enrichment
5762,1,280,Redwood Creative,Program Director,Media,2025-05-26,,true,2025-06-07,profile_enrichment
5763,1,6097,Beacon Software Group,Engineering Manager,Technology,2018-12-12,2022-11-26,false,2022-11-26,crm_import
5764,1,6097,Northstar Systems,Senior Software Engineer,Technology,2014-11-11,2018-12-11,false,2018-12-11,crm_import
5765,1,6097,Mariner Labs,Software Engineer,Technology,2012-10-17,2014-11-10,false,2014-11-10,crm_import
5766,1,6097,Northstar Systems,Director of Engineering,Technology,2022-11-27,,true,2024-08-30,profile_enrichment
5767,1,7732,Metro Community Foundation,Program Manager,Nonprofit,2021-01-25,,true,2025-08-05,crm_import
5768,1,3451,Pinecrest Partners,General Counsel,Legal Services,2012-08-08,,true,2023-03-19,crm_import
5769,1,10145,Harborline Health,Senior Program Manager,Healthcare,2021-11-25,2025-04-07,false,2025-04-07,crm_import
5770,1,10145,Arcfield Medical,Program Manager,Healthcare,2025-04-08,,true,2026-02-21,crm_import
5771,1,6155,Arcfield Manufacturing,Senior Operations Manager,Manufacturing,2020-09-02,2023-10-30,false,2023-10-30,crm_import
5772,1,6155,Clearwater Manufacturing,Operations Manager,Manufacturing,2014-11-21,2020-09-01,false,2020-09-01,profile_enrichment
5773,1,6155,Arcfield Manufacturing,Director of Operations,Manufacturing,2023-10-31,,true,2025-02-08,crm_import
5774,1,14665,Clearwater Manufacturing,Director of Operations,Manufacturing,2005-09-22,2010-02-02,false,2010-02-02,crm_import
5775,1,14665,Redwood Holdings,Senior Operations Manager,Manufacturing,1999-11-27,2005-09-21,false,2005-09-21,crm_import
5776,1,14665,Metro Community Foundation,Volunteer Treasurer,Consulting,2009-06-15,2011-01-14,false,2011-01-14,profile_enrichment
5777,1,14665,Redwood Holdings,Vice President of Operations,Manufacturing,2010-12-02,,true,2024-09-09,profile_enrichment
5778,1,13892,Beacon Legal Group,Senior Counsel,Legal Services,2022-01-01,,true,2023-07-21,crm_import
5779,1,6972,Redwood Holdings,President,Manufacturing,2011-04-16,,true,2017-06-16,crm_import
5780,1,5662,Juniper Education Group,Assistant Professor,Education,2015-11-12,,true,2025-07-09,profile_enrichment
5781,1,16650,Pinecrest Partners,Counsel,Legal Services,2010-07-13,2013-10-30,false,2013-10-30,crm_import
5782,1,16650,Harbor Street Counsel,Associate Counsel,Legal Services,2005-01-07,2010-07-12,false,2010-07-12,profile_enrichment
5783,1,16650,Harbor Street Counsel,Senior Counsel,Legal Services,2013-10-31,,true,2016-12-15,crm_import
5784,1,5463,Redwood Holdings,Operations Analyst,Manufacturing,2017-10-30,2021-09-14,false,2021-09-14,crm_import
5785,1,5463,Redwood Holdings,Operations Analyst,Manufacturing,2014-01-20,2016-08-03,false,2016-08-03,crm_import
5786,1,5463,Granite Industrial Group,Operations Analyst,Manufacturing,2010-04-30,2014-01-19,false,2014-01-19,crm_import
5787,1,5463,Granite Industrial Group,Operations Manager,Manufacturing,2021-09-15,,true,2026-03-15,crm_import
5788,1,11610,Youth Arts Collaborative,Director of Programs,Nonprofit,2011-04-26,2015-01-15,false,2015-01-15,crm_import
5789,1,11610,Community Innovation Council,,Nonprofit,2015-01-16,,true,2016-05-16,profile_enrichment
5790,1,7094,Youth Arts Collaborative,Vice President of Programs,Nonprofit,2013-07-04,2017-11-07,false,2017-11-07,crm_import
5791,1,7094,Metro Community Foundation,,Nonprofit,2017-11-08,,true,2021-06-17,profile_enrichment
5792,1,15696,Blue Lantern Technologies,Vice President of Engineering,Technology,2011-04-26,2015-02-03,false,2015-02-03,crm_import
5793,1,15696,Mariner Labs,Director of Engineering,Technology,2008-07-10,2011-04-25,false,2011-04-25,crm_import
5794,1,15696,Mariner Labs,Chief Technology Officer,Technology,2015-02-04,,true,2024-01-15,crm_import
5795,1,328,Community Innovation Council,Program Manager,Nonprofit,2011-07-15,2014-09-08,false,2014-09-08,profile_enrichment
5796,1,328,Metro Community Foundation,Program Coordinator,Nonprofit,2006-09-03,2011-07-14,false,2011-07-14,crm_import
5797,1,328,Youth Arts Collaborative,Program Coordinator,Nonprofit,2001-06-15,2006-09-02,false,2006-09-02,profile_enrichment
5798,1,328,Metro Community Foundation,Senior Program Manager,Nonprofit,2015-07-28,,true,2019-09-29,crm_import
5799,1,17436,Silver Maple Holdings,Vice President of Finance,Financial Services,2020-10-03,,true,2023-01-03,profile_enrichment
5800,1,2920,Pinecrest Partners,Legal Analyst,Legal Services,2009-01-26,2014-02-13,false,2014-02-13,crm_import
5801,1,2920,Harbor Street Counsel,Associate Counsel,Legal Services,2014-06-13,,true,2017-02-26,profile_enrichment
5802,1,15416,Northbridge Academy,,Education,2012-08-13,,true,2013-06-01,profile_enrichment
5803,1,2323,Granite Industrial Group,Vice President of Operations,Manufacturing,2025-08-24,,true,2025-08-31,profile_enrichment
5804,1,19217,Regional Health Partners,Senior Program Manager,Healthcare,2014-03-28,,true,2024-04-10,crm_import
5805,1,15453,Lakeshore Media,Senior Producer,Media,2015-06-23,,true,2018-02-05,crm_import
5806,1,15311,Northstar Systems,Director of Engineering,Technology,2007-03-02,2010-07-14,false,2010-07-14,crm_import
5807,1,15311,Blue Lantern Technologies,Engineering Manager,Technology,2002-06-28,2006-06-25,false,2006-06-25,crm_import
5808,1,15311,Mariner Labs,Vice President of Engineering,Technology,2010-11-15,,true,2025-03-31,profile_enrichment
5809,1,2312,Regional Health Partners,Chief Operating Officer,Healthcare,2012-05-21,,true,2026-08-22,profile_enrichment
5810,1,6010,Clearwater Manufacturing,Vice President of Operations,Manufacturing,2020-07-17,2023-10-02,false,2023-10-02,crm_import
5811,1,6010,Arcfield Manufacturing,,Manufacturing,2024-08-26,,true,2026-05-28,crm_import
5812,1,4705,Open Learning Network,Lecturer,Education,2009-06-20,2012-04-09,false,2012-04-09,crm_import
5813,1,4705,Cedar Ridge Education,Lecturer,Education,2005-04-17,2008-10-25,false,2008-10-25,crm_import
5814,1,4705,Cedar Ridge Education,Lecturer,Education,1999-10-10,2005-04-16,false,2005-04-16,crm_import
5815,1,4705,Cedar Ridge Education,Assistant Professor,Education,2012-04-10,,true,2026-07-01,profile_enrichment
5816,1,15942,Youth Arts Collaborative,Program Manager,Nonprofit,2023-10-01,,true,2024-12-05,profile_enrichment
5817,1,17298,CivicWorks Collaborative,Program Manager,Nonprofit,2019-10-14,,true,2022-04-05,profile_enrichment
5818,1,4855,Beacon Legal Group,Associate Counsel,Legal Services,2013-02-14,2015-08-05,false,2015-08-05,crm_import
5819,1,4855,Cedar & Finch Consulting,Legal Analyst,Legal Services,2009-09-19,2013-02-13,false,2013-02-13,profile_enrichment
5820,1,4855,Beacon Legal Group,Counsel,Legal Services,2015-08-06,,true,2017-03-11,profile_enrichment
5821,1,17415,Granite Industrial Group,Operations Manager,Manufacturing,2019-04-05,2023-06-21,false,2023-06-21,crm_import
5822,1,17415,Redwood Holdings,Operations Analyst,Manufacturing,2014-05-03,2018-11-29,false,2018-11-29,crm_import
5823,1,17415,Redwood Holdings,Operations Analyst,Manufacturing,2008-08-21,2014-05-02,false,2014-05-02,crm_import
5824,1,17415,Clearwater Manufacturing,Senior Operations Manager,Manufacturing,2023-06-22,,true,2023-10-06,crm_import
5825,1,766,Community Innovation Council,Director of Programs,Nonprofit,2021-12-25,,true,2023-04-14,profile_enrichment
5826,1,9468,Arcfield Medical,Vice President of Operations,Healthcare,2016-01-08,2021-09-18,false,2021-09-18,crm_import
5827,1,9468,Harborline Health,Director of Operations,Healthcare,2013-04-24,2016-01-07,false,2016-01-07,crm_import
5828,1,9468,Harborline Health,Senior Program Manager,Healthcare,2009-05-12,2013-04-23,false,2013-04-23,crm_import
5829,1,9468,Harborline Health,,Healthcare,2021-09-19,,true,2022-12-24,crm_import
5830,1,18994,Mariner Labs,Director of Engineering,Technology,2022-09-27,2024-10-16,false,2024-10-16,crm_import
5831,1,18994,Blue Lantern Technologies,Vice President of Engineering,Technology,2025-08-11,,true,2026-07-05,profile_enrichment
5832,1,15044,Redwood Creative,Producer,Media,2014-09-19,2019-11-04,false,2019-11-04,crm_import
5833,1,15044,Mariner Media Group,Senior Producer,Media,2020-07-24,,true,2026-06-10,crm_import
5834,1,6114,CivicWorks Collaborative,Director of Programs,Nonprofit,2021-04-16,,true,2023-01-11,crm_import
5835,1,12835,Granite Advisory,Director of Finance,Financial Services,2014-05-02,,true,2023-05-09,crm_import
5836,1,18979,Pinecrest Partners,General Counsel,Legal Services,2020-06-14,2025-02-19,false,2025-02-19,crm_import
5837,1,18979,Cedar & Finch Consulting,Managing Counsel,Legal Services,2025-02-20,,true,2025-04-19,crm_import
5838,1,12608,Lakeshore Media,President,Media,2010-01-05,,true,2020-05-03,profile_enrichment
5839,1,18406,Youth Arts Collaborative,Vice President of Programs,Nonprofit,2013-01-24,,true,2014-11-28,profile_enrichment
5840,1,11011,Regional Health Initiative,Part-Time Lecturer,Nonprofit,2008-06-28,2011-05-03,false,2011-05-03,profile_enrichment
5841,1,11011,Mariner Media Group,Producer,Media,2010-12-08,,true,2024-04-14,profile_enrichment
5842,1,13533,Cedar Ridge Education,Department Chair,Education,2011-12-03,2017-08-25,false,2017-08-25,crm_import
5843,1,13533,Northbridge Academy,Professor,Education,2006-05-30,2011-12-02,false,2011-12-02,crm_import
5844,1,13533,Open Learning Network,Dean,Education,2017-08-26,,true,2023-10-09,crm_import
5845,1,5896,Orchard Studio,Managing Director,Media,2014-07-07,,true,2019-10-31,profile_enrichment
5846,1,13844,Arcfield Medical,Senior Program Manager,Healthcare,2011-09-22,2014-07-26,false,2014-07-26,crm_import
5847,1,13844,Clearwater Health Group,Director of Operations,Healthcare,2014-07-27,,true,2024-11-17,profile_enrichment
5848,1,11153,Summit Grove Partners,Director of Finance,Financial Services,2010-06-14,,true,2019-06-06,profile_enrichment
5849,1,1086,Cedar Ridge Education,Associate Professor,Education,2020-03-09,2025-05-23,false,2025-05-23,crm_import
5850,1,1086,Northbridge Academy,Assistant Professor,Education,2015-05-23,2020-03-08,false,2020-03-08,profile_enrichment
5851,1,1086,Open Learning Network,Professor,Education,2025-05-24,,true,2025-10-11,profile_enrichment
5852,1,3855,Community Innovation Council,Senior Program Manager,Nonprofit,2011-01-12,2015-10-29,false,2015-10-29,crm_import
5853,1,3855,Community Innovation Council,Program Manager,Nonprofit,2015-10-30,,true,2019-01-22,crm_import
5854,1,12896,Juniper Education Group,Associate Professor,Education,2019-04-16,2022-12-02,false,2022-12-02,crm_import
5855,1,12896,Open Learning Network,Assistant Professor,Education,2016-03-19,2019-04-15,false,2019-04-15,crm_import
5856,1,12896,Juniper Education Group,Professor,Education,2023-02-20,,true,2023-12-09,profile_enrichment
5857,1,16301,Stonebridge Financial,Vice President of Finance,Financial Services,2023-07-04,,true,2025-10-19,crm_import
5858,1,11651,Beacon Legal Group,Managing Counsel,Legal Services,2018-08-11,2023-12-13,false,2023-12-13,profile_enrichment
5859,1,11651,Beacon Legal Group,Senior Counsel,Legal Services,2014-01-29,2018-08-10,false,2018-08-10,crm_import
5860,1,11651,Harbor Street Counsel,General Counsel,Legal Services,2023-12-14,,true,2025-09-08,crm_import
5861,1,1774,Orchard Studio,President,Media,2016-07-11,,true,2023-10-19,crm_import
5862,1,4674,Harborline Health,Director of Operations,Healthcare,2019-03-07,,true,2022-07-27,profile_enrichment
5863,1,18240,Beacon Legal Group,Managing Counsel,Legal Services,2017-12-09,,true,2024-08-02,profile_enrichment
5864,1,16853,Open Learning Network,Strategic Advisor,Consulting,2021-03-18,2024-06-19,false,2024-06-19,profile_enrichment
5865,1,16853,Redwood Holdings,Vice President of Operations,Manufacturing,2024-02-02,,true,2025-02-24,crm_import
5866,1,12275,Beacon Software Group,Software Engineer,Technology,2024-12-07,,true,2025-09-30,profile_enrichment
5867,1,16937,Metro Community Foundation,Vice President of Programs,Nonprofit,2008-08-03,2011-12-01,false,2011-12-01,crm_import
5868,1,16937,Metro Community Foundation,Executive Director,Nonprofit,2011-12-02,,true,2025-09-24,crm_import
5869,1,14081,Pinecrest Partners,Managing Counsel,Legal Services,2021-07-19,,true,2022-11-13,crm_import
5870,1,16234,Harborline Health,Program Analyst,Healthcare,2008-01-29,2010-11-05,false,2010-11-05,crm_import
5871,1,16234,Regional Health Partners,Program Analyst,Healthcare,2001-12-15,2006-10-11,false,2006-10-11,crm_import
5872,1,16234,Clearwater Health Group,Program Manager,Healthcare,2010-11-06,,true,2013-09-09,profile_enrichment
5873,1,9391,Redwood Creative,Program Director,Media,2021-06-12,,true,2026-05-21,profile_enrichment
5874,1,19589,Harborline Health,,Healthcare,2024-12-04,,true,2025-04-15,profile_enrichment
5875,1,12356,Beacon Legal Group,Associate Counsel,Legal Services,2016-12-31,,true,2018-09-04,profile_enrichment
5876,1,17832,Lakeshore Media,Producer,Media,2020-01-18,,true,2020-04-14,crm_import
5877,1,10447,Youth Arts Collaborative,Senior Program Manager,Nonprofit,2009-11-06,2014-05-29,false,2014-05-29,crm_import
5878,1,10447,Youth Arts Collaborative,Program Manager,Nonprofit,2005-10-23,2009-09-18,false,2009-09-18,crm_import
5879,1,10447,Youth Arts Collaborative,Director of Programs,Nonprofit,2014-05-30,,true,2022-03-24,crm_import
5880,1,13028,Neighborhood Business Alliance,Volunteer Treasurer,Consulting,2017-12-04,2020-04-26,false,2020-04-26,profile_enrichment
5881,1,13028,Cedar & Finch Consulting,General Counsel,Legal Services,2019-12-13,,true,2021-02-11,crm_import
5882,1,18070,Beacon Legal Group,Senior Counsel,Legal Services,2012-04-18,,true,2022-04-22,profile_enrichment
5883,1,101,Granite Advisory,Director of Finance,Financial Services,2019-08-04,2023-12-23,false,2023-12-23,profile_enrichment
5884,1,101,Granite Advisory,Senior Finance Manager,Financial Services,2015-09-11,2018-06-10,false,2018-06-10,profile_enrichment
5885,1,101,Silver Maple Holdings,Finance Manager,Financial Services,2012-01-16,2015-03-20,false,2015-03-20,profile_enrichment
5886,1,101,Summit Grove Partners,Vice President of Finance,Financial Services,2023-12-24,,true,2024-05-28,crm_import
5887,1,19565,Clearwater Manufacturing,Operations Manager,Manufacturing,2015-08-21,,true,2025-11-29,crm_import
5888,1,9304,Orchard Studio,Managing Director,Media,2016-04-07,,true,2022-08-02,profile_enrichment
5889,1,7566,Metro Community Foundation,Executive Director,Nonprofit,2012-01-29,2015-10-23,false,2015-10-23,crm_import
5890,1,7566,Community Innovation Council,Senior Program Manager,Nonprofit,2008-03-28,2012-01-28,false,2012-01-28,profile_enrichment
5891,1,7566,Metro Community Foundation,Vice President of Programs,Nonprofit,2017-02-16,,true,2018-01-04,crm_import
5892,1,12975,Clearwater Health Group,Vice President of Operations,Healthcare,2018-11-03,,true,2019-03-23,profile_enrichment
5893,1,9635,Cedar Ridge Education,Associate Professor,Education,2018-02-04,,true,2020-06-17,profile_enrichment
5894,1,3134,Redwood Holdings,Director of Operations,Manufacturing,2011-02-17,,true,2018-12-08,profile_enrichment
5895,1,18173,Blue Lantern Technologies,Director of Engineering,Technology,2019-01-10,2022-05-22,false,2022-05-22,profile_enrichment
5896,1,18173,Mariner Labs,Engineering Manager,Technology,2016-02-18,2019-01-09,false,2019-01-09,crm_import
5897,1,18173,Mariner Labs,Vice President of Engineering,Technology,2023-10-24,,true,2023-12-28,profile_enrichment
5898,1,16272,Mariner Media Group,Program Director,Media,2019-09-02,,true,2023-09-19,profile_enrichment
5899,1,14185,Open Learning Network,Professor,Education,2018-01-10,,true,2026-07-31,crm_import
5900,1,8526,Arcfield Manufacturing,Director of Operations,Manufacturing,2018-09-14,2024-05-13,false,2024-05-13,crm_import
5901,1,8526,Clearwater Manufacturing,Senior Operations Manager,Manufacturing,2015-06-03,2018-09-13,false,2018-09-13,profile_enrichment
5902,1,8526,Redwood Holdings,Operations Manager,Manufacturing,2012-09-18,2015-06-02,false,2015-06-02,crm_import
5903,1,8526,Granite Industrial Group,,Manufacturing,2024-05-14,,true,2026-02-11,profile_enrichment
5904,1,15938,Silver Maple Holdings,Associate,Financial Services,2021-06-15,,true,2022-06-30,crm_import
5905,1,17161,Orchard Studio,President,Media,2016-12-22,,true,2020-01-04,profile_enrichment
5906,1,10514,Mariner Media Group,Senior Producer,Media,2014-10-09,,true,2018-11-10,profile_enrichment
5907,1,530,Clearwater Manufacturing,Senior Operations Manager,Manufacturing,2017-07-15,,true,2025-06-16,crm_import
5908,1,3881,Regional Health Partners,Vice President of Operations,Healthcare,2022-11-15,,true,2026-02-16,profile_enrichment
5909,1,18202,Neighborhood Business Alliance,Board Member,Nonprofit,2018-09-06,2021-12-23,false,2021-12-23,profile_enrichment
5910,1,18202,Harborline Health,Director of Operations,Healthcare,2021-07-10,,true,2024-04-03,profile_enrichment
5911,1,272,Juniper Education Group,Dean,Education,2017-01-10,,true,2023-01-29,profile_enrichment
5912,1,13502,Northbridge Academy,Dean,Education,2016-09-27,,true,2026-05-15,profile_enrichment
5913,1,3081,Beacon Software Group,Director of Engineering,Technology,2007-03-16,2011-04-07,false,2011-04-07,crm_import
5914,1,3081,Northstar Systems,Engineering Manager,Technology,2003-10-29,2007-03-15,false,2007-03-15,crm_import
5915,1,3081,Mariner Labs,Senior Software Engineer,Technology,2001-03-20,2003-10-28,false,2003-10-28,profile_enrichment
5916,1,3081,Blue Lantern Technologies,Vice President of Engineering,Technology,2012-07-15,,true,2014-10-24,crm_import
5917,1,13978,Granite Industrial Group,Director of Operations,Manufacturing,2011-08-11,,true,2022-07-30,crm_import
5918,1,3373,Regional Health Partners,Program Manager,Healthcare,2021-12-04,2024-01-13,false,2024-01-13,crm_import
5919,1,3373,Clearwater Health Group,Program Analyst,Healthcare,2017-12-26,2021-12-03,false,2021-12-03,profile_enrichment
5920,1,3373,Clearwater Health Group,Senior Program Manager,Healthcare,2025-06-11,,true,2026-08-11,profile_enrichment
5921,1,15501,Blue Lantern Technologies,Vice President of Engineering,Technology,2018-03-22,,true,2020-07-19,profile_enrichment
5922,1,11605,Open Learning Network,Assistant Professor,Education,2016-02-06,,true,2018-09-06,crm_import
5923,1,15333,Stonebridge Financial,Finance Manager,Financial Services,2024-07-10,,true,2024-09-04,profile_enrichment
5924,1,5549,Youth Arts Collaborative,Program Manager,Nonprofit,2021-06-24,,true,2024-02-29,profile_enrichment
5925,1,2166,Silver Maple Holdings,Director of Finance,Financial Services,2015-07-17,,true,2022-07-18,profile_enrichment
5926,1,9374,Harbor Street Counsel,Legal Analyst,Legal Services,2023-01-03,2026-06-11,false,2026-06-11,profile_enrichment
5927,1,9374,Beacon Legal Group,Legal Analyst,Legal Services,2017-10-20,2023-01-02,false,2023-01-02,crm_import
5928,1,9374,Pinecrest Partners,Associate Counsel,Legal Services,2026-06-12,,true,2026-06-29,profile_enrichment
5929,1,1570,Arcfield Medical,,Healthcare,2015-09-05,,true,2025-12-16,profile_enrichment
5930,1,18356,Beacon Legal Group,Associate Counsel,Legal Services,2014-03-23,2020-03-21,false,2020-03-21,crm_import
5931,1,18356,Pinecrest Partners,Legal Analyst,Legal Services,2010-01-27,2014-03-22,false,2014-03-22,crm_import
5932,1,18356,Harbor Street Counsel,Counsel,Legal Services,2020-03-22,,true,2026-06-26,crm_import
5933,1,4054,Mariner Labs,Engineering Manager,Technology,2016-05-19,,true,2017-11-23,profile_enrichment
5934,1,19424,Granite Advisory,Chief Financial Officer,Financial Services,2016-05-23,,true,2022-05-10,profile_enrichment
5935,1,9626,Beacon Legal Group,Associate Counsel,Legal Services,2021-05-20,2023-10-27,false,2023-10-27,crm_import
5936,1,9626,Pinecrest Partners,Legal Analyst,Legal Services,2017-04-13,2021-05-19,false,2021-05-19,profile_enrichment
5937,1,9626,Harbor Street Counsel,,Legal Services,2023-10-28,,true,2024-11-29,profile_enrichment
5938,1,1190,Northstar Systems,Senior Software Engineer,Technology,2017-11-06,,true,2018-01-12,crm_import
5939,1,13700,Harbor Street Counsel,Senior Counsel,Legal Services,2017-05-13,,true,2019-09-19,profile_enrichment
5940,1,9846,Harbor Street Counsel,General Counsel,Legal Services,2021-12-03,2025-08-24,false,2025-08-24,crm_import
5941,1,9846,Harbor Street Counsel,Senior Counsel,Legal Services,2017-03-17,2021-12-02,false,2021-12-02,crm_import
5942,1,9846,Cedar & Finch Consulting,General Counsel,Legal Services,2025-08-25,,true,2025-11-17,crm_import
5943,1,10995,Open Learning Network,Associate Professor,Education,2019-01-09,,true,2021-06-26,crm_import
5944,1,5901,Orchard Studio,Producer,Media,2026-02-13,,true,2026-03-08,crm_import
5945,1,2682,Beacon Software Group,Director of Engineering,Technology,2014-11-29,2017-03-24,false,2017-03-24,profile_enrichment
5946,1,2682,Beacon Software Group,Engineering Manager,Technology,2011-01-27,2014-11-28,false,2014-11-28,crm_import
5947,1,2682,Northstar Systems,Vice President of Engineering,Technology,2018-08-16,,true,2023-01-19,crm_import
5948,1,9397,Redwood Holdings,Director of Operations,Manufacturing,2007-12-09,2011-10-10,false,2011-10-10,crm_import
5949,1,9397,Clearwater Manufacturing,Operations Analyst,Manufacturing,2002-12-22,2007-12-08,false,2007-12-08,crm_import
5950,1,9397,Arcfield Manufacturing,Operations Analyst,Manufacturing,1998-05-15,2002-12-21,false,2002-12-21,crm_import
5951,1,9397,Clearwater Manufacturing,Senior Operations Manager,Manufacturing,2011-10-11,,true,2022-08-07,profile_enrichment
5952,1,17734,Silver Maple Holdings,Chief Financial Officer,Financial Services,2015-12-06,,true,2026-07-05,crm_import
5953,1,8283,Juniper Education Group,Department Chair,Education,2009-12-20,2014-07-28,false,2014-07-28,crm_import
5954,1,8283,Open Learning Network,Professor,Education,2014-07-29,,true,2022-10-29,crm_import
5955,1,5000,Redwood Holdings,Director of Operations,Manufacturing,2025-04-27,,true,2025-12-20,crm_import
5956,1,11038,Lakeshore Media,Producer,Media,2012-11-22,2015-05-21,false,2015-05-21,profile_enrichment
5957,1,11038,Orchard Studio,Coordinator,Media,2006-05-01,2011-10-20,false,2011-10-20,crm_import
5958,1,11038,Orchard Studio,Senior Producer,Media,2015-05-22,,true,2020-10-15,profile_enrichment
5959,1,703,Mariner Labs,Chief Technology Officer,Technology,2014-04-15,2018-07-10,false,2018-07-10,crm_import
5960,1,703,Blue Lantern Technologies,Chief Technology Officer,Technology,2018-07-11,,true,2021-12-01,profile_enrichment
5961,1,16660,Metro Community Foundation,Director of Programs,Nonprofit,2011-08-24,2016-02-22,false,2016-02-22,crm_import
5962,1,16660,Community Innovation Council,Vice President of Programs,Nonprofit,2016-02-23,,true,2025-02-19,profile_enrichment
5963,1,15932,Granite Industrial Group,Operations Manager,Manufacturing,2014-05-25,,true,2025-02-19,profile_enrichment
5964,1,8398,Juniper Education Group,Dean,Education,2015-10-04,,true,2017-09-20,profile_enrichment
5965,1,5208,Granite Advisory,Vice President of Finance,Financial Services,2024-08-28,,true,2025-09-08,profile_enrichment
5966,1,6378,Beacon Software Group,Engineering Manager,Technology,2012-11-28,2016-11-14,false,2016-11-14,crm_import
5967,1,6378,Mariner Labs,Senior Software Engineer,Technology,2008-09-03,2012-11-27,false,2012-11-27,crm_import
5968,1,6378,Mariner Labs,Director of Engineering,Technology,2016-11-15,,true,2016-12-01,crm_import
5969,1,18838,Youth Arts Collaborative,Senior Program Manager,Nonprofit,2010-07-03,,true,2013-06-18,profile_enrichment
5970,1,8243,Cedar & Finch Consulting,,Legal Services,2021-02-23,,true,2025-05-08,crm_import
5971,1,2544,Beacon Software Group,Senior Software Engineer,Technology,2018-03-16,,true,2026-06-01,profile_enrichment
5972,1,15937,Juniper Education Group,Dean,Education,2025-08-30,,true,2025-09-19,crm_import
5973,1,6173,Regional Health Partners,Program Manager,Healthcare,2022-12-07,,true,2024-05-26,profile_enrichment
5974,1,11001,Harborline Health,Program Manager,Healthcare,2010-08-02,,true,2024-09-20,profile_enrichment
5975,1,14958,Summit Grove Partners,Finance Manager,Financial Services,2015-01-06,,true,2019-08-24,profile_enrichment
5976,1,17441,Blue Lantern Technologies,Vice President of Engineering,Technology,2013-02-15,,true,2022-07-12,profile_enrichment
5977,1,19866,Northstar Systems,Engineering Manager,Technology,2019-01-14,,true,2022-01-13,crm_import
5978,1,8116,Open Learning Network,Department Chair,Education,2023-12-10,,true,2023-12-28,profile_enrichment
5979,1,2575,Juniper Education Group,Dean,Education,2012-08-07,,true,2019-11-01,crm_import
5980,1,12193,Regional Health Partners,Program Manager,Healthcare,2016-05-25,2020-02-04,false,2020-02-04,profile_enrichment
5981,1,12193,Clearwater Health Group,Senior Program Manager,Healthcare,2020-02-05,,true,2025-01-20,crm_import
5982,1,6684,Cedar & Finch Consulting,Associate Counsel,Legal Services,2017-10-26,,true,2025-12-16,crm_import
5983,1,12284,Beacon Legal Group,Managing Counsel,Legal Services,2016-01-25,2021-03-31,false,2021-03-31,profile_enrichment
5984,1,12284,Pinecrest Partners,Senior Counsel,Legal Services,2014-01-19,2016-01-24,false,2016-01-24,profile_enrichment
5985,1,12284,Harbor Street Counsel,General Counsel,Legal Services,2021-04-01,,true,2024-09-06,profile_enrichment
5986,1,3871,Cedar & Finch Consulting,General Counsel,Legal Services,2011-01-18,,true,2020-07-12,crm_import
5987,1,17842,Mariner Media Group,Senior Producer,Media,2014-01-07,2016-11-26,false,2016-11-26,profile_enrichment
5988,1,17842,Lakeshore Media,Coordinator,Media,2011-07-17,2014-01-06,false,2014-01-06,crm_import
5989,1,17842,Lakeshore Media,Producer,Media,2017-07-07,,true,2026-04-13,profile_enrichment
5990,1,14234,CivicWorks Collaborative,Program Manager,Nonprofit,2018-04-27,2024-01-29,false,2024-01-29,crm_import
5991,1,14234,Community Innovation Council,Program Coordinator,Nonprofit,2013-10-11,2018-04-26,false,2018-04-26,crm_import
5992,1,14234,Metro Community Foundation,Program Coordinator,Nonprofit,2010-03-28,2013-10-10,false,2013-10-10,crm_import
5993,1,14234,Community Innovation Council,Senior Program Manager,Nonprofit,2024-01-30,,true,2026-06-24,profile_enrichment
5994,1,8202,Stonebridge Financial,Chief Financial Officer,Financial Services,2024-03-17,,true,2024-09-23,crm_import
5995,1,5423,Summit Grove Partners,Senior Finance Manager,Financial Services,2023-10-26,,true,2025-08-24,crm_import
5996,1,7041,Redwood Holdings,Vice President of Operations,Manufacturing,2014-02-01,,true,2016-07-08,crm_import
5997,1,8888,Arcfield Medical,Program Analyst,Healthcare,2020-11-06,2025-08-24,false,2025-08-24,crm_import
5998,1,8888,Arcfield Medical,Program Manager,Healthcare,2025-11-27,,true,2025-12-25,profile_enrichment
5999,1,2669,Beacon Software Group,Director of Engineering,Technology,2010-06-11,,true,2014-12-02,profile_enrichment
6000,1,9822,Granite Advisory,Finance Manager,Financial Services,2021-02-11,,true,2024-05-14,crm_import
6001,1,13385,Northbridge Academy,Dean,Education,2017-01-06,,true,2023-05-16,crm_import
6002,1,13252,Cedar Ridge Education,Associate Professor,Education,2022-08-05,,true,2023-11-01,profile_enrichment
6003,1,10565,Beacon Software Group,Chief Technology Officer,Technology,2023-09-02,,true,2023-12-14,crm_import
6004,1,14080,Blue Lantern Technologies,Analyst,Technology,2022-04-11,2026-06-23,false,2026-06-23,crm_import
6005,1,14080,Blue Lantern Technologies,Analyst,Technology,2016-12-09,2022-04-10,false,2022-04-10,crm_import
6006,1,14080,Northstar Systems,Software Engineer,Technology,2026-06-24,,true,2026-07-16,profile_enrichment
6007,1,6890,Beacon Legal Group,Managing Counsel,Legal Services,2020-06-28,,true,2023-12-10,crm_import
6008,1,15677,Granite Industrial Group,Director of Operations,Manufacturing,2012-11-12,2017-09-08,false,2017-09-08,crm_import
6009,1,15677,Arcfield Manufacturing,Senior Operations Manager,Manufacturing,2006-12-20,2012-11-11,false,2012-11-11,crm_import
6010,1,15677,Granite Industrial Group,Operations Manager,Manufacturing,2003-06-23,2006-12-19,false,2006-12-19,crm_import
6011,1,15677,Redwood Holdings,Vice President of Operations,Manufacturing,2017-09-09,,true,2026-04-07,profile_enrichment
6012,1,1033,Northbridge Academy,Assistant Professor,Education,2017-01-18,,true,2022-12-27,profile_enrichment
6013,1,14238,Youth Arts Collaborative,Director of Programs,Nonprofit,2023-08-11,,true,2025-12-12,crm_import
6014,1,16187,Mariner Media Group,,Media,2024-07-30,,true,2024-10-20,profile_enrichment
6015,1,7059,Redwood Creative,Producer,Media,2018-12-23,2021-01-24,false,2021-01-24,crm_import
6016,1,7059,Orchard Studio,Senior Producer,Media,2022-05-22,,true,2023-03-31,profile_enrichment
6017,1,14741,Arcfield Medical,Senior Program Manager,Healthcare,2023-06-27,,true,2025-10-11,crm_import
6018,1,9314,Community Innovation Council,Board Member,Nonprofit,2013-06-29,2016-07-03,false,2016-07-03,profile_enrichment
6019,1,9314,Youth Arts Collaborative,Senior Program Manager,Nonprofit,2016-03-04,,true,2020-09-24,crm_import
6020,1,11164,Community Innovation Council,Vice President of Programs,Nonprofit,2011-11-22,,true,2020-09-15,profile_enrichment
6021,1,14804,Beacon Legal Group,Senior Counsel,Legal Services,2023-02-28,,true,2024-01-16,crm_import
6022,1,2690,Clearwater Manufacturing,Vice President of Operations,Manufacturing,2024-01-27,,true,2024-06-09,crm_import
6023,1,18661,Silver Maple Holdings,Senior Finance Manager,Financial Services,2007-12-09,2012-05-21,false,2012-05-21,crm_import
6024,1,18661,Granite Advisory,Director of Finance,Financial Services,2012-05-22,,true,2022-03-27,profile_enrichment
6025,1,15723,Silver Maple Holdings,Vice President of Finance,Financial Services,2007-03-16,2011-09-29,false,2011-09-29,crm_import
6026,1,15723,Silver Maple Holdings,Director of Finance,Financial Services,2001-11-05,2007-03-15,false,2007-03-15,crm_import
6027,1,15723,Metro Community Foundation,Volunteer Treasurer,Nonprofit,2009-01-17,2012-02-25,false,2012-02-25,profile_enrichment
6028,1,15723,Granite Advisory,Chief Financial Officer,Financial Services,2011-09-30,,true,2022-11-14,crm_import
6029,1,13353,Redwood Holdings,Operations Analyst,Manufacturing,2012-10-22,2015-01-14,false,2015-01-14,profile_enrichment
6030,1,13353,Clearwater Manufacturing,Operations Manager,Manufacturing,2015-01-15,,true,2017-05-08,crm_import
6031,1,11076,Silver Maple Holdings,Chief Financial Officer,Financial Services,2014-03-27,,true,2015-06-20,crm_import
6032,1,15868,Clearwater Manufacturing,Operations Manager,Manufacturing,2010-11-04,,true,2020-09-24,profile_enrichment
6033,1,18137,CivicWorks Collaborative,Senior Program Manager,Nonprofit,2019-05-12,,true,2024-07-17,profile_enrichment
6034,1,5990,Granite Advisory,Vice President of Finance,Financial Services,2026-05-26,,true,2026-07-14,profile_enrichment
6035,1,8548,Harbor Street Counsel,Counsel,Legal Services,2011-03-30,2015-10-10,false,2015-10-10,crm_import
6036,1,8548,Pinecrest Partners,Associate Counsel,Legal Services,2009-01-10,2011-03-29,false,2011-03-29,crm_import
6037,1,8548,Beacon Legal Group,Senior Counsel,Legal Services,2015-10-11,,true,2016-06-06,crm_import
6038,1,969,Arcfield Manufacturing,Director of Operations,Manufacturing,2008-05-20,2010-07-15,false,2010-07-15,profile_enrichment
6039,1,969,Clearwater Manufacturing,Senior Operations Manager,Manufacturing,2003-12-21,2008-05-19,false,2008-05-19,crm_import
6040,1,969,Clearwater Manufacturing,Operations Manager,Manufacturing,1999-01-01,2003-12-20,false,2003-12-20,crm_import
6041,1,969,Arcfield Manufacturing,Vice President of Operations,Manufacturing,2010-07-16,,true,2025-01-18,crm_import
6042,1,11141,CivicWorks Collaborative,Director of Programs,Nonprofit,2014-09-26,,true,2022-09-22,profile_enrichment
6043,1,3558,Northstar Systems,Engineering Manager,Technology,2010-10-11,,true,2017-03-29,crm_import
6044,1,12455,Orchard Studio,Program Director,Media,2011-12-09,2015-06-22,false,2015-06-22,crm_import
6045,1,12455,Redwood Creative,Managing Director,Media,2015-06-23,,true,2019-08-03,crm_import
6046,1,14521,Stonebridge Financial,Associate,Financial Services,2021-12-09,,true,2025-10-21,crm_import
6047,1,5999,Community Innovation Council,Vice President of Programs,Nonprofit,2018-03-24,2021-07-04,false,2021-07-04,profile_enrichment
6048,1,5999,CivicWorks Collaborative,Director of Programs,Nonprofit,2015-03-27,2017-11-12,false,2017-11-12,crm_import
6049,1,5999,CivicWorks Collaborative,Senior Program Manager,Nonprofit,2013-03-20,2015-03-26,false,2015-03-26,profile_enrichment
6050,1,5999,Metro Community Foundation,Executive Director,Nonprofit,2021-07-05,,true,2022-04-07,profile_enrichment
6051,1,3250,Mariner Labs,Engineering Manager,Technology,2026-06-28,,true,2026-08-11,crm_import
6052,1,17296,Clearwater Health Group,Director of Operations,Healthcare,2021-12-05,2025-09-14,false,2025-09-14,profile_enrichment
6053,1,17296,Regional Health Partners,Vice President of Operations,Healthcare,2025-09-15,,true,2026-03-05,profile_enrichment
6054,1,2320,Clearwater Manufacturing,Senior Operations Manager,Manufacturing,2017-07-10,,true,2023-02-16,crm_import
6055,1,2475,Silver Maple Holdings,Finance Manager,Financial Services,2019-08-19,2023-12-21,false,2023-12-21,profile_enrichment
6056,1,2475,Silver Maple Holdings,Associate,Financial Services,2016-08-16,2019-08-18,false,2019-08-18,profile_enrichment
6057,1,2475,Granite Advisory,,Financial Services,2023-12-22,,true,2025-03-18,crm_import
6058,1,6743,Pinecrest Partners,Counsel,Legal Services,2008-03-26,2014-03-02,false,2014-03-02,crm_import
6059,1,6743,Pinecrest Partners,Associate Counsel,Legal Services,2003-03-31,2008-03-25,false,2008-03-25,crm_import
6060,1,6743,Harbor Street Counsel,Legal Analyst,Legal Services,1998-07-02,2003-03-30,false,2003-03-30,profile_enrichment
6061,1,6743,Beacon Legal Group,Senior Counsel,Legal Services,2014-03-03,,true,2022-05-11,profile_enrichment
6062,1,2219,Metro Community Foundation,Vice President of Programs,Nonprofit,2012-07-28,,true,2012-07-29,profile_enrichment
6063,1,12319,Northbridge Academy,Professor,Education,2008-12-18,2014-06-15,false,2014-06-15,crm_import
6064,1,12319,Northbridge Academy,Associate Professor,Education,2004-04-08,2008-12-17,false,2008-12-17,profile_enrichment
6065,1,12319,Cedar Ridge Education,Assistant Professor,Education,2002-02-16,2004-04-07,false,2004-04-07,profile_enrichment
6066,1,12319,Northbridge Academy,Department Chair,Education,2014-09-12,,true,2025-08-01,crm_import
6067,1,6508,Community Innovation Council,Executive Director,Nonprofit,2016-10-05,,true,2022-08-19,profile_enrichment
6068,1,19223,Mariner Media Group,Program Director,Media,2012-08-03,,true,2014-12-11,profile_enrichment
6069,1,14279,Cedar & Finch Consulting,Counsel,Legal Services,2014-05-01,2020-03-14,false,2020-03-14,crm_import
6070,1,14279,Beacon Legal Group,Senior Counsel,Legal Services,2020-06-23,,true,2026-08-03,crm_import
6071,1,9603,Community Innovation Council,Vice President of Programs,Nonprofit,2018-11-20,2023-01-12,false,2023-01-12,crm_import
6072,1,9603,Youth Arts Collaborative,Director of Programs,Nonprofit,2014-06-12,2017-11-29,false,2017-11-29,crm_import
6073,1,9603,Youth Arts Collaborative,Executive Director,Nonprofit,2023-01-13,,true,2024-12-22,crm_import
6074,1,7297,Community Innovation Council,Program Manager,Nonprofit,2021-07-01,,true,2021-10-24,crm_import
6075,1,5058,Summit Grove Partners,Finance Manager,Financial Services,2012-09-16,2018-08-16,false,2018-08-16,crm_import
6076,1,5058,Summit Grove Partners,Associate,Financial Services,2009-08-23,2012-09-15,false,2012-09-15,profile_enrichment
6077,1,5058,Silver Maple Holdings,Analyst,Financial Services,2003-09-22,2009-08-22,false,2009-08-22,profile_enrichment
6078,1,5058,Silver Maple Holdings,Senior Finance Manager,Financial Services,2019-03-11,,true,2022-03-02,profile_enrichment
6079,1,19864,Northstar Systems,Senior Software Engineer,Technology,2018-09-21,,true,2025-09-01,profile_enrichment
6080,1,2608,Arcfield Medical,Vice President of Operations,Healthcare,2017-10-25,,true,2023-11-29,profile_enrichment
6081,1,3224,Harbor Street Counsel,Counsel,Legal Services,2011-10-01,,true,2022-11-23,profile_enrichment
6082,1,3514,Blue Lantern Technologies,Software Engineer,Technology,2024-11-28,,true,2026-07-06,profile_enrichment
6083,1,17669,Granite Advisory,Senior Finance Manager,Financial Services,2015-04-11,,true,2020-06-12,profile_enrichment
6084,1,2554,Summit Grove Partners,Finance Manager,Financial Services,2019-08-23,,true,2025-06-11,crm_import
6085,1,10695,CivicWorks Collaborative,Director of Programs,Nonprofit,2012-06-17,,true,2015-10-22,profile_enrichment
6086,1,5459,Mariner Media Group,President,Media,2012-06-27,,true,2020-03-18,profile_enrichment
6087,1,7712,Regional Health Partners,Senior Program Manager,Healthcare,2025-07-05,,true,2026-07-05,crm_import
6088,1,17668,Granite Advisory,Associate,Financial Services,2011-03-28,,true,2021-08-24,profile_enrichment
6089,1,7358,Redwood Creative,Managing Director,Media,2020-10-02,2023-04-10,false,2023-04-10,crm_import
6090,1,7358,Orchard Studio,Program Director,Media,2014-10-25,2020-10-01,false,2020-10-01,crm_import
6091,1,7358,Redwood Creative,Senior Producer,Media,2012-03-07,2014-10-24,false,2014-10-24,crm_import
6092,1,7358,Orchard Studio,President,Media,2023-04-11,,true,2023-06-06,crm_import
6093,1,15935,Community Innovation Council,Board Member,Consulting,2015-10-04,2017-02-19,false,2017-02-19,profile_enrichment
6094,1,15935,Cedar & Finch Consulting,Counsel,Legal Services,2016-10-04,,true,2022-08-29,profile_enrichment
6095,1,10806,Summit Grove Partners,Senior Finance Manager,Financial Services,2024-09-21,,true,2025-01-03,profile_enrichment
6096,1,13396,Northstar Systems,Senior Software Engineer,Technology,2011-06-22,2015-05-09,false,2015-05-09,crm_import
6097,1,13396,Beacon Software Group,Software Engineer,Technology,2006-03-09,2011-06-21,false,2011-06-21,crm_import
6098,1,13396,Beacon Software Group,Engineering Manager,Technology,2015-05-10,,true,2018-01-17,crm_import
6099,1,18993,Mariner Labs,Software Engineer,Technology,2023-12-17,,true,2024-11-09,profile_enrichment
6100,1,11768,Stonebridge Financial,Finance Manager,Financial Services,2016-11-23,2021-02-26,false,2021-02-26,crm_import
6101,1,11768,Stonebridge Financial,Associate,Financial Services,2012-08-26,2016-11-22,false,2016-11-22,profile_enrichment
6102,1,11768,Granite Advisory,Analyst,Financial Services,2009-01-23,2012-08-25,false,2012-08-25,crm_import
6103,1,11768,Silver Maple Holdings,Senior Finance Manager,Financial Services,2021-11-08,,true,2026-03-23,crm_import
6104,1,3715,Harbor Street Counsel,Associate Counsel,Legal Services,2012-02-21,2015-09-23,false,2015-09-23,crm_import
6105,1,3715,Pinecrest Partners,Legal Analyst,Legal Services,2007-06-11,2012-02-20,false,2012-02-20,profile_enrichment
6106,1,3715,Harbor Street Counsel,Legal Analyst,Legal Services,2003-01-06,2006-08-09,false,2006-08-09,crm_import
6107,1,3715,Beacon Legal Group,Counsel,Legal Services,2015-09-24,,true,2024-05-26,crm_import
6108,1,10647,Beacon Legal Group,Counsel,Legal Services,2024-03-01,,true,2025-03-20,profile_enrichment
6109,1,12909,Beacon Legal Group,General Counsel,Legal Services,2015-07-07,,true,2019-05-12,profile_enrichment
6110,1,5361,Northstar Systems,Analyst,Technology,2008-08-08,2011-06-04,false,2011-06-04,crm_import
6111,1,5361,Northstar Systems,Analyst,Technology,2006-07-17,2008-08-07,false,2008-08-07,crm_import
6112,1,5361,Northstar Systems,,Technology,2011-06-05,,true,2021-03-22,profile_enrichment
6113,1,12081,CivicWorks Collaborative,Senior Program Manager,Nonprofit,2016-12-14,2019-01-05,false,2019-01-05,crm_import
6114,1,12081,Community Innovation Council,Program Manager,Nonprofit,2014-04-19,2016-12-13,false,2016-12-13,crm_import
6115,1,12081,CivicWorks Collaborative,Director of Programs,Nonprofit,2019-01-06,,true,2026-02-22,crm_import
6116,1,12619,Harbor Street Counsel,Associate Counsel,Legal Services,2010-03-11,,true,2022-05-31,profile_enrichment
6117,1,11499,Arcfield Manufacturing,Operations Manager,Manufacturing,2016-02-12,2019-01-22,false,2019-01-22,crm_import
6118,1,11499,Redwood Holdings,Senior Operations Manager,Manufacturing,2019-01-23,,true,2026-06-28,profile_enrichment
6119,1,5356,Juniper Education Group,Dean,Education,2015-09-03,,true,2015-10-25,crm_import
6120,1,16066,Harborline Health,Director of Operations,Healthcare,2020-05-16,2024-07-11,false,2024-07-11,profile_enrichment
6121,1,16066,Clearwater Health Group,Senior Program Manager,Healthcare,2015-03-28,2020-03-10,false,2020-03-10,crm_import
6122,1,16066,Harborline Health,Program Manager,Healthcare,2009-11-29,2013-12-08,false,2013-12-08,crm_import
6123,1,16066,Regional Health Partners,Vice President of Operations,Healthcare,2024-07-12,,true,2024-08-15,profile_enrichment
6124,1,18292,Northstar Systems,Software Engineer,Technology,2010-08-08,,true,2025-08-22,crm_import
6125,1,383,Regional Health Partners,Senior Program Manager,Healthcare,2017-05-14,,true,2021-07-19,profile_enrichment
6126,1,7584,Mariner Labs,Director of Engineering,Technology,2023-03-18,,true,2025-11-29,profile_enrichment
6127,1,16025,Stonebridge Financial,Finance Manager,Financial Services,2016-12-01,,true,2022-06-03,crm_import
6128,1,11022,Clearwater Health Group,Program Manager,Healthcare,2022-10-26,,true,2024-02-22,profile_enrichment
6129,1,13310,Summit Grove Partners,Analyst,Financial Services,2020-11-14,2025-05-05,false,2025-05-05,profile_enrichment
6130,1,13310,Granite Advisory,Analyst,Financial Services,2017-05-16,2020-11-13,false,2020-11-13,crm_import
6131,1,13310,Silver Maple Holdings,Associate,Financial Services,2025-05-06,,true,2026-06-03,profile_enrichment
6132,1,18551,Juniper Education Group,Associate Professor,Education,2023-02-13,,true,2026-08-28,profile_enrichment
6133,1,14806,Arcfield Manufacturing,President,Manufacturing,2024-06-09,,true,2026-03-18,profile_enrichment
6134,1,14334,Lakeshore Media,President,Media,2010-04-08,,true,2021-09-10,profile_enrichment
6135,1,7544,Pinecrest Partners,Associate Counsel,Legal Services,2013-10-09,2018-01-06,false,2018-01-06,profile_enrichment
6136,1,7544,Harbor Street Counsel,Counsel,Legal Services,2018-11-01,,true,2024-02-04,profile_enrichment
6137,1,18856,Harbor Street Counsel,Counsel,Legal Services,2011-11-15,,true,2019-09-27,profile_enrichment
6138,1,2301,Pinecrest Partners,Senior Counsel,Legal Services,2023-05-14,,true,2025-09-02,crm_import
6139,1,13215,Stonebridge Financial,Associate,Financial Services,2021-02-16,2024-09-15,false,2024-09-15,crm_import
6140,1,13215,Summit Grove Partners,Analyst,Financial Services,2015-07-26,2021-02-15,false,2021-02-15,crm_import
6141,1,13215,Summit Grove Partners,Finance Manager,Financial Services,2024-09-16,,true,2025-09-22,crm_import
6142,1,10832,Blue Lantern Technologies,Director of Engineering,Technology,2019-05-27,2022-05-07,false,2022-05-07,profile_enrichment
6143,1,10832,Northstar Systems,Vice President of Engineering,Technology,2022-05-08,,true,2023-12-16,crm_import
6144,1,9524,Clearwater Manufacturing,Operations Manager,Manufacturing,2012-08-29,,true,2018-03-16,crm_import
6145,1,8416,Community Innovation Council,Program Manager,Nonprofit,2010-06-23,2012-07-06,false,2012-07-06,profile_enrichment
6146,1,8416,Community Innovation Council,Senior Program Manager,Nonprofit,2013-07-09,,true,2023-07-17,crm_import
6147,1,9743,Lakeshore Media,Program Director,Media,2020-03-21,2026-01-14,false,2026-01-14,crm_import
6148,1,9743,Mariner Media Group,Senior Producer,Media,2016-07-19,2020-03-20,false,2020-03-20,profile_enrichment
6149,1,9743,Mariner Media Group,Managing Director,Media,2026-01-15,,true,2026-03-29,profile_enrichment
6150,1,15418,Mariner Labs,Director of Engineering,Technology,2025-05-25,,true,2025-11-03,profile_enrichment
6151,1,8408,Beacon Legal Group,Managing Counsel,Legal Services,2015-02-21,,true,2024-04-14,profile_enrichment
6152,1,19551,Metro Community Foundation,Program Manager,Nonprofit,2009-01-25,2013-09-06,false,2013-09-06,crm_import
6153,1,19551,Youth Arts Collaborative,Program Coordinator,Nonprofit,2005-02-28,2009-01-24,false,2009-01-24,crm_import
6154,1,19551,Metro Community Foundation,Program Coordinator,Nonprofit,2002-04-11,2005-02-27,false,2005-02-27,crm_import
6155,1,19551,CivicWorks Collaborative,Senior Program Manager,Nonprofit,2013-09-07,,true,2024-04-11,profile_enrichment
6156,1,1935,Open Learning Network,Department Chair,Education,2017-11-27,2021-10-23,false,2021-10-23,profile_enrichment
6157,1,1935,Cedar Ridge Education,Professor,Education,2015-01-08,2017-11-26,false,2017-11-26,crm_import
6158,1,1935,Juniper Education Group,Dean,Education,2021-10-24,,true,2021-12-10,crm_import
6159,1,16359,Pinecrest Partners,Legal Analyst,Legal Services,2017-07-16,2020-06-03,false,2020-06-03,profile_enrichment
6160,1,16359,Beacon Legal Group,Legal Analyst,Legal Services,2015-01-10,2017-07-15,false,2017-07-15,profile_enrichment
6161,1,16359,Beacon Legal Group,Associate Counsel,Legal Services,2020-06-04,,true,2021-04-09,profile_enrichment
6162,1,5238,Arcfield Medical,Program Manager,Healthcare,2024-12-20,,true,2024-12-23,profile_enrichment
6163,1,17340,Harborline Health,Director of Operations,Healthcare,2016-07-28,,true,2020-04-01,crm_import
6164,1,12420,Mariner Media Group,Producer,Media,2020-06-07,,true,2024-06-30,crm_import
6165,1,11970,Redwood Creative,Managing Director,Media,2005-11-03,2011-07-12,false,2011-07-12,profile_enrichment
6166,1,11970,Mariner Media Group,Program Director,Media,2000-08-31,2005-11-02,false,2005-11-02,crm_import
6167,1,11970,Redwood Creative,President,Media,2011-09-01,,true,2022-05-05,profile_enrichment
6168,1,1947,Silver Maple Holdings,Vice President of Finance,Financial Services,2020-01-30,,true,2020-03-28,crm_import
6169,1,7768,Arcfield Medical,Director of Operations,Healthcare,2019-10-19,2022-01-08,false,2022-01-08,crm_import
6170,1,7768,Regional Health Partners,Senior Program Manager,Healthcare,2014-05-30,2019-10-18,false,2019-10-18,crm_import
6171,1,7768,Harborline Health,Program Manager,Healthcare,2011-08-03,2014-05-29,false,2014-05-29,crm_import
6172,1,7768,Arcfield Medical,Vice President of Operations,Healthcare,2022-01-09,,true,2023-06-22,profile_enrichment
6173,1,12176,Northstar Systems,Analyst,Technology,2015-06-13,2021-05-10,false,2021-05-10,crm_import
6174,1,12176,Northstar Systems,Analyst,Technology,2009-10-01,2015-06-12,false,2015-06-12,profile_enrichment
6175,1,12176,Beacon Software Group,Analyst,Technology,2005-06-19,2009-09-30,false,2009-09-30,crm_import
6176,1,12176,Beacon Software Group,,Technology,2021-05-11,,true,2024-05-25,crm_import
6177,1,19495,Stonebridge Financial,Associate,Financial Services,2010-12-01,2013-09-09,false,2013-09-09,crm_import
6178,1,19495,Granite Advisory,Analyst,Financial Services,2008-09-30,2010-11-30,false,2010-11-30,crm_import
6179,1,19495,Summit Grove Partners,Finance Manager,Financial Services,2013-09-10,,true,2017-04-20,profile_enrichment
6180,1,8,Harborline Health,Director of Operations,Healthcare,2019-02-09,,true,2025-06-16,profile_enrichment
6181,1,7932,Arcfield Medical,Senior Program Manager,Healthcare,2020-10-10,,true,2023-09-21,profile_enrichment
6182,1,17628,CivicWorks Collaborative,Program Manager,Nonprofit,2007-04-13,2010-03-18,false,2010-03-18,crm_import
6183,1,17628,Community Innovation Council,Senior Program Manager,Nonprofit,2010-07-15,,true,2020-08-22,profile_enrichment
6184,1,5772,Redwood Holdings,Operations Manager,Manufacturing,2012-01-21,2016-01-11,false,2016-01-11,crm_import
6185,1,5772,Clearwater Manufacturing,Operations Analyst,Manufacturing,2007-09-18,2012-01-20,false,2012-01-20,crm_import
6186,1,5772,Clearwater Manufacturing,Senior Operations Manager,Manufacturing,2016-01-12,,true,2016-09-12,profile_enrichment
6187,1,4767,Orchard Studio,Senior Producer,Media,2022-06-12,,true,2024-01-27,profile_enrichment
6188,1,8729,CivicWorks Collaborative,Vice President of Programs,Nonprofit,2012-05-08,,true,2016-06-15,profile_enrichment
6189,1,18962,Regional Health Partners,Director of Operations,Healthcare,2007-01-09,2010-05-22,false,2010-05-22,crm_import
6190,1,18962,Arcfield Medical,Vice President of Operations,Healthcare,2011-06-19,,true,2021-07-02,profile_enrichment
6191,1,6794,Arcfield Medical,Director of Operations,Healthcare,2012-12-23,2018-07-14,false,2018-07-14,profile_enrichment
6192,1,6794,Arcfield Medical,Vice President of Operations,Healthcare,2018-07-15,,true,2019-08-20,crm_import
6193,1,18392,Harbor Street Counsel,Legal Analyst,Legal Services,2015-03-12,2021-01-29,false,2021-01-29,crm_import
6194,1,18392,Beacon Legal Group,Legal Analyst,Legal Services,2012-06-30,2015-03-11,false,2015-03-11,crm_import
6195,1,18392,Pinecrest Partners,Associate Counsel,Legal Services,2021-01-30,,true,2022-07-27,profile_enrichment
6196,1,6654,Northbridge Academy,Department Chair,Education,2017-12-09,2023-05-02,false,2023-05-02,profile_enrichment
6197,1,6654,Juniper Education Group,Dean,Education,2023-05-03,,true,2025-12-09,profile_enrichment
6198,1,6687,Mariner Labs,Chief Technology Officer,Technology,2020-12-11,,true,2024-05-03,crm_import
6199,1,1452,Lakeshore Media,President,Media,2016-11-03,,true,2024-06-03,profile_enrichment
6200,1,8028,Summit Grove Partners,Finance Manager,Financial Services,2021-11-17,,true,2023-08-29,profile_enrichment
6201,1,4662,Cedar Ridge Education,Department Chair,Education,2025-07-15,,true,2026-01-22,profile_enrichment
6202,1,3180,Clearwater Manufacturing,Operations Manager,Manufacturing,2014-02-18,2020-01-09,false,2020-01-09,crm_import
6203,1,3180,Clearwater Manufacturing,Operations Analyst,Manufacturing,2009-02-25,2014-02-17,false,2014-02-17,profile_enrichment
6204,1,3180,Arcfield Manufacturing,Senior Operations Manager,Manufacturing,2020-01-10,,true,2023-07-17,profile_enrichment
6205,1,8639,Mariner Media Group,President,Media,2022-11-29,,true,2026-08-26,crm_import
6206,1,11021,Regional Health Partners,Director of Operations,Healthcare,2010-07-06,,true,2010-11-25,crm_import
6207,1,4509,Redwood Holdings,Vice President of Operations,Manufacturing,2023-10-31,,true,2025-05-15,profile_enrichment
6208,1,9715,Clearwater Manufacturing,President,Manufacturing,2021-12-24,,true,2022-06-29,crm_import
6209,1,17320,Orchard Studio,Coordinator,Media,2017-05-21,2019-08-03,false,2019-08-03,crm_import
6210,1,17320,Mariner Media Group,Coordinator,Media,2011-12-15,2017-05-20,false,2017-05-20,crm_import
6211,1,17320,Mariner Media Group,Coordinator,Media,2007-03-13,2011-12-14,false,2011-12-14,profile_enrichment
6212,1,17320,Mariner Media Group,Producer,Media,2019-08-04,,true,2020-06-23,profile_enrichment
6213,1,15045,Summit Grove Partners,Finance Manager,Financial Services,2020-01-10,,true,2023-10-09,profile_enrichment
6214,1,5377,Cedar & Finch Consulting,Associate Counsel,Legal Services,2020-11-10,,true,2021-11-17,profile_enrichment
6215,1,19652,Mariner Labs,Vice President of Engineering,Technology,2013-02-26,,true,2017-02-27,profile_enrichment
6216,1,13300,Northstar Systems,Vice President of Engineering,Technology,2016-08-19,2021-12-27,false,2021-12-27,crm_import
6217,1,13300,Blue Lantern Technologies,Chief Technology Officer,Technology,2021-12-28,,true,2022-12-19,crm_import
6218,1,7370,Summit Grove Partners,Director of Finance,Financial Services,2018-11-29,,true,2022-12-03,profile_enrichment
6219,1,12350,Cedar & Finch Consulting,Senior Counsel,Legal Services,2018-12-27,2024-07-13,false,2024-07-13,crm_import
6220,1,12350,Cedar & Finch Consulting,Counsel,Legal Services,2015-09-07,2018-12-26,false,2018-12-26,profile_enrichment
6221,1,12350,Cedar & Finch Consulting,Associate Counsel,Legal Services,2009-04-22,2014-04-24,false,2014-04-24,profile_enrichment
6222,1,12350,Harbor Street Counsel,Managing Counsel,Legal Services,2024-07-14,,true,2026-02-27,crm_import
6223,1,11812,Summit Grove Partners,Associate,Financial Services,2019-07-25,2025-07-10,false,2025-07-10,crm_import
6224,1,11812,Silver Maple Holdings,Analyst,Financial Services,2016-04-09,2019-07-24,false,2019-07-24,crm_import
6225,1,11812,Summit Grove Partners,Finance Manager,Financial Services,2025-07-11,,true,2025-11-14,crm_import
6226,1,15120,Northbridge Academy,Dean,Education,2014-06-08,,true,2026-06-11,profile_enrichment
6227,1,4622,Orchard Studio,Producer,Media,2021-08-03,,true,2025-07-15,crm_import
6228,1,16948,Silver Maple Holdings,Vice President of Finance,Financial Services,2008-12-25,2012-12-14,false,2012-12-14,crm_import
6229,1,16948,Silver Maple Holdings,Director of Finance,Financial Services,2003-10-19,2008-12-24,false,2008-12-24,crm_import
6230,1,16948,Granite Advisory,Chief Financial Officer,Financial Services,2012-12-15,,true,2024-02-24,profile_enrichment
6231,1,14762,Blue Lantern Technologies,Software Engineer,Technology,2017-11-18,,true,2020-06-23,profile_enrichment
6232,1,5646,Regional Health Partners,Program Manager,Healthcare,2021-12-19,2025-05-01,false,2025-05-01,crm_import
6233,1,5646,Regional Health Partners,Senior Program Manager,Healthcare,2025-05-02,,true,2025-10-20,profile_enrichment
6234,1,18894,Granite Advisory,Analyst,Financial Services,2007-08-08,2010-07-07,false,2010-07-07,profile_enrichment
6235,1,18894,Silver Maple Holdings,Analyst,Financial Services,2001-07-09,2006-04-30,false,2006-04-30,crm_import
6236,1,18894,Silver Maple Holdings,Analyst,Financial Services,1996-05-30,2000-12-03,false,2000-12-03,crm_import
6237,1,18894,Stonebridge Financial,Associate,Financial Services,2010-07-08,,true,2018-01-28,profile_enrichment
6238,1,651,Redwood Creative,Producer,Media,2004-11-13,2010-08-06,false,2010-08-06,profile_enrichment
6239,1,651,Orchard Studio,Coordinator,Media,2001-09-27,2004-01-04,false,2004-01-04,crm_import
6240,1,651,Lakeshore Media,Coordinator,Media,1997-10-24,2001-09-26,false,2001-09-26,crm_import
6241,1,651,Mariner Media Group,Senior Producer,Media,2010-08-07,,true,2014-08-30,crm_import
6242,1,18813,Granite Industrial Group,Director of Operations,Manufacturing,2016-06-08,,true,2023-02-17,crm_import
6243,1,16467,Pinecrest Partners,Managing Counsel,Legal Services,2012-03-15,,true,2022-06-28,crm_import
6244,1,4278,Beacon Software Group,Analyst,Technology,2007-12-31,2013-09-04,false,2013-09-04,crm_import
6245,1,4278,Blue Lantern Technologies,Analyst,Technology,2003-03-24,2007-12-30,false,2007-12-30,crm_import
6246,1,4278,Blue Lantern Technologies,,Technology,2013-09-05,,true,2021-03-21,profile_enrichment
6247,1,9702,Open Learning Network,Associate Professor,Education,2010-08-17,2013-11-14,false,2013-11-14,profile_enrichment
6248,1,9702,Juniper Education Group,Assistant Professor,Education,2008-04-19,2010-08-16,false,2010-08-16,crm_import
6249,1,9702,Juniper Education Group,Lecturer,Education,2005-06-19,2008-04-18,false,2008-04-18,profile_enrichment
6250,1,9702,Northbridge Academy,Professor,Education,2015-01-19,,true,2022-10-29,profile_enrichment
6251,1,3270,Open Learning Network,,Education,2019-04-09,,true,2024-08-12,profile_enrichment
6252,1,4747,Juniper Education Group,Associate Professor,Education,2008-08-04,2010-08-28,false,2010-08-28,crm_import
6253,1,4747,Cedar Ridge Education,Assistant Professor,Education,2010-08-29,,true,2018-04-14,profile_enrichment
6254,1,9530,Mariner Labs,Vice President of Engineering,Technology,2019-07-04,2022-01-10,false,2022-01-10,crm_import
6255,1,9530,Blue Lantern Technologies,Director of Engineering,Technology,2016-08-27,2019-07-03,false,2019-07-03,crm_import
6256,1,9530,Blue Lantern Technologies,Engineering Manager,Technology,2010-11-21,2016-08-26,false,2016-08-26,crm_import
6257,1,9530,Beacon Software Group,Chief Technology Officer,Technology,2022-01-11,,true,2022-10-28,profile_enrichment
6258,1,8372,Open Learning Network,Board Member,Consulting,2020-10-15,2023-04-30,false,2023-04-30,profile_enrichment
6259,1,8372,Mariner Media Group,Program Director,Media,2022-12-30,,true,2025-11-19,profile_enrichment
6260,1,15864,Pinecrest Partners,Associate Counsel,Legal Services,2025-08-24,,true,2026-08-20,profile_enrichment
6261,1,17850,Beacon Software Group,Analyst,Technology,2018-10-06,2024-01-13,false,2024-01-13,crm_import
6262,1,17850,Mariner Labs,Software Engineer,Technology,2024-01-14,,true,2026-02-02,profile_enrichment
6263,1,9429,Community Innovation Council,Director of Programs,Nonprofit,2019-10-21,,true,2026-08-29,profile_enrichment
6264,1,7346,Redwood Creative,President,Media,2010-11-22,,true,2012-01-30,crm_import
6265,1,5561,Open Learning Network,Associate Professor,Education,2015-02-22,,true,2023-11-20,crm_import
6266,1,3200,Blue Lantern Technologies,Software Engineer,Technology,2015-04-20,,true,2017-09-27,profile_enrichment
6267,1,10632,CivicWorks Collaborative,Executive Director,Nonprofit,2022-05-29,,true,2023-08-23,crm_import
6268,1,11151,Youth Arts Collaborative,Program Manager,Nonprofit,2015-06-07,2021-05-13,false,2021-05-13,crm_import
6269,1,11151,Metro Community Foundation,Program Coordinator,Nonprofit,2010-05-03,2015-06-06,false,2015-06-06,crm_import
6270,1,11151,Youth Arts Collaborative,Senior Program Manager,Nonprofit,2021-05-14,,true,2021-11-25,crm_import
6271,1,12867,Redwood Creative,Program Director,Media,2013-11-15,,true,2024-01-24,profile_enrichment
6272,1,7921,Silver Maple Holdings,Finance Manager,Financial Services,2012-08-29,,true,2023-03-25,profile_enrichment
6273,1,5589,CivicWorks Collaborative,Senior Program Manager,Nonprofit,2023-07-07,,true,2023-10-19,profile_enrichment
6274,1,14246,Granite Industrial Group,President,Manufacturing,2012-02-12,,true,2015-10-30,crm_import
6275,1,11882,Clearwater Manufacturing,Vice President of Operations,Manufacturing,2025-12-12,,true,2026-03-08,profile_enrichment
6276,1,7259,Juniper Education Group,Assistant Professor,Education,2018-06-13,,true,2020-01-20,crm_import
6277,1,12935,Community Innovation Council,Vice President of Programs,Nonprofit,2014-07-22,2018-09-11,false,2018-09-11,crm_import
6278,1,12935,Community Innovation Council,Director of Programs,Nonprofit,2009-12-18,2014-07-21,false,2014-07-21,crm_import
6279,1,12935,Metro Community Foundation,Senior Program Manager,Nonprofit,2005-01-07,2009-12-17,false,2009-12-17,crm_import
6280,1,12935,Metro Community Foundation,Executive Director,Nonprofit,2019-06-10,,true,2023-05-09,profile_enrichment
6281,1,13090,Redwood Holdings,Director of Operations,Manufacturing,2011-04-24,,true,2023-01-09,profile_enrichment
6282,1,18319,CivicWorks Collaborative,Director of Programs,Nonprofit,2012-02-14,2017-12-20,false,2017-12-20,crm_import
6283,1,18319,CivicWorks Collaborative,Senior Program Manager,Nonprofit,2008-03-11,2012-02-13,false,2012-02-13,crm_import
6284,1,18319,Community Innovation Council,Program Manager,Nonprofit,2003-12-27,2008-03-10,false,2008-03-10,profile_enrichment
6285,1,18319,Metro Community Foundation,Vice President of Programs,Nonprofit,2017-12-21,,true,2018-06-21,profile_enrichment
6286,1,7386,Community Innovation Council,Director of Programs,Nonprofit,2024-01-04,,true,2025-07-12,profile_enrichment
6287,1,19252,Blue Lantern Technologies,Vice President of Engineering,Technology,2013-08-08,,true,2021-08-08,crm_import
6288,1,8960,Clearwater Manufacturing,Vice President of Operations,Manufacturing,2013-02-23,,true,2020-09-30,crm_import
6289,1,7179,Clearwater Health Group,Senior Program Manager,Healthcare,2022-06-12,,true,2026-01-07,crm_import
6290,1,19492,Summit Grove Partners,Finance Manager,Financial Services,2011-04-24,,true,2022-07-12,crm_import
6291,1,441,Granite Advisory,Senior Finance Manager,Financial Services,2013-07-22,,true,2023-03-09,crm_import
6292,1,4760,CivicWorks Collaborative,Program Coordinator,Nonprofit,2019-03-12,2025-03-10,false,2025-03-10,crm_import
6293,1,4760,CivicWorks Collaborative,Program Coordinator,Nonprofit,2014-12-11,2019-01-12,false,2019-01-12,crm_import
6294,1,4760,Youth Arts Collaborative,Program Coordinator,Nonprofit,2009-09-28,2014-12-10,false,2014-12-10,crm_import
6295,1,4760,CivicWorks Collaborative,,Nonprofit,2025-03-11,,true,2025-07-01,profile_enrichment
6296,1,15579,Blue Lantern Technologies,Senior Software Engineer,Technology,2022-05-23,,true,2024-12-27,crm_import
6297,1,5196,Silver Maple Holdings,Vice President of Finance,Financial Services,2011-05-26,2015-10-29,false,2015-10-29,crm_import
6298,1,5196,Granite Advisory,Director of Finance,Financial Services,2007-10-15,2011-05-25,false,2011-05-25,crm_import
6299,1,5196,Granite Advisory,Chief Financial Officer,Financial Services,2015-10-30,,true,2025-10-19,crm_import
6300,1,6220,Silver Maple Holdings,Director of Finance,Financial Services,2025-01-03,,true,2026-05-10,crm_import
6301,1,15436,Pinecrest Partners,Counsel,Legal Services,2013-05-12,2016-05-06,false,2016-05-06,crm_import
6302,1,15436,Cedar & Finch Consulting,,Legal Services,2016-05-07,,true,2024-08-02,crm_import
6303,1,3299,Summit Grove Partners,Vice President of Finance,Financial Services,2023-02-05,2026-03-05,false,2026-03-05,crm_import
6304,1,3299,Silver Maple Holdings,Director of Finance,Financial Services,2026-03-06,,true,2026-07-26,profile_enrichment
6305,1,5227,Regional Health Partners,Director of Operations,Healthcare,2020-01-26,2022-12-06,false,2022-12-06,profile_enrichment
6306,1,5227,Regional Health Partners,Senior Program Manager,Healthcare,2016-08-04,2019-11-26,false,2019-11-26,crm_import
6307,1,5227,Clearwater Health Group,Program Manager,Healthcare,2011-02-18,2016-08-03,false,2016-08-03,profile_enrichment
6308,1,5227,Arcfield Medical,Vice President of Operations,Healthcare,2022-12-07,,true,2025-05-20,crm_import
6309,1,11102,Regional Health Partners,Program Manager,Healthcare,2009-11-11,2013-03-04,false,2013-03-04,profile_enrichment
6310,1,11102,Arcfield Medical,Senior Program Manager,Healthcare,2013-05-04,,true,2016-07-26,crm_import
6311,1,12731,Mariner Labs,Chief Technology Officer,Technology,2015-03-31,,true,2017-02-24,profile_enrichment
6312,1,17866,Open Learning Network,Lecturer,Education,2013-09-17,2019-06-22,false,2019-06-22,crm_import
6313,1,17866,Cedar Ridge Education,Assistant Professor,Education,2019-06-23,,true,2025-01-26,profile_enrichment
6314,1,14476,Northbridge Academy,Department Chair,Education,2012-09-02,,true,2020-08-14,profile_enrichment
6315,1,15210,Blue Lantern Technologies,Chief Technology Officer,Technology,2011-12-23,,true,2025-05-16,profile_enrichment
6316,1,11983,Northstar Systems,Director of Engineering,Technology,2024-02-07,,true,2025-04-09,profile_enrichment
6317,1,1149,Juniper Education Group,Department Chair,Education,2016-01-29,,true,2019-09-20,crm_import
6318,1,19452,Cedar & Finch Consulting,Counsel,Legal Services,2006-04-22,2011-03-07,false,2011-03-07,crm_import
6319,1,19452,Pinecrest Partners,Senior Counsel,Legal Services,2012-04-06,,true,2021-06-28,crm_import
6320,1,19038,Arcfield Medical,Director of Operations,Healthcare,2019-07-22,,true,2019-08-02,crm_import
6321,1,18555,Cedar & Finch Consulting,Associate Counsel,Legal Services,2011-09-29,,true,2024-10-19,profile_enrichment
6322,1,13481,Juniper Education Group,Lecturer,Education,2010-01-22,2015-02-20,false,2015-02-20,crm_import
6323,1,13481,Open Learning Network,Lecturer,Education,2006-08-16,2010-01-21,false,2010-01-21,crm_import
6324,1,13481,Juniper Education Group,Assistant Professor,Education,2015-12-14,,true,2019-06-12,crm_import
6325,1,6570,Beacon Legal Group,Managing Counsel,Legal Services,2014-04-14,,true,2019-11-12,profile_enrichment
6326,1,6452,Neighborhood Business Alliance,Part-Time Lecturer,Nonprofit,2016-08-16,2019-06-10,false,2019-06-10,profile_enrichment
6327,1,6452,Redwood Creative,Program Director,Media,2019-02-04,,true,2025-01-05,crm_import
6328,1,16200,Beacon Legal Group,Senior Counsel,Legal Services,2019-07-27,2023-12-08,false,2023-12-08,profile_enrichment
6329,1,16200,Pinecrest Partners,Counsel,Legal Services,2013-11-19,2019-07-26,false,2019-07-26,crm_import
6330,1,16200,Pinecrest Partners,Managing Counsel,Legal Services,2025-01-23,,true,2026-05-23,profile_enrichment
6331,1,11663,Orchard Studio,Program Director,Media,2010-10-24,2015-02-23,false,2015-02-23,crm_import
6332,1,11663,Lakeshore Media,Senior Producer,Media,2005-05-08,2010-09-01,false,2010-09-01,crm_import
6333,1,11663,Redwood Creative,Producer,Media,1999-06-16,2005-05-07,false,2005-05-07,profile_enrichment
6334,1,11663,Orchard Studio,Managing Director,Media,2015-02-24,,true,2020-09-21,profile_enrichment
6335,1,1194,Beacon Software Group,Director of Engineering,Technology,2019-11-27,2025-10-18,false,2025-10-18,crm_import
6336,1,1194,Beacon Software Group,Software Engineer,Technology,2015-06-29,2019-03-11,false,2019-03-11,crm_import
6337,1,1194,Blue Lantern Technologies,Engineering Manager,Technology,2025-10-19,,true,2026-03-15,profile_enrichment
6338,1,15862,Clearwater Manufacturing,Director of Operations,Manufacturing,2017-04-01,2021-09-12,false,2021-09-12,profile_enrichment
6339,1,15862,Redwood Holdings,Vice President of Operations,Manufacturing,2021-09-13,,true,2023-07-23,profile_enrichment
6340,1,9725,Northbridge Academy,Associate Professor,Education,2013-11-06,2018-02-12,false,2018-02-12,crm_import
6341,1,9725,Juniper Education Group,Assistant Professor,Education,2010-06-13,2013-11-05,false,2013-11-05,crm_import
6342,1,9725,Cedar Ridge Education,Lecturer,Education,2006-03-27,2009-09-19,false,2009-09-19,crm_import
6343,1,9725,Open Learning Network,Professor,Education,2018-02-13,,true,2022-03-31,profile_enrichment
6344,1,3236,Mariner Labs,Analyst,Technology,2010-03-10,2013-02-16,false,2013-02-16,profile_enrichment
6345,1,3236,Mariner Labs,Analyst,Technology,2006-02-15,2009-07-23,false,2009-07-23,crm_import
6346,1,3236,Blue Lantern Technologies,Analyst,Technology,2004-02-05,2006-02-14,false,2006-02-14,crm_import
6347,1,3236,Blue Lantern Technologies,Software Engineer,Technology,2013-02-17,,true,2021-07-18,crm_import
6348,1,11589,Clearwater Health Group,Chief Operating Officer,Healthcare,2013-05-02,2017-01-26,false,2017-01-26,crm_import
6349,1,11589,Regional Health Partners,Senior Program Manager,Healthcare,2009-02-19,2013-05-01,false,2013-05-01,profile_enrichment
6350,1,11589,Regional Health Partners,Vice President of Operations,Healthcare,2017-01-27,,true,2025-07-01,profile_enrichment
6351,1,4920,Harborline Health,Chief Operating Officer,Healthcare,2016-05-05,,true,2024-12-30,profile_enrichment
6352,1,11501,Cedar Ridge Education,Assistant Professor,Education,2014-01-08,,true,2019-10-09,profile_enrichment
6353,1,10438,Open Learning Network,Department Chair,Education,2024-05-21,,true,2025-11-03,profile_enrichment
6354,1,10431,Arcfield Manufacturing,Senior Operations Manager,Manufacturing,2015-09-28,,true,2021-02-07,profile_enrichment
6355,1,16905,Cedar & Finch Consulting,Associate Counsel,Legal Services,2011-08-29,,true,2017-05-13,crm_import
6356,1,1428,Harborline Health,Vice President of Operations,Healthcare,2009-02-19,2014-02-21,false,2014-02-21,crm_import
6357,1,1428,Harborline Health,Director of Operations,Healthcare,2004-01-24,2009-01-01,false,2009-01-01,profile_enrichment
6358,1,1428,Clearwater Health Group,Senior Program Manager,Healthcare,1998-05-26,2003-04-27,false,2003-04-27,crm_import
6359,1,1428,Regional Health Partners,Chief Operating Officer,Healthcare,2015-04-20,,true,2016-05-09,profile_enrichment
6360,1,19301,Northstar Systems,Senior Software Engineer,Technology,2007-08-18,2012-06-12,false,2012-06-12,crm_import
6361,1,19301,Northstar Systems,Engineering Manager,Technology,2013-08-23,,true,2019-12-31,profile_enrichment
6362,1,8112,Pinecrest Partners,Associate Counsel,Legal Services,2014-06-22,2018-07-27,false,2018-07-27,crm_import
6363,1,8112,Pinecrest Partners,Legal Analyst,Legal Services,2010-04-09,2014-06-21,false,2014-06-21,crm_import
6364,1,8112,Pinecrest Partners,Counsel,Legal Services,2019-11-12,,true,2026-02-05,profile_enrichment
6365,1,72,CivicWorks Collaborative,Vice President of Programs,Nonprofit,2014-06-09,,true,2014-06-15,crm_import
6366,1,7780,Silver Maple Holdings,Senior Finance Manager,Financial Services,2024-11-09,,true,2026-03-04,profile_enrichment
6367,1,2595,Youth Arts Collaborative,Vice President of Programs,Nonprofit,2012-10-19,2017-08-25,false,2017-08-25,crm_import
6368,1,2595,CivicWorks Collaborative,Director of Programs,Nonprofit,2009-09-09,2012-05-29,false,2012-05-29,crm_import
6369,1,2595,Metro Community Foundation,Executive Director,Nonprofit,2017-08-26,,true,2017-12-20,profile_enrichment
6370,1,19483,Community Innovation Council,Director of Programs,Nonprofit,2011-02-10,,true,2019-04-07,profile_enrichment
6371,1,8188,Mariner Media Group,Managing Director,Media,2015-11-27,,true,2019-12-13,crm_import
6372,1,7786,Arcfield Manufacturing,Director of Operations,Manufacturing,2007-08-09,2011-03-05,false,2011-03-05,profile_enrichment
6373,1,7786,Arcfield Manufacturing,Senior Operations Manager,Manufacturing,2003-03-28,2007-08-08,false,2007-08-08,crm_import
6374,1,7786,Clearwater Manufacturing,Vice President of Operations,Manufacturing,2011-11-08,,true,2017-04-28,profile_enrichment
6375,1,19698,Harborline Health,Program Manager,Healthcare,2020-09-26,2025-02-06,false,2025-02-06,crm_import
6376,1,19698,Regional Health Partners,Program Analyst,Healthcare,2017-12-05,2020-09-25,false,2020-09-25,crm_import
6377,1,19698,Harborline Health,Senior Program Manager,Healthcare,2025-02-07,,true,2025-07-16,profile_enrichment
6378,1,7095,Clearwater Manufacturing,Senior Operations Manager,Manufacturing,2017-06-05,2021-08-30,false,2021-08-30,profile_enrichment
6379,1,7095,Redwood Holdings,Operations Manager,Manufacturing,2011-07-06,2017-06-04,false,2017-06-04,crm_import
6380,1,7095,Arcfield Manufacturing,Operations Analyst,Manufacturing,2006-05-21,2011-01-23,false,2011-01-23,crm_import
6381,1,7095,Clearwater Manufacturing,Director of Operations,Manufacturing,2021-08-31,,true,2022-03-27,profile_enrichment
6382,1,16155,Redwood Creative,Program Director,Media,2014-03-16,2019-11-12,false,2019-11-12,crm_import
6383,1,16155,Orchard Studio,Managing Director,Media,2019-11-13,,true,2021-09-26,crm_import
6384,1,11965,Cedar & Finch Consulting,Counsel,Legal Services,2020-07-16,,true,2023-04-22,crm_import
6385,1,4305,Metro Community Foundation,Director of Programs,Nonprofit,2021-11-20,,true,2024-10-16,profile_enrichment
6386,1,16714,Redwood Holdings,Vice President of Operations,Manufacturing,2011-07-18,,true,2011-12-26,profile_enrichment
6387,1,17712,Metro Community Foundation,Vice President of Programs,Nonprofit,2022-05-08,,true,2022-10-04,crm_import
6388,1,4853,Harbor Street Counsel,General Counsel,Legal Services,2022-09-24,,true,2022-12-24,profile_enrichment
6389,1,2259,CivicWorks Collaborative,Senior Program Manager,Nonprofit,2019-05-02,,true,2025-05-17,profile_enrichment
6390,1,13313,Granite Advisory,Associate,Financial Services,2011-08-13,,true,2018-08-15,profile_enrichment
6391,1,14469,Beacon Legal Group,Counsel,Legal Services,2019-02-17,2024-11-27,false,2024-11-27,crm_import
6392,1,14469,Pinecrest Partners,Associate Counsel,Legal Services,2017-01-17,2019-02-16,false,2019-02-16,profile_enrichment
6393,1,14469,Beacon Legal Group,Senior Counsel,Legal Services,2024-11-28,,true,2025-01-05,profile_enrichment
6394,1,6213,Granite Advisory,Director of Finance,Financial Services,2015-03-19,,true,2023-06-30,profile_enrichment
6395,1,10742,Mariner Labs,Engineering Manager,Technology,2012-04-25,,true,2015-04-19,profile_enrichment
6396,1,19649,CivicWorks Collaborative,Vice President of Programs,Nonprofit,2016-04-08,,true,2021-08-18,crm_import
6397,1,15169,Arcfield Manufacturing,Senior Operations Manager,Manufacturing,2016-01-24,,true,2021-10-17,profile_enrichment
6398,1,6358,Silver Maple Holdings,Finance Manager,Financial Services,2014-05-16,2020-03-19,false,2020-03-19,crm_import
6399,1,6358,Stonebridge Financial,Associate,Financial Services,2012-02-26,2014-05-15,false,2014-05-15,profile_enrichment
6400,1,6358,Silver Maple Holdings,Senior Finance Manager,Financial Services,2021-04-20,,true,2025-07-19,crm_import
6401,1,9351,Orchard Studio,Senior Producer,Media,2011-05-03,,true,2022-09-13,crm_import
6402,1,18867,Arcfield Manufacturing,Director of Operations,Manufacturing,2020-11-25,,true,2026-05-04,profile_enrichment
6403,1,5707,Summit Grove Partners,Finance Manager,Financial Services,2023-05-07,,true,2024-12-26,crm_import
6404,1,12458,Arcfield Manufacturing,Senior Operations Manager,Manufacturing,2018-06-03,,true,2022-07-05,profile_enrichment
6405,1,819,Harbor Street Counsel,General Counsel,Legal Services,2013-04-13,,true,2017-07-26,profile_enrichment
6406,1,14220,Beacon Software Group,Analyst,Technology,2010-09-10,2014-10-03,false,2014-10-03,crm_import
6407,1,14220,Youth Arts Collaborative,Part-Time Lecturer,Consulting,2012-01-02,2015-12-02,false,2015-12-02,profile_enrichment
6408,1,14220,Blue Lantern Technologies,Software Engineer,Technology,2015-09-12,,true,2026-02-11,profile_enrichment
6409,1,15711,Arcfield Medical,Program Manager,Healthcare,2013-06-30,,true,2025-05-23,profile_enrichment
6410,1,10422,Granite Advisory,Chief Financial Officer,Financial Services,2022-05-16,,true,2025-04-23,profile_enrichment
6411,1,1934,Beacon Software Group,Software Engineer,Technology,2018-11-28,,true,2019-10-09,crm_import
6412,1,3268,Blue Lantern Technologies,Engineering Manager,Technology,2011-02-17,2015-07-23,false,2015-07-23,profile_enrichment
6413,1,3268,Blue Lantern Technologies,Senior Software Engineer,Technology,2006-12-30,2009-12-10,false,2009-12-10,crm_import
6414,1,3268,Northstar Systems,Director of Engineering,Technology,2015-07-24,,true,2025-03-01,profile_enrichment
6415,1,2063,Pinecrest Partners,General Counsel,Legal Services,2025-02-14,,true,2025-07-27,crm_import
6416,1,14708,Regional Health Partners,Vice President of Operations,Healthcare,2020-11-01,,true,2024-07-26,crm_import
6417,1,6919,Redwood Creative,Producer,Media,2019-03-22,2022-10-24,false,2022-10-24,crm_import
6418,1,6919,Redwood Creative,Senior Producer,Media,2023-11-15,,true,2025-07-09,profile_enrichment
6419,1,16591,Clearwater Manufacturing,Operations Manager,Manufacturing,2013-07-29,,true,2025-01-23,crm_import
6420,1,2284,Beacon Software Group,Director of Engineering,Technology,2019-06-23,2025-02-06,false,2025-02-06,crm_import
6421,1,2284,Mariner Labs,Engineering Manager,Technology,2016-08-11,2019-06-22,false,2019-06-22,crm_import
6422,1,2284,Mariner Labs,Senior Software Engineer,Technology,2012-02-09,2016-08-10,false,2016-08-10,crm_import
6423,1,2284,Northstar Systems,Vice President of Engineering,Technology,2025-12-07,,true,2025-12-21,profile_enrichment
6424,1,3629,Community Innovation Council,Program Coordinator,Nonprofit,2012-05-27,2015-04-07,false,2015-04-07,crm_import
6425,1,3629,Community Innovation Council,Program Coordinator,Nonprofit,2007-11-25,2012-05-26,false,2012-05-26,profile_enrichment
6426,1,3629,Youth Arts Collaborative,Program Coordinator,Nonprofit,2004-08-23,2007-11-24,false,2007-11-24,crm_import
6427,1,3629,Metro Community Foundation,Program Manager,Nonprofit,2015-04-08,,true,2020-06-17,profile_enrichment
6428,1,11120,Youth Arts Collaborative,Executive Director,Nonprofit,2017-06-09,,true,2020-01-27,profile_enrichment
6429,1,7766,Cedar Ridge Education,Associate Professor,Education,2024-08-29,,true,2024-10-07,profile_enrichment
6430,1,12273,Beacon Legal Group,Legal Analyst,Legal Services,2007-05-09,2010-09-14,false,2010-09-14,profile_enrichment
6431,1,12273,Cedar & Finch Consulting,Legal Analyst,Legal Services,2002-01-03,2007-05-08,false,2007-05-08,profile_enrichment
6432,1,12273,Cedar & Finch Consulting,Associate Counsel,Legal Services,2010-09-15,,true,2017-10-08,crm_import
6433,1,2573,Open Learning Network,Assistant Professor,Education,2018-02-09,2021-05-03,false,2021-05-03,crm_import
6434,1,2573,Northbridge Academy,Lecturer,Education,2013-07-14,2018-02-08,false,2018-02-08,crm_import
6435,1,2573,Northbridge Academy,Lecturer,Education,2008-10-19,2013-07-13,false,2013-07-13,crm_import
6436,1,2573,Juniper Education Group,Associate Professor,Education,2021-05-04,,true,2026-08-14,crm_import
6437,1,2848,Lakeshore Media,Producer,Media,2013-08-14,,true,2015-04-01,profile_enrichment
6438,1,4962,Juniper Education Group,Assistant Professor,Education,2011-03-16,2013-09-27,false,2013-09-27,crm_import
6439,1,4962,Open Learning Network,Lecturer,Education,2008-11-05,2011-03-15,false,2011-03-15,profile_enrichment
6440,1,4962,Northbridge Academy,Lecturer,Education,2006-01-31,2008-11-04,false,2008-11-04,profile_enrichment
6441,1,4962,Cedar Ridge Education,Associate Professor,Education,2013-09-28,,true,2017-06-25,profile_enrichment
6442,1,13414,Redwood Holdings,Director of Operations,Manufacturing,2016-08-02,2019-07-11,false,2019-07-11,profile_enrichment
6443,1,13414,Granite Industrial Group,Senior Operations Manager,Manufacturing,2011-05-19,2016-08-01,false,2016-08-01,crm_import
6444,1,13414,Granite Industrial Group,Operations Manager,Manufacturing,2006-11-21,2011-05-18,false,2011-05-18,crm_import
6445,1,13414,Arcfield Manufacturing,Vice President of Operations,Manufacturing,2020-01-21,,true,2020-04-12,crm_import
6446,1,15194,Silver Maple Holdings,Analyst,Financial Services,2011-03-15,2016-10-06,false,2016-10-06,crm_import
6447,1,15194,Granite Advisory,Analyst,Financial Services,2007-02-15,2011-03-14,false,2011-03-14,crm_import
6448,1,15194,Granite Advisory,Analyst,Financial Services,2004-03-15,2007-02-14,false,2007-02-14,crm_import
6449,1,15194,Stonebridge Financial,Associate,Financial Services,2016-10-07,,true,2017-02-19,crm_import
6450,1,14841,Harbor Street Counsel,Counsel,Legal Services,2020-05-14,,true,2022-08-22,profile_enrichment
6451,1,11177,Youth Arts Collaborative,Director of Programs,Nonprofit,2022-01-20,2024-09-26,false,2024-09-26,crm_import
6452,1,11177,Community Innovation Council,Vice President of Programs,Nonprofit,2024-09-27,,true,2025-03-18,crm_import
6453,1,10196,Arcfield Medical,Vice President of Operations,Healthcare,2015-02-28,2018-07-11,false,2018-07-11,crm_import
6454,1,10196,Clearwater Health Group,Chief Operating Officer,Healthcare,2018-07-12,,true,2022-10-08,crm_import
6455,1,16208,Cedar Ridge Education,Lecturer,Education,2008-05-15,2012-04-09,false,2012-04-09,crm_import
6456,1,16208,Northbridge Academy,Assistant Professor,Education,2012-04-10,,true,2021-02-19,profile_enrichment
6457,1,8559,Mariner Media Group,President,Media,2010-07-18,,true,2022-06-08,profile_enrichment
6458,1,2028,Northbridge Academy,Assistant Professor,Education,2009-10-26,2013-07-14,false,2013-07-14,crm_import
6459,1,2028,Cedar Ridge Education,Associate Professor,Education,2014-11-01,,true,2026-08-27,profile_enrichment
6460,1,9366,Summit Grove Partners,Finance Manager,Financial Services,2010-09-12,2014-12-02,false,2014-12-02,crm_import
6461,1,9366,Stonebridge Financial,Senior Finance Manager,Financial Services,2014-12-03,,true,2020-04-09,profile_enrichment
6462,1,17816,Clearwater Health Group,Director of Operations,Healthcare,2013-09-06,2015-12-31,false,2015-12-31,profile_enrichment
6463,1,17816,Regional Health Partners,Vice President of Operations,Healthcare,2016-01-01,,true,2017-03-28,profile_enrichment
6464,1,3163,Metro Community Foundation,Vice President of Programs,Nonprofit,2017-10-14,2021-07-23,false,2021-07-23,crm_import
6465,1,3163,CivicWorks Collaborative,Director of Programs,Nonprofit,2012-11-28,2017-10-13,false,2017-10-13,profile_enrichment
6466,1,3163,Youth Arts Collaborative,Senior Program Manager,Nonprofit,2008-10-18,2012-11-27,false,2012-11-27,crm_import
6467,1,3163,Youth Arts Collaborative,Executive Director,Nonprofit,2021-07-24,,true,2025-05-14,profile_enrichment
6468,1,8178,Juniper Education Group,Professor,Education,2016-09-23,2020-05-21,false,2020-05-21,crm_import
6469,1,8178,Open Learning Network,Department Chair,Education,2020-05-22,,true,2024-02-19,crm_import
6470,1,4211,Mariner Labs,Vice President of Engineering,Technology,2005-02-13,2010-10-31,false,2010-10-31,crm_import
6471,1,4211,Mariner Labs,Senior Software Engineer,Technology,2000-07-27,2005-02-12,false,2005-02-12,crm_import
6472,1,4211,Blue Lantern Technologies,Software Engineer,Technology,1995-02-07,2000-07-26,false,2000-07-26,crm_import
6473,1,4211,Northstar Systems,Director of Engineering,Technology,2010-11-01,,true,2025-06-30,crm_import
6474,1,15813,Granite Industrial Group,Operations Manager,Manufacturing,2022-03-24,,true,2022-10-13,crm_import
6475,1,1042,Mariner Labs,Engineering Manager,Technology,2022-02-25,,true,2023-03-08,profile_enrichment
6476,1,7178,Open Learning Network,Associate Professor,Education,2018-11-13,2022-10-06,false,2022-10-06,crm_import
6477,1,7178,Cedar Ridge Education,Assistant Professor,Education,2016-04-27,2018-11-12,false,2018-11-12,crm_import
6478,1,7178,Juniper Education Group,Lecturer,Education,2014-04-04,2016-04-26,false,2016-04-26,profile_enrichment
6479,1,7178,Juniper Education Group,Professor,Education,2022-10-07,,true,2025-02-23,profile_enrichment
6480,1,10734,Mariner Labs,Engineering Manager,Technology,2021-03-12,2023-04-22,false,2023-04-22,crm_import
6481,1,10734,Mariner Labs,Senior Software Engineer,Technology,2015-08-08,2021-03-11,false,2021-03-11,crm_import
6482,1,10734,Beacon Software Group,Director of Engineering,Technology,2024-07-23,,true,2025-02-12,profile_enrichment
6483,1,13602,Northbridge Academy,Department Chair,Education,2014-12-12,,true,2014-12-22,profile_enrichment
6484,1,4327,Stonebridge Financial,Director of Finance,Financial Services,2010-07-21,,true,2016-04-05,profile_enrichment
6485,1,1006,Silver Maple Holdings,Senior Finance Manager,Financial Services,2004-04-19,2010-02-27,false,2010-02-27,crm_import
6486,1,1006,Stonebridge Financial,Finance Manager,Financial Services,2000-10-20,2002-12-10,false,2002-12-10,crm_import
6487,1,1006,Granite Advisory,Associate,Financial Services,1998-03-05,2000-10-19,false,2000-10-19,profile_enrichment
6488,1,1006,Stonebridge Financial,Director of Finance,Financial Services,2010-02-28,,true,2014-03-06,crm_import
6489,1,13266,Arcfield Manufacturing,Vice President of Operations,Manufacturing,2008-01-29,2011-07-05,false,2011-07-05,crm_import
6490,1,13266,Clearwater Manufacturing,Director of Operations,Manufacturing,2005-01-22,2008-01-28,false,2008-01-28,crm_import
6491,1,13266,Clearwater Manufacturing,President,Manufacturing,2011-07-06,,true,2017-11-16,crm_import
6492,1,12056,Granite Industrial Group,President,Manufacturing,2022-05-04,,true,2024-02-29,profile_enrichment
6493,1,1200,Northbridge Academy,Department Chair,Education,2013-07-12,,true,2024-05-23,profile_enrichment
6494,1,3791,Open Learning Network,Professor,Education,2021-11-15,,true,2025-07-20,profile_enrichment
6495,1,13482,Regional Health Partners,Vice President of Operations,Healthcare,2013-04-02,2017-05-05,false,2017-05-05,profile_enrichment
6496,1,13482,Clearwater Health Group,Chief Operating Officer,Healthcare,2017-05-06,,true,2024-02-13,profile_enrichment
6497,1,228,Redwood Creative,Managing Director,Media,2024-01-25,,true,2025-02-19,profile_enrichment
6498,1,17070,Community Innovation Council,,Nonprofit,2016-08-07,,true,2018-08-05,profile_enrichment
6499,1,649,Redwood Holdings,Operations Manager,Manufacturing,2015-07-04,2021-06-11,false,2021-06-11,crm_import
6500,1,649,Redwood Holdings,Senior Operations Manager,Manufacturing,2021-06-12,,true,2026-06-12,crm_import
6501,1,14197,Mariner Media Group,Producer,Media,2006-08-06,2012-01-24,false,2012-01-24,crm_import
6502,1,14197,Redwood Creative,Coordinator,Media,2001-12-12,2006-03-24,false,2006-03-24,profile_enrichment
6503,1,14197,Lakeshore Media,Senior Producer,Media,2012-01-25,,true,2017-10-04,crm_import
6504,1,1747,Mariner Labs,Senior Software Engineer,Technology,2013-06-25,2019-04-23,false,2019-04-23,crm_import
6505,1,1747,Northstar Systems,Engineering Manager,Technology,2020-01-04,,true,2021-09-15,profile_enrichment
6506,1,14662,Northbridge Academy,Associate Professor,Education,2014-03-21,2018-12-08,false,2018-12-08,profile_enrichment
6507,1,14662,Northbridge Academy,Professor,Education,2019-07-13,,true,2024-05-16,profile_enrichment
6508,1,18873,Harborline Health,Program Manager,Healthcare,2013-05-01,2017-06-27,false,2017-06-27,crm_import
6509,1,18873,Harborline Health,Senior Program Manager,Healthcare,2017-06-28,,true,2020-09-15,profile_enrichment
6510,1,4394,Juniper Education Group,Associate Professor,Education,2010-04-20,2014-01-05,false,2014-01-05,profile_enrichment
6511,1,4394,Northbridge Academy,Assistant Professor,Education,2004-12-05,2010-04-19,false,2010-04-19,crm_import
6512,1,4394,Open Learning Network,Professor,Education,2014-01-06,,true,2016-10-20,profile_enrichment
6513,1,3599,Stonebridge Financial,Finance Manager,Financial Services,2013-11-22,,true,2014-04-27,crm_import
6514,1,300,Lakeshore Media,Managing Director,Media,2024-08-01,,true,2024-12-02,profile_enrichment
6515,1,17209,Harbor Street Counsel,Counsel,Legal Services,2020-08-07,,true,2022-08-10,profile_enrichment
6516,1,2861,Harborline Health,Chief Operating Officer,Healthcare,2004-11-15,2010-03-02,false,2010-03-02,crm_import
6517,1,2861,Arcfield Medical,Senior Program Manager,Healthcare,2000-04-19,2004-11-14,false,2004-11-14,crm_import
6518,1,2861,Harborline Health,Program Manager,Healthcare,1996-08-06,2000-04-18,false,2000-04-18,crm_import
6519,1,2861,Regional Health Partners,Vice President of Operations,Healthcare,2010-11-14,,true,2012-09-01,profile_enrichment
6520,1,985,CivicWorks Collaborative,Program Manager,Nonprofit,2008-01-13,2013-03-23,false,2013-03-23,crm_import
6521,1,985,CivicWorks Collaborative,Program Coordinator,Nonprofit,2002-10-30,2007-10-16,false,2007-10-16,crm_import
6522,1,985,CivicWorks Collaborative,Senior Program Manager,Nonprofit,2013-03-24,,true,2019-08-05,crm_import
6523,1,18210,Clearwater Manufacturing,Vice President of Operations,Manufacturing,2017-06-12,2023-02-27,false,2023-02-27,crm_import
6524,1,18210,Redwood Holdings,Director of Operations,Manufacturing,2014-03-01,2016-09-29,false,2016-09-29,crm_import
6525,1,18210,Clearwater Manufacturing,Senior Operations Manager,Manufacturing,2010-03-09,2014-02-28,false,2014-02-28,crm_import
6526,1,18210,Arcfield Manufacturing,President,Manufacturing,2023-02-28,,true,2024-11-22,profile_enrichment
6527,1,16000,Arcfield Manufacturing,Senior Operations Manager,Manufacturing,2020-02-17,2023-08-03,false,2023-08-03,crm_import
6528,1,16000,Clearwater Manufacturing,Operations Manager,Manufacturing,2014-05-20,2020-02-16,false,2020-02-16,profile_enrichment
6529,1,16000,Redwood Holdings,Operations Analyst,Manufacturing,2009-03-05,2013-10-04,false,2013-10-04,crm_import
6530,1,16000,Clearwater Manufacturing,Director of Operations,Manufacturing,2023-08-04,,true,2024-01-17,crm_import
6531,1,5082,Mariner Labs,Vice President of Engineering,Technology,2015-12-19,2018-08-24,false,2018-08-24,crm_import
6532,1,5082,Blue Lantern Technologies,Director of Engineering,Technology,2011-05-13,2015-12-18,false,2015-12-18,crm_import
6533,1,5082,Beacon Software Group,Engineering Manager,Technology,2006-10-13,2011-05-12,false,2011-05-12,crm_import
6534,1,5082,Blue Lantern Technologies,,Technology,2018-08-25,,true,2021-02-01,profile_enrichment
6535,1,17604,Orchard Studio,Program Director,Media,2012-09-17,2015-11-01,false,2015-11-01,profile_enrichment
6536,1,17604,Mariner Media Group,Senior Producer,Media,2008-01-16,2012-09-16,false,2012-09-16,crm_import
6537,1,17604,Orchard Studio,Managing Director,Media,2015-11-02,,true,2022-05-24,crm_import
6538,1,13329,Northstar Systems,Vice President of Engineering,Technology,2014-03-15,2019-02-28,false,2019-02-28,crm_import
6539,1,13329,Mariner Labs,Director of Engineering,Technology,2008-01-10,2012-09-28,false,2012-09-28,crm_import
6540,1,13329,Mariner Labs,Engineering Manager,Technology,2002-03-01,2007-11-07,false,2007-11-07,profile_enrichment
6541,1,13329,Mariner Labs,Chief Technology Officer,Technology,2019-03-01,,true,2021-09-12,profile_enrichment
6542,1,5213,Cedar Ridge Education,Assistant Professor,Education,2022-12-24,,true,2024-06-23,profile_enrichment
6543,1,8334,Cedar & Finch Consulting,Associate Counsel,Legal Services,2024-05-24,,true,2025-12-30,crm_import
6544,1,10999,Juniper Education Group,Dean,Education,2022-04-18,,true,2023-04-30,profile_enrichment
6545,1,12552,Summit Grove Partners,Director of Finance,Financial Services,2020-10-04,,true,2022-10-06,crm_import
6546,1,497,Harbor Street Counsel,Senior Counsel,Legal Services,2008-09-12,2014-02-05,false,2014-02-05,crm_import
6547,1,497,Beacon Legal Group,Counsel,Legal Services,2002-05-30,2007-09-19,false,2007-09-19,crm_import
6548,1,497,Cedar & Finch Consulting,Associate Counsel,Legal Services,1997-10-25,2002-05-29,false,2002-05-29,profile_enrichment
6549,1,497,Beacon Legal Group,Managing Counsel,Legal Services,2014-02-06,,true,2020-12-03,profile_enrichment
6550,1,10493,Youth Arts Collaborative,Vice President of Programs,Nonprofit,2019-02-01,2022-11-09,false,2022-11-09,profile_enrichment
6551,1,10493,Metro Community Foundation,Director of Programs,Nonprofit,2013-07-05,2019-01-31,false,2019-01-31,crm_import
6552,1,10493,CivicWorks Collaborative,Senior Program Manager,Nonprofit,2011-05-22,2013-07-04,false,2013-07-04,crm_import
6553,1,10493,Metro Community Foundation,Executive Director,Nonprofit,2022-11-10,,true,2025-05-10,profile_enrichment
6554,1,8656,Summit Grove Partners,Vice President of Finance,Financial Services,2013-05-20,2016-06-13,false,2016-06-13,crm_import
6555,1,8656,Stonebridge Financial,Director of Finance,Financial Services,2010-04-11,2013-05-19,false,2013-05-19,profile_enrichment
6556,1,8656,Stonebridge Financial,Senior Finance Manager,Financial Services,2006-11-05,2010-04-10,false,2010-04-10,crm_import
6557,1,8656,Stonebridge Financial,Chief Financial Officer,Financial Services,2016-06-14,,true,2021-03-16,profile_enrichment
6558,1,4374,Arcfield Medical,Vice President of Operations,Healthcare,2016-07-26,2019-03-11,false,2019-03-11,profile_enrichment
6559,1,4374,Harborline Health,Director of Operations,Healthcare,2014-07-08,2016-07-25,false,2016-07-25,profile_enrichment
6560,1,4374,Regional Health Partners,Senior Program Manager,Healthcare,2009-07-08,2014-07-07,false,2014-07-07,crm_import
6561,1,4374,Clearwater Health Group,Chief Operating Officer,Healthcare,2019-05-20,,true,2021-08-31,profile_enrichment
6562,1,9975,Lakeshore Media,Coordinator,Media,2008-02-04,2010-02-21,false,2010-02-21,crm_import
6563,1,9975,Orchard Studio,Coordinator,Media,2003-02-04,2008-02-03,false,2008-02-03,crm_import
6564,1,9975,Mariner Media Group,Coordinator,Media,1999-02-22,2003-02-03,false,2003-02-03,crm_import
6565,1,9975,Mariner Media Group,Producer,Media,2010-02-22,,true,2017-02-28,crm_import
6566,1,19663,Cedar Ridge Education,Dean,Education,2018-07-19,,true,2024-07-28,crm_import
6567,1,13695,Mariner Labs,Senior Software Engineer,Technology,2015-10-17,,true,2024-03-22,crm_import
6568,1,956,Harborline Health,Senior Program Manager,Healthcare,2018-06-27,,true,2020-12-12,profile_enrichment
6569,1,12463,Beacon Software Group,Senior Software Engineer,Technology,2013-04-05,2018-11-23,false,2018-11-23,crm_import
6570,1,12463,Blue Lantern Technologies,Engineering Manager,Technology,2018-11-24,,true,2025-09-23,crm_import
6571,1,9012,Northbridge Academy,Professor,Education,2010-11-28,,true,2012-01-10,crm_import
6572,1,1004,Granite Industrial Group,Operations Manager,Manufacturing,2017-12-23,,true,2019-05-23,crm_import
6573,1,13484,Silver Maple Holdings,Senior Finance Manager,Financial Services,2017-02-07,2020-12-14,false,2020-12-14,profile_enrichment
6574,1,13484,Silver Maple Holdings,Finance Manager,Financial Services,2014-06-23,2017-02-06,false,2017-02-06,crm_import
6575,1,13484,Silver Maple Holdings,Associate,Financial Services,2011-05-21,2014-06-22,false,2014-06-22,crm_import
6576,1,13484,Summit Grove Partners,Director of Finance,Financial Services,2020-12-15,,true,2024-01-13,crm_import
6577,1,1614,Clearwater Health Group,Vice President of Operations,Healthcare,2014-07-06,,true,2026-07-04,profile_enrichment
6578,1,5768,Mariner Labs,Chief Technology Officer,Technology,2010-12-05,,true,2015-03-17,profile_enrichment
6579,1,7035,Arcfield Medical,Director of Operations,Healthcare,2015-12-22,,true,2025-03-14,profile_enrichment
6580,1,14652,Summit Grove Partners,Senior Finance Manager,Financial Services,2011-05-11,,true,2013-11-01,crm_import
6581,1,9953,Mariner Media Group,Managing Director,Media,2015-06-23,,true,2024-05-04,crm_import
6582,1,19745,Cedar Ridge Education,Assistant Professor,Education,2017-01-29,,true,2024-02-06,profile_enrichment
6583,1,4656,Beacon Software Group,Software Engineer,Technology,2008-12-24,2014-03-26,false,2014-03-26,crm_import
6584,1,4656,Mariner Labs,Analyst,Technology,2005-03-19,2008-12-23,false,2008-12-23,profile_enrichment
6585,1,4656,Northstar Systems,Analyst,Technology,2002-02-14,2005-01-28,false,2005-01-28,crm_import
6586,1,4656,Northstar Systems,Senior Software Engineer,Technology,2014-03-27,,true,2023-04-09,profile_enrichment
6587,1,6334,Northstar Systems,Software Engineer,Technology,2010-07-14,,true,2013-11-05,profile_enrichment
6588,1,16639,Arcfield Manufacturing,Operations Manager,Manufacturing,2022-03-31,,true,2025-12-27,crm_import
6589,1,18235,Regional Health Partners,Vice President of Operations,Healthcare,2015-03-02,,true,2019-12-25,crm_import
6590,1,13890,Arcfield Medical,Program Analyst,Healthcare,2020-03-07,2024-12-17,false,2024-12-17,profile_enrichment
6591,1,13890,Arcfield Medical,Program Manager,Healthcare,2024-12-18,,true,2026-04-17,profile_enrichment
6592,1,968,Community Innovation Council,Vice President of Programs,Nonprofit,2025-04-22,,true,2025-12-08,profile_enrichment
6593,1,3998,Juniper Education Group,,Education,2018-02-02,,true,2022-12-20,crm_import
6594,1,14896,Regional Health Partners,Director of Operations,Healthcare,2015-02-19,,true,2015-11-04,crm_import
6595,1,12847,Cedar Ridge Education,Assistant Professor,Education,2023-08-11,,true,2024-04-03,profile_enrichment
6596,1,4496,Blue Lantern Technologies,Vice President of Engineering,Technology,2015-01-07,,true,2022-04-07,crm_import
6597,1,13959,Juniper Education Group,Assistant Professor,Education,2021-01-08,,true,2023-12-01,profile_enrichment
6598,1,11060,Open Learning Network,Professor,Education,2013-11-08,2016-10-31,false,2016-10-31,crm_import
6599,1,11060,Northbridge Academy,Associate Professor,Education,2016-11-01,,true,2021-04-01,crm_import
6600,1,17213,Clearwater Manufacturing,Vice President of Operations,Manufacturing,2014-07-01,,true,2019-02-15,crm_import
6601,1,19338,Northstar Systems,Software Engineer,Technology,2006-12-29,2011-06-21,false,2011-06-21,crm_import
6602,1,19338,Mariner Labs,Analyst,Technology,2003-04-22,2006-12-28,false,2006-12-28,crm_import
6603,1,19338,Beacon Software Group,Senior Software Engineer,Technology,2011-12-20,,true,2012-04-02,profile_enrichment
6604,1,3205,Community Innovation Council,Vice President of Programs,Nonprofit,2012-11-02,2016-07-10,false,2016-07-10,crm_import
6605,1,3205,Metro Community Foundation,Director of Programs,Nonprofit,2016-07-11,,true,2018-03-07,crm_import
6606,1,16763,Juniper Education Group,Associate Professor,Education,2012-04-03,2017-10-19,false,2017-10-19,crm_import
6607,1,16763,Juniper Education Group,Assistant Professor,Education,2007-05-23,2011-11-06,false,2011-11-06,crm_import
6608,1,16763,Open Learning Network,Professor,Education,2017-10-20,,true,2026-01-06,profile_enrichment
6609,1,12097,Stonebridge Financial,Associate,Financial Services,2012-07-17,2017-06-01,false,2017-06-01,crm_import
6610,1,12097,Summit Grove Partners,Analyst,Financial Services,2007-05-14,2012-07-16,false,2012-07-16,profile_enrichment
6611,1,12097,Summit Grove Partners,,Financial Services,2017-06-02,,true,2022-02-09,profile_enrichment
6612,1,9711,Beacon Software Group,Software Engineer,Technology,2012-09-05,,true,2024-09-02,profile_enrichment
6613,1,14642,Stonebridge Financial,Vice President of Finance,Financial Services,2012-06-08,,true,2021-03-03,profile_enrichment
6614,1,1768,Silver Maple Holdings,Finance Manager,Financial Services,2015-07-31,,true,2022-10-15,profile_enrichment
6615,1,18405,Open Learning Network,Department Chair,Education,2017-11-20,2021-08-12,false,2021-08-12,crm_import
6616,1,18405,Juniper Education Group,Professor,Education,2011-02-01,2016-12-06,false,2016-12-06,crm_import
6617,1,18405,Northbridge Academy,Associate Professor,Education,2006-03-31,2011-01-31,false,2011-01-31,crm_import
6618,1,18405,Northbridge Academy,Dean,Education,2021-08-13,,true,2023-11-22,profile_enrichment
6619,1,12177,Lakeshore Media,Producer,Media,2010-02-20,,true,2020-08-28,crm_import
6620,1,19723,Arcfield Medical,Senior Program Manager,Healthcare,2025-07-01,,true,2025-07-22,profile_enrichment
6621,1,10222,Mariner Labs,Software Engineer,Technology,2020-05-10,,true,2024-06-19,profile_enrichment
6622,1,3450,Stonebridge Financial,Senior Finance Manager,Financial Services,2010-05-09,2016-01-16,false,2016-01-16,profile_enrichment
6623,1,3450,Stonebridge Financial,Finance Manager,Financial Services,2006-04-14,2010-05-08,false,2010-05-08,crm_import
6624,1,3450,Silver Maple Holdings,Director of Finance,Financial Services,2016-01-17,,true,2024-08-09,crm_import
6625,1,16804,Summit Grove Partners,Finance Manager,Financial Services,2019-09-24,,true,2021-08-25,crm_import
6626,1,16557,Arcfield Medical,Vice President of Operations,Healthcare,2025-09-08,,true,2026-06-17,crm_import
6627,1,13779,Youth Arts Collaborative,Vice President of Programs,Nonprofit,2012-09-23,,true,2014-03-25,crm_import
6628,1,3552,Beacon Software Group,Software Engineer,Technology,2011-01-29,,true,2019-01-24,profile_enrichment
6629,1,10250,Regional Health Partners,Senior Program Manager,Healthcare,2006-11-21,2012-03-30,false,2012-03-30,crm_import
6630,1,10250,Clearwater Health Group,Program Manager,Healthcare,2004-01-08,2006-11-20,false,2006-11-20,crm_import
6631,1,10250,Clearwater Health Group,Program Analyst,Healthcare,2000-08-05,2002-09-02,false,2002-09-02,crm_import
6632,1,10250,Regional Health Partners,Director of Operations,Healthcare,2012-03-31,,true,2025-03-24,profile_enrichment
6633,1,13824,Juniper Education Group,Associate Professor,Education,2021-07-24,,true,2026-01-27,profile_enrichment
6634,1,2991,Youth Arts Collaborative,Program Manager,Nonprofit,2014-08-15,,true,2025-09-28,profile_enrichment
6635,1,6457,Orchard Studio,Program Director,Media,2016-06-09,,true,2017-09-02,profile_enrichment
6636,1,655,Granite Advisory,Associate,Financial Services,2017-12-17,,true,2022-12-10,profile_enrichment
6637,1,2300,Regional Health Partners,Vice President of Operations,Healthcare,2013-12-05,2016-07-27,false,2016-07-27,profile_enrichment
6638,1,2300,Harborline Health,Director of Operations,Healthcare,2007-04-28,2012-12-20,false,2012-12-20,profile_enrichment
6639,1,2300,Regional Health Partners,Senior Program Manager,Healthcare,2002-12-23,2007-04-27,false,2007-04-27,crm_import
6640,1,2300,Clearwater Health Group,Chief Operating Officer,Healthcare,2016-07-28,,true,2020-10-20,profile_enrichment
6641,1,18654,Juniper Education Group,Assistant Professor,Education,2010-10-10,2016-06-03,false,2016-06-03,crm_import
6642,1,18654,Open Learning Network,Associate Professor,Education,2017-05-19,,true,2021-08-11,crm_import
6643,1,498,Open Learning Network,Department Chair,Education,2018-05-12,,true,2024-11-22,profile_enrichment
6644,1,18910,Blue Lantern Technologies,Engineering Manager,Technology,2018-05-23,,true,2023-08-29,profile_enrichment
6645,1,13193,Redwood Creative,Managing Director,Media,2010-04-24,,true,2010-11-05,crm_import
6646,1,9862,Redwood Creative,,Media,2016-08-15,,true,2025-03-30,profile_enrichment
6647,1,3498,Metro Community Foundation,Director of Programs,Nonprofit,2021-09-11,2025-12-18,false,2025-12-18,profile_enrichment
6648,1,3498,Youth Arts Collaborative,Senior Program Manager,Nonprofit,2016-04-01,2021-09-10,false,2021-09-10,crm_import
6649,1,3498,Youth Arts Collaborative,Vice President of Programs,Nonprofit,2025-12-19,,true,2026-01-10,crm_import
6650,1,8599,Redwood Creative,President,Media,2012-06-30,,true,2019-09-25,profile_enrichment
6651,1,5948,Harbor Street Counsel,Associate Counsel,Legal Services,2022-01-19,2025-10-24,false,2025-10-24,crm_import
6652,1,5948,Cedar & Finch Consulting,Legal Analyst,Legal Services,2019-02-22,2022-01-18,false,2022-01-18,crm_import
6653,1,5948,Pinecrest Partners,Legal Analyst,Legal Services,2014-07-18,2019-02-21,false,2019-02-21,crm_import
6654,1,5948,Harbor Street Counsel,Counsel,Legal Services,2026-02-23,,true,2026-06-22,profile_enrichment
6655,1,15733,Stonebridge Financial,Associate,Financial Services,2014-03-20,,true,2022-12-07,crm_import
6656,1,1599,Harborline Health,Program Analyst,Healthcare,2013-09-16,2019-05-19,false,2019-05-19,crm_import
6657,1,1599,Regional Health Partners,Program Analyst,Healthcare,2008-10-27,2013-09-15,false,2013-09-15,profile_enrichment
6658,1,1599,Regional Health Partners,Program Manager,Healthcare,2019-05-20,,true,2020-11-14,profile_enrichment
6659,1,911,Arcfield Medical,Program Manager,Healthcare,2021-07-27,2025-04-23,false,2025-04-23,crm_import
6660,1,911,Harborline Health,Senior Program Manager,Healthcare,2025-04-24,,true,2026-07-13,profile_enrichment
6661,1,15760,Regional Health Partners,Program Manager,Healthcare,2016-07-16,2022-01-09,false,2022-01-09,crm_import
6662,1,15760,Arcfield Medical,Program Analyst,Healthcare,2011-02-16,2016-07-15,false,2016-07-15,profile_enrichment
6663,1,15760,Arcfield Medical,Senior Program Manager,Healthcare,2022-01-10,,true,2022-07-09,crm_import
6664,1,6796,Northbridge Academy,Department Chair,Education,2020-10-26,,true,2023-08-21,profile_enrichment
6665,1,10998,Redwood Holdings,Director of Operations,Manufacturing,2014-11-05,,true,2015-11-13,profile_enrichment
6666,1,19686,Metro Community Foundation,Vice President of Programs,Nonprofit,2014-10-11,,true,2019-05-08,crm_import
6667,1,12885,Community Innovation Council,Program Manager,Nonprofit,2025-09-20,,true,2025-12-23,crm_import
6668,1,18030,Northstar Systems,Engineering Manager,Technology,2017-02-02,2021-07-08,false,2021-07-08,crm_import
6669,1,18030,Blue Lantern Technologies,Director of Engineering,Technology,2021-07-09,,true,2025-11-27,crm_import
6670,1,13576,Community Innovation Council,Program Manager,Nonprofit,2015-06-29,2019-01-21,false,2019-01-21,crm_import
6671,1,13576,Metro Community Foundation,Program Coordinator,Nonprofit,2010-12-03,2015-06-28,false,2015-06-28,crm_import
6672,1,13576,CivicWorks Collaborative,Program Coordinator,Nonprofit,2007-10-08,2010-12-02,false,2010-12-02,crm_import
6673,1,13576,Youth Arts Collaborative,Senior Program Manager,Nonprofit,2019-01-22,,true,2023-06-05,profile_enrichment
6674,1,4324,Lakeshore Media,Managing Director,Media,2009-09-16,2014-01-22,false,2014-01-22,crm_import
6675,1,4324,Lakeshore Media,Program Director,Media,2005-04-07,2009-09-15,false,2009-09-15,crm_import
6676,1,4324,Lakeshore Media,Senior Producer,Media,2002-08-04,2005-04-06,false,2005-04-06,crm_import
6677,1,4324,Mariner Media Group,President,Media,2014-01-23,,true,2016-09-09,crm_import
6678,1,16065,Metro Community Foundation,Vice President of Programs,Nonprofit,2026-01-31,,true,2026-03-24,profile_enrichment
6679,1,7690,Lakeshore Media,Producer,Media,2012-01-19,,true,2018-02-14,profile_enrichment
6680,1,4888,Beacon Legal Group,Associate Counsel,Legal Services,2013-02-27,,true,2023-03-27,crm_import
6681,1,4796,Arcfield Medical,Senior Program Manager,Healthcare,2014-12-28,,true,2020-12-04,crm_import
6682,1,10569,Arcfield Manufacturing,Senior Operations Manager,Manufacturing,2018-12-17,2022-02-13,false,2022-02-13,profile_enrichment
6683,1,10569,Clearwater Manufacturing,Operations Manager,Manufacturing,2022-02-14,,true,2022-08-02,crm_import
6684,1,10728,CivicWorks Collaborative,Director of Programs,Nonprofit,2014-08-23,,true,2021-11-13,profile_enrichment
6685,1,15682,Blue Lantern Technologies,Engineering Manager,Technology,2013-06-19,,true,2015-06-26,profile_enrichment
6686,1,832,Clearwater Health Group,Senior Program Manager,Healthcare,2013-05-14,,true,2020-06-30,profile_enrichment
6687,1,18800,Harbor Street Counsel,Managing Counsel,Legal Services,2023-07-18,,true,2026-04-23,profile_enrichment
6688,1,2331,Summit Grove Partners,Vice President of Finance,Financial Services,2011-01-09,,true,2017-10-26,crm_import
6689,1,8996,Summit Grove Partners,Analyst,Financial Services,2013-12-02,2019-03-30,false,2019-03-30,profile_enrichment
6690,1,8996,Summit Grove Partners,Analyst,Financial Services,2009-12-19,2013-12-01,false,2013-12-01,crm_import
6691,1,8996,Granite Advisory,Associate,Financial Services,2020-07-29,,true,2021-04-08,crm_import
6692,1,7486,Granite Advisory,Associate,Financial Services,2022-06-15,,true,2022-10-12,crm_import
6693,1,18002,Clearwater Health Group,Program Manager,Healthcare,2021-11-27,,true,2024-06-09,crm_import
6694,1,6995,Community Innovation Council,Director of Programs,Nonprofit,2025-09-24,,true,2026-01-01,profile_enrichment
6695,1,6485,Juniper Education Group,Associate Professor,Education,2021-01-11,2025-10-06,false,2025-10-06,crm_import
6696,1,6485,Juniper Education Group,Professor,Education,2025-10-07,,true,2026-06-30,profile_enrichment
6697,1,5258,Cedar Ridge Education,Department Chair,Education,2010-11-05,2015-05-01,false,2015-05-01,crm_import
6698,1,5258,Open Learning Network,Dean,Education,2016-05-23,,true,2025-09-26,crm_import
6699,1,16807,Harborline Health,Chief Operating Officer,Healthcare,2021-05-19,,true,2021-11-14,profile_enrichment
6700,1,4788,Silver Maple Holdings,Director of Finance,Financial Services,2021-04-23,,true,2024-12-22,profile_enrichment
6701,1,10251,Harborline Health,Chief Operating Officer,Healthcare,2010-06-28,,true,2017-11-30,crm_import
6702,1,15752,Arcfield Medical,Senior Program Manager,Healthcare,2023-01-18,,true,2024-11-04,crm_import
6703,1,19254,Beacon Legal Group,Legal Analyst,Legal Services,2014-07-29,2018-03-21,false,2018-03-21,profile_enrichment
6704,1,19254,Harbor Street Counsel,Associate Counsel,Legal Services,2018-03-22,,true,2025-07-15,profile_enrichment
6705,1,2694,Arcfield Manufacturing,Operations Manager,Manufacturing,2017-07-20,,true,2025-04-10,profile_enrichment
6706,1,5949,Clearwater Manufacturing,Vice President of Operations,Manufacturing,2019-04-18,2024-03-28,false,2024-03-28,crm_import
6707,1,5949,Granite Industrial Group,President,Manufacturing,2024-03-29,,true,2025-05-24,crm_import
6708,1,7755,Stonebridge Financial,Director of Finance,Financial Services,2017-02-17,,true,2021-04-14,crm_import
6709,1,13063,Open Learning Network,Professor,Education,2025-12-09,,true,2026-05-21,profile_enrichment
6710,1,13154,Metro Community Foundation,Program Manager,Nonprofit,2017-03-11,2022-09-07,false,2022-09-07,crm_import
6711,1,13154,CivicWorks Collaborative,Senior Program Manager,Nonprofit,2022-09-08,,true,2025-10-13,profile_enrichment
6712,1,2797,Orchard Studio,Producer,Media,2008-10-30,2013-12-22,false,2013-12-22,crm_import
6713,1,2797,Mariner Media Group,Coordinator,Media,2003-01-26,2008-10-29,false,2008-10-29,crm_import
6714,1,2797,Lakeshore Media,Coordinator,Media,1998-02-08,2003-01-25,false,2003-01-25,crm_import
6715,1,2797,Mariner Media Group,Senior Producer,Media,2013-12-23,,true,2023-07-20,profile_enrichment
6716,1,3777,Clearwater Manufacturing,Director of Operations,Manufacturing,2025-11-21,,true,2026-03-29,crm_import
6717,1,10955,Youth Arts Collaborative,Director of Programs,Nonprofit,2020-05-14,2025-05-11,false,2025-05-11,crm_import
6718,1,10955,Metro Community Foundation,Senior Program Manager,Nonprofit,2016-01-02,2020-05-13,false,2020-05-13,crm_import
6719,1,10955,Community Innovation Council,Vice President of Programs,Nonprofit,2025-05-12,,true,2025-10-29,crm_import
6720,1,11326,Cedar Ridge Education,Associate Professor,Education,2012-02-26,,true,2021-01-19,profile_enrichment
6721,1,17462,Beacon Software Group,Engineering Manager,Technology,2013-10-17,2016-05-09,false,2016-05-09,crm_import
6722,1,17462,Northstar Systems,Director of Engineering,Technology,2016-05-10,,true,2025-04-18,crm_import
6723,1,1163,Community Innovation Council,Director of Programs,Nonprofit,2016-07-12,2021-07-20,false,2021-07-20,profile_enrichment
6724,1,1163,CivicWorks Collaborative,Senior Program Manager,Nonprofit,2021-12-26,,true,2023-12-19,crm_import
6725,1,18715,Beacon Legal Group,Managing Counsel,Legal Services,2013-02-08,2019-01-07,false,2019-01-07,crm_import
6726,1,18715,Harbor Street Counsel,Senior Counsel,Legal Services,2010-05-06,2013-02-07,false,2013-02-07,crm_import
6727,1,18715,Beacon Legal Group,General Counsel,Legal Services,2019-01-08,,true,2025-09-23,crm_import
6728,1,5577,Clearwater Manufacturing,Senior Operations Manager,Manufacturing,2013-09-15,,true,2024-07-16,profile_enrichment
6729,1,12234,Juniper Education Group,Department Chair,Education,2019-10-20,,true,2024-02-02,crm_import
6730,1,15479,Harborline Health,Program Manager,Healthcare,2020-07-16,,true,2021-12-02,crm_import
6731,1,6056,Cedar Ridge Education,Assistant Professor,Education,2011-02-16,,true,2015-03-01,profile_enrichment
6732,1,5960,Lakeshore Media,Program Director,Media,2021-10-05,,true,2022-03-13,profile_enrichment
6733,1,14035,Mariner Media Group,,Media,2014-05-20,,true,2017-10-12,profile_enrichment
6734,1,3276,Blue Lantern Technologies,Senior Software Engineer,Technology,2023-09-24,,true,2026-03-09,crm_import
6735,1,13647,Arcfield Medical,Director of Operations,Healthcare,2018-06-07,,true,2022-02-22,profile_enrichment
6736,1,8917,Granite Advisory,Vice President of Finance,Financial Services,2025-04-08,,true,2025-06-06,profile_enrichment
6737,1,8110,Arcfield Manufacturing,Operations Analyst,Manufacturing,2016-11-21,2022-10-31,false,2022-10-31,crm_import
6738,1,8110,Arcfield Manufacturing,Operations Manager,Manufacturing,2022-12-21,,true,2025-08-22,profile_enrichment
6739,1,3673,Harborline Health,Director of Operations,Healthcare,2023-06-18,,true,2025-09-28,crm_import
6740,1,4582,Orchard Studio,Producer,Media,2016-12-03,,true,2019-02-26,profile_enrichment
6741,1,9098,Harborline Health,Program Analyst,Healthcare,2008-03-13,2012-11-11,false,2012-11-11,crm_import
6742,1,9098,Clearwater Health Group,Program Manager,Healthcare,2012-11-12,,true,2021-02-01,profile_enrichment
6743,1,15783,Cedar Ridge Education,Assistant Professor,Education,2011-11-02,,true,2013-11-03,profile_enrichment
6744,1,4179,Blue Lantern Technologies,Analyst,Technology,2018-05-11,2021-07-19,false,2021-07-19,crm_import
6745,1,4179,Beacon Software Group,Analyst,Technology,2015-05-02,2018-05-10,false,2018-05-10,crm_import
6746,1,4179,Northstar Systems,Software Engineer,Technology,2022-01-30,,true,2025-05-13,crm_import
6747,1,6680,Orchard Studio,Coordinator,Media,2014-07-06,2019-02-22,false,2019-02-22,crm_import
6748,1,6680,Lakeshore Media,Coordinator,Media,2010-06-12,2014-07-05,false,2014-07-05,crm_import
6749,1,6680,Redwood Creative,Coordinator,Media,2007-02-13,2010-06-11,false,2010-06-11,crm_import
6750,1,6680,Mariner Media Group,Producer,Media,2019-02-23,,true,2024-02-06,crm_import
6751,1,9430,Harborline Health,Program Analyst,Healthcare,2022-02-16,2026-03-11,false,2026-03-11,crm_import
6752,1,9430,Arcfield Medical,Program Analyst,Healthcare,2018-10-20,2022-02-15,false,2022-02-15,crm_import
6753,1,9430,Harborline Health,Program Manager,Healthcare,2026-03-12,,true,2026-07-27,crm_import
6754,1,16828,Clearwater Health Group,Chief Operating Officer,Healthcare,2020-05-22,,true,2026-04-11,profile_enrichment
6755,1,3546,Arcfield Manufacturing,Operations Manager,Manufacturing,2021-11-30,,true,2023-12-17,profile_enrichment
6756,1,9629,Cedar Ridge Education,Dean,Education,2014-02-24,,true,2018-08-06,crm_import
6757,1,2050,Mariner Media Group,Senior Producer,Media,2011-09-03,,true,2016-04-27,crm_import
6758,1,3315,Arcfield Manufacturing,Operations Manager,Manufacturing,2020-01-30,2023-11-15,false,2023-11-15,crm_import
6759,1,3315,Arcfield Manufacturing,Senior Operations Manager,Manufacturing,2023-11-16,,true,2024-07-28,crm_import
6760,1,4245,Cedar & Finch Consulting,Counsel,Legal Services,2005-12-07,2011-06-13,false,2011-06-13,crm_import
6761,1,4245,Pinecrest Partners,Legal Analyst,Legal Services,2001-03-23,2005-12-06,false,2005-12-06,profile_enrichment
6762,1,4245,Beacon Legal Group,Legal Analyst,Legal Services,1998-12-14,2001-03-22,false,2001-03-22,crm_import
6763,1,4245,Cedar & Finch Consulting,Associate Counsel,Legal Services,2011-06-14,,true,2026-01-14,crm_import
6764,1,3762,Youth Arts Collaborative,Program Manager,Nonprofit,2019-06-07,,true,2020-08-25,crm_import
6765,1,2563,Lakeshore Media,Program Director,Media,2017-09-26,2022-08-22,false,2022-08-22,crm_import
6766,1,2563,Redwood Creative,Senior Producer,Media,2013-09-12,2017-09-25,false,2017-09-25,crm_import
6767,1,2563,Redwood Creative,Managing Director,Media,2022-08-23,,true,2025-02-15,profile_enrichment
6768,1,2123,Beacon Software Group,Analyst,Technology,2019-06-21,2023-01-18,false,2023-01-18,crm_import
6769,1,2123,Mariner Labs,Software Engineer,Technology,2023-01-19,,true,2025-11-30,profile_enrichment
6770,1,5415,Youth Arts Collaborative,Senior Program Manager,Nonprofit,2011-12-30,2016-01-17,false,2016-01-17,crm_import
6771,1,5415,CivicWorks Collaborative,Program Manager,Nonprofit,2006-04-27,2011-12-29,false,2011-12-29,crm_import
6772,1,5415,Youth Arts Collaborative,Program Coordinator,Nonprofit,2000-10-11,2006-04-26,false,2006-04-26,crm_import
6773,1,5415,CivicWorks Collaborative,Director of Programs,Nonprofit,2016-01-18,,true,2026-05-10,crm_import
6774,1,12378,CivicWorks Collaborative,Vice President of Programs,Nonprofit,2011-05-13,,true,2011-08-01,profile_enrichment
6775,1,10038,Blue Lantern Technologies,Vice President of Engineering,Technology,2019-02-14,,true,2020-10-20,profile_enrichment
6776,1,11622,Metro Community Foundation,Senior Program Manager,Nonprofit,2024-07-26,,true,2024-09-09,crm_import
6777,1,2118,Youth Arts Collaborative,Vice President of Programs,Nonprofit,2021-05-17,2025-02-25,false,2025-02-25,crm_import
6778,1,2118,Metro Community Foundation,Director of Programs,Nonprofit,2016-11-20,2021-05-16,false,2021-05-16,crm_import
6779,1,2118,Community Innovation Council,Senior Program Manager,Nonprofit,2012-10-31,2016-11-19,false,2016-11-19,crm_import
6780,1,2118,CivicWorks Collaborative,Executive Director,Nonprofit,2025-02-26,,true,2026-04-24,crm_import
6781,1,13160,Redwood Creative,Senior Producer,Media,2021-05-08,,true,2024-06-12,profile_enrichment
6782,1,1678,Metro Community Foundation,Director of Programs,Nonprofit,2017-03-05,2022-02-27,false,2022-02-27,crm_import
6783,1,1678,Youth Arts Collaborative,Vice President of Programs,Nonprofit,2022-02-28,,true,2024-09-06,crm_import
6784,1,17566,Clearwater Health Group,Chief Operating Officer,Healthcare,2014-06-28,,true,2024-09-26,profile_enrichment
6785,1,12993,Regional Health Initiative,Strategic Advisor,Education,2023-09-13,2026-03-03,false,2026-03-03,profile_enrichment
6786,1,12993,Regional Health Partners,Director of Operations,Healthcare,2025-10-11,,true,2026-04-16,crm_import
6787,1,4246,Redwood Creative,Coordinator,Media,2019-03-17,2022-05-02,false,2022-05-02,crm_import
6788,1,4246,Redwood Creative,Coordinator,Media,2013-06-05,2019-03-16,false,2019-03-16,crm_import
6789,1,4246,Lakeshore Media,Coordinator,Media,2010-06-07,2013-06-04,false,2013-06-04,profile_enrichment
6790,1,4246,Orchard Studio,Producer,Media,2022-05-03,,true,2022-09-05,profile_enrichment
6791,1,6651,Mariner Media Group,President,Media,2012-04-21,,true,2022-01-18,profile_enrichment
6792,1,6531,Granite Advisory,Chief Financial Officer,Financial Services,2020-01-25,,true,2022-01-23,profile_enrichment
6793,1,16158,Northstar Systems,Director of Engineering,Technology,2012-03-11,2016-10-24,false,2016-10-24,crm_import
6794,1,16158,Blue Lantern Technologies,Engineering Manager,Technology,2008-06-27,2012-03-10,false,2012-03-10,crm_import
6795,1,16158,Northstar Systems,Senior Software Engineer,Technology,2005-01-14,2008-06-26,false,2008-06-26,crm_import
6796,1,16158,Youth Arts Collaborative,Part-Time Lecturer,Consulting,2014-02-15,2018-03-08,false,2018-03-08,profile_enrichment
6797,1,16158,Northstar Systems,Vice President of Engineering,Technology,2017-09-27,,true,2020-06-12,crm_import
6798,1,19054,Lakeshore Media,Coordinator,Media,2016-06-23,2019-12-04,false,2019-12-04,crm_import
6799,1,19054,Lakeshore Media,Coordinator,Media,2010-08-14,2015-05-02,false,2015-05-02,profile_enrichment
6800,1,19054,Orchard Studio,Coordinator,Media,2006-10-28,2010-08-13,false,2010-08-13,profile_enrichment
6801,1,19054,Orchard Studio,Producer,Media,2019-12-05,,true,2025-10-21,profile_enrichment
6802,1,3137,Summit Grove Partners,Vice President of Finance,Financial Services,2008-10-10,2012-07-26,false,2012-07-26,profile_enrichment
6803,1,3137,Silver Maple Holdings,Director of Finance,Financial Services,2005-07-04,2008-10-09,false,2008-10-09,crm_import
6804,1,3137,Silver Maple Holdings,Senior Finance Manager,Financial Services,2002-01-07,2005-07-03,false,2005-07-03,crm_import
6805,1,3137,Granite Advisory,Chief Financial Officer,Financial Services,2012-07-27,,true,2016-05-16,profile_enrichment
6806,1,13132,Granite Advisory,Senior Finance Manager,Financial Services,2019-05-12,,true,2023-07-21,crm_import
6807,1,9146,Stonebridge Financial,Vice President of Finance,Financial Services,2024-07-06,,true,2025-11-01,crm_import
6808,1,13725,Granite Industrial Group,Director of Operations,Manufacturing,2023-11-28,,true,2025-09-27,crm_import
6809,1,825,Redwood Holdings,Senior Operations Manager,Manufacturing,2014-09-07,2016-12-07,false,2016-12-07,crm_import
6810,1,825,Granite Industrial Group,Operations Manager,Manufacturing,2012-05-09,2014-09-06,false,2014-09-06,crm_import
6811,1,825,Granite Industrial Group,Director of Operations,Manufacturing,2016-12-08,,true,2019-10-23,crm_import
6812,1,4551,Blue Lantern Technologies,Engineering Manager,Technology,2017-12-13,,true,2025-05-20,crm_import
6813,1,16602,Cedar & Finch Consulting,Counsel,Legal Services,2014-08-31,,true,2021-12-27,crm_import
6814,1,14133,Beacon Software Group,Director of Engineering,Technology,2025-02-27,,true,2025-04-24,crm_import
6815,1,13431,Granite Industrial Group,Senior Operations Manager,Manufacturing,2010-01-08,,true,2010-07-22,profile_enrichment
6816,1,5392,Juniper Education Group,Associate Professor,Education,2005-11-09,2010-05-03,false,2010-05-03,crm_import
6817,1,5392,Northbridge Academy,Professor,Education,2010-05-04,,true,2022-01-04,profile_enrichment
6818,1,16983,Juniper Education Group,Assistant Professor,Education,2014-07-06,,true,2023-07-28,profile_enrichment
6819,1,12986,Cedar Ridge Education,Professor,Education,2016-02-16,,true,2021-12-31,profile_enrichment
6820,1,8760,Harborline Health,Program Manager,Healthcare,2016-11-11,,true,2023-04-23,crm_import
6821,1,5316,Harbor Street Counsel,Counsel,Legal Services,2026-07-09,,true,2026-08-24,crm_import
6822,1,18907,Open Learning Network,Associate Professor,Education,2017-10-04,,true,2026-06-20,crm_import
6823,1,2859,Mariner Labs,Vice President of Engineering,Technology,2014-08-09,2018-05-16,false,2018-05-16,profile_enrichment
6824,1,2859,Northstar Systems,Director of Engineering,Technology,2011-07-31,2014-08-08,false,2014-08-08,crm_import
6825,1,2859,Northstar Systems,Engineering Manager,Technology,2006-03-24,2011-07-30,false,2011-07-30,crm_import
6826,1,2859,Mariner Labs,Chief Technology Officer,Technology,2018-05-17,,true,2024-10-22,profile_enrichment
6827,1,10227,Beacon Software Group,Director of Engineering,Technology,2012-04-07,,true,2025-12-31,profile_enrichment
6828,1,15756,Clearwater Health Group,Vice President of Operations,Healthcare,2008-07-08,2013-12-02,false,2013-12-02,crm_import
6829,1,15756,Arcfield Medical,Chief Operating Officer,Healthcare,2013-12-03,,true,2022-07-18,crm_import
6830,1,18724,Blue Lantern Technologies,Chief Technology Officer,Technology,2014-08-20,,true,2016-02-20,profile_enrichment
6831,1,8938,Summit Grove Partners,Senior Finance Manager,Financial Services,2010-11-05,2014-02-08,false,2014-02-08,crm_import
6832,1,8938,Stonebridge Financial,Finance Manager,Financial Services,2007-08-02,2010-11-04,false,2010-11-04,profile_enrichment
6833,1,8938,Granite Advisory,Director of Finance,Financial Services,2014-02-09,,true,2019-09-03,profile_enrichment
6834,1,4521,Cedar & Finch Consulting,Counsel,Legal Services,2022-09-08,2025-01-01,false,2025-01-01,crm_import
6835,1,4521,Beacon Legal Group,Associate Counsel,Legal Services,2025-01-02,,true,2025-09-29,profile_enrichment
6836,1,18263,Harbor Street Counsel,Counsel,Legal Services,2016-03-21,2019-01-06,false,2019-01-06,profile_enrichment
6837,1,18263,Pinecrest Partners,,Legal Services,2019-04-08,,true,2020-10-21,profile_enrichment
6838,1,8753,Harborline Health,Senior Program Manager,Healthcare,2010-12-08,2015-05-11,false,2015-05-11,crm_import
6839,1,8753,Arcfield Medical,Program Manager,Healthcare,2006-09-06,2010-12-07,false,2010-12-07,crm_import
6840,1,8753,Regional Health Partners,Program Analyst,Healthcare,2001-02-09,2006-09-05,false,2006-09-05,crm_import
6841,1,8753,Arcfield Medical,Director of Operations,Healthcare,2015-05-12,,true,2023-11-01,profile_enrichment
6842,1,19905,CivicWorks Collaborative,Executive Director,Nonprofit,2021-12-25,,true,2024-08-11,crm_import
6843,1,14972,Lakeshore Media,Producer,Media,2017-01-15,2022-10-14,false,2022-10-14,crm_import
6844,1,14972,Lakeshore Media,Coordinator,Media,2014-12-30,2017-01-14,false,2017-01-14,crm_import
6845,1,14972,Redwood Creative,Coordinator,Media,2012-07-30,2014-12-29,false,2014-12-29,profile_enrichment
6846,1,14972,Orchard Studio,Senior Producer,Media,2022-10-15,,true,2025-04-13,profile_enrichment
6847,1,6223,Northbridge Academy,Associate Professor,Education,2013-05-10,,true,2018-11-28,profile_enrichment
6848,1,18215,Northstar Systems,Senior Software Engineer,Technology,2014-03-29,,true,2018-04-29,profile_enrichment
6849,1,19349,Pinecrest Partners,Senior Counsel,Legal Services,2014-04-23,,true,2020-03-09,profile_enrichment
6850,1,12423,Open Learning Network,Professor,Education,2007-11-26,2011-08-06,false,2011-08-06,crm_import
6851,1,12423,Open Learning Network,Associate Professor,Education,2002-07-10,2007-11-25,false,2007-11-25,profile_enrichment
6852,1,12423,Northbridge Academy,Assistant Professor,Education,1996-11-17,2002-07-09,false,2002-07-09,crm_import
6853,1,12423,Open Learning Network,Department Chair,Education,2011-08-07,,true,2023-03-16,crm_import
6854,1,11269,Youth Arts Collaborative,Program Manager,Nonprofit,2012-10-12,,true,2015-01-05,profile_enrichment
6855,1,12480,Metro Community Foundation,Director of Programs,Nonprofit,2021-03-02,2024-03-04,false,2024-03-04,crm_import
6856,1,12480,Community Innovation Council,Senior Program Manager,Nonprofit,2018-01-09,2021-03-01,false,2021-03-01,crm_import
6857,1,12480,Community Innovation Council,Vice President of Programs,Nonprofit,2024-09-12,,true,2025-09-14,crm_import
6858,1,8499,Redwood Holdings,Operations Manager,Manufacturing,2014-07-13,2016-10-16,false,2016-10-16,crm_import
6859,1,8499,Redwood Holdings,Operations Analyst,Manufacturing,2008-12-12,2013-08-03,false,2013-08-03,crm_import
6860,1,8499,Arcfield Manufacturing,Operations Analyst,Manufacturing,2004-02-04,2008-12-11,false,2008-12-11,crm_import
6861,1,8499,Open Learning Network,Board Member,Consulting,2014-01-08,2017-01-23,false,2017-01-23,profile_enrichment
6862,1,8499,Arcfield Manufacturing,Senior Operations Manager,Manufacturing,2016-10-17,,true,2022-08-16,crm_import
6863,1,3674,CivicWorks Collaborative,Vice President of Programs,Nonprofit,2022-03-27,,true,2024-09-19,profile_enrichment
6864,1,4370,Stonebridge Financial,Finance Manager,Financial Services,2018-10-15,2021-07-26,false,2021-07-26,crm_import
6865,1,4370,Stonebridge Financial,Associate,Financial Services,2012-08-18,2017-10-11,false,2017-10-11,crm_import
6866,1,4370,Stonebridge Financial,Senior Finance Manager,Financial Services,2022-07-01,,true,2023-01-14,crm_import
6867,1,2283,Clearwater Health Group,Vice President of Operations,Healthcare,2018-06-10,2022-01-03,false,2022-01-03,crm_import
6868,1,2283,Clearwater Health Group,Director of Operations,Healthcare,2012-05-22,2017-06-01,false,2017-06-01,crm_import
6869,1,2283,Regional Health Partners,Chief Operating Officer,Healthcare,2022-01-04,,true,2025-09-17,crm_import
6870,1,9358,Open Learning Network,Associate Professor,Education,2016-02-13,,true,2021-12-16,profile_enrichment
6871,1,7303,Cedar & Finch Consulting,Senior Counsel,Legal Services,2017-07-10,,true,2018-01-19,crm_import
6872,1,2387,Orchard Studio,Senior Producer,Media,2019-05-10,,true,2022-05-22,crm_import
6873,1,10168,Arcfield Manufacturing,Vice President of Operations,Manufacturing,2016-03-05,2021-04-25,false,2021-04-25,profile_enrichment
6874,1,10168,Clearwater Manufacturing,Director of Operations,Manufacturing,2012-09-18,2016-03-04,false,2016-03-04,crm_import
6875,1,10168,Arcfield Manufacturing,President,Manufacturing,2021-04-26,,true,2025-03-01,profile_enrichment
6876,1,6737,Mariner Media Group,Senior Producer,Media,2008-05-18,2011-11-02,false,2011-11-02,crm_import
6877,1,6737,Mariner Media Group,Producer,Media,2004-01-12,2008-05-17,false,2008-05-17,crm_import
6878,1,6737,Lakeshore Media,Coordinator,Media,2000-04-01,2004-01-11,false,2004-01-11,crm_import
6879,1,6737,Redwood Creative,Program Director,Media,2011-11-03,,true,2012-11-18,profile_enrichment
6880,1,11949,Arcfield Medical,Vice President of Operations,Healthcare,2024-03-09,,true,2026-02-06,profile_enrichment
6881,1,15204,Metro Community Foundation,Director of Programs,Nonprofit,2020-06-12,,true,2021-11-13,profile_enrichment
6882,1,8044,Cedar Ridge Education,Professor,Education,2014-04-20,2019-03-06,false,2019-03-06,crm_import
6883,1,8044,Cedar Ridge Education,Associate Professor,Education,2009-01-22,2013-05-03,false,2013-05-03,crm_import
6884,1,8044,Cedar Ridge Education,Assistant Professor,Education,2005-09-26,2009-01-21,false,2009-01-21,crm_import
6885,1,8044,Northbridge Academy,Department Chair,Education,2019-03-07,,true,2022-06-08,crm_import
6886,1,6941,Harbor Street Counsel,Managing Counsel,Legal Services,2022-03-11,,true,2023-03-27,crm_import
6887,1,14407,Orchard Studio,Producer,Media,2013-12-24,,true,2026-03-15,profile_enrichment
6888,1,6970,Open Learning Network,Professor,Education,2015-04-20,,true,2016-01-09,profile_enrichment
6889,1,16752,Redwood Holdings,President,Manufacturing,2018-06-29,,true,2021-09-12,profile_enrichment
6890,1,2373,Stonebridge Financial,Finance Manager,Financial Services,2005-01-25,2010-04-28,false,2010-04-28,crm_import
6891,1,2373,Silver Maple Holdings,Associate,Financial Services,1999-08-08,2005-01-24,false,2005-01-24,crm_import
6892,1,2373,Granite Advisory,Senior Finance Manager,Financial Services,2010-04-29,,true,2017-09-03,crm_import
6893,1,12083,Arcfield Manufacturing,Operations Manager,Manufacturing,2012-12-27,,true,2015-07-01,profile_enrichment
6894,1,1790,Clearwater Manufacturing,Senior Operations Manager,Manufacturing,2008-02-10,2012-04-06,false,2012-04-06,crm_import
6895,1,1790,Clearwater Manufacturing,Operations Manager,Manufacturing,2002-11-23,2008-02-09,false,2008-02-09,crm_import
6896,1,1790,Redwood Holdings,Director of Operations,Manufacturing,2012-04-07,,true,2014-12-27,profile_enrichment
6897,1,6319,Harborline Health,Program Manager,Healthcare,2010-12-05,,true,2013-07-26,profile_enrichment
6898,1,15821,Juniper Education Group,Assistant Professor,Education,2026-03-05,,true,2026-07-18,profile_enrichment
6899,1,8464,Cedar Ridge Education,Professor,Education,2018-08-12,,true,2019-01-10,profile_enrichment
6900,1,12592,Redwood Holdings,Operations Manager,Manufacturing,2022-10-10,2024-12-26,false,2024-12-26,crm_import
6901,1,12592,Arcfield Manufacturing,Operations Analyst,Manufacturing,2019-04-19,2022-10-09,false,2022-10-09,crm_import
6902,1,12592,Redwood Holdings,Operations Analyst,Manufacturing,2016-05-03,2019-04-18,false,2019-04-18,profile_enrichment
6903,1,12592,Clearwater Manufacturing,Senior Operations Manager,Manufacturing,2024-12-27,,true,2025-07-16,profile_enrichment
6904,1,4098,Silver Maple Holdings,Associate,Financial Services,2015-03-14,,true,2015-07-20,crm_import
6905,1,5150,Lakeshore Media,Producer,Media,2010-06-30,,true,2011-10-07,profile_enrichment
6906,1,14360,CivicWorks Collaborative,Program Manager,Nonprofit,2007-05-01,2012-03-20,false,2012-03-20,crm_import
6907,1,14360,Community Innovation Council,Program Coordinator,Nonprofit,2002-08-06,2007-04-30,false,2007-04-30,crm_import
6908,1,14360,CivicWorks Collaborative,Senior Program Manager,Nonprofit,2012-03-21,,true,2017-07-06,crm_import
6909,1,604,Granite Industrial Group,Operations Manager,Manufacturing,2026-02-18,,true,2026-04-12,crm_import
6910,1,11029,Metro Community Foundation,Program Manager,Nonprofit,2015-02-18,2018-04-19,false,2018-04-19,crm_import
6911,1,11029,Metro Community Foundation,Program Coordinator,Nonprofit,2010-01-23,2014-11-27,false,2014-11-27,crm_import
6912,1,11029,CivicWorks Collaborative,Senior Program Manager,Nonprofit,2018-04-20,,true,2020-08-15,crm_import
6913,1,2432,Redwood Holdings,Senior Operations Manager,Manufacturing,2024-12-23,,true,2025-10-11,crm_import
6914,1,15378,Northbridge Academy,Department Chair,Education,2014-12-08,,true,2024-04-23,profile_enrichment
6915,1,15625,Youth Arts Collaborative,Vice President of Programs,Nonprofit,2016-10-14,,true,2023-02-12,profile_enrichment
6916,1,6639,Granite Industrial Group,,Manufacturing,2019-02-15,,true,2019-04-07,crm_import
6917,1,17822,Community Innovation Council,Director of Programs,Nonprofit,2009-11-18,2013-12-10,false,2013-12-10,crm_import
6918,1,17822,Youth Arts Collaborative,Senior Program Manager,Nonprofit,2005-09-14,2009-11-17,false,2009-11-17,crm_import
6919,1,17822,Metro Community Foundation,Program Manager,Nonprofit,1999-01-22,2004-10-18,false,2004-10-18,profile_enrichment
6920,1,17822,Metro Community Foundation,,Nonprofit,2014-07-25,,true,2016-02-08,profile_enrichment
6921,1,4493,Arcfield Manufacturing,Operations Manager,Manufacturing,2019-04-28,,true,2025-08-04,crm_import
6922,1,16967,Arcfield Medical,Program Manager,Healthcare,2014-01-27,,true,2023-11-25,profile_enrichment
6923,1,17323,Pinecrest Partners,Counsel,Legal Services,2020-10-28,,true,2021-10-10,crm_import
6924,1,4547,Beacon Software Group,Vice President of Engineering,Technology,2023-02-27,2026-01-30,false,2026-01-30,crm_import
6925,1,4547,Blue Lantern Technologies,Chief Technology Officer,Technology,2026-01-31,,true,2026-03-13,profile_enrichment
6926,1,19167,Harborline Health,Director of Operations,Healthcare,2011-01-01,2016-02-01,false,2016-02-01,crm_import
6927,1,19167,Clearwater Health Group,Vice President of Operations,Healthcare,2016-02-02,,true,2021-02-05,profile_enrichment
6928,1,9973,Granite Advisory,Senior Finance Manager,Financial Services,2024-12-11,,true,2026-08-04,crm_import
6929,1,2062,Northbridge Academy,Department Chair,Education,2009-01-20,2014-03-24,false,2014-03-24,crm_import
6930,1,2062,Northbridge Academy,Professor,Education,2003-10-22,2007-11-05,false,2007-11-05,crm_import
6931,1,2062,Juniper Education Group,Associate Professor,Education,2000-06-30,2003-10-21,false,2003-10-21,crm_import
6932,1,2062,Northbridge Academy,Dean,Education,2014-03-25,,true,2015-05-12,profile_enrichment
6933,1,4617,Mariner Labs,Chief Technology Officer,Technology,2016-06-12,,true,2020-04-19,profile_enrichment
6934,1,4846,Granite Advisory,Senior Finance Manager,Financial Services,2022-01-29,,true,2024-10-21,crm_import
6935,1,2602,Youth Arts Collaborative,Program Manager,Nonprofit,2023-12-02,,true,2024-05-14,crm_import
6936,1,6751,Harbor Street Counsel,Associate Counsel,Legal Services,2010-06-19,,true,2021-01-16,crm_import
6937,1,14539,Harbor Street Counsel,Counsel,Legal Services,2019-09-13,2025-04-08,false,2025-04-08,crm_import
6938,1,14539,Harbor Street Counsel,Senior Counsel,Legal Services,2025-04-09,,true,2025-07-16,profile_enrichment
6939,1,3975,Clearwater Manufacturing,Operations Manager,Manufacturing,2021-12-08,2025-02-23,false,2025-02-23,crm_import
6940,1,3975,Clearwater Manufacturing,Operations Analyst,Manufacturing,2016-06-05,2021-12-07,false,2021-12-07,profile_enrichment
6941,1,3975,Arcfield Manufacturing,Operations Analyst,Manufacturing,2011-04-25,2016-06-04,false,2016-06-04,crm_import
6942,1,3975,Clearwater Manufacturing,Senior Operations Manager,Manufacturing,2025-02-24,,true,2025-07-05,profile_enrichment
6943,1,10217,Beacon Software Group,Engineering Manager,Technology,2022-09-05,,true,2024-07-13,profile_enrichment
6944,1,6818,Silver Maple Holdings,Analyst,Financial Services,2013-08-08,2019-04-30,false,2019-04-30,profile_enrichment
6945,1,6818,Stonebridge Financial,Analyst,Financial Services,2010-10-03,2013-08-07,false,2013-08-07,crm_import
6946,1,6818,Granite Advisory,Analyst,Financial Services,2006-12-31,2010-10-02,false,2010-10-02,crm_import
6947,1,6818,Granite Advisory,Associate,Financial Services,2019-05-01,,true,2019-06-18,profile_enrichment
6948,1,13936,Beacon Legal Group,Senior Counsel,Legal Services,2010-01-21,,true,2015-06-09,profile_enrichment
6949,1,3770,Clearwater Manufacturing,Senior Operations Manager,Manufacturing,2009-12-03,2012-05-06,false,2012-05-06,crm_import
6950,1,3770,Arcfield Manufacturing,Director of Operations,Manufacturing,2012-05-07,,true,2022-07-04,crm_import
6951,1,7286,Cedar Ridge Education,Dean,Education,2011-05-13,,true,2021-04-09,crm_import
6952,1,14552,Juniper Education Group,Associate Professor,Education,2011-08-14,,true,2019-09-29,profile_enrichment
6953,1,2745,Open Learning Network,Professor,Education,2012-10-08,,true,2025-07-15,crm_import
6954,1,1743,Stonebridge Financial,Finance Manager,Financial Services,2023-08-25,,true,2026-02-08,crm_import
6955,1,13093,Metro Community Foundation,Program Manager,Nonprofit,2017-01-18,2020-02-10,false,2020-02-10,crm_import
6956,1,13093,CivicWorks Collaborative,Senior Program Manager,Nonprofit,2020-02-11,,true,2025-05-10,profile_enrichment
6957,1,5420,Beacon Software Group,Chief Technology Officer,Technology,2013-08-08,2018-08-16,false,2018-08-16,crm_import
6958,1,5420,Mariner Labs,,Technology,2019-10-17,,true,2020-12-16,profile_enrichment
6959,1,7245,Harbor Street Counsel,Managing Counsel,Legal Services,2026-05-28,,true,2026-08-16,crm_import
6960,1,14727,Cedar Ridge Education,Assistant Professor,Education,2007-01-21,2011-06-03,false,2011-06-03,crm_import
6961,1,14727,Cedar Ridge Education,Lecturer,Education,2004-04-05,2007-01-20,false,2007-01-20,crm_import
6962,1,14727,Northbridge Academy,Associate Professor,Education,2012-08-31,,true,2025-01-01,profile_enrichment
6963,1,9206,Redwood Holdings,Director of Operations,Manufacturing,2015-06-19,,true,2026-02-07,profile_enrichment
6964,1,14263,Juniper Education Group,Lecturer,Education,2012-12-03,2016-04-21,false,2016-04-21,profile_enrichment
6965,1,14263,Juniper Education Group,Assistant Professor,Education,2016-04-22,,true,2020-07-30,profile_enrichment
6966,1,15970,Redwood Holdings,President,Manufacturing,2010-04-22,,true,2014-04-13,crm_import
6967,1,8376,Clearwater Manufacturing,Senior Operations Manager,Manufacturing,2007-03-08,2012-02-03,false,2012-02-03,profile_enrichment
6968,1,8376,Youth Arts Collaborative,Strategic Advisor,Education,2010-05-05,2012-04-04,false,2012-04-04,profile_enrichment
6969,1,8376,Redwood Holdings,Director of Operations,Manufacturing,2012-02-04,,true,2024-11-04,crm_import
6970,1,9215,Northstar Systems,Vice President of Engineering,Technology,2020-02-25,,true,2025-10-20,profile_enrichment
6971,1,8146,Beacon Legal Group,Associate Counsel,Legal Services,2018-02-21,,true,2025-07-04,crm_import
6972,1,5070,Blue Lantern Technologies,Software Engineer,Technology,2019-07-14,,true,2026-06-07,profile_enrichment
6973,1,8025,Pinecrest Partners,Managing Counsel,Legal Services,2024-07-18,,true,2025-12-09,crm_import
6974,1,12639,Blue Lantern Technologies,Chief Technology Officer,Technology,2016-10-19,,true,2017-01-05,profile_enrichment
6975,1,8098,Northstar Systems,Senior Software Engineer,Technology,2008-12-31,2014-09-24,false,2014-09-24,crm_import
6976,1,8098,Beacon Software Group,Engineering Manager,Technology,2014-09-25,,true,2016-07-02,profile_enrichment
6977,1,18922,Arcfield Manufacturing,Vice President of Operations,Manufacturing,2018-08-17,2024-05-25,false,2024-05-25,crm_import
6978,1,18922,Redwood Holdings,Director of Operations,Manufacturing,2013-09-06,2018-08-16,false,2018-08-16,crm_import
6979,1,18922,Clearwater Manufacturing,President,Manufacturing,2024-05-26,,true,2025-10-13,crm_import
6980,1,14815,Clearwater Manufacturing,Senior Operations Manager,Manufacturing,2020-03-21,2025-11-17,false,2025-11-17,crm_import
6981,1,14815,Arcfield Manufacturing,Operations Manager,Manufacturing,2016-10-25,2019-08-11,false,2019-08-11,profile_enrichment
6982,1,14815,Clearwater Manufacturing,Operations Analyst,Manufacturing,2012-01-01,2016-10-24,false,2016-10-24,crm_import
6983,1,14815,Clearwater Manufacturing,Director of Operations,Manufacturing,2025-11-18,,true,2026-02-20,profile_enrichment
6984,1,18830,CivicWorks Collaborative,Senior Program Manager,Nonprofit,2008-11-21,2010-11-28,false,2010-11-28,profile_enrichment
6985,1,18830,Metro Community Foundation,Program Manager,Nonprofit,2006-07-30,2008-11-20,false,2008-11-20,profile_enrichment
6986,1,18830,Metro Community Foundation,Program Coordinator,Nonprofit,2003-02-13,2005-07-10,false,2005-07-10,crm_import
6987,1,18830,CivicWorks Collaborative,Director of Programs,Nonprofit,2011-12-04,,true,2019-05-26,profile_enrichment
6988,1,4943,Granite Advisory,Finance Manager,Financial Services,2008-11-03,2013-06-23,false,2013-06-23,crm_import
6989,1,4943,Summit Grove Partners,Senior Finance Manager,Financial Services,2013-06-24,,true,2019-05-16,crm_import
6990,1,5929,Silver Maple Holdings,,Financial Services,2011-09-19,,true,2016-09-07,crm_import
6991,1,9168,Regional Health Partners,Program Manager,Healthcare,2024-12-08,,true,2026-08-21,profile_enrichment
6992,1,9755,Summit Grove Partners,Vice President of Finance,Financial Services,2024-05-10,,true,2026-08-21,profile_enrichment
6993,1,6932,Harborline Health,Program Manager,Healthcare,2018-05-24,,true,2025-01-19,crm_import
6994,1,3821,Arcfield Manufacturing,,Manufacturing,2022-10-08,,true,2026-07-10,crm_import
6995,1,1563,Metro Community Foundation,Volunteer Treasurer,Education,2015-03-21,2016-10-24,false,2016-10-24,profile_enrichment
6996,1,1563,Stonebridge Financial,Senior Finance Manager,Financial Services,2016-05-29,,true,2020-04-22,profile_enrichment
6997,1,17281,Youth Arts Collaborative,Vice President of Programs,Nonprofit,2013-01-05,,true,2021-04-07,crm_import
6998,1,18793,Granite Advisory,Finance Manager,Financial Services,2012-07-08,2015-09-28,false,2015-09-28,crm_import
6999,1,18793,Stonebridge Financial,Associate,Financial Services,2006-05-05,2011-12-16,false,2011-12-16,crm_import
7000,1,18793,Granite Advisory,Analyst,Financial Services,2002-03-28,2006-05-04,false,2006-05-04,crm_import
7001,1,18793,Silver Maple Holdings,Senior Finance Manager,Financial Services,2015-09-29,,true,2024-07-07,crm_import
7002,1,18450,Open Learning Network,Professor,Education,2021-03-04,2025-10-17,false,2025-10-17,profile_enrichment
7003,1,18450,Open Learning Network,Associate Professor,Education,2025-10-18,,true,2026-01-15,profile_enrichment
7004,1,16216,Clearwater Manufacturing,Senior Operations Manager,Manufacturing,2012-09-27,,true,2022-09-30,crm_import
7005,1,5776,Granite Industrial Group,Senior Operations Manager,Manufacturing,2025-09-04,,true,2026-03-27,profile_enrichment
7006,1,12286,Mariner Media Group,Managing Director,Media,2017-06-13,2019-12-27,false,2019-12-27,crm_import
7007,1,12286,Orchard Studio,Program Director,Media,2014-06-02,2017-06-12,false,2017-06-12,crm_import
7008,1,12286,Orchard Studio,Senior Producer,Media,2009-05-19,2014-06-01,false,2014-06-01,crm_import
7009,1,12286,Mariner Media Group,President,Media,2021-01-30,,true,2025-07-18,crm_import
7010,1,14866,Beacon Legal Group,Counsel,Legal Services,2012-11-25,,true,2017-12-23,profile_enrichment
7011,1,17204,Harborline Health,Vice President of Operations,Healthcare,2017-01-13,2022-01-29,false,2022-01-29,crm_import
7012,1,17204,Arcfield Medical,Director of Operations,Healthcare,2014-06-25,2017-01-12,false,2017-01-12,crm_import
7013,1,17204,Regional Health Partners,Chief Operating Officer,Healthcare,2022-01-30,,true,2026-01-06,crm_import
7014,1,2304,Open Learning Network,Part-Time Lecturer,Education,2022-03-22,2024-07-10,false,2024-07-10,profile_enrichment
7015,1,2304,Open Learning Network,Dean,Education,2024-02-17,,true,2025-11-02,crm_import
7016,1,4164,Community Innovation Council,Vice President of Programs,Nonprofit,2026-05-15,,true,2026-07-26,profile_enrichment
7017,1,1846,Clearwater Health Group,Chief Operating Officer,Healthcare,2015-11-11,,true,2020-01-16,profile_enrichment
7018,1,7445,Clearwater Health Group,,Healthcare,2013-04-06,,true,2017-03-06,crm_import
7019,1,19243,Regional Health Partners,Vice President of Operations,Healthcare,2024-11-12,,true,2026-03-26,crm_import
7020,1,1349,Harborline Health,Program Manager,Healthcare,2023-11-16,,true,2024-09-07,profile_enrichment
7021,1,18607,Cedar & Finch Consulting,Counsel,Legal Services,2014-09-27,2017-05-05,false,2017-05-05,crm_import
7022,1,18607,Pinecrest Partners,Senior Counsel,Legal Services,2017-09-28,,true,2023-12-24,profile_enrichment
7023,1,10807,Lakeshore Media,,Media,2014-11-25,,true,2020-03-21,profile_enrichment
7024,1,1092,Cedar Ridge Education,Department Chair,Education,2024-10-09,,true,2026-01-30,profile_enrichment
7025,1,3731,Lakeshore Media,,Media,2012-01-01,,true,2020-09-02,profile_enrichment
7026,1,3734,Juniper Education Group,Lecturer,Education,2017-11-23,2020-03-09,false,2020-03-09,profile_enrichment
7027,1,3734,Cedar Ridge Education,Lecturer,Education,2013-12-16,2017-11-22,false,2017-11-22,crm_import
7028,1,3734,Juniper Education Group,Assistant Professor,Education,2020-03-10,,true,2021-04-04,profile_enrichment
7029,1,16247,Regional Health Partners,Chief Operating Officer,Healthcare,2010-12-31,,true,2013-12-22,crm_import
7030,1,12362,Lakeshore Media,Producer,Media,2021-04-12,2025-04-13,false,2025-04-13,crm_import
7031,1,12362,Redwood Creative,Senior Producer,Media,2025-04-14,,true,2025-11-12,profile_enrichment
7032,1,8380,Northstar Systems,,Technology,2018-12-24,,true,2023-10-31,profile_enrichment
7033,1,2786,Clearwater Health Group,Senior Program Manager,Healthcare,2014-06-23,2018-04-30,false,2018-04-30,profile_enrichment
7034,1,2786,Arcfield Medical,Director of Operations,Healthcare,2018-05-01,,true,2026-03-01,crm_import
7035,1,1793,Redwood Holdings,Director of Operations,Manufacturing,2007-05-02,2010-07-13,false,2010-07-13,profile_enrichment
7036,1,1793,Clearwater Manufacturing,Senior Operations Manager,Manufacturing,2010-07-14,,true,2022-11-24,profile_enrichment
7037,1,2583,Northstar Systems,Vice President of Engineering,Technology,2022-09-06,,true,2024-06-04,profile_enrichment
7038,1,1979,Community Innovation Council,Program Coordinator,Nonprofit,2012-02-16,2015-02-15,false,2015-02-15,profile_enrichment
7039,1,1979,Metro Community Foundation,Program Manager,Nonprofit,2015-02-16,,true,2025-10-26,profile_enrichment
7040,1,8998,Community Innovation Council,Senior Program Manager,Nonprofit,2019-03-22,,true,2021-11-22,profile_enrichment
7041,1,10989,Arcfield Manufacturing,Senior Operations Manager,Manufacturing,2010-10-05,,true,2017-07-08,profile_enrichment
7042,1,10960,Metro Community Foundation,Vice President of Programs,Nonprofit,2017-09-03,,true,2018-06-09,crm_import
7043,1,1143,Regional Health Partners,Vice President of Operations,Healthcare,2020-08-11,2023-12-13,false,2023-12-13,crm_import
7044,1,1143,Arcfield Medical,Director of Operations,Healthcare,2023-12-14,,true,2024-05-03,crm_import
7045,1,10259,Lakeshore Media,Program Director,Media,2013-01-05,2018-07-23,false,2018-07-23,crm_import
7046,1,10259,Orchard Studio,Senior Producer,Media,2009-12-25,2013-01-04,false,2013-01-04,profile_enrichment
7047,1,10259,Orchard Studio,Producer,Media,2006-12-18,2009-10-23,false,2009-10-23,profile_enrichment
7048,1,10259,Orchard Studio,Managing Director,Media,2018-07-24,,true,2020-04-13,profile_enrichment
7049,1,10129,Youth Arts Collaborative,Director of Programs,Nonprofit,2011-05-16,2014-03-21,false,2014-03-21,crm_import
7050,1,10129,Youth Arts Collaborative,Senior Program Manager,Nonprofit,2008-01-04,2010-12-07,false,2010-12-07,crm_import
7051,1,10129,Community Innovation Council,Program Manager,Nonprofit,2004-07-27,2008-01-03,false,2008-01-03,crm_import
7052,1,10129,Regional Health Initiative,Strategic Advisor,Nonprofit,2013-02-20,2014-07-30,false,2014-07-30,profile_enrichment
7053,1,10129,Metro Community Foundation,Vice President of Programs,Nonprofit,2014-05-23,,true,2025-07-19,profile_enrichment
7054,1,11111,Stonebridge Financial,Senior Finance Manager,Financial Services,2010-02-03,,true,2016-04-24,profile_enrichment
7055,1,3983,Youth Arts Collaborative,Program Manager,Nonprofit,2007-05-11,2010-08-13,false,2010-08-13,crm_import
7056,1,3983,CivicWorks Collaborative,Program Coordinator,Nonprofit,2005-01-21,2007-05-10,false,2007-05-10,profile_enrichment
7057,1,3983,Community Innovation Council,Senior Program Manager,Nonprofit,2012-01-22,,true,2023-07-22,profile_enrichment
7058,1,3521,Silver Maple Holdings,Finance Manager,Financial Services,2025-11-17,,true,2026-05-29,crm_import
7059,1,15406,Lakeshore Media,President,Media,2022-04-29,,true,2025-03-07,crm_import
7060,1,18729,Beacon Legal Group,Counsel,Legal Services,2020-10-22,,true,2022-07-11,profile_enrichment
7061,1,5680,Northbridge Academy,Dean,Education,2016-11-18,2020-04-05,false,2020-04-05,crm_import
7062,1,5680,Juniper Education Group,,Education,2020-04-06,,true,2022-05-02,crm_import
7063,1,16574,Mariner Media Group,President,Media,2015-01-15,,true,2018-02-06,profile_enrichment
7064,1,6876,Arcfield Medical,Senior Program Manager,Healthcare,2014-10-11,2020-07-10,false,2020-07-10,crm_import
7065,1,6876,Harborline Health,Director of Operations,Healthcare,2020-07-11,,true,2023-06-25,profile_enrichment
7066,1,7388,Beacon Legal Group,Senior Counsel,Legal Services,2014-09-01,2020-01-11,false,2020-01-11,crm_import
7067,1,7388,Harbor Street Counsel,Managing Counsel,Legal Services,2020-01-12,,true,2021-02-12,crm_import
7068,1,20000,Beacon Legal Group,Associate Counsel,Legal Services,2017-05-26,,true,2020-10-16,profile_enrichment
7069,1,17469,Mariner Media Group,Senior Producer,Media,2014-09-22,2020-08-18,false,2020-08-18,crm_import
7070,1,17469,Orchard Studio,Coordinator,Media,2009-05-16,2014-09-21,false,2014-09-21,crm_import
7071,1,17469,Mariner Media Group,Producer,Media,2020-08-19,,true,2021-12-31,crm_import
7072,1,18737,Blue Lantern Technologies,Analyst,Technology,2021-09-08,2024-02-12,false,2024-02-12,crm_import
7073,1,18737,Blue Lantern Technologies,Software Engineer,Technology,2024-02-13,,true,2026-04-12,crm_import
7074,1,9200,Juniper Education Group,Assistant Professor,Education,2022-01-08,,true,2022-01-16,profile_enrichment
7075,1,8353,Metro Community Foundation,Vice President of Programs,Nonprofit,2025-10-07,,true,2025-11-23,profile_enrichment
7076,1,11885,Redwood Holdings,Operations Manager,Manufacturing,2019-01-16,,true,2019-06-07,profile_enrichment
7077,1,18254,Silver Maple Holdings,Chief Financial Officer,Financial Services,2013-02-05,,true,2014-04-30,profile_enrichment
7078,1,12479,Redwood Holdings,Operations Manager,Manufacturing,2019-03-20,2021-07-17,false,2021-07-17,crm_import
7079,1,12479,Granite Industrial Group,Operations Analyst,Manufacturing,2013-11-30,2019-03-19,false,2019-03-19,crm_import
7080,1,12479,Clearwater Manufacturing,Senior Operations Manager,Manufacturing,2021-07-18,,true,2021-12-18,profile_enrichment
7081,1,4504,Redwood Holdings,Vice President of Operations,Manufacturing,2018-07-20,,true,2019-08-02,profile_enrichment
7082,1,5109,Granite Industrial Group,Director of Operations,Manufacturing,2021-06-04,,true,2025-08-01,crm_import
